#{"t_start": 1786828812.6923647, "env_id": "None"}
r,l,t
-54.0,1,0.048199
-10.0,2,0.065255
-47.4,2,0.082141
-85.5,1,0.091492
-41.4,1,0.100242
-46.8,1,0.110418
-10.0,1,0.120539
-69.3,2,0.13277
-10.0,2,0.147612
-10.0,1,0.157253
-38.1,1,0.167073
-46.8,1,0.17669
-33.6,3,0.196658
-10.0,2,0.210833
-10.0,1,0.22059
-10.0,2,0.231973
-10.0,1,0.240301
-10.0,1,0.24655
-45.0,1,0.253049
-38.4,1,0.259415
-10.0,1,0.265625
-10.0,2,0.275162
-10.0,1,0.281741
-10.0,1,0.288666
-10.0,1,0.295533
-10.0,1,0.301296
-10.0,1,0.307745
-44.1,2,0.316069
-33.6,1,0.322789
-54.9,1,0.332035
-10.0,1,0.33985
-10.0,1,0.348428
-10.0,1,0.357908
-10.0,1,0.366559
-10.0,2,0.379553
-49.2,2,0.393565
-10.0,2,0.408392
-42.9,2,0.420892
-10.0,2,0.431272
-10.0,1,0.441735
-70.8,1,0.447597
-10.0,1,0.455317
-62.4,1,0.46414
-33.6,1,0.472569
-10.0,1,0.48104
-49.2,1,0.489735
-35.4,2,0.502783
-39.9,2,0.515982
-53.4,1,0.522849
-10.0,1,0.528379
-51.3,1,0.537008
-48.6,1,0.54548
-42.9,1,0.552403
-10.0,2,0.565463
-10.0,1,0.57138
-33.6,3,0.585935
-48.6,1,0.591479
-67.5,1,0.598312
-44.7,1,0.604588
-10.0,1,0.609978
-46.5,2,0.618936
-10.0,2,0.627019
-10.0,1,0.633804
-10.0,2,0.645274
-10.0,1,0.654331
-10.0,2,0.666031
-61.2,2,0.677079
-54.0,1,0.684945
-10.0,1,0.693821
-38.7,1,0.702953
-53.7,2,0.71534
-10.0,2,0.729709
-10.0,3,0.748287
-10.0,1,0.758633
-10.0,1,0.765951
-43.2,1,0.776071
-10.0,1,0.783446
-61.5,1,0.792678
-10.0,2,0.806252
-62.4,1,0.815109
-10.0,2,0.827111
-30.6,1,0.835429
-54.0,1,0.846515
-68.1,1,0.857067
-10.0,1,0.867272
-10.0,1,0.875958
-55.8,4,0.89552
-31.2,2,0.905669
-10.0,1,0.912628
-10.0,1,0.921731
-10.0,1,0.931078
-48.6,1,0.939515
-10.0,3,0.956288
-10.0,3,0.975402
-40.2,1,0.985105
-47.7,1,0.994394
-41.1,1,1.003849
-10.0,2,1.024572
-10.0,2,1.041823
-10.0,2,1.060743
-62.4,1,1.071821
-10.0,1,1.08071
-47.7,1,1.090874
-10.0,1,1.099859
-10.0,1,1.109195
-10.0,1,1.117491
-10.0,1,1.126382
-10.0,2,1.138247
-10.0,2,1.150481
-54.6,2,1.16376
-10.0,1,1.171971
-10.0,1,1.179503
-10.0,1,1.188022
-10.0,1,1.19564
-10.0,1,1.204364
-37.8,2,1.21553
-41.1,1,1.223113
-10.0,1,1.230531
-41.7,2,1.241531
-10.0,1,1.248835
-10.0,1,1.255864
-10.0,1,1.263147
-86.7,2,1.273812
-41.4,4,1.290349
-10.0,1,1.297829
-30.0,3,1.313184
-10.0,2,1.322719
-10.0,1,1.32968
-43.5,1,1.336181
-10.0,1,1.342921
-10.0,1,1.349377
-33.6,1,1.35585
-10.0,4,1.377638
-10.0,1,1.384096
-25.8,1,1.390763
-69.6,1,1.397263
-10.0,1,1.403696
-10.0,1,1.409202
-31.5,1,1.414147
-10.0,2,1.421733
-10.0,1,1.426901
-10.0,2,1.434352
-65.1,2,1.441982
-10.0,4,1.455516
-38.7,2,1.463572
-10.0,1,1.468807
-39.9,2,1.483713
-10.0,2,1.495361
-28.8,1,1.503721
-10.0,1,1.510358
-30.9,1,1.516643
-10.0,1,1.524495
-10.0,1,1.53006
-44.4,1,1.535364
-61.5,1,1.540447
-87.0,1,1.545459
-10.0,1,1.550917
-10.0,1,1.556062
-48.9,1,1.561028
-49.8,1,1.567424
-10.0,1,1.572556
-78.6,1,1.577544
-31.5,1,1.582788
-10.0,1,1.587892
-10.0,1,1.592782
-30.6,2,1.600407
-10.0,1,1.605547
-10.0,2,1.61301
-48.6,1,1.618066
-10.0,1,1.623004
-42.0,1,1.628322
-10.0,2,1.635852
-10.0,4,1.649426
-10.0,1,1.655102
-48.9,1,1.660493
-10.0,1,1.666016
-10.0,1,1.673874
-42.9,1,1.680965
-10.0,2,1.692706
-41.7,2,1.702143
-41.4,1,1.709287
-10.0,1,1.715173
-10.0,1,1.724044
-42.9,2,1.733289
-10.0,1,1.738863
-10.0,1,1.745145
-10.0,1,1.752347
-10.0,2,1.761293
-10.0,1,1.769668
-30.3,5,1.791146
-10.0,2,1.801997
-10.0,3,1.814102
-10.0,1,1.820415
-56.7,1,1.827294
-35.7,1,1.835265
-10.0,1,1.844375
-10.0,1,1.852884
-23.1,1,1.859186
-38.4,1,1.864791
-10.0,1,1.871592
-48.6,1,1.876849
-10.0,1,1.88257
-10.0,1,1.890662
-41.7,3,1.903241
-10.0,1,1.90872
-10.0,1,1.913782
-41.4,3,1.925339
-69.6,1,1.930876
-10.0,1,1.937045
-10.0,3,1.947073
-10.0,1,1.952662
-10.0,1,1.958201
-10.0,2,1.966561
-10.0,1,1.971736
-48.6,1,1.976721
-54.6,2,1.985906
-10.0,3,1.996462
-44.7,1,2.002116
-10.0,1,2.007422
-53.4,2,2.01576
-46.5,2,2.024179
-10.0,1,2.029452
-10.0,2,2.037999
-29.4,2,2.046003
-10.0,5,2.062306
-44.4,1,2.067494
-10.0,1,2.072613
-30.6,2,2.080376
-10.0,2,2.087827
-25.8,1,2.092833
-54.0,1,2.098152
-33.3,2,2.105603
-10.0,2,2.115123
-10.0,1,2.120156
-10.0,2,2.129616
-10.0,1,2.135035
-53.4,3,2.146177
-10.0,1,2.151637
-10.0,1,2.15676
-10.0,2,2.164366
-34.5,3,2.17766
-53.7,2,2.194271
-61.5,1,2.205325
-10.0,1,2.216048
-25.8,1,2.226734
-10.0,1,2.23764
-10.0,3,2.255958
-10.0,2,2.268554
-33.6,1,2.276731
-10.0,4,2.293906
-28.5,2,2.303442
-10.0,1,2.308719
-10.0,1,2.314202
-10.0,1,2.323035
-10.0,1,2.332094
-10.0,3,2.346357
-49.5,1,2.351812
-33.6,1,2.357033
-10.0,1,2.362314
-10.0,2,2.372357
-10.0,5,2.397111
-42.0,1,2.405896
-10.0,1,2.413673
-10.0,1,2.420841
-38.4,2,2.434153
-31.5,1,2.443184
-10.0,1,2.452138
-53.7,2,2.465673
-10.0,1,2.475145
-10.0,2,2.488202
-10.0,1,2.495551
-10.0,1,2.503874
-48.6,1,2.512918
-10.0,2,2.525925
-39.0,1,2.534794
-86.7,2,2.543625
-40.2,1,2.548958
-10.0,3,2.559418
-32.1,1,2.564792
-10.0,1,2.570253
-25.2,3,2.58035
-10.0,2,2.588498
-45.0,1,2.593706
-48.9,2,2.601703
-10.0,1,2.606871
-45.3,1,2.612114
-10.0,1,2.617476
-10.0,1,2.622447
-87.0,1,2.627437
-48.6,1,2.632575
-34.2,1,2.637648
-10.0,1,2.642777
-10.0,1,2.647889
-10.0,1,2.655522
-30.6,2,2.663009
-10.0,2,2.670858
-40.2,1,2.676006
-10.0,1,2.681657
-87.0,1,2.687421
-46.5,2,2.697005
-44.7,2,2.705676
-10.0,1,2.710943
-44.1,1,2.717583
-49.2,2,2.72617
-34.5,1,2.731402
-10.0,1,2.737243
-69.6,1,2.742571
-41.1,1,2.747885
-56.4,2,2.756249
-10.0,1,2.761355
-10.0,1,2.768296
-34.5,1,2.774122
-10.0,1,2.779969
-10.0,1,2.786414
-30.9,2,2.795248
-40.5,3,2.807437
-69.6,1,2.81354
-10.0,1,2.820134
-10.0,2,2.827952
-40.8,2,2.836316
-54.0,1,2.841757
-41.1,1,2.846712
-10.0,2,2.856626
-10.0,2,2.864192
-70.8,1,2.870859
-36.6,2,2.878418
-10.0,2,2.887162
-10.0,1,2.893016
-10.0,1,2.899635
-10.0,1,2.907345
-61.8,1,2.91487
-54.3,3,2.934847
-10.0,1,2.94171
-10.0,1,2.948459
-25.5,2,2.958047
-69.3,2,2.967868
-10.0,1,2.974322
-43.2,1,2.98065
-38.4,1,2.985623
-10.0,1,2.990706
-44.4,1,2.996194
-10.0,1,3.00126
-48.9,1,3.006309
-10.0,1,3.012034
-38.1,1,3.016903
-10.0,1,3.022079
-30.6,1,3.028036
-22.8,2,3.035734
-39.0,1,3.040747
-10.0,1,3.048426
-48.6,1,3.055196
-10.0,1,3.062115
-38.4,1,3.067667
-10.0,3,3.078262
-54.9,1,3.083544
-43.8,2,3.091384
-35.4,4,3.104805
-10.0,1,3.110746
-54.0,1,3.120785
-10.0,1,3.128407
-10.0,1,3.135029
-53.4,1,3.14479
-10.0,1,3.153973
-32.1,1,3.159521
-48.6,1,3.164889
-10.0,3,3.178531
-10.0,2,3.188471
-10.0,3,3.199265
-10.0,1,3.205196
-10.0,1,3.209693
-10.0,1,3.215083
-10.0,1,3.220886
-42.3,1,3.225189
-10.0,2,3.232739
-10.0,3,3.242825
-10.0,1,3.248031
-10.0,1,3.254433
-41.1,1,3.25993
-45.3,1,3.266161
-10.0,4,3.282585
-28.5,2,3.292522
-10.0,2,3.302268
-10.0,1,3.309185
-10.0,1,3.315344
-10.0,1,3.324632
-35.7,1,3.331634
-69.6,1,3.338411
-30.9,1,3.344121
-10.0,3,3.355913
-37.5,4,3.369718
-33.6,1,3.375341
-10.0,1,3.380789
-48.9,1,3.3867
-10.0,1,3.392456
-39.6,3,3.403357
-54.0,1,3.408665
-39.6,3,3.419041
-10.0,1,3.42437
-10.0,1,3.429477
-35.1,1,3.436407
-46.5,2,3.448979
-10.0,1,3.455086
-46.8,1,3.4602
-23.1,1,3.465502
-93.3,1,3.47077
-40.2,1,3.475968
-67.2,1,3.481442
-10.0,1,3.486941
-41.7,5,3.502365
-37.8,2,3.509983
-32.1,1,3.515772
-34.5,1,3.520898
-10.0,1,3.52626
-10.0,3,3.536239
-10.0,1,3.541474
-10.0,1,3.546927
-38.7,2,3.554543
-44.4,1,3.559949
-44.1,2,3.567511
-44.4,1,3.572828
-10.0,1,3.578409
-10.0,1,3.585215
-30.6,2,3.593826
-10.0,1,3.598982
-10.0,1,3.605052
-10.0,1,3.610417
-10.0,4,3.623535
-54.0,1,3.628866
-10.0,1,3.634738
-42.9,2,3.645054
-10.0,2,3.653907
-38.7,1,3.660674
-67.2,1,3.666269
-41.4,1,3.672974
-10.0,1,3.67877
-32.1,1,3.683814
-31.5,3,3.695811
-10.0,1,3.701774
-10.0,1,3.708733
-28.8,1,3.714466
-53.4,3,3.728671
-45.9,6,3.751107
-70.8,1,3.758153
-10.0,2,3.767533
-56.7,1,3.774318
-10.0,2,3.782741
-44.4,1,3.789041
-48.6,1,3.795189
-10.0,2,3.804414
-46.8,1,3.809845
-47.1,1,3.815494
-10.0,2,3.824413
-44.7,1,3.829621
-10.0,1,3.83603
-42.3,1,3.850316
-10.0,1,3.861597
-70.2,3,3.882913
-10.0,1,3.891131
-10.0,1,3.899649
-43.2,1,3.910853
-53.4,1,3.920766
-54.9,1,3.931766
-36.6,2,3.942011
-10.0,1,3.947588
-10.0,2,3.96067
-61.5,1,3.969099
-10.0,1,3.976364
-85.2,2,3.983997
-10.0,2,3.992102
-85.2,2,3.999838
-10.0,1,4.005565
-40.2,1,4.012889
-38.4,3,4.025058
-44.4,1,4.030922
-10.0,2,4.040571
-10.0,2,4.049232
-23.1,1,4.054629
-10.0,1,4.061209
-48.3,2,4.06939
-10.0,1,4.075227
-10.0,1,4.080762
-35.7,1,4.086144
-10.0,2,4.094868
-10.0,1,4.101262
-47.1,2,4.110058
-51.0,2,4.118004
-10.0,4,4.131682
-36.3,1,4.137163
-41.4,1,4.143215
-10.0,2,4.15177
-45.3,1,4.160362
-30.0,6,4.179816
-30.9,1,4.185108
-33.0,3,4.196372
-10.0,1,4.201815
-51.3,1,4.207779
-10.0,2,4.21589
-10.0,2,4.224676
-61.5,2,4.23422
-10.0,2,4.243405
-10.0,1,4.248504
-40.2,1,4.253036
-61.5,1,4.258133
-10.0,1,4.263535
-10.0,1,4.268931
-10.0,1,4.274078
-48.6,1,4.279407
-10.0,1,4.284646
-10.0,1,4.289693
-10.0,1,4.294818
-10.0,1,4.299901
-10.0,1,4.304978
-38.7,1,4.309866
-70.8,1,4.315137
-10.0,1,4.320121
-44.7,2,4.327806
-54.9,1,4.333371
-10.0,1,4.338643
-10.0,1,4.344049
-10.0,1,4.349509
-41.1,1,4.354979
-10.0,1,4.360798
-25.2,1,4.366083
-49.8,1,4.3716
-10.0,1,4.377178
-10.0,2,4.385152
-45.0,2,4.393218
-10.0,1,4.398667
-10.0,1,4.404142
-72.3,2,4.412433
-44.4,1,4.417906
-10.0,1,4.423676
-34.2,1,4.428987
-51.3,1,4.434573
-10.0,3,4.445252
-44.4,4,4.458159
-39.9,2,4.465813
-47.7,1,4.471257
-10.0,4,4.483859
-43.2,1,4.490509
-31.2,2,4.498288
-38.1,3,4.508501
-38.7,1,4.513558
-23.1,1,4.518721
-10.0,1,4.523834
-43.2,1,4.528782
-53.7,2,4.536457
-10.0,1,4.54147
-48.9,1,4.546461
-10.0,5,4.561233
-10.0,1,4.566562
-10.0,1,4.571537
-30.6,2,4.578821
-10.0,1,4.584142
-38.4,1,4.589101
-36.3,3,4.599047
-10.0,1,4.604043
-10.0,1,4.608989
-10.0,1,4.61417
-10.0,4,4.626161
-10.0,1,4.632624
-48.9,1,4.638487
-85.5,1,4.643642
-10.0,2,4.651713
-10.0,1,4.657089
-69.6,1,4.662579
-10.0,1,4.667862
-38.7,1,4.673217
-10.0,1,4.678621
-10.0,2,4.686486
-10.0,1,4.691705
-56.7,1,4.697346
-10.0,1,4.7026
-44.4,1,4.707927
-10.0,1,4.71337
-10.0,1,4.718636
-10.0,1,4.723984
-44.4,1,4.729541
-48.0,3,4.744609
-10.0,1,4.751444
-10.0,1,4.762356
-67.2,2,4.773573
-54.0,1,4.781079
-10.0,2,4.793958
-10.0,1,4.81546
-10.0,1,4.821177
-10.0,2,4.831203
-45.3,1,4.840844
-10.0,1,4.84616
-30.6,1,4.852343
-10.0,1,4.856056
-10.0,1,4.861811
-45.0,1,4.870363
-39.0,1,4.876085
-10.0,2,4.884749
-10.0,1,4.888992
-10.0,1,4.892705
-61.8,3,4.900574
-30.6,1,4.904464
-67.5,1,4.908164
-10.0,1,4.911722
-33.9,2,4.9178
-10.0,1,4.921682
-10.0,3,4.929067
-10.0,3,4.937104
-67.2,1,4.942123
-10.0,1,4.947471
-44.1,1,4.953434
-10.0,1,4.95792
-46.8,1,4.962433
-40.2,1,4.968272
-28.8,1,4.973218
-48.9,1,4.978297
-45.0,2,4.986476
-44.4,1,4.99172
-61.2,2,5.000958
-85.5,1,5.009409
-10.0,6,5.031225
-28.8,1,5.036855
-10.0,1,5.041864
-66.9,2,5.049469
-23.1,1,5.05451
-10.0,1,5.059404
-25.8,1,5.064651
-10.0,1,5.06968
-10.0,7,5.095386
-10.0,1,5.102494
-44.1,2,5.114313
-47.7,4,5.131405
-10.0,2,5.145019
-64.5,2,5.155592
-10.0,1,5.161695
-48.9,1,5.168174
-30.3,2,5.177641
-10.0,1,5.182824
-10.0,1,5.189153
-47.4,1,5.194737
-62.4,1,5.200292
-43.2,1,5.206734
-10.0,3,5.217237
-38.1,1,5.223765
-45.3,1,5.22903
-87.0,1,5.234721
-10.0,4,5.248873
-10.0,2,5.260055
-40.2,1,5.265676
-35.4,2,5.275617
-42.3,1,5.280862
-33.6,1,5.288098
-35.7,1,5.294051
-48.9,2,5.302796
-41.1,1,5.308208
-10.0,2,5.316085
-10.0,1,5.322347
-10.0,1,5.327437
-65.4,1,5.333012
-10.0,1,5.338924
-10.0,2,5.346833
-46.8,1,5.352628
-29.7,1,5.357936
-49.2,1,5.363302
-34.2,1,5.368721
-10.0,1,5.374608
-10.0,2,5.382158
-10.0,1,5.388227
-10.0,1,5.393772
-54.9,1,5.399189
-10.0,1,5.405411
-10.0,1,5.411065
-10.0,3,5.425762
-10.0,2,5.437283
-10.0,1,5.443238
-35.1,3,5.456975
-53.4,1,5.462541
-10.0,4,5.480192
-10.0,1,5.485781
-10.0,1,5.493139
-56.4,2,5.506737
-10.0,2,5.518349
-64.5,2,5.526831
-10.0,1,5.532943
-42.9,2,5.542064
-10.0,1,5.547541
-36.0,4,5.562058
-10.0,1,5.567994
-10.0,5,5.585452
-10.0,1,5.591063
-53.7,1,5.596727
-42.3,4,5.610614
-10.0,1,5.616644
-35.7,1,5.623193
-42.9,2,5.632159
-44.7,1,5.637029
-53.4,3,5.646928
-10.0,1,5.652837
-42.3,2,5.660429
-24.6,3,5.671597
-45.3,1,5.677224
-43.5,1,5.683309
-54.0,1,5.688683
-10.0,3,5.698785
-10.0,1,5.704974
-10.0,1,5.710029
-87.0,1,5.715852
-10.0,2,5.723797
-48.6,1,5.72926
-48.3,2,5.73818
-10.0,1,5.743595
-10.0,1,5.749363
-42.9,2,5.757273
-48.9,1,5.762704
-10.0,3,5.773067
-48.6,1,5.778275
-42.9,1,5.78389
-44.1,1,5.789124
-10.0,1,5.794263
-10.0,1,5.799756
-43.2,4,5.81286
-31.8,2,5.82067
-10.0,2,5.82889
-48.0,3,5.839156
-64.8,1,5.845224
-10.0,1,5.851612
-10.0,1,5.856582
-56.7,1,5.861946
-10.0,1,5.867173
-42.0,1,5.872266
-10.0,2,5.880089
-10.0,2,5.887742
-31.2,1,5.893261
-10.0,1,5.898387
-78.6,1,5.903458
-31.5,3,5.913671
-67.5,1,5.918816
-10.0,1,5.924712
-32.1,1,5.92966
-35.1,1,5.935797
-42.3,1,5.942075
-10.0,1,5.947764
-10.0,1,5.953544
-85.2,2,5.961485
-10.0,2,5.96993
-10.0,1,5.97534
-10.0,1,5.980527
-61.8,2,5.990919
-43.2,1,5.997205
-10.0,1,6.002956
-31.8,2,6.011088
-85.5,1,6.017589
-10.0,3,6.029087
-62.4,1,6.034901
-46.8,1,6.040141
-31.5,1,6.045121
-33.3,2,6.053163
-28.8,1,6.058301
-45.0,2,6.065975
-41.1,1,6.071033
-24.9,4,6.083522
-61.8,1,6.088535
-64.2,3,6.099216
-87.0,1,6.104898
-10.0,2,6.112407
-10.0,1,6.117848
-69.6,1,6.122958
-40.2,1,6.127995
-10.0,1,6.133474
-10.0,2,6.140916
-10.0,2,6.148692
-10.0,1,6.153803
-10.0,1,6.158889
-30.6,1,6.164986
-10.0,1,6.170447
-10.0,1,6.175519
-10.0,1,6.181628
-42.9,1,6.186929
-10.0,1,6.192123
-10.0,1,6.197486
-10.0,1,6.202588
-69.6,1,6.207622
-10.0,2,6.215445
-67.5,1,6.22057
-54.0,1,6.225811
-10.0,1,6.230912
-10.0,2,6.238396
-10.0,4,6.25311
-23.1,1,6.258522
-47.4,2,6.266088
-10.0,2,6.274014
-10.0,1,6.279193
-10.0,1,6.284344
-40.2,1,6.289641
-10.0,1,6.294743
-10.0,1,6.299779
-48.9,1,6.305389
-49.5,1,6.310509
-10.0,1,6.315526
-10.0,1,6.321239
-10.0,1,6.326492
-46.8,2,6.333887
-10.0,1,6.339238
-38.4,1,6.344211
-10.0,1,6.349286
-10.0,2,6.357159
-45.3,1,6.362256
-10.0,1,6.367561
-10.0,1,6.372766
-44.4,2,6.380256
-32.7,6,6.397355
-46.8,3,6.407478
-10.0,2,6.415154
-10.0,1,6.420391
-45.0,2,6.427808
-10.0,1,6.433143
-10.0,3,6.442973
-10.0,1,6.448246
-10.0,1,6.453356
-31.5,3,6.465044
-48.9,3,6.478273
-38.1,3,6.489024
-32.1,1,6.494994
-67.2,1,6.502999
-31.5,1,6.509501
-10.0,1,6.514976
-10.0,1,6.521711
-10.0,1,6.527612
-10.0,1,6.533285
-42.9,1,6.541051
-10.0,1,6.549445
-66.3,4,6.563635
-51.3,1,6.570079
-10.0,1,6.576258
-10.0,1,6.581974
-54.0,1,6.58924
-10.0,1,6.595145
-10.0,2,6.604895
-10.0,2,6.613213
-10.0,3,6.625271
-37.5,3,6.638746
-25.8,1,6.644511
-65.4,1,6.650068
-23.1,1,6.657369
-93.0,2,6.666201
-44.1,1,6.673388
-10.0,1,6.679205
-10.0,3,6.690612
-10.0,1,6.696156
-10.0,1,6.702674
-10.0,1,6.70893
-33.6,1,6.714236
-54.9,1,6.721473
-10.0,1,6.727895
-48.6,1,6.734674
-44.1,1,6.740138
-10.0,1,6.745441
-10.0,1,6.75252
-41.1,1,6.757915
-10.0,1,6.763454
-61.8,1,6.769128
-40.2,1,6.77429
-47.4,1,6.780809
-47.1,2,6.788665
-10.0,1,6.79422
-31.5,1,6.79942
-10.0,1,6.80474
-10.0,2,6.813017
-10.0,3,6.822868
-10.0,1,6.828342
-10.0,1,6.833501
-10.0,1,6.838572
-30.6,1,6.84389
-41.1,2,6.851521
-25.5,2,6.859408
-10.0,1,6.864549
-10.0,1,6.869751
-10.0,1,6.875101
-10.0,1,6.880172
-10.0,1,6.885316
-56.7,1,6.891238
-38.4,1,6.896689
-10.0,1,6.90212
-10.0,1,6.907579
-38.1,3,6.917516
-64.8,1,6.923908
-10.0,1,6.929087
-40.2,1,6.934644
-10.0,1,6.941265
-10.0,2,6.949348
-38.4,2,6.959334
-40.8,2,6.968257
-10.0,2,6.977672
-10.0,1,6.983599
-67.2,1,6.990788
-10.0,1,6.996753
-46.8,1,7.002938
-10.0,1,7.009943
-87.0,1,7.015982
-36.9,1,7.023551
-68.1,1,7.03047
-40.2,1,7.037845
-10.0,2,7.046976
-53.4,2,7.060643
-10.0,2,7.070122
-10.0,2,7.078984
-10.0,2,7.087294
-49.5,1,7.092761
-47.4,1,7.097835
-42.6,2,7.106014
-10.0,2,7.113577
-10.0,2,7.121696
-42.0,1,7.126682
-53.7,2,7.134734
-35.7,1,7.140096
-46.8,1,7.145253
-10.0,1,7.151118
-32.1,1,7.156305
-10.0,3,7.167018
-25.5,2,7.175507
-42.3,1,7.180808
-10.0,1,7.186096
-67.5,1,7.191175
-61.8,1,7.197289
-48.6,1,7.202575
-53.7,1,7.207648
-10.0,1,7.212878
-24.9,2,7.220319
-33.6,1,7.225315
-10.0,3,7.23545
-45.0,2,7.243245
-10.0,1,7.248874
-10.0,1,7.254021
-10.0,2,7.261707
-10.0,1,7.266829
-48.6,1,7.271972
-10.0,1,7.277374
-10.0,2,7.284883
-10.0,1,7.289953
-39.9,2,7.298336
-10.0,1,7.303681
-10.0,3,7.314042
-10.0,1,7.319313
-48.6,1,7.325473
-10.0,1,7.330765
-42.9,2,7.338647
-10.0,2,7.346961
-10.0,3,7.357466
-10.0,2,7.36569
-10.0,2,7.373047
-56.4,2,7.380472
-10.0,1,7.385909
-49.8,1,7.391695
-10.0,1,7.397049
-24.9,2,7.405506
-10.0,1,7.410611
-25.2,1,7.415898
-92.7,3,7.428586
-51.3,1,7.436893
-10.0,1,7.444251
-42.9,1,7.450059
-53.4,1,7.456827
-10.0,1,7.462309
-10.0,1,7.467905
-30.9,1,7.474222
-10.0,1,7.479819
-43.5,1,7.485708
-53.7,1,7.492069
-10.0,3,7.503329
-10.0,1,7.509335
-70.2,3,7.521093
-25.8,1,7.526704
-10.0,2,7.535121
-10.0,5,7.550426
-44.4,1,7.556551
-10.0,2,7.564257
-38.4,1,7.573312
-28.8,1,7.581378
-67.5,1,7.589329
-10.0,1,7.594617
-42.0,1,7.600433
-68.1,1,7.60746
-10.0,4,7.622716
-10.0,1,7.628234
-10.0,2,7.637076
-10.0,1,7.643091
-49.8,1,7.648471
-28.8,1,7.655263
-10.0,1,7.660909
-56.4,2,7.669669
-25.8,1,7.675888
-10.0,2,7.684357
-10.0,1,7.690646
-41.1,1,7.695816
-30.9,2,7.705552
-10.0,1,7.710752
-10.0,6,7.730747
-40.2,1,7.736265
-38.7,1,7.741526
-65.4,1,7.747165
-10.0,2,7.754953
-10.0,4,7.767403
-44.4,1,7.772986
-68.1,1,7.778149
-10.0,1,7.784799
-30.9,1,7.791514
-10.0,1,7.797055
-51.3,1,7.803004
-10.0,1,7.809752
-10.0,2,7.81868
-10.0,2,7.828931
-10.0,1,7.835299
-10.0,2,7.844301
-31.2,1,7.851088
-42.0,1,7.858636
-10.0,2,7.867328
-10.0,1,7.87446
-10.0,1,7.879622
-10.0,2,7.8907
-38.7,1,7.896192
-32.1,1,7.902067
-10.0,1,7.908032
-44.1,4,7.925641
-35.7,1,7.931758
-10.0,1,7.939193
-10.0,1,7.944902
-10.0,1,7.950863
-10.0,1,7.95687
-48.6,1,7.962744
-53.4,3,7.975142
-10.0,1,7.980284
-41.1,1,7.987122
-10.0,2,7.99549
-10.0,2,8.00579
-61.8,1,8.01104
-85.5,1,8.016497
-10.0,1,8.022976
-10.0,2,8.030715
-33.3,5,8.04751
-38.7,1,8.053696
-49.5,1,8.059533
-31.8,2,8.068117
-10.0,2,8.07667
-46.8,1,8.082107
-10.0,1,8.088872
-32.1,1,8.094439
-10.0,1,8.100797
-43.2,1,8.107881
-10.0,1,8.11428
-35.4,2,8.123438
-10.0,1,8.128667
-35.7,1,8.134368
-10.0,2,8.144343
-28.5,2,8.153121
-10.0,5,8.169591
-10.0,2,8.178027
-10.0,1,8.183696
-10.0,1,8.189942
-10.0,1,8.194942
-34.8,2,8.205422
-10.0,1,8.210795
-10.0,1,8.217096
-93.3,1,8.224026
-41.1,1,8.229634
-10.0,1,8.236154
-10.0,1,8.242272
-10.0,1,8.248776
-10.0,1,8.256899
-10.0,1,8.262296
-10.0,1,8.268282
-10.0,1,8.274974
-43.5,4,8.289476
-44.7,1,8.294854
-10.0,1,8.301203
-69.6,1,8.308129
-10.0,1,8.313986
-45.3,1,8.320051
-54.0,1,8.325162
-10.0,1,8.330526
-44.4,1,8.3374
-10.0,1,8.344617
-43.2,1,8.351606
-10.0,1,8.361047
-10.0,1,8.369706
-61.8,2,8.378244
-40.8,2,8.386908
-10.0,1,8.392782
-10.0,1,8.397743
-10.0,1,8.403967
-53.4,2,8.41221
-44.1,2,8.421627
-56.4,2,8.429363
-48.6,1,8.435424
-48.6,1,8.441458
-10.0,1,8.446516
-10.0,1,8.452889
-10.0,1,8.458839
-44.7,3,8.470343
-10.0,1,8.476307
-31.2,2,8.484687
-33.9,5,8.500912
-10.0,1,8.508312
-10.0,2,8.516579
-10.0,1,8.522324
-10.0,1,8.527864
-10.0,2,8.53576
-10.0,1,8.541937
-10.0,2,8.550097
-42.9,2,8.559303
-10.0,1,8.564636
-72.6,1,8.571849
-10.0,1,8.577196
-10.0,1,8.582814
-53.4,1,8.589716
-10.0,1,8.595089
-49.2,2,8.604727
-10.0,1,8.610905
-56.4,2,8.6226
-45.3,1,8.631279
-10.0,1,8.638364
-43.2,1,8.647113
-33.6,1,8.65699
-10.0,3,8.668762
-10.0,3,8.68107
-28.8,4,8.696762
-10.0,1,8.702832
-62.4,1,8.708961
-42.3,1,8.713968
-45.0,1,8.720403
-67.5,1,8.726275
-10.0,1,8.731338
-93.3,1,8.738106
-10.0,1,8.743405
-10.0,1,8.748645
-10.0,1,8.755155
-10.0,2,8.762798
-10.0,1,8.769226
-10.0,1,8.775152
-10.0,1,8.78049
-10.0,1,8.786552
-10.0,1,8.792515
-51.0,2,8.800885
-10.0,1,8.807136
-10.0,1,8.812476
-42.0,2,8.821865
-35.7,3,8.832296
-10.0,1,8.838626
-10.0,3,8.848927
-22.8,2,8.857978
-10.0,3,8.868839
-48.6,1,8.874432
-10.0,2,8.882112
-10.0,3,8.893612
-10.0,1,8.899689
-10.0,1,8.906294
-10.0,1,8.912067
-10.0,2,8.922596
-10.0,1,8.928055
-48.3,4,8.943352
-42.6,1,8.94904
-10.0,2,8.958191
-43.5,1,8.963585
-32.1,1,8.969736
-10.0,2,8.978193
-10.0,2,8.987109
-67.2,1,8.993037
-35.7,1,8.998327
-10.0,4,9.01244
-38.1,1,9.018646
-48.0,3,9.029279
-10.0,2,9.038896
-10.0,1,9.044058
-69.6,1,9.050451
-44.7,1,9.05841
-40.2,1,9.063492
-30.6,1,9.069346
-34.5,1,9.074614
-38.4,2,9.082479
-64.8,1,9.089085
-10.0,1,9.094244
-10.0,1,9.099951
-10.0,1,9.106605
-10.0,1,9.111809
-10.0,5,9.132571
-40.2,1,9.144371
-47.4,1,9.15497
-10.0,2,9.167321
-68.1,1,9.176365
-44.1,1,9.18423
-10.0,1,9.19132
-32.1,1,9.198599
-10.0,1,9.208153
-10.0,1,9.214734
-10.0,1,9.221659
-43.2,1,9.228074
-10.0,1,9.2352
-93.3,1,9.242412
-68.1,1,9.249526
-10.0,1,9.259071
-10.0,1,9.266577
-32.1,1,9.27378
-44.1,2,9.28488
-23.1,1,9.291934
-49.2,2,9.30367
-10.0,1,9.31103
-31.5,1,9.319482
-41.4,1,9.326905
-10.0,1,9.334119
-54.0,1,9.341578
-46.8,1,9.348237
-10.0,1,9.355063
-10.0,2,9.36495
-10.0,1,9.371835
-54.9,1,9.378287
-10.0,2,9.388865
-10.0,1,9.395871
-39.0,1,9.404512
-10.0,2,9.414529
-10.0,2,9.425622
-10.0,1,9.433502
-10.0,1,9.441342
-10.0,1,9.447822
-10.0,4,9.474832
-10.0,3,9.492822
-10.0,2,9.508191
-48.3,2,9.522028
-24.6,3,9.53397
-10.0,2,9.541587
-10.0,2,9.549423
-44.7,2,9.557126
-31.2,1,9.562129
-10.0,1,9.567825
-10.0,2,9.575815
-35.7,1,9.581198
-10.0,1,9.586864
-10.0,1,9.592159
-10.0,2,9.600628
-53.1,3,9.611269
-41.4,1,9.617116
-10.0,1,9.622671
-10.0,1,9.628051
-36.3,1,9.63382
-10.0,5,9.649725
-10.0,1,9.655368
-68.1,1,9.661106
-10.0,2,9.671264
-10.0,2,9.679358
-41.1,1,9.686
-10.0,1,9.691535
-69.6,1,9.696751
-10.0,2,9.705339
-32.1,1,9.710447
-47.4,2,9.719087
-10.0,1,9.724408
-47.4,1,9.72958
-42.6,1,9.735039
-10.0,1,9.740382
-54.0,1,9.74557
-33.3,2,9.753448
-10.0,2,9.761414
-39.9,2,9.76922
-10.0,1,9.774891
-10.0,2,9.782646
-10.0,1,9.788436
-10.0,1,9.793553
-30.9,1,9.798714
-10.0,2,9.806839
-10.0,6,9.82467
-10.0,1,9.829844
-31.2,2,9.839354
-32.1,1,9.84465
-38.4,1,9.850813
-53.7,2,9.859513
-48.9,1,9.864817
-10.0,1,9.870399
-10.0,1,9.875547
-45.0,2,9.883996
-10.0,1,9.889211
-44.1,1,9.894157
-48.3,2,9.90142
-10.0,2,9.908998
-51.3,1,9.914235
-10.0,1,9.91965
-10.0,3,9.929516
-10.0,1,9.935031
-10.0,1,9.940204
-43.8,4,9.953306
-10.0,2,9.960751
-10.0,1,9.966628
-49.8,1,9.971988
-10.0,1,9.977158
-53.4,2,9.985255
-10.0,1,9.990405
-69.6,1,9.995749
-42.9,1,10.001316
-72.6,1,10.006401
-35.7,1,10.01172
-78.6,1,10.017303
-42.9,2,10.024883
-62.1,1,10.029795
-40.2,1,10.035026
-10.0,3,10.045999
-30.9,1,10.051683
-38.4,1,10.057984
-10.0,1,10.063426
-35.7,1,10.071228
-10.0,1,10.076918
-44.4,1,10.082892
-44.4,1,10.089843
-10.0,1,10.095478
-10.0,1,10.102474
-33.9,2,10.110989
-10.0,2,10.122525
-53.1,3,10.133462
-56.7,1,10.140059
-10.0,1,10.145497
-28.8,1,10.151169
-31.5,1,10.15714
-10.0,2,10.166856
-10.0,1,10.173755
-10.0,1,10.180685
-10.0,3,10.195462
-10.0,1,10.201488
-10.0,1,10.207998
-10.0,1,10.213477
-10.0,1,10.220746
-10.0,1,10.226725
-30.6,2,10.235725
-61.8,2,10.244042
-41.7,3,10.256234
-10.0,1,10.261345
-10.0,2,10.271801
-10.0,3,10.28218
-38.1,1,10.28868
-10.0,2,10.296694
-49.8,1,10.302566
-53.7,1,10.308496
-10.0,2,10.31674
-42.9,1,10.322965
-10.0,3,10.334196
-84.9,3,10.345225
-25.8,1,10.351213
-10.0,1,10.357281
-42.9,1,10.36256
-10.0,3,10.374421
-10.0,1,10.379551
-10.0,1,10.385858
-10.0,1,10.392015
-37.8,4,10.524391
-43.8,4,10.543647
-48.0,5,10.560372
-56.7,1,10.566564
-10.0,1,10.572231
-10.0,1,10.578178
-42.6,1,10.583885
-10.0,1,10.589306
-10.0,1,10.594677
-10.0,1,10.600252
-10.0,1,10.605892
-53.1,2,10.614203
-42.3,1,10.619687
-10.0,2,10.627392
-10.0,4,10.642501
-10.0,2,10.651483
-10.0,1,10.657445
-48.6,1,10.663968
-10.0,1,10.671804
-48.6,1,10.677004
-32.1,1,10.682891
-10.0,2,10.690866
-34.5,1,10.697595
-54.0,1,10.706317
-10.0,1,10.712757
-10.0,1,10.717963
-10.0,2,10.725703
-10.0,1,10.730897
-45.3,1,10.736028
-69.6,1,10.741327
-10.0,1,10.746521
-10.0,2,13.805947
-10.0,1,13.813392
-93.3,1,13.821813
-10.0,3,13.835315
-10.0,1,13.840782
-34.8,2,13.850551
-10.0,2,13.862496
-10.0,1,13.870671
-45.3,1,13.877911
-10.0,1,13.884864
-62.1,1,13.892365
-10.0,1,13.899741
-60.9,3,13.913789
-10.0,1,13.921089
-10.0,1,13.928592
-38.1,1,13.935855
-10.0,4,13.950922
-10.0,1,13.956745
-10.0,1,13.962161
-10.0,1,13.96727
-10.0,2,13.975295
-39.0,1,13.980822
-10.0,1,13.986648
-10.0,2,13.995271
-10.0,1,14.002671
-10.0,1,14.008584
-10.0,1,14.014467
-10.0,1,14.020475
-10.0,2,14.028667
-10.0,2,14.037252
-10.0,2,14.045225
-10.0,2,14.053537
-10.0,1,14.059093
-10.0,1,14.06445
-10.0,1,14.070187
-41.4,1,14.075544
-47.4,1,14.081011
-65.4,1,14.086618
-10.0,1,14.091946
-37.8,2,14.100065
-10.0,1,14.105599
-10.0,1,14.110878
-10.0,2,14.119555
-10.0,2,14.127956
-10.0,1,14.133397
-10.0,4,14.145668
-10.0,4,14.159818
-10.0,1,14.165717
-10.0,3,14.176033
-10.0,1,14.182192
-10.0,1,14.187513
-35.7,1,14.192802
-30.9,1,14.198916
-10.0,1,14.204292
-65.4,1,14.209631
-23.1,1,14.21532
-48.6,1,14.220915
-10.0,1,14.226829
-10.0,1,14.232396
-10.0,2,14.24035
-10.0,1,14.246057
-10.0,3,14.256352
-10.0,1,14.262726
-10.0,1,14.267996
-10.0,2,14.275784
-48.9,1,14.280967
-10.0,2,14.288691
-93.3,1,14.29407
-47.7,1,14.299174
-10.0,1,14.304206
-10.0,2,14.312094
-10.0,1,14.317221
-42.6,1,14.322403
-10.0,2,14.329906
-77.4,5,14.345574
-10.0,2,14.353363
-10.0,1,14.35873
-10.0,1,14.363787
-10.0,4,14.376443
-10.0,1,14.381554
-40.2,1,14.386981
-10.0,2,14.394578
-10.0,1,14.399676
-10.0,1,14.40564
-10.0,1,14.410671
-10.0,2,14.418433
-10.0,1,14.423468
-10.0,1,14.42855
-10.0,1,14.433871
-10.0,1,14.438983
-10.0,2,14.446534
-43.2,1,14.451997
-10.0,4,14.464586
-10.0,2,14.472199
-10.0,2,14.479811
-10.0,3,14.489845
-10.0,4,14.502617
-10.0,2,14.51017
-49.2,2,14.517982
-56.4,2,14.525616
-45.3,1,14.530983
-10.0,2,14.53855
-10.0,3,14.549549
-10.0,1,14.555233
-10.0,1,14.560984
-54.0,1,14.56642
-10.0,2,14.5744
-10.0,1,14.579415
-53.1,2,14.587224
-10.0,5,14.60254
-10.0,4,14.615618
-10.0,1,14.621563
-38.7,2,14.630342
-10.0,4,14.64652
-10.0,1,14.65244
-10.0,1,14.658103
-10.0,1,14.663677
-10.0,2,14.671829
-36.3,1,14.677128
-10.0,1,14.682522
-44.1,1,14.68839
-10.0,1,14.693756
-54.6,2,14.701853
-10.0,1,14.70742
-10.0,1,14.712592
-10.0,1,14.718336
-10.0,1,14.723783
-48.6,1,14.72902
-10.0,2,14.737528
-10.0,1,14.74297
-10.0,3,14.754474
-10.0,3,14.764335
-10.0,1,14.770122
-30.9,2,14.778484
-10.0,3,14.792042
-65.4,1,14.799006
-44.1,2,14.806566
-10.0,5,14.821556
-32.1,1,14.826876
-10.0,1,14.832249
-38.7,1,14.837425
-56.7,1,14.84247
-78.6,1,14.848099
-10.0,1,14.853353
-39.0,1,14.858665
-10.0,2,14.866943
-10.0,1,14.872025
-10.0,4,14.884523
-42.9,2,14.892318
-10.0,1,14.897461
-10.0,1,14.90254
-31.2,1,14.907714
-10.0,4,14.919895
-29.7,1,14.925447
-10.0,1,14.93079
-10.0,1,14.936218
-69.3,2,14.944185
-10.0,2,14.952986
-10.0,1,14.958389
-10.0,1,14.963802
-10.0,4,14.976979
-46.8,1,14.982459
-41.1,1,14.988181
-31.2,2,14.99613
-10.0,1,15.001994
-10.0,1,15.007378
-67.5,1,15.012731
-30.9,1,15.018577
-93.3,1,15.023874
-25.2,1,15.028904
-33.0,3,15.03928
-10.0,2,15.047212
-10.0,1,15.053256
-10.0,2,15.061175
-10.0,1,15.06668
-10.0,2,15.074527
-40.2,1,15.080022
-61.8,2,15.088392
-32.1,1,15.093837
-10.0,1,15.0994
-86.7,2,15.107053
-23.1,1,15.112023
-10.0,1,15.118283
-68.1,1,15.123652
-10.0,3,15.135012
-10.0,2,15.142792
-10.0,1,15.148581
-10.0,1,15.153794
-10.0,2,15.16162
-54.9,1,15.167412
-10.0,2,15.174747
-10.0,3,15.185015
-44.4,1,15.190078
-10.0,1,15.195368
-10.0,1,15.200474
-10.0,1,15.205441
-10.0,1,15.210824
-10.0,1,15.215929
-10.0,2,15.223267
-10.0,2,15.230899
-54.0,1,15.235925
-10.0,1,15.241269
-10.0,2,15.24873
-45.0,2,15.256149
-44.1,4,15.268346
-10.0,1,15.274647
-10.0,2,15.282202
-10.0,1,15.287406
-10.0,4,15.300333
-10.0,2,15.308108
-67.2,2,15.315711
-10.0,1,15.32117
-30.9,2,15.328726
-10.0,1,15.333934
-10.0,1,15.339287
-44.4,1,15.344367
-10.0,2,15.351897
-10.0,2,15.359795
-35.1,1,15.365361
-10.0,1,15.372535
-72.6,1,15.381298
-10.0,2,15.390459
-68.1,1,15.395998
-10.0,1,15.401737
-10.0,2,15.409687
-10.0,1,15.415115
-10.0,2,15.423227
-54.0,1,15.428475
-10.0,3,15.439188
-10.0,1,15.444365
-10.0,2,15.452343
-49.8,1,15.457539
-10.0,2,15.465244
-10.0,1,15.470426
-10.0,1,15.475451
-10.0,1,15.480671
-34.5,5,15.495247
-10.0,1,15.500807
-10.0,2,15.508371
-10.0,1,15.513939
-10.0,1,15.519666
-10.0,1,15.525067
-10.0,1,15.530849
-41.1,1,15.536303
-10.0,1,15.54164
-64.2,3,15.552571
-45.3,1,15.557855
-10.0,1,15.563423
-10.0,3,15.573735
-31.2,2,15.582125
-10.0,1,15.587459
-42.3,1,15.592961
-10.0,3,15.603653
-42.3,1,15.609114
-10.0,1,15.614429
-33.6,1,15.619601
-28.2,3,15.629486
-10.0,1,15.634675
-69.6,1,15.640411
-10.0,1,15.645583
-10.0,4,15.658328
-10.0,2,15.665952
-10.0,1,15.671388
-10.0,1,15.676663
-10.0,1,15.681736
-10.0,1,15.687076
-10.0,1,15.692219
-10.0,1,15.697259
-10.0,3,15.707129
-10.0,2,15.714522
-10.0,5,15.729148
-10.0,2,15.736981
-10.0,1,15.742038
-10.0,2,15.74943
-10.0,1,15.754673
-10.0,1,15.75971
-61.8,1,15.764692
-42.6,7,15.784557
-39.9,2,15.792396
-10.0,1,15.797883
-10.0,1,15.803416
-10.0,1,15.808535
-10.0,2,15.816239
-48.6,1,15.821432
-10.0,2,15.82878
-10.0,1,15.834215
-36.0,2,15.841656
-10.0,2,15.850436
-10.0,2,15.858633
-10.0,1,15.864578
-65.1,2,15.872723
-10.0,4,15.886691
-10.0,1,15.893318
-46.8,4,15.906358
-10.0,1,15.911942
-10.0,1,15.917388
-10.0,8,15.940383
-10.0,2,15.948861
-43.2,1,15.954449
-41.4,1,15.960409
-10.0,4,15.973779
-10.0,1,15.97927
-10.0,2,15.987343
-10.0,2,15.995604
-10.0,1,16.001284
-65.4,1,16.007281
-10.0,3,16.021798
-10.0,2,16.029795
-10.0,1,16.035298
-48.6,1,16.040786
-38.4,2,16.048301
-44.4,1,16.053752
-28.8,1,16.05885
-10.0,2,16.066303
-67.8,2,16.073996
-10.0,2,16.08173
-10.0,3,16.091869
-68.1,1,16.096993
-10.0,1,16.102399
-10.0,1,16.107513
-10.0,1,16.112478
-10.0,3,16.122593
-10.0,1,16.127675
-47.1,1,16.133072
-36.3,1,16.138178
-10.0,1,16.143178
-10.0,3,16.153579
-10.0,1,16.158639
-10.0,3,16.168869
-43.2,1,16.174515
-10.0,1,16.179964
-30.6,1,16.185034
-10.0,2,16.192409
-10.0,3,16.20274
-10.0,2,16.210233
-10.0,2,16.218377
-10.0,1,16.223452
-10.0,1,16.228746
-10.0,5,16.243476
-10.0,1,16.248631
-10.0,4,16.260928
-10.0,3,16.270635
-10.0,3,16.281606
-10.0,1,16.286807
-10.0,2,16.294484
-53.1,3,16.304349
-10.0,1,16.309942
-10.0,1,16.315001
-43.2,1,16.320085
-10.0,1,16.325477
-39.0,1,16.330546
-33.6,1,16.335521
-10.0,1,16.341001
-10.0,2,16.348473
-43.5,1,16.35381
-10.0,1,16.358903
-35.7,1,16.364045
-10.0,1,16.369414
-10.0,1,16.374376
-10.0,1,16.379491
-10.0,1,16.384534
-10.0,2,16.393107
-10.0,1,16.398216
-10.0,3,16.408675
-10.0,1,16.414222
-10.0,1,16.420025
-38.1,1,16.425399
-10.0,1,16.431185
-10.0,1,16.436453
-10.0,3,16.446548
-10.0,1,16.45195
-10.0,1,16.45703
-52.8,5,16.472649
-10.0,1,16.47783
-10.0,1,16.483372
-44.7,1,16.488539
-10.0,2,16.496337
-10.0,3,16.506232
-10.0,1,16.511723
-10.0,1,16.516945
-10.0,3,16.527276
-10.0,5,16.544828
-48.9,1,16.551198
-10.0,3,16.564553
-10.0,3,16.575387
-10.0,1,16.580738
-10.0,3,16.591078
-10.0,1,16.596514
-10.0,1,16.601863
-10.0,1,16.607402
-10.0,2,16.615661
-10.0,4,16.628919
-25.2,1,16.634527
-10.0,3,16.645637
-38.7,1,16.651414
-10.0,1,16.656775
-10.0,3,16.667164
-10.0,1,16.672877
-10.0,1,16.67813
-10.0,2,16.686252
-10.0,1,16.691482
-10.0,1,16.696852
-10.0,1,16.702565
-10.0,1,16.707875
-10.0,1,16.71337
-45.3,1,16.719158
-46.8,4,16.731549
-41.1,1,16.736784
-31.2,1,16.742113
-47.7,1,16.747475
-10.0,2,16.755107
-10.0,1,16.760224
-10.0,2,16.769013
-10.0,1,16.774366
-85.5,1,16.7795
-10.0,1,16.784877
-72.6,1,16.78989
-10.0,1,16.794941
-10.0,2,16.803552
-38.1,1,16.808616
-10.0,2,16.816711
-10.0,2,16.824209
-93.0,2,16.832072
-10.0,2,16.839523
-10.0,1,16.84508
-70.8,1,16.850446
-43.2,1,16.855502
-10.0,1,16.860674
-10.0,2,16.868289
-28.8,1,16.873334
-10.0,1,16.878496
-85.5,1,16.883573
-47.4,1,16.888568
-10.0,1,16.893771
-10.0,1,16.898839
-10.0,2,16.906206
-35.7,3,16.916894
-10.0,1,16.921967
-10.0,1,16.927443
-10.0,2,16.934941
-10.0,1,16.940017
-10.0,3,16.950255
-10.0,1,16.955317
-10.0,1,16.960804
-10.0,1,16.965933
-10.0,1,16.970959
-54.3,3,16.982319
-10.0,1,16.987443
-55.8,4,16.999944
-10.0,1,17.005358
-10.0,1,17.010576
-10.0,2,17.018071
-10.0,2,17.025838
-10.0,3,17.035678
-10.0,1,17.041184
-10.0,2,17.048728
-10.0,4,17.062138
-10.0,1,17.067692
-10.0,1,17.073361
-10.0,2,17.08157
-10.0,1,17.087073
-10.0,1,17.092141
-41.1,1,17.097559
-10.0,1,17.103101
-10.0,1,17.108311
-35.1,1,17.113643
-48.6,1,17.119191
-10.0,1,17.124434
-10.0,3,17.135198
-10.0,3,17.145736
-42.3,4,17.159011
-48.6,1,17.164618
-31.2,2,17.172184
-35.7,1,17.177243
-10.0,2,17.18745
-10.0,4,17.20051
-10.0,1,17.205698
-10.0,2,17.21347
-10.0,1,17.218614
-40.2,1,17.223679
-42.9,2,17.231364
-10.0,2,17.238796
-10.0,1,17.244062
-28.5,2,17.251542
-42.6,1,17.256537
-44.7,1,17.261813
-45.3,1,17.266989
-10.0,3,17.277224
-10.0,1,17.282459
-10.0,3,17.294166
-10.0,1,17.299508
-85.2,2,17.307239
-48.6,4,17.319565
-78.6,1,17.325004
-10.0,2,17.332505
-54.9,1,17.337606
-10.0,1,17.343221
-10.0,3,17.353097
-10.0,1,17.3594
-39.0,1,17.364698
-39.0,1,17.369942
-10.0,2,17.378277
-10.0,1,17.383887
-10.0,1,17.389478
-10.0,1,17.394842
-48.6,2,17.403439
-10.0,3,17.414133
-41.1,1,17.420362
-10.0,2,17.428456
-10.0,4,17.441539
-10.0,1,17.447106
-40.2,1,17.452735
-40.8,2,17.460524
-10.0,1,17.466077
-10.0,1,17.47167
-10.0,1,17.477072
-48.3,2,17.48588
-85.5,1,17.491487
-10.0,1,17.497614
-10.0,2,17.506335
-10.0,1,17.511963
-10.0,10,17.541371
-25.8,1,17.547496
-48.6,1,17.553041
-10.0,1,17.558455
-53.7,2,17.567446
-10.0,2,17.57541
-10.0,1,17.581349
-10.0,1,17.586744
-72.6,1,17.592221
-10.0,1,17.597991
-33.6,1,17.603247
-54.0,1,17.608774
-10.0,1,17.614396
-66.9,2,17.622303
-10.0,1,17.627992
-25.2,1,17.63336
-42.6,3,17.644166
-10.0,1,17.649598
-25.5,2,17.657556
-10.0,2,17.665817
-10.0,4,17.679218
-10.0,1,17.684524
-41.7,2,17.692926
-10.0,2,17.701233
-47.7,1,17.706969
-10.0,2,17.715139
-10.0,1,17.720444
-10.0,1,17.726225
-10.0,2,17.734309
-10.0,1,17.73996
-10.0,3,17.750637
-10.0,2,17.75897
-10.0,1,17.7648
-10.0,1,17.770314
-42.9,2,17.778395
-45.3,1,17.784126
-54.0,1,17.789795
-42.3,1,17.795531
-10.0,2,17.803798
-38.7,1,17.808477
-10.0,3,17.81828
-35.4,2,17.82629
-10.0,1,17.831884
-10.0,2,17.84004
-10.0,1,17.845339
-10.0,2,17.853634
-10.0,1,17.85896
-10.0,1,17.864679
-10.0,2,17.872799
-10.0,2,17.881083
-10.0,2,17.889092
-10.0,1,17.894522
-39.6,3,17.905301
-38.4,1,17.910538
-44.4,1,17.916073
-10.0,1,17.921096
-10.0,1,17.926154
-10.0,1,17.933837
-62.1,1,17.942393
-47.1,1,17.94771
-38.1,3,17.957471
-24.9,2,17.965316
-31.5,3,17.975237
-10.0,1,17.980369
-10.0,2,17.987734
-10.0,2,17.995559
-42.9,1,18.000639
-48.6,1,18.005905
-10.0,1,18.01116
-10.0,2,18.018639
-10.0,1,18.024237
-67.5,1,18.029422
-10.0,1,18.034593
-10.0,1,18.040066
-10.0,1,18.045207
-10.0,2,18.052841
-10.0,1,18.058413
-33.3,4,18.070952
-66.9,2,18.078584
-10.0,1,18.083645
-10.0,2,18.091592
-10.0,2,18.099255
-10.0,1,18.10465
-44.7,3,18.114558
-10.0,1,18.120053
-10.0,1,18.125259
-28.5,2,18.133091
-38.1,1,18.138621
-35.7,1,18.144184
-44.1,1,18.149729
-10.0,1,18.154837
-10.0,1,18.160066
-10.0,2,18.168267
-10.0,2,18.175428
-10.0,2,18.182241
-10.0,2,18.188584
-10.0,1,18.193682
-10.0,3,18.20511
-10.0,1,18.210614
-10.0,1,18.216252
-37.8,2,18.223939
-10.0,3,18.234335
-10.0,1,18.239503
-10.0,7,18.259565
-10.0,1,18.264773
-10.0,1,18.269849
-10.0,1,18.27496
-68.7,4,18.287345
-10.0,1,18.292715
-31.5,3,18.302613
-10.0,1,18.307874
-10.0,3,18.318702
-48.6,2,18.327045
-10.0,1,18.332236
-10.0,1,18.337297
-30.0,4,18.349774
-10.0,2,18.357687
-10.0,1,18.362801
-28.5,2,18.370352
-31.5,1,18.37582
-48.0,3,18.385787
-10.0,1,18.391405
-10.0,1,18.396573
-48.9,1,18.40161
-10.0,3,18.411878
-10.0,3,18.422133
-10.0,3,18.432057
-46.8,1,18.43753
-10.0,2,18.445072
-10.0,2,18.453267
-49.5,1,18.458908
-10.0,1,18.463961
-34.2,1,18.469271
-10.0,6,18.488133
-10.0,1,18.493498
-10.0,2,18.501726
-10.0,2,18.509516
-42.6,3,18.520066
-36.9,1,18.525323
-36.9,1,18.53131
-44.7,1,18.536652
-10.0,1,18.541745
-10.0,2,18.549851
-10.0,2,18.557584
-40.2,4,18.570115
-10.0,1,18.575068
-10.0,1,18.580744
-10.0,2,18.588453
-10.0,3,18.599228
-10.0,2,18.606884
-10.0,1,18.612765
-25.5,2,18.624307
-10.0,3,18.63575
-10.0,2,18.644065
-10.0,3,18.654872
-10.0,1,18.660584
-10.0,1,18.666271
-28.5,2,18.67439
-10.0,1,18.679827
-25.5,2,18.68806
-38.7,2,18.696661
-10.0,1,18.702083
-10.0,2,18.710396
-10.0,1,18.716188
-10.0,1,18.721564
-10.0,1,18.728703
-29.4,2,18.736792
-10.0,1,18.74272
-10.0,2,18.750836
-22.2,4,18.764123
-42.0,1,18.769611
-44.4,1,18.775349
-10.0,1,18.780897
-10.0,1,18.786475
-48.9,2,18.794448
-10.0,1,18.800088
-10.0,1,18.805813
-48.6,2,18.813912
-45.0,2,18.822208
-38.7,1,18.827754
-10.0,1,18.83318
-10.0,1,18.838884
-10.0,1,18.844613
-10.0,1,18.850071
-67.2,1,18.85579
-43.5,1,18.861175
-10.0,1,18.867051
-46.8,1,18.872463
-10.0,1,18.878019
-30.6,1,18.883735
-10.0,1,18.889301
-10.0,1,18.894719
-49.8,1,18.900315
-10.0,1,18.905988
-10.0,1,18.911314
-10.0,1,18.917245
-86.7,2,18.92536
-10.0,1,18.931172
-10.0,2,18.939333
-10.0,1,18.944959
-10.0,1,18.950395
-10.0,1,18.955986
-10.0,1,18.961357
-10.0,2,18.970226
-72.3,2,18.978753
-10.0,2,18.98692
-10.0,2,18.995322
-10.0,1,19.000716
-10.0,2,19.008886
-10.0,2,19.017285
-61.5,1,19.022838
-10.0,2,19.031176
-10.0,2,19.039263
-10.0,2,19.047889
-10.0,1,19.053422
-10.0,1,19.058842
-10.0,2,19.067218
-10.0,1,19.072618
-10.0,1,19.078396
-10.0,1,19.083952
-10.0,1,19.089259
-31.8,2,19.097517
-10.0,1,19.103334
-10.0,1,19.108892
-10.0,1,19.114648
-10.0,3,19.125495
-10.0,1,19.130649
-10.0,1,19.13574
-56.7,1,19.141513
-10.0,3,19.151278
-45.3,1,19.156764
-10.0,1,19.16194
-10.0,4,19.174472
-10.0,2,19.181992
-10.0,1,19.188832
-10.0,3,19.200518
-10.0,1,19.207013
-10.0,2,19.214927
-10.0,2,19.222901
-10.0,1,19.22813
-10.0,3,19.238724
-10.0,1,19.243917
-10.0,1,19.249908
-54.9,1,19.255263
-10.0,1,19.260569
-30.6,1,19.266672
-46.8,1,19.272592
-51.0,2,19.282036
-10.0,1,19.287643
-42.6,1,19.293046
-10.0,2,19.301393
-10.0,4,19.315674
-10.0,1,19.321132
-10.0,2,19.329263
-39.9,2,19.337344
-10.0,1,19.342576
-10.0,1,19.348242
-43.2,1,19.353357
-65.4,1,19.358539
-10.0,1,19.364339
-49.2,1,19.369555
-47.4,1,19.374741
-10.0,1,19.380216
-10.0,1,19.385357
-10.0,2,19.393067
-33.0,3,19.403229
-10.0,1,19.40858
-53.7,2,19.416163
-66.3,4,19.428813
-10.0,2,19.43638
-33.9,3,19.446555
-10.0,3,19.456825
-93.3,1,19.462022
-10.0,1,19.467234
-10.0,1,19.472584
-10.0,1,19.481215
-34.2,1,19.489697
-10.0,1,19.495255
-10.0,1,19.500762
-10.0,1,19.506313
-10.0,1,19.511608
-10.0,2,19.519648
-85.2,2,19.527771
-10.0,1,19.533434
-34.8,2,19.541578
-10.0,2,19.549804
-10.0,1,19.555345
-10.0,1,19.560722
-10.0,2,19.568693
-69.6,1,19.574231
-10.0,2,19.582445
-10.0,3,19.592783
-47.4,2,19.600581
-40.2,1,19.605823
-10.0,1,19.610961
-44.1,1,19.616381
-10.0,1,19.62168
-32.1,1,19.626741
-10.0,2,19.634707
-10.0,4,19.647044
-10.0,1,19.652596
-10.0,1,19.657717
-10.0,2,19.665575
-10.0,1,19.670766
-10.0,2,19.678305
-10.0,1,19.683835
-10.0,2,19.691415
-61.8,1,19.696816
-10.0,1,19.702087
-10.0,1,19.707637
-10.0,1,19.713487
-42.9,2,19.721498
-56.7,1,19.726716
-35.1,1,19.732345
-67.5,1,19.73769
-48.3,3,19.748268
-10.0,1,19.753565
-10.0,2,19.761613
-10.0,1,19.76708
-54.3,3,19.77752
-10.0,2,19.785369
-10.0,2,19.793252
-28.8,1,19.798635
-10.0,2,19.806162
-10.0,1,19.811605
-10.0,1,19.816754
-85.2,2,19.824485
-10.0,2,19.832103
-10.0,2,19.839805
-45.0,1,19.844957
-10.0,2,19.85245
-10.0,1,19.857936
-42.3,1,19.862986
-10.0,2,19.870396
-10.0,2,19.878111
-10.0,1,19.883235
-28.8,1,19.888576
-44.1,2,19.896198
-10.0,3,19.9062
-61.5,3,19.91602
-10.0,1,19.921365
-10.0,3,19.93122
-10.0,1,19.936536
-10.0,1,19.941636
-10.0,2,19.949058
-10.0,3,19.959276
-10.0,5,19.974263
-54.9,1,19.979436
-10.0,1,19.984797
-10.0,1,19.990019
-10.0,1,19.995052
-38.7,2,20.003564
-42.9,2,20.011225
-10.0,2,20.019064
-10.0,1,20.024256
-10.0,2,20.032009
-10.0,3,20.041948
-36.9,1,20.047346
-10.0,1,20.052821
-33.6,3,20.064204
-10.0,3,20.074648
-10.0,1,20.080372
-10.0,1,20.085867
-41.4,1,20.091305
-10.0,1,20.097971
-45.3,1,20.104308
-10.0,1,20.109727
-10.0,1,20.115673
-78.0,3,20.126237
-34.2,1,20.13196
-10.0,1,20.137214
-54.9,1,20.14238
-10.0,2,20.150366
-31.8,2,20.157676
-39.6,3,20.166373
-10.0,1,20.171402
-43.2,1,20.17675
-38.7,1,20.181992
-10.0,3,20.19222
-44.7,2,20.199917
-48.6,2,20.208235
-10.0,1,20.213459
-10.0,2,20.220995
-38.1,3,20.231229
-10.0,4,20.24403
-44.7,1,20.249165
-47.1,2,20.256854
-10.0,3,20.266747
-47.1,3,20.27688
-30.9,1,20.281945
-10.0,1,20.287147
-10.0,1,20.29222
-42.6,1,20.297263
-10.0,5,20.312002
-10.0,2,20.320545
-10.0,2,20.328187
-78.6,1,20.333617
-10.0,1,20.338797
-62.1,2,20.346385
-10.0,1,20.351665
-10.0,1,20.356925
-10.0,2,20.364405
-61.8,2,20.37219
-42.6,2,20.379726
-10.0,2,20.38759
-10.0,2,20.395802
-10.0,3,20.406609
-40.8,2,20.415202
-10.0,1,20.420711
-44.7,2,20.428943
-48.0,3,20.438971
-10.0,1,20.444058
-42.3,3,20.45469
-43.2,1,20.459856
-10.0,1,20.46603
-10.0,1,20.471961
-10.0,1,20.478388
-10.0,1,20.485245
-40.2,1,20.492084
-30.9,2,20.502719
-41.1,1,20.509955
-10.0,1,20.517555
-23.1,1,20.524417
-10.0,4,20.542224
-38.7,1,20.550283
-10.0,3,20.5666
-10.0,1,20.573363
-10.0,1,20.579855
-10.0,4,20.59791
-10.0,1,20.605132
-10.0,1,20.612853
-72.6,1,20.620177
-48.3,4,20.638488
-40.2,1,20.647094
-10.0,2,20.660136
-10.0,2,20.674469
-46.8,1,20.683279
-10.0,5,20.710703
-10.0,1,20.719227
-10.0,1,20.727631
-10.0,1,20.740052
-10.0,1,20.749204
-10.0,1,20.757479
-69.6,1,20.768174
-10.0,1,20.781515
-10.0,2,20.795732
-10.0,1,20.804715
-10.0,1,20.815037
-10.0,5,20.840001
-10.0,1,20.848412
-48.6,1,20.855974
-10.0,3,20.871951
-10.0,3,20.885882
-78.3,2,20.89657
-10.0,1,20.903763
-10.0,1,20.910846
-48.6,1,20.918025
-10.0,1,20.924833
-30.9,1,20.931121
-10.0,1,20.937033
-10.0,1,20.942074
-33.9,3,20.95172
-42.6,3,20.961532
-10.0,4,20.973845
-10.0,3,20.983609
-10.0,2,20.991216
-10.0,1,20.99628
-10.0,1,21.00148
-10.0,2,21.008906
-10.0,2,21.016387
-10.0,1,21.021564
-10.0,1,21.02661
-10.0,2,21.034502
-10.0,1,21.039849
-38.7,1,21.04496
-10.0,2,21.052753
-10.0,2,21.060203
-10.0,1,21.065419
-38.1,4,21.077478
-10.0,1,21.083306
-10.0,1,21.088141
-10.0,1,21.092701
-10.0,4,21.103548
-10.0,3,21.114033
-43.5,1,21.119195
-10.0,1,21.124364
-10.0,1,21.130003
-10.0,1,21.135285
-10.0,2,21.143485
-10.0,2,21.154805
-10.0,1,21.160847
-10.0,4,21.175878
-68.1,1,21.182633
-25.8,1,21.187696
-47.4,1,21.193037
-10.0,2,21.200857
-10.0,4,21.214639
-10.0,1,21.219973
-10.0,4,21.234379
-10.0,1,21.239492
-10.0,2,21.248018
-61.5,2,21.255574
-10.0,1,21.261041
-10.0,5,21.276117
-10.0,1,21.281836
-10.0,1,21.287254
-43.2,1,21.292658
-70.2,3,21.303156
-10.0,1,21.30846
-10.0,1,21.31392
-10.0,2,21.322846
-31.5,1,21.328187
-10.0,2,21.336036
-10.0,2,21.34384
-10.0,1,21.349078
-41.7,3,21.359767
-25.5,2,21.367829
-10.0,1,21.37328
-34.5,1,21.378131
-28.2,3,21.388438
-10.0,1,21.393564
-10.0,2,21.401296
-10.0,1,21.406417
-10.0,1,21.411398
-48.0,5,21.42609
-56.7,1,21.431394
-47.4,2,21.439066
-10.0,1,21.444096
-10.0,2,21.451713
-10.0,1,21.45687
-10.0,2,21.464425
-10.0,2,21.471841
-37.8,4,21.484914
-10.0,1,21.490283
-10.0,2,21.498864
-10.0,1,21.504023
-10.0,2,21.513159
-48.6,1,21.518828
-43.2,1,21.52456
-10.0,2,21.533547
-70.8,1,21.539732
-10.0,1,21.546309
-10.0,1,21.554287
-10.0,1,21.559713
-44.7,1,21.567903
-10.0,1,21.573357
-35.1,1,21.580339
-24.9,2,21.588119
-10.0,1,21.593615
-87.0,1,21.599616
-10.0,2,21.607478
-10.0,1,21.614324
-37.8,5,21.633253
-10.0,2,21.642105
-10.0,1,21.648983
-10.0,1,21.654414
-10.0,2,21.663813
-10.0,1,21.670173
-10.0,1,21.67575
-10.0,1,21.682346
-10.0,2,21.691247
-10.0,1,21.698026
-24.9,2,21.708145
-30.9,2,21.717606
-10.0,3,21.730365
-10.0,5,21.748344
-10.0,1,21.754136
-10.0,3,21.766735
-61.5,2,21.775209
-10.0,1,21.7818
-10.0,2,21.789949
-10.0,1,21.796882
-10.0,4,21.811406
-10.0,3,21.823135
-10.0,1,21.828737
-10.0,2,21.837863
-10.0,2,21.846261
-10.0,1,21.851945
-10.0,2,21.859525
-10.0,6,21.878138
-10.0,3,21.88787
-10.0,2,21.895457
-10.0,1,21.900435
-85.5,1,21.905414
-10.0,3,21.91533
-31.2,2,21.922619
-10.0,2,21.93037
-10.0,1,21.935331
-10.0,4,21.947477
-37.5,6,21.964385
-10.0,1,21.969342
-48.6,2,21.977515
-67.2,4,21.991172
-10.0,1,21.998517
-10.0,1,22.003654
-48.3,2,22.013023
-10.0,1,22.019203
-25.5,2,22.028983
-10.0,5,22.047656
-40.2,1,22.055322
-10.0,1,22.061052
-10.0,2,22.069772
-38.4,1,22.075352
-10.0,1,22.081449
-37.5,3,22.091724
-10.0,1,22.098445
-10.0,1,22.104722
-54.0,1,22.110637
-10.0,1,22.116698
-42.9,2,22.124422
-10.0,1,22.130519
-10.0,1,22.136299
-10.0,1,22.141495
-10.0,1,22.147509
-10.0,4,22.16001
-10.0,1,22.166338
-10.0,1,22.171392
-10.0,1,22.176445
-10.0,3,22.187439
-10.0,2,22.195873
-10.0,3,22.205667
-10.0,1,22.210989
-10.0,1,22.21647
-34.2,4,22.229427
-48.9,1,22.234433
-10.0,3,22.244501
-10.0,1,22.249782
-49.2,2,22.257192
-10.0,1,22.263816
-38.4,1,22.269427
-10.0,1,22.274576
-61.8,1,22.280837
-10.0,5,22.297788
-10.0,2,22.306806
-10.0,1,22.313755
-33.3,2,22.323719
-67.5,1,22.330472
-47.7,5,22.351239
-10.0,2,22.364426
-10.0,1,22.371189
-10.0,2,22.380332
-10.0,1,22.501869
-10.0,1,22.509523
-10.0,2,22.519368
-10.0,1,22.524528
-10.0,2,22.535339
-10.0,1,22.54077
-30.9,3,22.55282
-10.0,1,22.558082
-10.0,1,22.56618
-10.0,3,22.576947
-10.0,1,22.583472
-10.0,1,22.588493
-10.0,6,22.606408
-10.0,4,22.620044
-10.0,4,22.633591
-10.0,1,22.638677
-54.0,1,22.64373
-10.0,1,22.650201
-10.0,1,22.655163
-10.0,1,22.660173
-10.0,2,22.668921
-48.9,1,22.67395
-40.2,1,22.679894
-10.0,1,22.685276
-10.0,1,22.690221
-10.0,1,22.69602
-10.0,1,22.702852
-10.0,1,22.709715
-10.0,1,22.720633
-10.0,2,22.747699
-10.0,1,22.762987
-67.2,2,22.780006
-10.0,1,22.787394
-10.0,1,22.793475
-10.0,2,22.802851
-10.0,1,22.811022
-10.0,1,22.819377
-10.0,1,22.832536
-41.1,1,22.837619
-10.0,4,22.854069
-10.0,1,22.858817
-10.0,2,22.86729
-10.0,4,22.881366
-10.0,2,22.888345
-60.9,3,22.901685
-10.0,6,22.924622
-53.1,3,22.944383
-10.0,4,22.969249
-10.0,1,22.980948
-10.0,1,22.991458
-10.0,2,23.009883
-10.0,1,23.020916
-10.0,2,23.037863
-10.0,1,26.452492
-10.0,2,26.460367
-10.0,4,26.477108
-10.0,2,26.486439
-10.0,1,26.491873
-10.0,2,26.501261
-68.7,4,26.516429
-10.0,1,26.523918
-10.0,2,26.535853
-10.0,1,26.54092
-10.0,1,26.549044
-10.0,2,26.559785
-10.0,3,26.574106
-10.0,1,26.583831
-10.0,1,26.591195
-10.0,1,26.599672
-10.0,2,26.610663
-10.0,7,26.642908
-10.0,3,26.655948
-10.0,3,26.667959
-10.0,1,26.673664
-10.0,2,26.683306
-10.0,1,26.689165
-10.0,2,26.697565
-10.0,1,26.703842
-10.0,1,26.710081
-47.4,1,26.717
-10.0,1,26.722971
-10.0,1,26.728731
-10.0,3,26.742476
-10.0,2,26.752629
-10.0,6,26.779977
-10.0,1,26.78597
-10.0,1,26.791221
-10.0,2,26.803493
-10.0,2,26.818737
-10.0,2,26.833706
-10.0,1,26.84348
-10.0,1,26.856436
-10.0,1,26.86824
-10.0,5,26.900478
-10.0,1,26.909824
-10.0,4,26.93547
-10.0,2,26.950686
-10.0,1,26.960337
-10.0,1,26.972096
-10.0,2,26.989092
-10.0,3,27.01299
-10.0,5,27.04371
-10.0,2,27.058332
-10.0,3,27.085553
-10.0,1,27.0958
-10.0,1,27.106929
-10.0,1,27.118401
-10.0,3,27.141623
-10.0,1,27.153472
-10.0,1,27.163999
-10.0,1,27.17504
-10.0,1,27.187886
-10.0,1,27.200768
-10.0,5,27.236124
-10.0,1,27.246392
-54.0,1,27.258758
-10.0,1,27.27174
-10.0,2,27.294689
-10.0,1,27.310281
-10.0,3,27.333108
-10.0,1,27.342662
-10.0,1,27.353526
-10.0,1,27.36326
-10.0,3,27.38409
-10.0,1,27.3946
-33.6,1,27.405654
-10.0,1,27.416358
-67.2,1,27.425649
-10.0,1,27.435776
-10.0,3,27.447742
-10.0,3,27.458071
-10.0,1,27.465815
-10.0,1,27.471074
-10.0,1,27.476024
-10.0,4,27.490032
-10.0,2,27.500671
-10.0,3,27.511801
-10.0,1,27.519471
-10.0,5,27.537292
-10.0,1,27.542556
-10.0,2,27.552429
-10.0,7,27.57363
-10.0,1,27.580574
-10.0,1,27.585921
-10.0,2,27.593775
-10.0,1,27.60071
-10.0,2,27.60831
-10.0,2,27.617709
-10.0,2,27.625169
-10.0,7,27.648773
-10.0,2,27.656517
-10.0,4,27.671804
-10.0,2,27.681472
-10.0,1,27.686727
-10.0,3,27.698732
-10.0,2,27.706578
-67.5,1,27.713474
-10.0,7,27.735834
-10.0,2,27.744372
-68.1,6,27.7635
-10.0,1,27.770489
-10.0,1,27.775776
-10.0,1,27.780718
-10.0,2,27.788295
-10.0,1,27.793304
-10.0,2,27.801831
-10.0,2,27.812892
-10.0,3,27.82175
-10.0,1,27.826115
-10.0,1,27.831711
-10.0,5,27.846932
-10.0,2,27.85541
-10.0,2,27.865996
-10.0,1,27.871508
-10.0,1,27.877089
-10.0,1,27.884285
-43.2,1,27.88997
-10.0,3,27.902712
-10.0,1,27.908147
-10.0,1,27.915694
-10.0,1,27.921783
-24.9,2,27.931335
-10.0,1,27.937487
-10.0,2,27.947935
-61.8,1,27.954041
-10.0,1,27.959836
-10.0,2,27.969717
-10.0,3,27.984319
-10.0,1,27.990507
-10.0,1,27.998593
-10.0,2,28.009177
-10.0,3,28.023047
-10.0,1,28.029208
-10.0,4,28.044351
-10.0,1,28.051818
-10.0,3,28.064054
-10.0,1,28.069377
-10.0,1,28.074742
-10.0,2,28.08334
-10.0,5,28.099937
-10.0,1,28.105277
-10.0,1,28.110618
-10.0,1,28.117037
-10.0,1,28.122508
-39.6,7,28.14572
-10.0,1,28.151859
-10.0,1,28.156905
-10.0,1,28.163787
-10.0,1,28.169291
-10.0,2,28.176853
-38.7,1,28.184336
-10.0,5,28.201905
-10.0,2,28.209507
-10.0,2,28.219652
-10.0,1,28.224727
-10.0,2,28.234032
-10.0,2,28.241664
-10.0,1,28.249619
-10.0,2,28.257467
-10.0,4,28.271471
-10.0,4,28.286778
-10.0,1,28.291998
-10.0,2,28.301531
-10.0,1,28.306717
-93.3,1,28.313105
-10.0,2,28.320911
-10.0,2,28.330072
-10.0,1,28.337986
-10.0,2,28.348006
-10.0,2,28.355749
-10.0,1,28.361143
-10.0,2,28.368845
-10.0,2,28.377527
-10.0,2,28.386096
-10.0,1,28.394668
-10.0,2,28.405392
-10.0,1,28.410914
-10.0,1,28.416005
-10.0,2,28.423558
-10.0,4,28.435556
-10.0,1,28.440883
-10.0,3,28.450586
-10.0,2,28.460933
-41.1,1,28.469648
-10.0,1,28.478418
-10.0,2,28.489492
-10.0,1,28.495565
-10.0,1,28.500674
-10.0,1,28.508017
-10.0,1,28.51804
-10.0,1,28.523648
-10.0,1,28.530327
-10.0,5,28.548826
-10.0,3,28.561532
-10.0,1,28.568195
-10.0,1,28.573897
-78.3,2,28.584139
-10.0,2,28.592207
-10.0,1,28.598966
-10.0,2,28.60966
-10.0,4,28.62387
-10.0,1,28.631847
-10.0,1,28.637409
-54.0,1,28.643358
-10.0,2,28.652861
-10.0,1,28.658023
-10.0,3,28.670457
-10.0,1,28.675672
-10.0,2,28.685411
-10.0,2,28.693557
-10.0,1,28.700488
-10.0,1,28.705939
-10.0,2,28.715161
-10.0,1,28.721254
-10.0,2,28.731227
-10.0,1,28.736568
-10.0,3,28.748955
-10.0,1,28.754092
-10.0,1,28.759578
-10.0,1,28.766547
-10.0,1,28.771624
-31.5,3,28.783116
-10.0,2,28.790527
-10.0,3,28.8022
-10.0,2,28.810095
-10.0,4,28.824354
-10.0,1,28.831762
-46.8,1,28.836782
-10.0,2,28.847337
-10.0,1,28.855908
-10.0,3,28.867973
-10.0,2,28.875564
-10.0,5,28.891951
-10.0,1,28.898313
-10.0,1,28.903341
-10.0,1,28.9086
-10.0,1,28.915144
-10.0,2,28.922889
-10.0,1,28.929238
-10.0,1,28.934855
-10.0,3,28.946969
-10.0,4,28.960023
-10.0,1,28.965648
-10.0,1,28.970838
-93.3,1,28.976142
-10.0,1,28.983193
-10.0,1,28.988417
-10.0,1,28.993666
-10.0,5,29.01106
-10.0,1,29.017545
-10.0,1,29.022089
-10.0,1,29.028301
-10.0,3,29.037558
-10.0,2,29.045906
-10.0,3,29.05534
-10.0,1,29.060348
-10.0,1,29.066564
-10.0,4,29.081599
-35.4,2,29.089813
-10.0,2,29.099733
-10.0,2,29.10799
-10.0,3,29.120361
-10.0,3,29.13291
-29.7,1,29.139204
-40.2,4,29.168338
-10.0,5,29.199568
-10.0,4,29.217489
-10.0,1,29.224771
-10.0,1,29.234815
-10.0,2,29.247121
-10.0,1,29.251002
-10.0,2,29.25766
-10.0,9,29.287684
-10.0,1,29.292209
-10.0,2,29.301908
-10.0,4,29.32146
-10.0,1,29.331112
-10.0,2,29.340891
-10.0,2,29.3522
-10.0,1,29.358432
-10.0,1,29.367809
-10.0,2,29.380882
-10.0,2,29.391403
-10.0,4,29.411725
-44.7,2,29.419817
-10.0,2,29.429826
-10.0,1,29.435854
-10.0,1,29.441763
-10.0,1,29.450374
-10.0,3,29.467553
-10.0,4,29.488771
-10.0,2,29.499867
-10.0,1,29.507692
-10.0,1,29.515901
-10.0,2,29.525929
-10.0,5,29.550282
-10.0,1,29.556203
-10.0,1,29.562799
-10.0,3,29.574389
-10.0,2,29.585989
-10.0,1,29.592809
-10.0,1,29.600561
-10.0,3,29.615153
-10.0,6,29.641993
-49.5,1,29.650331
-10.0,1,29.657037
-10.0,1,29.66381
-10.0,3,29.676229
-10.0,3,29.689526
-10.0,2,29.703003
-10.0,1,29.709187
-10.0,1,29.716199
-10.0,2,29.72378
-10.0,3,29.737663
-10.0,4,29.754738
-48.6,1,29.764103
-10.0,1,29.7731
-10.0,1,29.782615
-10.0,1,29.788675
-10.0,1,29.79625
-47.4,1,29.802198
-10.0,1,29.809716
-10.0,2,29.819157
-10.0,1,29.825677
-10.0,1,29.83281
-10.0,3,29.852991
-10.0,1,29.86291
-10.0,1,29.871314
-10.0,1,29.879543
-10.0,1,29.885552
-10.0,2,29.90009
-10.0,4,29.917702
-10.0,2,29.92753
-10.0,1,29.935191
-10.0,2,29.947464
-10.0,1,29.954555
-10.0,3,29.968083
-10.0,2,29.977767
-10.0,1,29.984721
-10.0,1,29.991062
-10.0,1,30.000477
-10.0,1,30.006098
-10.0,2,30.018817
-10.0,3,30.035319
-10.0,2,30.047036
-10.0,2,30.057126
-10.0,3,30.074046
-10.0,1,30.082782
-10.0,1,30.089625
-10.0,4,30.106317
-10.0,3,30.120956
-10.0,4,30.142543
-10.0,8,30.192394
-10.0,1,30.203919
-10.0,2,30.217365
-10.0,1,30.225276
-10.0,1,30.232089
-10.0,1,30.239074
-10.0,1,30.245725
-10.0,5,30.263695
-10.0,3,30.279825
-10.0,1,30.28687
-10.0,1,30.296595
-10.0,1,30.303392
-10.0,2,30.316544
-45.3,1,30.325077
-10.0,2,30.339856
-10.0,1,30.350316
-10.0,2,30.364341
-10.0,2,30.375613
-10.0,3,30.38922
-10.0,1,30.397337
-10.0,4,30.415717
-10.0,1,30.422244
-10.0,2,30.432053
-10.0,1,30.438646
-10.0,1,30.4479
-10.0,1,30.453625
-10.0,1,30.459089
-10.0,1,30.465423
-10.0,1,30.47055
-10.0,2,30.482066
-41.4,1,30.488947
-10.0,3,30.505331
-35.7,1,30.514497
-10.0,1,30.52045
-10.0,1,30.525883
-10.0,3,30.535371
-10.0,1,30.539478
-10.0,1,30.545517
-10.0,1,30.550467
-10.0,2,30.558774
-10.0,1,30.567847
-10.0,2,30.579902
-10.0,1,30.587297
-10.0,2,30.640654
-10.0,1,30.653473
-10.0,2,30.670256
-10.0,1,30.680635
-10.0,1,30.69106
-10.0,1,30.705057
-10.0,2,30.719852
-10.0,3,30.733155
-10.0,1,30.742872
-10.0,4,30.758224
-10.0,1,30.762568
-10.0,1,30.768457
-10.0,2,30.781063
-10.0,2,30.793492
-10.0,2,30.80584
-10.0,1,30.815775
-10.0,1,30.825442
-10.0,2,30.839226
-10.0,1,30.846684
-10.0,1,30.855445
-10.0,1,30.863889
-10.0,1,30.872441
-10.0,1,30.880799
-54.0,1,30.889423
-10.0,6,30.918609
-10.0,1,30.927391
-10.0,4,30.949142
-10.0,3,30.966073
-10.0,1,30.974853
-10.0,1,30.984677
-10.0,2,30.993798
-10.0,1,31.002747
-10.0,1,31.0117
-10.0,3,31.030314
-10.0,1,31.036619
-10.0,1,31.046165
-10.0,1,31.054861
-10.0,1,31.060864
-10.0,2,31.075969
-10.0,3,31.094669
-10.0,3,31.11288
-10.0,1,31.123103
-10.0,2,31.139023
-49.8,1,31.149642
-10.0,3,31.16958
-10.0,1,31.18328
-10.0,2,31.201171
-10.0,1,31.209994
-29.1,3,31.227031
-10.0,1,31.235987
-10.0,1,31.243167
-10.0,1,31.253739
-10.0,1,31.265155
-10.0,2,31.276694
-10.0,4,31.291316
-10.0,1,31.298166
-10.0,5,31.319467
-10.0,1,31.328117
-10.0,1,31.336924
-10.0,1,31.346105
-10.0,6,31.37152
-10.0,6,31.392842
-10.0,2,31.402597
-10.0,5,31.42106
-10.0,1,31.428722
-10.0,1,31.434134
-10.0,1,31.439604
-10.0,1,31.446957
-10.0,4,31.455613
-10.0,1,31.461193
-61.8,1,31.466145
-10.0,3,31.47685
-10.0,1,31.482744
-10.0,1,31.487716
-10.0,5,31.503419
-10.0,1,31.507927
-10.0,1,31.514354
-43.8,2,31.522369
-10.0,2,31.531917
-10.0,2,31.539842
-10.0,2,31.549624
-10.0,1,31.554917
-10.0,1,31.558932
-10.0,6,31.579999
-10.0,1,31.586064
-10.0,1,31.593107
-10.0,1,31.603333
-10.0,2,31.617526
-10.0,1,31.626248
-10.0,1,31.636307
-10.0,2,31.649202
-40.8,3,31.664339
-10.0,1,31.670357
-10.0,1,31.678334
-10.0,1,31.685037
-10.0,2,31.696096
-10.0,1,31.704982
-10.0,1,31.712952
-10.0,1,31.718565
-10.0,3,31.731103
-10.0,4,31.744844
-10.0,1,31.750529
-10.0,3,31.764705
-10.0,1,31.771084
-10.0,4,31.794556
-10.0,1,31.804928
-10.0,1,31.819744
-10.0,2,31.836794
-10.0,3,31.859247
-10.0,1,31.869467
-10.0,1,31.880121
-10.0,4,31.905256
-10.0,3,31.925725
-10.0,5,31.954376
-10.0,4,31.969299
-10.0,1,31.979745
-42.9,1,31.985335
-10.0,1,31.991002
-10.0,1,31.99761
-10.0,1,32.002701
-93.0,2,32.011754
-10.0,1,32.018253
-10.0,3,32.030821
-10.0,2,32.038905
-10.0,1,32.045991
-10.0,1,32.052868
-10.0,1,32.058166
-10.0,1,32.066096
-10.0,3,32.078728
-10.0,3,32.089814
-10.0,1,32.09747
-10.0,2,32.105193
-10.0,1,32.112197
-10.0,1,32.118122
-10.0,1,32.123885
-10.0,1,32.131073
-10.0,2,32.138497
-10.0,4,32.152584
-10.0,2,32.16193
-10.0,1,32.167248
-10.0,1,32.173634
-10.0,2,32.182651
-10.0,2,32.191883
-10.0,3,32.202984
-10.0,1,32.208212
-10.0,3,32.220547
-10.0,2,32.230236
-10.0,2,32.238056
-10.0,1,32.244093
-10.0,3,32.255974
-10.0,1,32.263127
-10.0,3,32.273781
-10.0,1,32.280281
-10.0,1,32.285932
-10.0,4,32.300896
-10.0,1,32.306072
-10.0,1,32.313461
-10.0,1,32.318424
-10.0,2,32.324695
-10.0,1,32.330864
-10.0,1,32.336494
-10.0,5,32.353298
-10.0,1,32.357915
-10.0,1,32.366428
-10.0,1,32.371576
-69.6,1,32.376503
-10.0,2,32.38605
-10.0,1,32.391551
-10.0,2,32.401085
-10.0,2,32.40887
-10.0,1,32.415317
-10.0,2,32.423032
-10.0,1,32.429678
-10.0,3,32.439641
-10.0,3,32.453596
-10.0,5,32.470565
-10.0,3,32.483087
-10.0,4,32.499416
-10.0,6,32.52007
-10.0,2,32.529477
-10.0,3,32.539895
-10.0,3,32.551178
-10.0,1,32.55674
-10.0,2,32.565691
-10.0,1,32.571249
-10.0,3,32.582734
-10.0,3,32.596294
-10.0,3,32.608357
-10.0,4,32.622963
-10.0,1,32.629678
-10.0,1,32.635279
-10.0,1,32.640882
-10.0,1,32.648592
-10.0,1,32.653801
-10.0,2,32.662587
-10.0,3,32.673337
-10.0,2,32.682012
-10.0,1,32.687042
-10.0,2,32.697143
-10.0,1,32.702343
-10.0,1,32.707328
-10.0,2,32.71909
-10.0,2,32.729594
-10.0,2,32.74168
-10.0,3,32.754178
-10.0,1,32.760865
-10.0,1,32.766845
-10.0,4,32.781687
-10.0,6,32.800958
-10.0,2,32.808718
-10.0,1,32.815238
-10.0,1,32.820214
-10.0,4,32.834355
-10.0,1,32.839332
-10.0,1,32.846865
-10.0,1,32.852072
-10.0,1,32.857325
-10.0,1,32.863874
-10.0,2,32.871396
-10.0,1,32.878884
-10.0,1,32.884223
-10.0,3,32.89496
-10.0,2,32.902626
-10.0,5,32.921858
-10.0,1,32.930926
-10.0,1,32.937331
-65.4,1,32.944188
-10.0,5,32.961694
-42.3,1,32.967107
-10.0,1,32.972836
-10.0,1,32.980204
-10.0,1,32.986219
-10.0,3,33.000588
-10.0,1,33.009878
-10.0,4,33.0283
-10.0,1,33.034631
-10.0,1,33.040058
-10.0,2,33.050464
-10.0,6,33.071342
-10.0,1,33.078948
-10.0,1,33.084692
-10.0,2,33.095057
-10.0,2,33.103744
-10.0,1,33.110885
-10.0,3,33.122618
-10.0,4,33.138601
-10.0,2,33.149722
-10.0,2,33.157886
-10.0,1,33.166261
-10.0,1,33.172452
-10.0,4,33.188355
-10.0,1,33.195612
-10.0,1,33.200227
-10.0,2,33.2084
-10.0,3,33.220258
-10.0,4,33.234818
-10.0,3,33.246807
-10.0,1,33.252076
-10.0,1,33.259053
-10.0,6,33.278382
-10.0,3,33.290589
-10.0,1,33.29622
-10.0,3,33.306302
-10.0,2,33.313694
-10.0,1,33.318809
-10.0,3,33.328891
-10.0,1,33.333955
-10.0,1,33.338916
-10.0,1,33.343767
-10.0,1,33.348657
-10.0,5,33.363225
-10.0,3,33.373259
-10.0,3,33.383889
-10.0,1,33.390793
-10.0,1,33.396091
-10.0,3,33.406765
-10.0,1,33.411999
-10.0,2,33.420465
-10.0,3,33.430555
-10.0,1,33.43594
-10.0,1,33.442224
-10.0,1,33.450014
-10.0,1,33.45636
-10.0,1,33.463084
-10.0,1,33.470075
-10.0,1,33.476922
-10.0,4,33.494368
-10.0,1,33.501545
-10.0,3,33.516087
-10.0,2,33.526717
-10.0,2,33.537652
-10.0,1,33.545029
-10.0,3,33.558932
-10.0,1,33.566382
-10.0,1,33.573793
-10.0,4,33.592526
-10.0,1,33.599307
-10.0,1,33.605243
-10.0,3,33.616623
-10.0,2,33.625575
-10.0,2,33.633819
-10.0,1,33.64015
-10.0,1,33.64576
-10.0,3,33.657012
-10.0,1,33.662523
-10.0,1,33.667952
-10.0,1,33.674866
-10.0,1,33.683723
-10.0,2,33.696635
-10.0,3,33.708411
-10.0,1,33.713528
-10.0,2,33.721603
-10.0,3,33.731803
-10.0,1,33.737686
-10.0,2,33.745239
-10.0,1,33.750557
-10.0,3,33.760489
-10.0,1,33.765786
-10.0,1,33.770772
-10.0,5,33.78793
-10.0,1,33.79311
-10.0,2,33.801035
-10.0,1,33.806479
-10.0,1,33.811772
-10.0,2,33.820795
-10.0,1,33.826324
-10.0,1,33.831844
-10.0,1,33.838522
-10.0,1,33.84475
-10.0,1,33.850594
-10.0,1,33.856342
-10.0,4,33.870203
-10.0,1,33.875739
-10.0,1,33.881523
-35.1,1,33.886668
-10.0,2,33.894745
-10.0,1,33.901843
-10.0,3,33.913527
-10.0,1,33.919239
-10.0,2,33.927825
-10.0,1,33.933136
-10.0,3,33.943639
-10.0,1,33.948907
-10.0,1,33.954032
-10.0,2,33.962101
-10.0,1,33.967482
-10.0,2,33.976108
-10.0,4,33.989089
-10.0,1,33.994792
-10.0,1,33.999961
-10.0,3,34.010617
-10.0,1,34.015838
-10.0,3,34.026543
-10.0,1,34.03167
-10.0,1,34.038254
-10.0,2,34.04689
-10.0,1,34.052439
-10.0,1,34.058113
-10.0,1,34.063455
-10.0,3,34.074532
-10.0,4,34.087988
-10.0,1,34.093405
-10.0,1,34.098825
-10.0,1,34.104652
-10.0,1,34.109763
-10.0,4,34.122374
-10.0,1,34.127686
-10.0,1,34.132959
-10.0,1,34.139368
-10.0,2,34.147387
-72.0,3,34.157633
-10.0,1,34.163069
-10.0,1,34.169785
-10.0,1,34.175574
-10.0,1,34.183067
-10.0,1,34.188901
-10.0,5,34.206385
-10.0,5,34.223364
-48.9,1,34.229012
-10.0,1,34.234422
-10.0,3,34.244948
-10.0,1,34.250251
-10.0,2,34.258016
-10.0,3,34.268371
-10.0,1,34.273725
-10.0,1,34.279038
-10.0,2,34.286792
-10.0,1,34.292427
-10.0,1,34.297585
-10.0,1,34.30293
-10.0,3,34.313819
-10.0,3,34.324557
-10.0,1,34.329579
-10.0,2,34.336877
-10.0,2,34.344375
-10.0,2,34.351581
-10.0,2,34.359192
-10.0,2,34.366407
-10.0,3,34.376102
-10.0,2,34.383337
-10.0,1,34.388664
-10.0,1,34.393625
-10.0,8,34.415004
-10.0,2,34.42264
-10.0,2,34.429975
-10.0,2,34.438993
-10.0,1,34.444043
-10.0,3,34.455099
-10.0,1,34.460129
-10.0,2,34.467727
-10.0,3,34.477437
-10.0,2,34.485041
-10.0,5,34.499716
-10.0,1,34.504666
-31.2,2,34.512112
-10.0,1,34.518178
-10.0,3,34.528729
-10.0,1,34.534194
-10.0,1,34.539542
-10.0,2,34.549912
-10.0,1,34.559042
-10.0,1,34.566353
-10.0,1,34.574048
-10.0,4,34.594392
-10.0,4,34.609874
-10.0,1,34.616172
-10.0,2,34.625651
-10.0,1,34.63192
-10.0,2,34.641758
-10.0,3,34.653366
-10.0,1,34.658579
-10.0,2,34.665914
-10.0,1,34.670838
-10.0,2,34.678333
-10.0,1,34.683222
-10.0,3,34.693484
-10.0,1,34.698482
-10.0,1,34.703363
-10.0,1,34.708714
-10.0,1,34.71364
-10.0,3,34.723589
-46.8,1,34.728567
-10.0,1,34.733567
-10.0,2,34.741101
-10.0,1,34.74612
-10.0,1,34.75118
-10.0,1,34.756466
-48.6,1,34.761507
-10.0,1,34.766487
-10.0,1,34.772347
-42.3,1,34.777439
-10.0,4,34.789936
-10.0,1,34.79506
-10.0,1,34.80028
-10.0,2,34.807684
-10.0,1,34.812748
-10.0,2,34.820445
-10.0,1,34.825835
-10.0,2,34.834833
-10.0,2,34.843083
-10.0,1,34.848635
-10.0,1,34.853725
-10.0,2,34.861567
-10.0,2,34.869527
-10.0,6,34.888849
-24.9,2,34.897245
-10.0,1,34.902617
-10.0,1,34.907952
-10.0,4,34.920672
-10.0,1,34.926143
-10.0,1,34.931606
-10.0,1,34.936774
-10.0,1,34.942244
-10.0,1,34.947643
-10.0,1,34.953
-10.0,2,34.960941
-10.0,1,34.966163
-10.0,1,34.971295
-10.0,1,34.977409
-10.0,1,34.983924
-10.0,1,34.989194
-10.0,2,34.997374
-10.0,1,35.002513
-10.0,1,35.008108
-10.0,1,35.01331
-10.0,1,35.018505
-10.0,2,35.026546
-42.3,3,35.03684
-10.0,1,35.042464
-10.0,3,35.05216
-87.0,1,35.057495
-10.0,1,35.06248
-10.0,2,35.070225
-10.0,1,35.077704
-10.0,1,35.08621
-10.0,1,35.093452
-72.6,1,35.099396
-10.0,2,35.107018
-10.0,1,35.112461
-10.0,1,35.117945
-10.0,1,35.123541
-10.0,4,35.139085
-10.0,1,35.146789
-10.0,1,35.15449
-10.0,2,35.166219
-10.0,1,35.174184
-10.0,1,35.180949
-30.6,2,35.191398
-10.0,2,35.202144
-10.0,1,35.209726
-10.0,1,35.218388
-10.0,4,35.238726
-10.0,4,35.256646
-10.0,1,35.263837
-10.0,2,35.27464
-10.0,4,35.29045
-10.0,2,35.300381
-10.0,5,35.318694
-45.0,2,35.328317
-10.0,1,35.334791
-10.0,1,35.341017
-10.0,5,35.359481
-10.0,2,35.368701
-10.0,2,35.37951
-10.0,3,35.389454
-10.0,1,35.394654
-10.0,1,35.399535
-10.0,1,35.404453
-10.0,1,35.409537
-10.0,1,35.414424
-10.0,8,35.436514
-10.0,2,35.444215
-44.1,5,35.460147
-10.0,1,35.465146
-10.0,2,35.472823
-10.0,2,35.480304
-10.0,1,35.485734
-10.0,1,35.490878
-10.0,1,35.495857
-10.0,2,35.503592
-10.0,1,35.508706
-10.0,1,35.513824
-10.0,1,35.519242
-10.0,1,35.524706
-10.0,1,35.530106
-10.0,3,35.540923
-10.0,1,35.546514
-10.0,3,35.556991
-10.0,1,35.562735
-10.0,3,35.57338
-10.0,2,35.582834
-10.0,1,35.591433
-10.0,2,35.599884
-10.0,1,35.605044
-10.0,1,35.610345
-10.0,1,35.615469
-10.0,2,35.623342
-10.0,1,35.630383
-10.0,2,35.638407
-10.0,2,35.646638
-10.0,1,35.651973
-10.0,1,35.657429
-10.0,2,35.665129
-10.0,1,35.670513
-10.0,1,35.676123
-10.0,1,35.68124
-10.0,2,35.689258
-10.0,5,35.705521
-10.0,1,35.71091
-10.0,1,35.716665
-10.0,1,35.722712
-10.0,1,35.727868
-10.0,1,35.733546
-10.0,2,35.742249
-10.0,3,35.752736
-10.0,2,35.760438
-46.5,2,35.767734
-10.0,1,35.774857
-10.0,1,35.779991
-10.0,1,35.785194
-10.0,1,35.790215
-10.0,1,35.795139
-10.0,4,35.807354
-10.0,1,35.812293
-64.8,3,35.82241
-10.0,1,35.827378
-48.0,4,35.839682
-10.0,1,35.844673
-10.0,2,35.852251
-10.0,1,35.857183
-10.0,1,35.86218
-10.0,3,35.871908
-10.0,2,35.879281
-10.0,1,35.884649
-10.0,2,35.891928
-10.0,1,35.89701
-10.0,3,35.90674
-10.0,3,35.91661
-10.0,2,35.923947
-10.0,1,35.929029
-10.0,1,35.933989
-10.0,1,35.938919
-10.0,1,35.943829
-10.0,2,35.951456
-10.0,1,35.956456
-10.0,2,35.963943
-10.0,4,35.975905
-10.0,2,35.98361
-10.0,1,35.988548
-10.0,1,35.993646
-10.0,2,36.000952
-10.0,1,36.005844
-10.0,10,36.148544
-10.0,1,36.153232
-49.2,1,36.160243
-10.0,1,36.166329
-10.0,3,36.1794
-48.6,1,36.184107
-10.0,3,36.194814
-45.0,2,36.201925
-10.0,1,36.207922
-10.0,1,36.214926
-10.0,3,36.226485
-42.3,1,36.233196
-10.0,1,36.238614
-10.0,2,36.247844
-10.0,1,36.253114
-23.1,1,36.258751
-10.0,1,36.265094
-10.0,1,36.27025
-10.0,1,36.276591
-10.0,1,36.282573
-10.0,1,36.287739
-69.3,2,36.297117
-10.0,3,36.307253
-10.0,2,36.316507
-10.0,1,36.321544
-10.0,1,36.328127
-10.0,1,36.333591
-10.0,1,36.338605
-10.0,2,36.347614
-10.0,4,36.362525
-10.0,1,36.36776
-10.0,1,36.373054
-10.0,2,36.382764
-10.0,3,36.394115
-10.0,2,36.402002
-10.0,1,36.407476
-10.0,3,36.418343
-10.0,1,36.423747
-10.0,1,36.430273
-10.0,2,36.438584
-10.0,2,36.447488
-10.0,3,36.458338
-10.0,1,36.465046
-10.0,5,36.483002
-10.0,6,36.502462
-10.0,1,36.507788
-10.0,1,36.513104
-10.0,1,36.518613
-10.0,1,36.523612
-10.0,1,36.529006
-10.0,3,36.539583
-10.0,2,36.549317
-10.0,3,36.564174
-10.0,1,36.569754
-10.0,2,36.58129
-10.0,2,36.590065
-10.0,1,36.595865
-28.8,1,36.600967
-10.0,1,36.606045
-10.0,2,36.615584
-10.0,3,36.628015
-10.0,1,36.636399
-10.0,1,36.644718
-10.0,1,36.64985
-10.0,5,36.66982
-47.7,4,36.684001
-10.0,3,36.696691
-10.0,1,36.701864
-10.0,6,36.720326
-10.0,2,36.730128
-10.0,1,36.735151
-10.0,3,36.747644
-10.0,3,39.952999
-10.0,2,39.963888
-10.0,4,39.976548
-10.0,1,39.979829
-10.0,1,39.984145
-10.0,1,39.988557
-10.0,2,39.99484
-10.0,3,40.001992
-10.0,1,40.006249
-10.0,2,40.011559
-10.0,1,40.014434
-10.0,1,40.018114
-10.0,2,40.023612
-10.0,4,40.030875
-10.0,2,40.036851
-10.0,1,40.039974
-10.0,1,40.043209
-10.0,3,40.049196
-10.0,1,40.052633
-10.0,2,40.060439
-10.0,1,40.064225
-10.0,1,40.06788
-10.0,2,40.074618
-10.0,1,40.078247
-10.0,2,40.084154
-10.0,1,40.088599
-10.0,1,40.096279
-10.0,1,40.103345
-10.0,1,40.113207
-10.0,1,40.121773
-10.0,3,40.136153
-10.0,1,40.142601
-10.0,2,40.148758
-10.0,1,40.151718
-10.0,1,40.154594
-10.0,2,40.159564
-10.0,1,40.162978
-10.0,2,40.168543
-10.0,1,40.17241
-10.0,1,40.177924
-10.0,1,40.184376
-10.0,2,40.198513
-10.0,1,40.208281
-10.0,3,40.221012
-10.0,1,40.22821
-10.0,1,40.23533
-54.9,1,40.241802
-10.0,1,40.246913
-10.0,1,40.252018
-10.0,1,40.25696
-10.0,3,40.267195
-10.0,1,40.27358
-10.0,3,40.286655
-10.0,2,40.29946
-10.0,1,40.309496
-10.0,1,40.31591
-10.0,1,40.323589
-41.4,1,40.331487
-10.0,1,40.339113
-10.0,1,40.348588
-10.0,2,40.361081
-10.0,1,40.369415
-10.0,2,40.381317
-10.0,3,40.396605
-10.0,1,40.404006
-10.0,1,40.410999
-10.0,3,40.424592
-10.0,3,40.438518
-10.0,2,40.451731
-10.0,1,40.460844
-10.0,2,40.473155
-10.0,1,40.481509
-10.0,2,40.493596
-10.0,1,40.502206
-10.0,1,40.535755
-10.0,2,40.553358
-10.0,3,40.606329
-10.0,2,40.626446
-10.0,1,40.639257
-10.0,1,40.647856
-10.0,1,40.657419
-10.0,2,40.669456
-10.0,2,40.677759
-10.0,2,40.683445
-10.0,3,40.691698
-10.0,2,40.696812
-10.0,2,40.701994
-10.0,2,40.707486
-10.0,1,40.710836
-10.0,1,40.714124
-10.0,1,40.717655
-10.0,2,40.72344
-10.0,1,40.726824
-10.0,1,40.730069
-10.0,1,40.734512
-10.0,1,40.738309
-10.0,3,40.745357
-10.0,2,40.750418
-10.0,2,40.758232
-10.0,3,40.797728
-10.0,1,40.805661
-10.0,1,40.836286
-10.0,3,40.861136
-10.0,1,40.868411
-10.0,2,40.881521
-10.0,1,40.890537
-10.0,3,40.902031
-10.0,1,40.907733
-10.0,1,40.913097
-10.0,1,40.918216
-10.0,1,40.924299
-10.0,1,40.931587
-10.0,2,40.942597
-10.0,1,40.949345
-10.0,1,40.956194
-10.0,2,40.967348
-10.0,1,40.974648
-10.0,1,40.98126
-10.0,2,40.992676
-10.0,1,40.999323
-10.0,3,41.013686
-10.0,2,41.024963
-10.0,1,41.032147
-10.0,1,41.040659
-10.0,1,41.04751
-10.0,2,41.05789
-10.0,1,41.064678
-10.0,2,41.076433
-10.0,1,41.08341
-10.0,1,41.090548
-10.0,1,41.097147
-10.0,2,41.107939
-10.0,2,41.117879
-10.0,1,41.124671
-10.0,4,41.141176
-10.0,1,41.14748
-10.0,1,41.154085
-10.0,2,41.163342
-10.0,2,41.173765
-10.0,3,41.187162
-10.0,1,41.193611
-10.0,1,41.200121
-10.0,1,41.206516
-10.0,1,41.212991
-10.0,1,41.219308
-10.0,2,41.228537
-10.0,1,41.235213
-10.0,1,41.241473
-10.0,4,41.254943
-10.0,2,41.26257
-10.0,2,41.269943
-10.0,2,41.277504
-10.0,1,41.282598
-10.0,1,41.287657
-10.0,2,41.295327
-10.0,2,41.302811
-10.0,4,41.315233
-10.0,1,41.320343
-10.0,1,41.325548
-10.0,1,41.330628
-10.0,1,41.335811
-10.0,1,41.340781
-10.0,1,41.346068
-10.0,2,41.353494
-10.0,3,41.36512
-10.0,1,41.370211
-10.0,2,41.377842
-10.0,3,41.387984
-10.0,1,41.393952
-10.0,1,41.39892
-10.0,2,41.407115
-10.0,4,41.419562
-10.0,1,41.425637
-10.0,1,41.430795
-10.0,1,41.436015
-10.0,1,41.441403
-10.0,1,41.446347
-10.0,4,41.458785
-10.0,2,41.466139
-10.0,4,41.478502
-10.0,3,41.48874
-10.0,4,41.500659
-10.0,1,41.506737
-10.0,2,41.514225
-10.0,5,41.530429
-10.0,3,41.541964
-10.0,1,41.547104
-10.0,1,41.552743
-10.0,1,41.557881
-10.0,1,41.562925
-10.0,2,41.571726
-10.0,1,41.577303
-10.0,3,41.587574
-10.0,1,41.592767
-53.7,1,41.598668
-10.0,1,41.604148
-10.0,3,41.614497
-10.0,2,41.622143
-10.0,1,41.627267
-10.0,1,41.633192
-10.0,2,41.641375
-10.0,1,41.646675
-10.0,1,41.651799
-10.0,1,41.656931
-10.0,4,41.669961
-10.0,1,41.675959
-10.0,1,41.681226
-10.0,1,41.68633
-10.0,1,41.691951
-10.0,2,41.700226
-10.0,1,41.705468
-10.0,2,41.713762
-10.0,1,41.71879
-10.0,1,41.724169
-10.0,1,41.730031
-10.0,1,41.735199
-10.0,1,41.740976
-10.0,1,41.746068
-10.0,1,41.75099
-10.0,1,41.756632
-10.0,1,41.762781
-10.0,4,41.777093
-10.0,3,41.788032
-10.0,1,41.795248
-10.0,2,41.802794
-10.0,3,41.813229
-10.0,4,41.827818
-10.0,1,41.832914
-10.0,1,41.8385
-10.0,1,41.843969
-10.0,2,41.851405
-10.0,1,41.858105
-10.0,1,41.863159
-10.0,2,41.871355
-10.0,2,41.87943
-10.0,4,41.89285
-10.0,2,41.901016
-10.0,1,41.911477
-10.0,1,41.917275
-10.0,2,41.927327
-10.0,2,41.936032
-10.0,1,41.941365
-10.0,1,41.946602
-10.0,1,41.952068
-10.0,1,41.957449
-10.0,2,41.965233
-10.0,2,41.972788
-10.0,2,41.980428
-10.0,2,41.989857
-10.0,2,41.997718
-10.0,1,42.002731
-10.0,4,42.015206
-10.0,1,42.020265
-10.0,1,42.025406
-10.0,1,42.03061
-10.0,1,42.035669
-10.0,1,42.040676
-10.0,1,42.046674
-10.0,1,42.051916
-10.0,1,42.056963
-10.0,1,42.06213
-10.0,1,42.067143
-10.0,1,42.072158
-10.0,3,42.082255
-10.0,3,42.092299
-10.0,2,42.099839
-10.0,1,42.104867
-10.0,1,42.110662
-10.0,1,42.11592
-10.0,3,42.129901
-10.0,2,42.143028
-10.0,1,42.151195
-10.0,1,42.157387
-10.0,1,42.16444
-10.0,4,42.177571
-10.0,1,42.183999
-10.0,1,42.192921
-10.0,4,42.210421
-10.0,2,42.221142
-10.0,1,42.228117
-10.0,2,42.238931
-10.0,1,42.246384
-10.0,1,42.254309
-10.0,1,42.261897
-10.0,1,42.273224
-10.0,3,42.296131
-10.0,2,42.311749
-10.0,1,42.319009
-10.0,1,42.326
-10.0,2,42.337068
-10.0,1,42.344411
-10.0,1,42.35163
-10.0,1,42.358553
-10.0,1,42.365896
-10.0,1,42.372776
-10.0,1,42.381584
-10.0,2,42.39835
-10.0,2,42.408837
-10.0,1,42.415718
-10.0,1,42.421148
-10.0,1,42.426442
-10.0,1,42.431365
-10.0,1,42.436294
-10.0,1,42.441523
-10.0,2,42.448917
-10.0,2,42.456438
-10.0,1,42.461362
-10.0,1,42.46632
-10.0,1,42.471422
-10.0,2,42.478835
-10.0,4,42.491192
-10.0,6,42.508844
-10.0,1,42.513847
-10.0,1,42.518875
-10.0,2,42.527494
-10.0,2,42.534793
-10.0,1,42.540511
-10.0,3,42.550372
-10.0,1,42.555744
-10.0,1,42.560639
-10.0,1,42.565584
-10.0,1,42.57142
-10.0,1,42.576419
-10.0,1,42.581331
-10.0,1,42.587352
-10.0,1,42.592568
-10.0,1,42.597574
-10.0,2,42.605225
-10.0,1,42.610255
-10.0,1,42.615151
-10.0,3,42.625058
-10.0,3,42.635192
-10.0,1,42.640629
-10.0,3,42.650985
-10.0,2,42.658765
-10.0,1,42.664223
-10.0,1,42.669401
-10.0,1,42.674815
-10.0,1,42.680058
-10.0,1,42.685157
-10.0,3,42.695296
-10.0,1,42.701576
-10.0,1,42.708023
-10.0,1,42.714642
-10.0,3,42.727059
-10.0,1,42.733522
-10.0,1,42.739801
-10.0,3,42.752721
-10.0,2,42.76231
-10.0,1,42.768692
-10.0,3,42.780516
-10.0,1,42.785527
-10.0,1,42.790652
-10.0,1,42.795878
-10.0,2,42.80329
-10.0,1,42.808592
-10.0,3,42.818374
-10.0,1,42.823553
-10.0,5,42.838182
-10.0,1,42.843466
-10.0,1,42.849682
-10.0,1,42.854771
-10.0,1,42.860221
-10.0,3,42.870466
-10.0,2,42.878253
-10.0,3,42.888311
-10.0,1,42.893335
-10.0,1,42.898378
-10.0,2,42.906535
-10.0,1,42.911748
-10.0,2,42.919286
-10.0,1,42.924377
-10.0,2,42.931697
-10.0,1,42.937117
-10.0,1,42.942103
-10.0,1,42.947119
-10.0,1,42.952362
-30.6,2,42.959854
-10.0,2,42.967406
-10.0,1,42.972435
-10.0,1,42.977433
-10.0,1,42.982451
-10.0,2,42.990271
-10.0,4,43.002468
-10.0,2,43.009923
-10.0,1,43.015119
-10.0,1,43.02018
-10.0,1,43.025164
-10.0,6,43.042138
-10.0,2,43.050226
-10.0,2,43.057704
-47.4,2,43.065261
-10.0,1,43.070322
-10.0,2,43.077667
-10.0,2,43.08537
-10.0,1,43.090347
-10.0,1,43.095476
-10.0,1,43.100471
-10.0,2,43.107844
-10.0,1,43.11345
-10.0,2,43.120869
-10.0,1,43.12603
-10.0,1,43.131171
-10.0,2,43.138686
-10.0,1,43.143875
-10.0,1,43.148812
-10.0,1,43.153774
-10.0,1,43.158928
-10.0,1,43.163974
-10.0,4,43.1769
-10.0,1,43.182066
-10.0,2,43.189459
-10.0,2,43.197236
-10.0,1,43.202355
-10.0,2,43.209884
-10.0,4,43.222073
-42.3,1,43.22716
-10.0,5,43.24187
-10.0,2,43.249722
-10.0,1,43.255416
-10.0,1,43.26069
-10.0,4,43.274825
-10.0,4,43.286903
-10.0,1,43.29217
-10.0,1,43.297432
-10.0,1,43.302834
-10.0,4,43.31549
-10.0,1,43.321336
-10.0,4,43.334402
-10.0,2,43.342602
-10.0,1,43.347899
-10.0,1,43.353978
-10.0,1,43.360065
-10.0,1,43.365813
-10.0,1,43.372126
-10.0,1,43.378108
-10.0,2,43.38603
-10.0,2,43.394064
-10.0,3,43.404606
-10.0,1,43.409918
-10.0,1,43.416184
-10.0,1,43.422272
-10.0,1,43.429264
-10.0,2,43.436642
-10.0,1,43.441724
-10.0,1,43.446831
-10.0,1,43.451765
-10.0,1,43.456722
-10.0,1,43.461791
-10.0,1,43.466737
-10.0,1,43.471733
-10.0,2,43.47926
-10.0,1,43.484205
-10.0,1,43.489117
-10.0,1,43.494406
-10.0,2,43.501763
-10.0,1,43.506675
-10.0,1,43.512222
-10.0,1,43.517249
-10.0,2,43.525458
-10.0,1,43.530607
-10.0,2,43.538028
-10.0,4,43.550356
-10.0,1,43.555321
-10.0,1,43.560423
-10.0,2,43.567676
-10.0,1,43.572956
-10.0,1,43.577887
-10.0,1,43.582778
-10.0,1,43.587853
-10.0,1,43.592891
-10.0,2,43.600199
-10.0,3,43.609943
-10.0,2,43.61726
-10.0,1,43.622566
-10.0,1,43.627672
-10.0,1,43.632669
-10.0,1,43.637836
-10.0,4,43.650155
-10.0,3,43.660725
-10.0,1,43.666517
-10.0,1,43.672192
-10.0,1,43.678041
-10.0,1,43.683142
-10.0,1,43.688259
-10.0,4,43.702418
-10.0,2,43.711952
-10.0,1,43.71747
-10.0,1,43.723048
-10.0,1,43.730237
-10.0,1,43.736145
-10.0,1,43.742783
-10.0,2,43.751098
-10.0,1,43.756916
-10.0,1,43.762875
-10.0,1,43.768099
-10.0,4,43.782806
-10.0,1,43.788296
-10.0,2,43.797546
-10.0,1,43.802857
-10.0,2,43.812633
-10.0,1,43.818412
-10.0,2,43.828889
-40.2,1,43.835074
-10.0,2,43.843482
-10.0,2,43.851213
-10.0,1,43.857117
-10.0,2,43.865395
-10.0,6,43.884615
-10.0,1,43.889971
-10.0,2,43.897693
-10.0,1,43.902967
-10.0,1,43.908447
-10.0,2,43.915937
-10.0,1,43.921226
-10.0,1,43.926419
-10.0,2,43.934611
-10.0,1,43.941132
-10.0,1,43.946291
-10.0,1,43.951271
-10.0,1,43.95629
-10.0,1,43.962343
-10.0,1,43.96772
-10.0,2,43.976164
-10.0,1,43.981185
-10.0,1,43.986273
-10.0,1,43.991885
-10.0,1,43.996871
-10.0,3,44.00691
-10.0,1,44.011904
-46.8,1,44.016825
-10.0,1,44.022108
-10.0,1,44.027083
-10.0,1,44.03202
-10.0,1,44.037318
-10.0,1,44.042434
-10.0,3,44.052316
-10.0,1,44.057362
-10.0,3,44.067113
-10.0,1,44.072261
-10.0,3,44.082226
-10.0,1,44.087409
-10.0,2,44.094584
-10.0,1,44.099515
-10.0,1,44.104496
-10.0,2,44.112863
-10.0,1,44.118304
-10.0,2,44.127452
-10.0,3,44.140846
-10.0,1,44.148215
-10.0,1,44.154479
-10.0,1,44.162207
-10.0,1,44.167464
-10.0,2,44.175581
-10.0,1,44.180636
-10.0,2,44.189021
-10.0,1,44.194402
-10.0,1,44.199691
-35.1,1,44.20506
-10.0,1,44.210301
-10.0,1,44.215351
-10.0,1,44.221117
-10.0,1,44.226323
-10.0,1,44.231444
-10.0,1,44.237316
-10.0,1,44.242721
-10.0,1,44.247847
-10.0,1,44.253638
-10.0,1,44.258943
-10.0,1,44.264292
-10.0,2,44.272394
-10.0,3,44.282547
-10.0,1,44.288105
-10.0,2,44.29579
-10.0,2,44.303634
-10.0,1,44.309117
-10.0,3,44.319477
-10.0,1,44.324933
-10.0,1,44.330078
-10.0,1,44.335061
-10.0,1,44.341103
-10.0,4,44.355322
-10.0,1,44.360507
-10.0,1,44.365894
-10.0,1,44.371836
-10.0,1,44.377249
-10.0,1,44.3825
-10.0,1,44.388147
-10.0,1,44.393266
-10.0,1,44.398133
-10.0,2,44.405756
-10.0,5,44.424173
-10.0,2,44.433329
-10.0,1,44.440047
-10.0,1,44.446253
-10.0,1,44.453943
-10.0,1,44.464421
-10.0,2,44.475912
-10.0,2,44.483887
-10.0,1,44.48888
-10.0,1,44.493868
-10.0,1,44.499099
-10.0,1,44.504219
-10.0,2,44.511519
-86.4,3,44.521678
-10.0,1,44.526602
-10.0,1,44.532498
-10.0,3,44.54228
-10.0,2,44.549919
-10.0,1,44.554927
-10.0,1,44.55983
-10.0,6,44.576765
-10.0,1,44.581975
-10.0,2,44.589334
-10.0,1,44.5947
-10.0,4,44.606764
-10.0,1,44.611984
-10.0,1,44.616956
-10.0,2,44.624394
-10.0,1,44.629725
-10.0,2,44.637635
-10.0,3,44.648622
-10.0,1,44.654097
-10.0,4,44.666866
-10.0,1,44.67258
-10.0,3,44.682886
-10.0,1,44.688569
-10.0,1,44.69397
-10.0,1,44.699252
-10.0,3,44.710033
-10.0,1,44.715307
-10.0,1,44.720908
-10.0,1,44.726426
-10.0,2,44.734138
-10.0,1,44.739829
-10.0,1,44.744965
-10.0,1,44.7502
-10.0,1,44.755846
-10.0,3,44.765672
-10.0,3,44.775862
-10.0,3,44.785665
-10.0,1,44.790702
-10.0,2,44.797972
-10.0,2,44.805614
-10.0,3,44.815186
-10.0,1,44.820297
-10.0,2,44.827507
-10.0,3,44.837329
-10.0,2,44.844599
-10.0,3,44.854355
-10.0,1,44.859265
-10.0,2,44.866727
-10.0,1,44.871633
-10.0,1,44.87649
-10.0,1,44.88161
-10.0,1,44.886566
-10.0,2,44.89374
-10.0,3,44.903701
-10.0,2,44.911053
-10.0,1,44.916121
-10.0,2,44.923447
-10.0,1,44.928687
-10.0,1,44.933618
-10.0,1,44.938496
-10.0,1,44.943588
-10.0,1,44.948734
-10.0,1,44.953664
-10.0,1,44.958656
-10.0,1,44.963848
-10.0,1,44.968748
-10.0,1,44.974051
-10.0,1,44.981956
-10.0,4,44.996733
-10.0,1,45.001863
-10.0,3,45.012556
-10.0,1,45.017806
-10.0,1,45.023499
-10.0,1,45.028894
-10.0,1,45.034123
-10.0,1,45.03995
-10.0,1,45.04598
-10.0,2,45.054619
-10.0,1,45.060266
-10.0,1,45.065594
-10.0,1,45.071987
-10.0,1,45.077148
-10.0,1,45.08234
-10.0,3,45.092596
-10.0,1,45.097749
-10.0,3,45.109168
-10.0,1,45.11412
-10.0,1,45.119778
-10.0,1,45.126245
-10.0,1,45.131917
-10.0,1,45.138806
-10.0,1,45.144283
-10.0,1,45.149439
-10.0,3,45.159698
-10.0,4,45.173882
-10.0,1,45.178908
-10.0,1,45.184067
-10.0,1,45.18933
-10.0,1,45.194472
-10.0,1,45.200565
-10.0,1,45.207144
-10.0,1,45.212529
-10.0,1,45.218469
-10.0,1,45.224872
-10.0,1,45.230831
-10.0,1,45.237776
-10.0,2,45.247364
-10.0,2,45.258139
-10.0,2,45.266018
-10.0,2,45.273594
-10.0,1,45.279406
-10.0,1,45.285054
-10.0,2,45.294141
-10.0,1,45.299304
-10.0,6,45.318759
-10.0,1,45.325552
-10.0,1,45.330862
-10.0,2,45.339139
-10.0,2,45.34743
-45.0,1,45.35306
-10.0,1,45.359193
-10.0,3,45.36923
-10.0,2,45.37743
-10.0,1,45.382468
-10.0,1,45.387406
-10.0,1,45.392524
-10.0,1,45.397438
-10.0,2,45.405204
-10.0,1,45.410292
-10.0,1,45.415239
-10.0,1,45.420389
-10.0,1,45.425421
-10.0,1,45.430449
-10.0,2,45.439472
-10.0,1,45.44616
-10.0,3,45.45986
-10.0,2,45.469748
-10.0,3,45.482027
-10.0,1,45.48882
-10.0,1,45.495021
-10.0,1,45.501959
-10.0,1,45.508651
-10.0,1,45.514902
-10.0,2,45.524765
-10.0,1,45.531129
-35.1,1,45.538657
-10.0,2,45.549577
-10.0,2,45.559202
-10.0,1,45.565703
-10.0,1,45.571958
-10.0,2,45.581422
-10.0,2,45.589623
-10.0,1,45.594571
-10.0,2,45.602265
-10.0,1,45.607333
-10.0,3,45.617166
-10.0,2,45.624525
-10.0,1,45.629696
-10.0,1,45.634695
-10.0,2,45.641958
-10.0,1,45.647358
-10.0,2,45.654734
-10.0,2,45.662257
-10.0,1,45.667292
-10.0,1,45.672207
-10.0,1,45.677264
-10.0,2,45.684569
-10.0,1,45.689515
-10.0,2,45.698187
-10.0,1,45.703221
-10.0,2,45.710648
-10.0,1,45.715667
-10.0,1,45.720593
-10.0,1,45.725877
-10.0,1,45.73088
-10.0,3,45.740895
-10.0,1,45.745984
-10.0,1,45.750889
-10.0,2,45.758456
-10.0,1,45.763514
-10.0,1,45.768402
-10.0,2,45.776456
-10.0,2,45.784339
-10.0,2,45.792448
-10.0,1,45.797089
-10.0,2,45.804935
-10.0,1,45.809554
-10.0,1,45.814102
-10.0,1,45.819058
-10.0,3,45.828704
-10.0,4,45.840869
-10.0,1,45.845821
-10.0,2,45.853325
-10.0,3,45.862921
-10.0,2,45.870655
-10.0,1,45.875578
-10.0,1,45.880428
-10.0,1,45.885659
-10.0,1,45.890595
-10.0,4,45.902784
-10.0,1,45.907688
-10.0,1,45.912519
-10.0,1,45.91777
-10.0,1,45.922693
-10.0,1,45.927592
-10.0,2,45.935183
-10.0,4,45.947396
-10.0,2,45.954676
-10.0,1,45.959538
-10.0,1,45.965046
-10.0,1,45.970067
-10.0,2,45.977553
-10.0,1,45.982491
-10.0,1,45.987499
-10.0,1,45.992465
-10.0,2,46.000275
-10.0,1,46.005362
-10.0,1,46.010686
-10.0,1,46.016059
-10.0,1,46.021025
-10.0,1,46.026212
-10.0,1,46.031159
-10.0,1,46.036087
-10.0,1,46.041175
-10.0,4,46.053198
-10.0,2,46.060785
-10.0,1,46.065786
-10.0,1,46.070747
-25.8,1,46.076042
-10.0,1,46.080974
-10.0,1,46.085944
-10.0,1,46.09103
-10.0,1,46.096011
-10.0,1,46.100966
-10.0,2,46.108655
-10.0,2,46.115988
-10.0,2,46.123455
-10.0,1,46.128416
-10.0,4,46.140772
-10.0,2,46.148125
-10.0,5,46.162536
-10.0,2,46.17012
-10.0,1,46.175119
-10.0,1,46.180033
-10.0,2,46.18748
-10.0,3,46.197138
-10.0,3,46.207114
-10.0,1,46.212095
-10.0,2,46.219496
-10.0,1,46.224458
-10.0,2,46.231731
-10.0,1,46.2369
-10.0,1,46.24182
-10.0,1,46.24675
-10.0,1,46.251882
-10.0,2,46.259188
-10.0,1,46.264446
-10.0,2,46.271917
-10.0,1,46.276861
-10.0,1,46.281904
-10.0,7,46.301045
-10.0,1,46.306033
-10.0,1,46.310935
-10.0,1,46.316173
-10.0,1,46.321097
-10.0,2,46.328612
-30.9,1,46.333603
-10.0,1,46.338491
-10.0,3,46.348349
-10.0,2,46.35575
-10.0,1,46.361073
-10.0,3,46.370933
-10.0,1,46.376033
-10.0,2,46.383552
-10.0,2,46.390931
-10.0,2,46.398457
-10.0,4,46.410809
-10.0,1,46.415797
-10.0,1,46.42076
-10.0,2,46.428396
-10.0,2,46.435738
-10.0,3,46.445655
-10.0,1,46.450668
-10.0,1,46.455858
-10.0,4,46.467895
-10.0,1,46.473136
-10.0,3,46.482741
-10.0,1,46.487957
-10.0,2,46.495399
-10.0,2,46.502739
-10.0,4,46.514958
-10.0,3,46.525788
-10.0,1,46.530895
-10.0,1,46.53704
-10.0,1,46.542407
-10.0,1,46.547632
-10.0,1,46.552992
-10.0,1,46.558159
-10.0,4,46.570235
-10.0,2,46.577527
-10.0,3,46.587464
-10.0,2,46.594786
-10.0,1,46.600145
-10.0,2,46.607455
-10.0,1,46.612391
-10.0,1,46.617502
-10.0,2,46.624822
-10.0,1,46.629742
-10.0,2,46.637309
-10.0,2,46.6446
-10.0,2,46.652121
-10.0,1,46.657022
-10.0,2,46.664399
-10.0,1,46.669287
-10.0,1,46.674116
-10.0,1,46.679155
-10.0,2,46.686425
-10.0,2,46.693571
-10.0,1,46.698829
-10.0,1,46.703694
-10.0,1,46.708477
-10.0,2,46.716003
-10.0,1,46.720911
-10.0,1,46.725697
-10.0,4,46.737767
-35.4,2,46.745127
-30.0,3,46.754547
-10.0,1,46.759556
-10.0,1,46.764443
-10.0,1,46.769229
-10.0,1,46.774019
-10.0,1,46.77905
-10.0,1,46.783904
-10.0,3,46.794307
-10.0,2,46.801556
-10.0,2,46.808801
-10.0,1,46.813702
-10.0,1,46.818491
-10.0,1,46.823306
-10.0,1,46.829345
-10.0,1,46.83422
-10.0,1,46.839018
-10.0,1,46.844036
-10.0,2,46.851159
-10.0,1,46.85613
-10.0,1,46.861068
-10.0,1,46.865872
-10.0,1,46.870654
-10.0,1,46.875746
-10.0,1,46.880607
-10.0,2,46.887837
-10.0,2,46.895032
-10.0,2,46.902133
-10.0,2,46.909636
-10.0,1,46.914457
-10.0,1,46.919205
-10.0,1,46.925069
-10.0,1,46.92989
-10.0,1,46.934701
-10.0,1,46.939781
-10.0,1,46.944694
-10.0,2,46.952489
-10.0,3,46.962326
-10.0,1,46.96718
-10.0,1,46.972446
-10.0,1,46.977334
-10.0,1,46.982149
-10.0,1,46.98726
-10.0,1,46.992118
-10.0,1,46.996876
-10.0,1,47.001894
-10.0,1,47.006768
-10.0,2,47.013872
-10.0,1,47.019082
-10.0,3,47.028577
-10.0,2,47.036572
-10.0,1,47.041591
-10.0,3,47.051861
-10.0,1,47.05688
-10.0,1,47.061692
-10.0,1,47.066734
-10.0,1,47.071576
-10.0,2,47.078695
-10.0,1,47.084239
-10.0,2,47.091465
-10.0,2,47.09872
-10.0,1,47.103595
-10.0,1,47.108424
-28.5,2,47.115742
-10.0,1,47.120597
-10.0,1,47.125413
-10.0,3,47.134988
-10.0,2,47.142198
-10.0,1,47.147308
-10.0,2,47.154459
-10.0,1,47.159248
-10.0,1,47.164226
-10.0,1,47.169056
-10.0,3,47.178627
-10.0,1,47.183458
-10.0,2,47.190573
-10.0,2,47.198135
-10.0,3,47.207852
-10.0,1,47.212959
-10.0,2,47.220124
-10.0,1,47.225008
-10.0,1,47.229925
-10.0,3,47.239333
-10.0,2,47.246773
-10.0,1,47.251578
-10.0,1,47.256516
-10.0,5,47.270617
-10.0,2,47.278196
-10.0,2,47.285375
-10.0,1,47.29037
-10.0,1,47.295183
-10.0,2,47.302291
-10.0,1,47.307305
-10.0,1,47.312214
-10.0,1,47.31702
-10.0,1,47.323462
-10.0,2,47.334484
-10.0,1,47.339858
-10.0,3,47.349736
-10.0,3,47.360538
-10.0,3,47.372567
-10.0,1,47.377456
-10.0,3,47.387065
-10.0,2,47.394207
-10.0,1,47.398957
-10.0,1,47.404186
-10.0,3,47.413741
-10.0,1,47.418808
-10.0,3,47.428199
-10.0,2,47.435409
-10.0,2,47.442488
-47.4,1,47.447318
-10.0,1,47.452519
-10.0,1,47.457316
-10.0,1,47.462111
-10.0,1,47.467088
-10.0,4,47.47875
-10.0,3,47.488382
-10.0,1,47.49313
-10.0,1,47.498081
-10.0,2,47.50521
-10.0,1,47.509958
-10.0,1,47.515024
-10.0,1,47.519923
-10.0,2,47.52695
-10.0,2,47.534364
-10.0,1,47.53938
-10.0,2,47.548945
-10.0,2,47.556971
-10.0,1,47.562062
-10.0,1,47.566965
-10.0,1,47.571779
-10.0,1,47.576596
-10.0,1,47.581513
-10.0,6,47.598181
-10.0,1,47.603042
-10.0,1,47.607839
-10.0,1,47.614932
-10.0,2,47.625563
-10.0,1,47.630687
-10.0,2,47.638048
-10.0,1,47.643536
-10.0,2,47.650825
-10.0,1,47.655747
-10.0,1,47.660872
-10.0,1,47.665796
-10.0,2,47.672947
-10.0,3,47.68263
-10.0,1,47.687445
-10.0,1,47.692425
-10.0,1,47.697259
-10.0,1,47.702047
-10.0,1,47.707052
-10.0,3,47.716566
-10.0,1,47.721384
-10.0,4,47.73343
-10.0,1,47.73833
-10.0,1,47.743342
-10.0,1,47.748279
-10.0,1,47.753128
-10.0,2,47.76063
-10.0,1,47.765446
-10.0,1,47.77024
-10.0,1,47.775313
-10.0,1,47.780125
-10.0,3,47.78975
-10.0,1,47.794548
-10.0,2,47.801652
-10.0,1,47.806635
-10.0,2,47.813771
-10.0,2,47.821172
-10.0,1,47.825987
-10.0,1,47.830792
-10.0,1,47.835858
-10.0,1,47.84076
-10.0,1,47.845589
-10.0,1,47.850527
-10.0,1,47.855447
-10.0,3,47.864833
-10.0,2,47.872364
-10.0,1,47.877193
-10.0,2,47.88452
-10.0,2,47.891728
-10.0,1,47.896508
-10.0,1,47.901597
-10.0,2,47.908774
-10.0,2,47.916035
-10.0,1,47.92091
-10.0,3,47.930402
-10.0,1,47.935392
-10.0,1,47.940232
-10.0,2,47.947566
-10.0,1,47.952487
-10.0,1,47.957312
-10.0,1,47.962135
-10.0,1,47.967145
-10.0,1,47.971982
-10.0,1,47.976742
-10.0,3,47.986222
-10.0,2,47.993333
-10.0,1,47.998439
-10.0,4,48.010131
-10.0,1,48.015216
-10.0,1,48.020008
-10.0,1,48.024808
-10.0,2,48.032078
-10.0,1,48.036937
-10.0,1,48.041724
-10.0,3,48.051535
-10.0,1,48.056393
-10.0,1,48.061577
-10.0,1,48.066858
-10.0,1,48.071723
-10.0,1,48.076837
-10.0,1,48.081674
-10.0,5,48.095939
-10.0,5,48.110325
-10.0,1,48.115213
-10.0,1,48.120024
-10.0,1,48.124991
-10.0,1,48.129816
-31.2,1,48.134563
-10.0,1,48.139367
-10.0,1,48.144347
-10.0,1,48.149177
-10.0,1,48.153977
-10.0,1,48.158999
-10.0,3,48.168467
-10.0,1,48.173498
-10.0,1,48.178393
-10.0,1,48.183184
-10.0,1,48.18805
-10.0,1,48.193239
-10.0,1,48.198106
-10.0,2,48.205397
-64.5,2,48.21264
-10.0,1,48.217413
-10.0,1,48.222428
-10.0,1,48.327426
-10.0,1,48.333527
-10.0,2,48.343557
-10.0,1,48.349447
-10.0,2,48.356819
-10.0,1,48.364789
-10.0,1,48.370686
-10.0,1,48.376214
-10.0,2,48.383358
-10.0,1,48.390849
-10.0,4,48.407954
-10.0,1,48.41475
-10.0,4,48.43078
-10.0,5,48.448935
-10.0,1,48.455033
-10.0,5,48.469482
-10.0,2,48.476768
-10.0,1,48.481594
-10.0,2,48.488596
-10.0,3,48.498212
-10.0,2,48.505266
-10.0,1,48.51037
-10.0,1,48.515152
-10.0,1,48.519942
-10.0,1,48.524835
-10.0,2,48.531965
-10.0,1,48.536705
-10.0,1,48.541773
-10.0,1,48.546604
-10.0,1,48.551379
-10.0,1,48.557154
-10.0,1,48.562131
-10.0,1,48.56684
-10.0,1,48.571767
-10.0,1,48.577154
-10.0,2,48.584351
-10.0,1,48.589451
-10.0,1,48.594307
-10.0,1,48.599023
-10.0,1,48.603851
-10.0,1,48.608638
-10.0,3,48.617908
-10.0,1,48.623167
-10.0,1,48.627947
-10.0,1,48.632672
-10.0,1,48.637578
-10.0,1,48.642374
-10.0,1,48.647181
-10.0,1,48.652173
-10.0,1,48.657989
-10.0,1,48.662755
-10.0,1,48.66762
-10.0,3,48.677629
-10.0,1,48.682487
-10.0,1,48.687634
-10.0,1,48.692431
-10.0,4,48.704218
-10.0,1,48.709047
-10.0,1,48.713771
-10.0,1,48.719024
-10.0,3,48.729527
-10.0,2,48.737055
-10.0,5,48.751388
-10.0,1,48.756278
-10.0,1,48.761065
-10.0,1,48.766127
-10.0,1,48.770962
-10.0,2,48.778092
-10.0,1,48.783085
-10.0,2,48.790301
-10.0,3,48.799882
-10.0,1,48.80476
-10.0,1,48.809567
-10.0,1,48.814585
-10.0,1,48.819483
-10.0,1,48.824295
-10.0,1,48.829547
-10.0,1,48.834509
-10.0,1,48.839371
-10.0,1,48.844276
-10.0,1,48.84916
-10.0,1,48.854017
-10.0,2,48.861346
-10.0,2,48.868617
-10.0,2,48.875788
-10.0,2,48.883226
-10.0,1,48.888087
-10.0,2,48.895332
-10.0,1,48.900137
-10.0,1,48.904905
-10.0,3,48.914825
-10.0,4,48.926911
-10.0,1,48.931823
-54.3,3,48.941446
-10.0,1,48.946391
-10.0,5,48.960559
-10.0,1,48.965358
-10.0,6,48.981897
-10.0,1,48.986785
-10.0,3,48.996424
-10.0,1,49.001327
-10.0,1,49.006428
-10.0,1,49.011284
-10.0,1,49.016051
-10.0,1,49.020855
-10.0,1,49.025869
-10.0,1,49.030747
-10.0,1,49.035525
-10.0,2,49.042846
-10.0,2,49.050275
-10.0,3,49.060308
-10.0,1,49.065206
-10.0,2,49.072759
-10.0,1,49.07775
-10.0,1,49.082602
-10.0,1,49.087829
-10.0,2,49.095706
-10.0,1,49.100572
-10.0,2,49.108146
-10.0,2,52.100641
-10.0,1,52.108913
-10.0,1,52.11693
-10.0,1,52.124007
-10.0,1,52.131354
-10.0,2,52.142607
-10.0,1,52.149875
-10.0,2,52.161092
-10.0,1,52.168818
-10.0,1,52.176457
-10.0,1,52.183738
-10.0,1,52.191432
-10.0,1,52.198839
-10.0,1,52.205941
-10.0,1,52.214005
-10.0,2,52.225847
-10.0,1,52.233164
-10.0,1,52.240064
-10.0,2,52.250349
-10.0,1,52.257338
-10.0,1,52.264408
-10.0,3,52.277064
-10.0,2,52.284793
-10.0,1,52.290054
-10.0,2,52.29786
-10.0,1,52.302869
-10.0,2,52.310593
-10.0,1,52.315565
-10.0,1,52.321751
-10.0,1,52.328285
-10.0,1,52.335137
-10.0,3,52.349927
-10.0,5,52.373204
-10.0,1,52.380874
-10.0,1,52.388902
-10.0,1,52.394478
-10.0,2,52.402791
-10.0,1,52.408651
-10.0,2,52.416954
-10.0,1,52.422742
-10.0,1,52.428384
-10.0,1,52.433827
-10.0,1,52.441505
-10.0,1,52.447501
-10.0,1,52.453276
-10.0,1,52.458863
-10.0,1,52.464413
-10.0,1,52.471081
-10.0,2,52.479195
-10.0,1,52.48559
-10.0,1,52.491352
-10.0,1,52.496922
-10.0,2,52.505836
-10.0,1,52.512283
-10.0,1,52.518307
-10.0,2,52.526723
-10.0,1,52.532723
-10.0,1,52.538974
-10.0,1,52.54529
-10.0,2,52.553282
-10.0,1,52.558846
-10.0,1,52.56484
-10.0,1,52.57078
-10.0,1,52.576643
-10.0,2,52.585498
-10.0,1,52.592337
-10.0,2,52.600529
-10.0,1,52.605676
-10.0,1,52.610853
-10.0,1,52.617042
-10.0,1,52.623591
-10.0,2,52.632879
-10.0,2,52.642631
-10.0,2,52.651947
-10.0,2,52.661533
-10.0,1,52.667842
-10.0,1,52.674394
-10.0,1,52.680628
-10.0,1,52.687207
-10.0,1,52.692278
-10.0,2,52.699592
-10.0,1,52.704797
-10.0,1,52.709845
-10.0,1,52.714738
-10.0,2,52.72231
-10.0,1,52.727251
-10.0,5,52.743961
-10.0,2,52.752089
-10.0,1,52.757385
-10.0,1,52.762602
-10.0,1,52.767932
-10.0,1,52.773025
-10.0,1,52.778174
-10.0,1,52.78341
-10.0,2,52.791009
-10.0,1,52.796146
-10.0,3,52.806938
-10.0,1,52.812144
-10.0,2,52.819887
-10.0,1,52.824864
-10.0,1,52.829853
-10.0,1,52.834941
-10.0,1,52.840988
-10.0,2,52.850054
-10.0,1,52.857808
-10.0,1,52.86374
-10.0,2,52.873122
-10.0,2,52.8814
-10.0,1,52.887071
-10.0,1,52.892173
-10.0,2,52.899621
-10.0,2,52.909074
-10.0,1,52.914114
-10.0,3,52.925893
-10.0,1,52.931085
-10.0,1,52.937489
-10.0,1,52.943526
-10.0,1,52.95448
-10.0,1,52.962227
-10.0,1,52.980229
-10.0,1,52.98872
-10.0,1,52.995593
-10.0,3,53.009813
-10.0,1,53.015711
-10.0,1,53.02314
-10.0,1,53.028983
-10.0,1,53.035651
-10.0,2,53.080173
-10.0,2,53.089531
-10.0,1,53.095905
-10.0,2,53.106436
-10.0,1,53.115918
-10.0,1,53.121801
-10.0,1,53.12748
-10.0,1,53.133338
-10.0,1,53.141319
-10.0,1,53.14941
-10.0,1,53.155794
-10.0,1,53.173949
-10.0,1,53.17784
-10.0,1,53.181679
-10.0,2,53.191512
-10.0,1,53.199394
-10.0,1,53.207778
-10.0,1,53.213783
-10.0,3,53.229771
-10.0,1,53.240935
-10.0,1,53.248432
-10.0,1,53.255154
-10.0,1,53.261541
-10.0,2,53.27568
-10.0,2,53.284844
-10.0,1,53.295706
-10.0,2,53.309028
-10.0,1,53.313514
-10.0,2,53.321165
-10.0,2,53.327428
-10.0,1,53.331235
-10.0,1,53.3374
-10.0,1,53.342117
-10.0,2,53.348943
-10.0,2,53.357791
-10.0,4,53.370282
-10.0,1,53.374255
-10.0,1,53.378134
-10.0,1,53.381772
-10.0,1,53.385777
-10.0,1,53.389276
-10.0,1,53.392563
-10.0,1,53.395976
-10.0,1,53.399485
-10.0,2,53.405182
-10.0,2,53.410189
-10.0,1,53.413555
-10.0,2,53.419445
-10.0,2,53.424769
-10.0,1,53.427936
-10.0,2,53.432438
-10.0,2,53.437065
-10.0,1,53.44058
-10.0,1,53.443673
-10.0,1,53.446474
-10.0,1,53.44931
-10.0,1,53.452367
-10.0,2,53.458264
-10.0,1,53.461834
-10.0,1,53.465591
-10.0,1,53.469554
-10.0,3,53.48162
-10.0,1,53.488314
-10.0,1,53.492244
-10.0,1,53.495924
-10.0,1,53.49967
-10.0,1,53.504082
-10.0,4,53.513109
-10.0,1,53.517075
-10.0,1,53.521549
-10.0,1,53.525229
-10.0,2,53.530655
-10.0,3,53.538269
-10.0,1,53.541553
-10.0,2,53.545799
-10.0,1,53.548782
-10.0,1,53.552432
-10.0,1,53.555586
-10.0,2,53.559875
-10.0,1,53.562633
-10.0,1,53.565683
-10.0,1,53.568961
-10.0,1,53.572044
-10.0,1,53.5749
-10.0,1,53.577658
-10.0,2,53.581758
-10.0,2,53.586084
-10.0,3,53.591634
-10.0,2,53.596039
-10.0,1,53.601241
-10.0,1,53.604722
-10.0,2,53.609344
-10.0,2,53.6137
-10.0,1,53.61659
-10.0,1,53.620764
-10.0,1,53.623671
-10.0,1,53.626647
-10.0,1,53.629947
-10.0,1,53.632773
-10.0,1,53.637062
-10.0,2,53.642595
-10.0,1,53.646524
-10.0,1,53.650728
-10.0,2,53.65816
-10.0,1,53.662905
-10.0,1,53.66772
-10.0,1,53.673137
-10.0,1,53.677605
-10.0,1,53.68157
-10.0,1,53.686512
-10.0,1,53.691689
-10.0,1,53.696682
-10.0,1,53.701496
-10.0,1,53.708008
-10.0,1,53.714394
-10.0,1,53.71948
-10.0,1,53.726033
-10.0,2,53.734377
-10.0,3,53.744984
-10.0,1,53.750373
-10.0,1,53.75658
-10.0,1,53.763872
-10.0,3,53.774295
-10.0,1,53.778776
-10.0,3,53.788291
-10.0,1,53.793292
-10.0,1,53.799001
-10.0,2,53.807381
-10.0,1,53.812023
-10.0,1,53.817217
-10.0,1,53.821923
-10.0,3,53.830545
-10.0,1,53.835039
-10.0,1,53.838883
-10.0,1,53.841954
-10.0,1,53.844969
-10.0,1,53.84846
-10.0,1,53.85198
-10.0,1,53.855248
-10.0,1,53.858496
-10.0,1,53.861477
-10.0,4,53.870946
-10.0,3,53.876933
-10.0,1,53.880081
-10.0,2,53.885172
-10.0,1,53.888401
-10.0,2,53.892792
-10.0,1,53.895955
-10.0,2,53.900408
-10.0,1,53.903585
-10.0,1,53.906545
-10.0,3,53.912403
-10.0,1,53.915441
-10.0,3,53.921154
-10.0,2,53.925334
-10.0,1,53.92838
-10.0,1,53.931238
-10.0,2,53.935248
-10.0,2,53.939384
-10.0,1,53.942048
-10.0,1,53.944811
-10.0,1,53.947481
-10.0,1,53.950094
-10.0,1,53.952891
-10.0,1,53.955544
-10.0,1,53.95816
-10.0,2,53.962235
-10.0,1,53.964788
-10.0,1,53.967409
-10.0,1,53.969973
-10.0,1,53.972472
-10.0,1,53.975572
-10.0,1,53.97828
-10.0,2,53.982152
-10.0,1,53.984765
-10.0,1,53.98731
-10.0,2,53.993339
-10.0,1,53.99713
-10.0,1,54.00178
-10.0,1,54.00604
-10.0,1,54.009946
-10.0,1,54.013889
-10.0,1,54.017884
-10.0,2,54.02272
-10.0,1,54.025938
-10.0,3,54.032404
-10.0,1,54.035893
-10.0,1,54.039328
-10.0,1,54.042472
-10.0,2,54.0474
-10.0,1,54.050702
-10.0,1,54.055311
-10.0,1,54.059237
-10.0,3,54.067869
-10.0,1,54.072711
-10.0,1,54.077446
-10.0,3,54.087299
-10.0,1,54.092111
-10.0,2,54.099282
-46.8,1,54.104765
-10.0,1,54.109379
-10.0,1,54.113987
-10.0,1,54.118775
-10.0,2,54.125456
-10.0,1,54.130982
-10.0,1,54.135956
-10.0,1,54.140925
-10.0,3,54.150492
-10.0,1,54.155449
-10.0,1,54.160621
-10.0,2,54.172805
-10.0,1,54.178353
-10.0,3,54.188502
-10.0,5,54.203778
-10.0,2,54.211727
-10.0,3,54.222064
-10.0,3,54.232378
-10.0,1,54.236922
-10.0,2,54.24287
-10.0,2,54.248007
-10.0,1,54.251451
-10.0,1,54.254347
-10.0,1,54.257395
-10.0,1,54.260296
-10.0,1,54.262935
-10.0,1,54.265454
-10.0,3,54.270463
-10.0,3,54.276459
-10.0,1,54.27914
-10.0,1,54.281711
-10.0,1,54.284507
-10.0,1,54.287136
-10.0,1,54.289804
-10.0,1,54.292703
-10.0,3,54.297764
-10.0,1,54.300626
-10.0,1,54.303546
-10.0,1,54.307218
-10.0,1,54.311312
-10.0,4,54.325457
-10.0,1,54.331547
-10.0,1,54.337586
-10.0,1,54.343292
-10.0,1,54.349324
-10.0,1,54.355121
-10.0,2,54.364578
-10.0,1,54.370991
-10.0,5,54.386881
-30.6,2,54.396318
-10.0,1,54.401515
-10.0,1,54.407893
-10.0,3,54.419586
-10.0,1,54.425392
-10.0,2,54.431965
-10.0,2,54.439528
-10.0,1,54.443597
-10.0,3,54.452464
-10.0,1,54.456645
-10.0,1,54.460547
-10.0,1,54.46489
-10.0,1,54.469576
-10.0,3,54.477309
-10.0,1,54.481693
-10.0,3,54.49102
-10.0,1,54.496209
-10.0,2,54.50239
-10.0,2,54.507666
-10.0,1,54.511505
-10.0,1,54.515311
-10.0,1,54.520612
-10.0,1,54.524737
-10.0,1,54.53029
-10.0,1,54.535167
-10.0,2,54.541333
-10.0,2,54.547546
-10.0,1,54.552868
-10.0,1,54.557111
-10.0,3,54.565941
-10.0,3,54.575961
-10.0,2,54.583264
-10.0,1,54.589378
-10.0,2,54.595049
-10.0,1,54.598765
-10.0,1,54.602985
-10.0,1,54.606502
-10.0,1,54.610212
-10.0,4,54.623411
-10.0,1,54.628231
-10.0,1,54.634295
-10.0,1,54.640339
-10.0,1,54.644889
-10.0,1,54.649899
-10.0,1,54.655996
-10.0,1,54.660316
-10.0,1,54.664999
-10.0,1,54.671098
-10.0,1,54.677449
-10.0,1,54.681471
-10.0,1,54.686173
-10.0,1,54.690183
-10.0,2,54.697576
-10.0,1,54.704777
-10.0,1,54.709006
-10.0,1,54.712998
-10.0,3,54.723837
-10.0,1,54.730005
-10.0,1,54.736857
-10.0,3,54.749137
-10.0,1,54.755267
-10.0,1,54.759043
-10.0,4,54.768379
-10.0,1,54.772501
-10.0,2,54.77781
-10.0,2,54.786439
-10.0,1,54.792141
-10.0,1,54.796508
-10.0,1,54.800318
-10.0,1,54.804717
-10.0,1,54.808395
-10.0,1,54.81232
-10.0,1,54.815889
-10.0,1,54.821766
-10.0,1,54.827612
-10.0,1,54.832613
-10.0,3,54.839769
-10.0,1,54.843234
-10.0,1,54.846539
-10.0,1,54.851273
-10.0,2,54.860295
-10.0,1,54.866479
-10.0,1,54.871459
-10.0,2,54.877755
-10.0,1,54.882298
-10.0,1,54.886967
-10.0,1,54.890976
-10.0,1,54.894857
-10.0,1,54.898897
-10.0,1,54.903212
-10.0,1,54.907502
-10.0,1,54.911927
-10.0,1,54.915586
-10.0,2,54.922933
-10.0,1,54.928233
-10.0,1,54.932681
-10.0,1,54.939055
-10.0,2,54.947224
-10.0,1,54.953143
-10.0,1,54.95717
-10.0,1,54.961223
-10.0,1,54.965279
-10.0,2,54.975256
-10.0,1,54.981136
-10.0,1,54.98638
-10.0,1,54.990617
-10.0,1,54.99615
-10.0,2,55.005934
-10.0,1,55.011868
-10.0,1,55.017957
-10.0,2,55.028273
-10.0,1,55.035518
-10.0,2,55.04532
-10.0,4,55.061187
-10.0,1,55.067311
-10.0,1,55.072582
-10.0,1,55.077176
-10.0,1,55.081804
-10.0,1,55.088535
-10.0,2,55.096926
-10.0,1,55.103513
-10.0,1,55.108665
-10.0,2,55.117313
-10.0,2,55.128648
-10.0,1,55.135604
-10.0,3,55.146903
-10.0,1,55.153728
-10.0,1,55.161171
-10.0,2,55.172733
-10.0,2,55.182684
-10.0,1,55.190484
-10.0,1,55.196645
-10.0,1,55.203112
-10.0,1,55.209313
-10.0,1,55.214966
-10.0,1,55.222329
-10.0,2,55.230704
-10.0,2,55.239289
-10.0,1,55.245097
-10.0,1,55.251375
-10.0,2,55.260846
-10.0,1,55.266503
-10.0,1,55.271972
-10.0,1,55.277263
-10.0,2,55.28571
-10.0,1,55.291126
-10.0,1,55.297175
-10.0,1,55.304563
-10.0,1,55.311611
-10.0,1,55.317886
-10.0,1,55.323487
-10.0,1,55.329632
-10.0,1,55.335738
-10.0,1,55.341685
-10.0,1,55.347705
-10.0,3,55.362383
-10.0,1,55.368807
-10.0,1,55.37452
-10.0,2,55.38371
-10.0,2,55.393356
-10.0,2,55.401396
-10.0,2,55.40946
-10.0,1,55.414708
-10.0,3,55.427491
-10.0,1,55.434037
-10.0,1,55.439931
-10.0,2,55.44953
-10.0,1,55.45506
-10.0,1,55.459875
-10.0,1,55.464301
-10.0,1,55.468351
-10.0,1,55.472257
-10.0,2,55.477846
-10.0,2,55.483474
-10.0,1,55.486945
-10.0,1,55.49059
-10.0,3,55.498684
-10.0,2,55.50752
-10.0,2,55.51364
-10.0,1,55.516935
-10.0,2,55.52241
-10.0,1,55.526129
-10.0,1,55.530192
-10.0,3,55.540438
-10.0,2,55.546907
-10.0,1,55.551208
-10.0,1,55.555411
-10.0,3,55.562114
-10.0,1,55.565342
-10.0,1,55.568885
-10.0,4,55.576564
-10.0,1,55.57977
-10.0,3,55.586587
-10.0,1,55.589945
-10.0,1,55.593517
-10.0,4,55.601906
-10.0,1,55.605336
-10.0,2,55.610242
-10.0,1,55.613459
-10.0,1,55.617684
-10.0,2,55.623936
-10.0,1,55.628065
-10.0,1,55.633233
-10.0,3,55.643557
-10.0,2,55.651794
-10.0,1,55.657621
-10.0,1,55.663436
-10.0,1,55.670346
-10.0,1,55.675854
-10.0,1,55.681474
-10.0,2,55.689948
-10.0,1,55.696418
-10.0,1,55.703448
-10.0,1,55.709135
-10.0,1,55.715571
-10.0,1,55.721457
-10.0,3,55.731933
-10.0,1,55.737475
-10.0,2,55.745268
-10.0,1,55.750724
-10.0,1,55.756302
-10.0,2,55.76471
-10.0,1,55.770315
-10.0,1,55.775683
-10.0,2,55.783847
-10.0,1,55.789867
-10.0,1,55.795093
-10.0,1,55.800378
-10.0,1,55.805872
-10.0,1,55.811136
-10.0,1,55.81651
-10.0,1,55.822937
-10.0,1,55.828893
-10.0,1,55.835468
-10.0,1,55.841676
-10.0,2,55.849718
-10.0,1,55.855929
-10.0,1,55.861205
-10.0,1,55.867476
-10.0,1,55.876934
-10.0,1,55.888509
-10.0,1,55.898412
-10.0,1,55.91433
-10.0,1,55.927487
-10.0,3,55.946794
-10.0,1,55.957015
-10.0,1,55.966137
-10.0,3,55.986034
-10.0,2,55.999584
-10.0,1,56.008952
-10.0,1,56.017058
-10.0,2,56.088158
-10.0,1,56.098836
-10.0,1,56.110867
-10.0,1,56.120571
-10.0,1,56.126286
-10.0,1,56.135725
-10.0,1,56.144624
-10.0,3,56.168249
-10.0,1,56.180496
-10.0,1,56.187504
-10.0,3,56.202257
-10.0,1,56.208643
-10.0,1,56.214732
-10.0,3,56.227805
-10.0,1,56.231816
-10.0,3,56.240739
-10.0,1,56.246524
-10.0,1,56.252983
-10.0,1,56.259101
-10.0,1,56.264317
-10.0,1,56.269824
-10.0,1,56.275169
-10.0,4,56.29089
-10.0,1,56.297308
-10.0,1,56.304036
-10.0,1,56.310789
-10.0,1,56.31764
-10.0,3,56.326997
-10.0,1,56.330814
-10.0,2,56.33689
-10.0,1,56.340418
-10.0,1,56.34489
-10.0,1,56.348515
-10.0,1,56.352724
-10.0,2,56.358788
-10.0,1,56.364146
-10.0,4,56.375371
-10.0,1,56.378646
-10.0,1,56.38208
-10.0,1,56.387163
-10.0,1,56.392334
-10.0,2,56.399805
-10.0,1,56.405618
-10.0,1,56.410652
-10.0,3,56.421185
-10.0,1,56.426689
-10.0,1,56.431799
-10.0,1,56.440133
-10.0,1,56.446555
-10.0,3,56.460853
-10.0,2,56.468779
-10.0,1,56.474314
-10.0,2,56.481804
-10.0,1,56.486471
-10.0,1,56.489832
-10.0,3,56.495843
-10.0,1,56.499196
-10.0,2,56.504691
-10.0,2,56.511039
-10.0,1,56.515861
-10.0,1,56.520755
-10.0,1,56.525303
-10.0,2,56.533659
-10.0,2,56.542655
-10.0,1,56.548754
-10.0,1,56.554959
-10.0,1,56.562307
-10.0,1,56.568767
-10.0,2,56.576343
-10.0,1,56.581861
-10.0,1,56.588742
-10.0,2,56.597936
-10.0,2,56.6064
-10.0,2,56.614537
-10.0,2,56.623893
-10.0,1,56.629396
-10.0,1,56.634962
-10.0,1,56.642144
-10.0,1,56.65019
-10.0,1,56.655936
-10.0,1,56.662515
-10.0,1,56.671525
-10.0,1,56.681048
-10.0,2,56.697335
-10.0,3,56.721867
-10.0,4,56.756569
-10.0,2,56.776105
-10.0,1,56.789123
-10.0,1,56.802348
-10.0,1,56.814416
-56.7,1,56.826307
-10.0,1,56.841968
-10.0,1,56.855064
-10.0,1,56.866843
-10.0,1,56.882004
-10.0,1,56.892683
-10.0,1,56.905914
-10.0,1,56.916484
-10.0,1,56.927383
-10.0,1,56.937114
-10.0,1,56.947954
-10.0,1,56.957136
-10.0,4,56.980995
-10.0,2,56.998448
-10.0,1,57.008677
-10.0,1,57.017553
-10.0,1,57.028777
-10.0,1,57.041182
-10.0,1,57.050056
-10.0,1,57.066216
-10.0,1,57.084808
-10.0,1,57.096298
-10.0,1,57.107004
-10.0,1,57.116917
-10.0,1,57.126855
-10.0,1,57.13814
-10.0,1,57.148297
-10.0,1,57.1573
-10.0,1,57.166755
-10.0,2,57.179786
-10.0,3,57.193397
-10.0,1,57.199213
-10.0,1,57.204634
-10.0,3,57.214737
-10.0,1,57.219932
-10.0,1,57.225432
-10.0,2,57.234044
-10.0,1,57.239297
-10.0,1,57.244722
-10.0,1,57.250057
-10.0,2,57.25797
-10.0,1,57.263532
-10.0,1,57.268757
-10.0,2,57.27662
-10.0,1,57.282044
-10.0,1,57.287483
-10.0,1,57.29279
-10.0,1,57.298109
-10.0,1,57.303532
-10.0,1,57.30884
-10.0,1,57.313885
-10.0,1,57.319382
-10.0,3,57.329873
-10.0,2,57.337378
-10.0,4,57.349667
-10.0,1,57.354794
-10.0,1,57.359882
-10.0,1,57.364877
-10.0,1,57.369877
-10.0,1,57.375262
-10.0,3,57.384907
-10.0,2,57.394602
-10.0,1,57.399634
-10.0,1,57.40492
-10.0,1,57.409914
-10.0,1,57.414905
-10.0,1,57.420487
-10.0,1,57.425669
-10.0,3,57.435795
-10.0,1,57.440902
-10.0,2,57.448314
-10.0,2,57.456183
-10.0,2,57.463636
-10.0,1,57.469537
-10.0,1,57.474749
-10.0,1,57.480117
-10.0,1,57.485698
-10.0,1,57.490099
-10.0,1,57.495777
-10.0,1,57.502155
-10.0,1,57.507715
-10.0,5,57.524452
-10.0,1,57.530988
-10.0,1,57.537965
-10.0,1,57.542985
-10.0,1,57.548508
-10.0,2,57.556357
-10.0,1,57.561618
-10.0,1,57.566961
-10.0,1,57.571985
-10.0,1,57.576971
-10.0,1,57.582281
-10.0,1,57.587632
-10.0,2,57.595791
-10.0,1,57.600854
-10.0,2,57.60814
-10.0,4,57.620712
-10.0,1,57.625979
-10.0,1,57.630977
-10.0,1,57.635956
-10.0,1,57.640978
-10.0,2,57.649695
-10.0,2,57.657119
-10.0,1,57.662152
-10.0,2,57.66946
-10.0,1,57.674602
-10.0,2,57.681968
-10.0,2,57.689449
-10.0,1,57.694448
-10.0,1,57.699403
-10.0,1,57.704313
-10.0,3,57.714292
-10.0,1,57.719261
-10.0,1,57.724471
-10.0,1,57.729439
-10.0,1,57.734368
-10.0,2,57.742061
-10.0,1,57.747083
-10.0,1,57.752039
-10.0,3,57.761968
-10.0,4,57.774469
-10.0,1,57.779435
-10.0,1,57.784642
-10.0,1,57.790432
-10.0,1,57.795471
-10.0,2,57.803118
-10.0,1,57.80823
-10.0,1,57.813385
-10.0,1,57.818938
-10.0,1,57.824411
-10.0,1,57.829687
-10.0,1,57.835371
-10.0,2,57.843024
-10.0,1,57.848577
-10.0,1,57.854102
-10.0,2,57.86185
-10.0,3,57.872415
-10.0,1,57.877792
-10.0,1,57.883568
-10.0,2,57.891231
-10.0,1,57.897076
-10.0,1,57.904627
-10.0,1,57.912024
-10.0,1,57.916045
-10.0,1,57.92088
-10.0,2,57.929599
-10.0,1,57.935575
-10.0,1,57.940655
-10.0,1,57.946145
-10.0,1,57.951398
-10.0,1,57.956674
-10.0,2,57.964659
-10.0,1,57.970168
-10.0,4,57.983479
-10.0,1,57.98865
-10.0,1,57.994097
-10.0,1,57.999332
-10.0,1,58.004672
-10.0,2,58.012598
-10.0,2,58.020246
-10.0,4,58.03247
-10.0,2,58.04003
-10.0,1,58.045146
-10.0,1,58.050179
-10.0,1,58.055242
-10.0,2,58.062845
-10.0,1,58.067902
-10.0,1,58.073028
-10.0,3,58.083083
-10.0,2,58.091006
-10.0,1,58.096012
-10.0,1,58.100919
-10.0,1,58.106092
-10.0,1,58.111058
-10.0,3,58.120858
-10.0,1,58.125916
-10.0,1,58.130822
-10.0,1,58.135895
-10.0,4,58.147935
-10.0,1,58.154007
-10.0,1,58.159093
-10.0,2,58.166585
-10.0,1,58.17162
-10.0,1,58.176562
-10.0,3,58.187508
-10.0,2,58.194946
-10.0,1,58.200234
-10.0,1,58.205246
-10.0,1,58.210223
-10.0,1,58.215361
-10.0,1,58.220341
-10.0,1,58.225254
-10.0,1,58.230183
-10.0,2,58.237787
-10.0,1,58.242825
-10.0,1,58.248042
-10.0,1,58.253098
-10.0,1,58.258116
-10.0,1,58.263307
-10.0,2,58.276291
-10.0,1,58.281476
-10.0,1,58.286511
-10.0,1,58.291422
-10.0,1,58.296608
-10.0,1,58.301833
-10.0,1,58.306936
-10.0,2,58.314507
-10.0,1,58.31921
-10.0,1,58.324399
-10.0,1,58.331197
-10.0,2,58.341025
-10.0,1,58.346909
-10.0,2,58.354874
-10.0,1,58.359594
-10.0,1,58.364048
-10.0,1,58.3696
-10.0,1,58.3739
-10.0,2,58.382778
-10.0,2,58.391152
-10.0,1,58.396425
-10.0,1,58.404455
-10.0,1,58.413472
-10.0,1,58.419309
-10.0,2,58.427921
-10.0,6,58.44657
-10.0,3,58.456938
-10.0,1,58.462298
-10.0,2,58.470164
-10.0,1,58.475249
-10.0,1,58.480418
-10.0,2,58.488103
-10.0,1,58.493174
-10.0,1,58.499437
-10.0,1,58.504226
-10.0,1,58.509162
-10.0,1,58.514368
-10.0,1,58.519637
-10.0,1,58.524595
-10.0,1,58.529883
-10.0,1,58.534937
-10.0,1,58.539849
-10.0,1,58.54604
-10.0,1,58.551602
-10.0,4,58.564536
-10.0,1,58.570123
-10.0,1,58.575621
-10.0,1,58.580884
-10.0,2,58.588838
-10.0,1,58.595968
-10.0,1,58.601557
-10.0,1,58.625307
-10.0,2,58.635146
-10.0,1,58.64064
-10.0,1,58.645559
-10.0,1,58.650549
-10.0,1,58.658365
-10.0,1,58.667166
-10.0,1,58.675698
-10.0,1,58.684355
-10.0,3,58.694497
-10.0,1,58.699691
-10.0,1,58.704957
-10.0,1,58.709952
-10.0,2,58.717696
-10.0,2,58.725079
-10.0,1,58.730376
-10.0,1,58.736228
-10.0,1,58.741535
-10.0,1,58.746499
-10.0,1,58.751847
-10.0,1,58.757765
-10.0,1,58.762898
-10.0,1,58.769095
-10.0,1,58.775597
-10.0,1,58.780865
-10.0,1,58.787555
-10.0,1,58.793434
-10.0,1,58.798939
-10.0,1,58.805445
-10.0,1,58.81091
-10.0,1,58.817266
-10.0,1,58.824181
-10.0,1,58.829618
-10.0,1,58.836435
-10.0,1,58.842462
-10.0,2,58.850824
-10.0,2,58.858358
-10.0,1,58.863703
-10.0,1,58.869523
-10.0,1,58.874663
-10.0,1,58.880494
-10.0,1,58.886203
-10.0,2,58.894663
-10.0,1,58.900141
-10.0,1,58.905341
-10.0,1,58.910545
-10.0,1,58.915927
-10.0,1,58.922768
-10.0,1,58.929724
-10.0,2,58.944309
-10.0,2,58.954457
-10.0,1,58.961545
-10.0,3,58.974971
-10.0,1,58.981679
-10.0,2,58.992553
-10.0,1,58.999068
-10.0,1,59.005655
-10.0,2,59.01499
-10.0,1,59.021524
-10.0,1,59.027854
-10.0,1,59.03412
-10.0,1,59.040647
-10.0,1,59.046904
-10.0,1,59.053602
-10.0,1,59.059971
-10.0,1,59.066352
-10.0,1,59.07291
-10.0,1,59.079154
-10.0,1,59.085743
-10.0,1,59.091433
-10.0,3,59.101234
-10.0,1,59.106292
-10.0,1,59.111185
-10.0,1,59.116199
-10.0,1,59.121412
-10.0,1,59.12631
-10.0,1,59.131253
-10.0,1,59.137622
-10.0,1,59.142851
-10.0,3,59.152876
-10.0,1,59.157886
-10.0,1,59.162838
-10.0,1,59.168114
-10.0,2,59.175415
-10.0,1,59.180361
-10.0,1,59.185742
-10.0,5,59.200363
-10.0,2,59.207653
-10.0,1,59.212763
-10.0,2,59.220487
-10.0,1,59.225459
-10.0,1,59.230597
-10.0,3,59.240232
-10.0,1,59.245344
-10.0,1,59.250396
-10.0,1,59.255325
-10.0,2,59.262981
-10.0,2,59.270319
-10.0,1,59.275291
-10.0,1,59.28056
-10.0,2,59.287934
-10.0,2,59.295485
-10.0,1,59.300463
-10.0,3,59.310234
-10.0,2,59.317598
-10.0,1,59.322511
-10.0,1,59.327873
-10.0,2,59.335196
-10.0,2,59.342586
-10.0,1,59.347575
-10.0,1,59.35252
-10.0,1,59.357664
-10.0,1,59.362621
-10.0,1,59.367636
-10.0,2,59.375199
-10.0,1,59.380122
-10.0,1,59.385041
-10.0,1,59.390976
-10.0,1,59.396136
-10.0,1,59.401089
-10.0,1,59.406262
-10.0,1,59.411249
-10.0,3,59.421308
-10.0,1,59.426418
-10.0,1,59.43142
-10.0,1,59.436783
-10.0,1,59.442027
-10.0,1,59.447032
-10.0,1,59.453004
-10.0,1,59.458909
-10.0,1,59.464617
-10.0,4,59.477245
-10.0,1,59.482269
-10.0,1,59.488032
-10.0,1,59.493442
-10.0,1,59.498735
-10.0,1,59.504526
-10.0,1,59.509805
-10.0,1,59.515405
-10.0,1,59.519935
-10.0,1,59.5243
-10.0,1,59.529161
-10.0,1,59.536466
-10.0,2,59.544152
-10.0,1,59.549671
-10.0,1,59.554963
-10.0,1,59.560104
-10.0,1,59.566114
-10.0,1,59.571491
-10.0,4,59.58442
-10.0,1,59.589709
-10.0,1,59.595146
-10.0,1,59.600513
-10.0,1,59.605776
-10.0,1,59.611214
-10.0,1,59.616797
-10.0,1,59.621939
-10.0,1,59.628613
-10.0,1,59.635944
-10.0,2,59.643543
-10.0,1,59.648896
-10.0,1,59.654014
-10.0,1,59.66018
-10.0,1,59.665295
-10.0,1,59.670806
-10.0,1,59.675783
-10.0,2,59.68344
-10.0,1,59.691153
-10.0,1,59.696262
-10.0,1,59.701659
-10.0,1,59.707209
-10.0,1,59.713293
-10.0,1,59.720022
-10.0,1,59.726301
-10.0,2,59.737177
-10.0,1,59.743141
-10.0,1,59.749049
-10.0,1,59.756459
-10.0,2,59.764191
-10.0,2,59.773392
-10.0,1,59.778682
-10.0,1,59.785789
-10.0,1,59.791622
-10.0,1,59.797598
-10.0,2,59.80671
-10.0,2,59.814483
-10.0,1,59.820833
-10.0,1,59.826993
-10.0,1,59.833467
-10.0,1,59.839894
-10.0,3,59.850745
-10.0,1,59.856664
-10.0,1,59.861855
-10.0,1,59.867716
-10.0,3,59.87831
-10.0,2,59.887011
-10.0,2,59.896473
-10.0,1,59.903275
-10.0,1,59.909449
-10.0,2,59.917957
-10.0,1,59.923061
-10.0,1,59.928627
-10.0,1,59.935797
-10.0,1,59.941013
-10.0,1,59.946958
-10.0,3,59.957938
-10.0,5,59.973819
-10.0,1,59.980186
-10.0,1,59.985635
-10.0,1,59.991258
-10.0,1,59.996797
-10.0,2,60.007548
-10.0,1,60.014013
-10.0,2,60.021826
-10.0,1,60.027081
-10.0,1,60.032541
-10.0,1,60.037874
-10.0,3,60.047848
-10.0,1,60.053115
-10.0,2,60.060738
-10.0,2,60.069168
-10.0,1,60.074857
-10.0,2,60.082915
-10.0,1,60.088568
-10.0,1,60.093802
-10.0,1,60.099371
-10.0,3,60.110359
-10.0,1,60.115758
-10.0,1,60.121346
-10.0,1,60.126799
-10.0,1,60.13216
-10.0,2,60.140213
-10.0,1,60.145736
-10.0,3,60.156563
-10.0,1,60.161811
-10.0,1,60.167499
-10.0,1,60.173023
-10.0,1,60.178175
-10.0,1,60.184371
-10.0,1,60.190181
-10.0,2,60.198409
-10.0,1,60.204184
-10.0,1,60.209428
-10.0,1,60.215171
-10.0,1,60.220622
-10.0,2,60.228592
-10.0,1,60.234421
-10.0,1,60.239646
-10.0,2,60.247908
-10.0,1,60.253418
-10.0,1,60.258758
-10.0,1,60.264334
-10.0,1,60.269838
-10.0,1,60.274992
-10.0,1,60.280569
-10.0,1,60.285995
-10.0,1,60.291172
-10.0,1,60.296904
-10.0,1,60.302497
-10.0,2,60.31047
-10.0,1,60.315923
-10.0,1,60.321018
-10.0,4,60.335654
-10.0,1,60.340627
-10.0,3,60.350634
-10.0,2,60.358021
-10.0,1,60.362891
-10.0,1,60.367766
-10.0,1,60.372658
-10.0,1,60.377914
-10.0,1,60.382823
-10.0,1,60.387694
-10.0,2,60.395168
-10.0,1,60.400163
-10.0,3,60.410127
-10.0,2,60.417426
-10.0,1,60.422566
-10.0,1,60.42748
-10.0,1,60.432435
-10.0,1,60.437493
-10.0,1,60.442443
-10.0,2,60.449581
-10.0,1,60.454888
-10.0,2,60.462373
-10.0,1,60.46736
-10.0,1,60.472487
-10.0,2,60.479682
-10.0,1,60.484599
-10.0,3,60.494079
-10.0,1,60.49802
-10.0,1,60.502511
-10.0,1,60.508434
-10.0,2,60.516939
-10.0,1,60.520837
-10.0,1,60.524766
-10.0,1,60.529841
-10.0,1,60.536649
-10.0,3,60.546613
-10.0,1,60.552706
-10.0,1,60.557835
-10.0,3,60.569355
-10.0,3,60.580028
-10.0,2,60.590059
-10.0,4,60.604159
-10.0,2,60.611801
-10.0,1,60.618037
-10.0,1,60.623253
-10.0,1,60.628609
-10.0,1,60.63535
-10.0,1,60.640528
-10.0,1,60.64627
-10.0,1,60.653011
-10.0,1,60.658262
-10.0,1,60.66331
-10.0,2,60.671897
-10.0,1,60.676909
-10.0,1,60.683823
-10.0,1,60.689557
-10.0,1,60.694591
-10.0,3,60.705918
-10.0,1,60.71098
-10.0,1,60.718618
-10.0,1,60.724267
-10.0,2,60.733739
-10.0,1,60.844015
-10.0,1,60.854181
-10.0,1,60.860524
-10.0,1,60.867244
-10.0,1,60.872494
-10.0,1,60.877549
-10.0,3,60.887562
-10.0,3,60.897491
-10.0,1,60.903392
-10.0,1,60.908669
-10.0,2,60.916229
-10.0,1,60.921264
-10.0,1,60.926192
-10.0,2,60.933832
-10.0,2,60.94118
-10.0,1,60.946102
-10.0,1,60.951499
-10.0,1,60.956475
-10.0,1,60.961401
-10.0,2,60.969034
-10.0,1,60.973996
-10.0,1,60.979694
-10.0,1,60.989026
-10.0,1,60.993989
-10.0,1,60.999153
-10.0,1,61.004051
-10.0,1,61.008917
-10.0,1,61.014546
-10.0,1,61.019513
-10.0,1,61.02437
-10.0,2,61.032461
-10.0,2,61.039791
-10.0,2,61.047299
-10.0,2,61.054524
-10.0,1,61.059645
-10.0,1,61.064645
-10.0,3,61.074312
-10.0,1,61.079453
-10.0,1,61.084299
-10.0,2,61.091814
-10.0,1,61.096792
-10.0,1,61.101737
-10.0,1,61.106646
-10.0,2,61.113891
-10.0,1,61.118779
-10.0,1,61.123957
-10.0,1,61.12886
-10.0,2,61.136525
-10.0,1,61.141893
-10.0,3,61.151497
-10.0,1,61.156833
-10.0,1,61.161832
-10.0,1,61.166717
-10.0,1,61.171963
-10.0,1,61.17694
-10.0,2,61.184447
-10.0,2,61.192316
-10.0,2,61.199682
-10.0,1,61.204893
-10.0,1,61.209849
-10.0,3,61.219672
-10.0,1,61.224669
-10.0,1,61.229601
-10.0,2,61.238914
-10.0,2,61.246326
-10.0,1,61.251538
-10.0,2,61.258912
-10.0,3,61.272953
-10.0,1,61.281812
-10.0,1,61.290014
-10.0,1,61.298325
-10.0,4,61.32373
-10.0,1,61.332225
-10.0,1,61.340627
-10.0,2,61.35777
-10.0,1,61.367813
-10.0,1,61.37421
-10.0,3,61.386483
-10.0,1,61.394876
-10.0,3,61.409983
-10.0,1,61.415119
-10.0,2,61.422433
-10.0,1,61.427645
-10.0,2,61.434976
-10.0,1,61.440233
-10.0,2,61.448173
-10.0,1,61.45331
-10.0,2,61.461144
-10.0,1,61.466551
-10.0,1,61.471903
-10.0,2,61.479271
-10.0,3,61.489166
-10.0,1,61.494208
-10.0,1,61.499124
-10.0,1,61.504166
-10.0,2,61.511606
-10.0,1,61.516571
-10.0,2,61.524239
-10.0,1,61.529268
-10.0,1,61.534204
-10.0,1,61.539992
-10.0,1,61.545118
-10.0,1,61.550054
-10.0,2,61.557781
-10.0,1,61.56274
-10.0,2,61.570558
-10.0,2,61.577982
-10.0,1,61.583184
-10.0,2,61.590569
-10.0,2,61.597854
-10.0,1,61.604865
-10.0,3,61.616011
-10.0,1,61.621031
-10.0,1,61.625877
-10.0,1,61.630935
-10.0,2,61.63828
-10.0,1,61.64322
-10.0,1,61.648595
-10.0,1,61.653875
-10.0,1,61.658845
-10.0,2,61.66902
-10.0,1,61.674395
-10.0,1,61.680218
-10.0,1,61.685277
-10.0,2,61.692477
-10.0,4,61.705708
-10.0,1,61.710815
-10.0,1,61.715794
-10.0,1,61.720651
-10.0,2,61.728245
-10.0,2,61.735555
-10.0,4,61.74764
-10.0,1,61.75259
-10.0,2,61.76026
-10.0,1,61.765252
-10.0,1,61.770159
-10.0,1,61.775274
-28.5,2,61.782547
-10.0,2,61.789904
-10.0,1,61.795033
-10.0,1,61.79993
-10.0,1,61.804771
-10.0,1,61.81214
-10.0,1,61.817573
-10.0,1,61.823171
-10.0,1,61.828347
-10.0,1,61.833834
-10.0,3,61.846736
-10.0,1,61.855213
-10.0,3,61.866971
-10.0,3,61.877755
-10.0,2,61.885298
-10.0,1,61.892262
-10.0,1,61.900943
-10.0,1,61.909493
-10.0,1,61.917855
-10.0,2,61.927681
-10.0,3,61.937392
-10.0,2,61.944572
-10.0,2,61.952192
-10.0,1,61.957082
-10.0,1,64.796032
-10.0,2,64.803563
-10.0,1,64.80863
-10.0,3,64.821548
-10.0,2,64.830234
-10.0,1,64.837079
-10.0,3,64.851202
-10.0,1,64.858449
-10.0,1,64.866048
-10.0,1,64.873775
-10.0,1,64.880129
-10.0,1,64.887825
-10.0,1,64.893059
-10.0,1,64.898107
-10.0,1,64.90322
-10.0,1,64.911018
-10.0,1,64.919632
-10.0,1,64.928296
-10.0,1,64.936781
-10.0,1,64.944707
-10.0,2,64.95488
-10.0,1,64.961892
-10.0,1,64.970893
-10.0,3,64.986039
-10.0,2,64.995384
-10.0,2,65.001062
-10.0,2,65.005844
-10.0,5,65.014409
-10.0,1,65.0177
-10.0,2,65.02196
-10.0,1,65.024764
-10.0,1,65.027462
-10.0,1,65.030266
-10.0,2,65.03448
-10.0,3,65.039724
-10.0,1,65.04242
-10.0,2,65.046348
-10.0,1,65.049215
-10.0,1,65.052157
-10.0,2,65.056065
-10.0,1,65.058647
-10.0,3,65.063983
-10.0,1,65.066789
-10.0,3,65.071875
-10.0,1,65.074484
-10.0,3,65.081077
-10.0,4,65.093144
-10.0,1,65.097293
-10.0,1,65.101343
-10.0,2,65.107113
-10.0,4,65.116624
-10.0,3,65.124169
-10.0,1,65.128134
-10.0,2,65.134115
-10.0,1,65.138043
-10.0,1,65.141899
-10.0,2,65.147737
-10.0,1,65.151607
-10.0,1,65.155435
-10.0,4,65.168308
-10.0,1,65.173684
-10.0,1,65.179616
-10.0,2,65.191135
-10.0,1,65.196642
-10.0,2,65.206769
-10.0,2,65.223621
-10.0,2,65.23943
-10.0,1,65.250775
-10.0,1,65.25795
-10.0,3,65.273634
-10.0,1,65.281339
-10.0,2,65.291867
-10.0,1,65.300093
-10.0,1,65.309334
-10.0,1,65.315684
-10.0,1,65.325135
-10.0,1,65.332426
-10.0,3,65.344857
-10.0,3,65.357322
-10.0,1,65.363555
-10.0,1,65.369832
-10.0,1,65.376083
-10.0,1,65.381956
-10.0,1,65.387608
-10.0,1,65.393183
-10.0,1,65.399091
-10.0,1,65.40449
-10.0,1,65.409314
-10.0,1,65.414402
-10.0,1,65.419317
-10.0,1,65.424086
-10.0,2,65.431584
-10.0,1,65.436469
-10.0,1,65.441262
-10.0,1,65.446432
-10.0,1,65.451333
-10.0,2,65.45847
-10.0,1,65.463672
-10.0,1,65.468661
-10.0,1,65.473431
-10.0,4,65.485854
-10.0,2,65.49334
-10.0,1,65.498278
-10.0,3,65.507707
-10.0,1,65.513049
-10.0,1,65.518137
-10.0,1,65.522992
-10.0,1,65.528069
-10.0,1,65.532992
-10.0,1,65.537751
-10.0,1,65.542747
-10.0,1,65.547559
-10.0,1,65.552327
-10.0,2,65.560023
-10.0,1,65.564941
-10.0,1,65.569734
-10.0,1,65.574786
-10.0,2,65.58225
-10.0,2,65.589569
-10.0,4,65.601618
-10.0,2,65.609072
-10.0,1,65.613911
-10.0,4,65.625853
-10.0,1,65.630749
-10.0,1,65.635569
-10.0,1,65.640591
-10.0,1,65.645476
-10.0,1,65.650324
-10.0,1,65.655306
-10.0,3,65.664724
-10.0,1,65.669683
-10.0,1,65.675236
-10.0,1,65.680216
-10.0,3,65.690003
-10.0,2,65.697244
-10.0,1,65.702343
-10.0,2,65.709928
-10.0,1,65.714844
-10.0,2,65.722867
-10.0,1,65.727803
-10.0,1,65.732614
-10.0,1,65.738613
-10.0,3,65.748162
-10.0,1,65.753238
-10.0,1,65.758165
-10.0,1,65.762944
-10.0,1,65.767995
-10.0,1,65.772872
-10.0,1,65.77772
-10.0,2,65.785132
-10.0,2,65.7923
-10.0,1,65.7971
-10.0,2,65.804529
-10.0,1,65.809416
-10.0,1,65.814256
-10.0,4,65.826411
-10.0,1,65.831474
-10.0,1,65.836478
-10.0,1,65.841298
-10.0,2,65.84882
-10.0,2,65.856201
-10.0,1,65.860998
-10.0,3,65.871134
-10.0,1,65.87601
-10.0,1,65.88115
-10.0,1,65.885963
-10.0,2,65.893107
-10.0,1,65.898724
-10.0,4,65.910838
-10.0,1,65.915829
-10.0,1,65.920625
-10.0,1,65.925368
-10.0,1,65.930511
-10.0,1,65.935352
-10.0,3,65.945006
-10.0,1,65.949914
-10.0,3,65.959504
-10.0,2,65.966713
-10.0,1,65.97148
-10.0,1,65.976534
-10.0,2,65.983702
-10.0,1,65.988427
-10.0,1,65.99337
-10.0,1,65.998232
-10.0,1,66.003016
-10.0,1,66.008006
-10.0,1,66.012891
-10.0,2,66.020026
-10.0,1,66.024979
-10.0,4,66.037024
-10.0,1,66.041901
-10.0,1,66.046852
-10.0,1,66.051648
-10.0,1,66.056788
-10.0,1,66.061611
-10.0,1,66.066453
-10.0,1,66.071865
-10.0,1,66.076795
-10.0,2,66.084062
-10.0,1,66.088997
-10.0,1,66.093807
-10.0,1,66.098588
-10.0,2,66.106
-10.0,3,66.115484
-10.0,1,66.120562
-10.0,1,66.125382
-10.0,1,66.130165
-10.0,1,66.135173
-10.0,1,66.140009
-10.0,1,66.144812
-10.0,2,66.152165
-10.0,2,66.159339
-10.0,2,66.166708
-67.2,1,66.171605
-10.0,1,66.176418
-10.0,1,66.181351
-10.0,1,66.186739
-10.0,5,66.201361
-10.0,1,66.206258
-10.0,3,66.21604
-10.0,1,66.220954
-10.0,2,66.228085
-10.0,2,66.235486
-10.0,1,66.2403
-10.0,1,66.245154
-10.0,1,66.250124
-10.0,1,66.254891
-10.0,3,66.264727
-10.0,1,66.269592
-10.0,1,66.274426
-10.0,1,66.279442
-10.0,1,66.284321
-10.0,1,66.289101
-10.0,2,66.296477
-10.0,1,66.301309
-10.0,1,66.306042
-10.0,2,66.313406
-10.0,1,66.318223
-10.0,5,66.332631
-10.0,1,66.337462
-10.0,1,66.342492
-10.0,1,66.347346
-10.0,4,66.359367
-10.0,1,66.364267
-10.0,5,66.379345
-10.0,1,66.38431
-10.0,1,66.389277
-10.0,2,66.396434
-10.0,1,66.401268
-10.0,1,66.406266
-10.0,1,66.41111
-10.0,3,66.420485
-10.0,1,66.425482
-10.0,1,66.430318
-10.0,1,66.435048
-10.0,1,66.441536
-10.0,1,66.446779
-10.0,1,66.451578
-10.0,2,66.458954
-10.0,1,66.463973
-10.0,7,66.483025
-10.0,1,66.488046
-10.0,2,66.495349
-10.0,2,66.503145
-10.0,1,66.508059
-10.0,3,66.518037
-10.0,1,66.522934
-10.0,1,66.527713
-10.0,1,66.532699
-10.0,1,66.537821
-10.0,3,66.547287
-10.0,1,66.55234
-10.0,1,66.557187
-10.0,2,66.564243
-10.0,1,66.569409
-10.0,1,66.574224
-10.0,1,66.579033
-10.0,1,66.584025
-10.0,1,66.588854
-10.0,1,66.593601
-10.0,1,66.598595
-10.0,3,66.608055
-10.0,1,66.613045
-10.0,1,66.617896
-10.0,3,66.627471
-10.0,1,66.632741
-10.0,1,66.637645
-10.0,1,66.642402
-10.0,3,66.652125
-10.0,1,66.656966
-10.0,2,66.664248
-10.0,1,66.669059
-10.0,2,66.676255
-10.0,1,66.681212
-10.0,1,66.686044
-10.0,1,66.690803
-10.0,3,66.701134
-10.0,1,66.706079
-10.0,1,66.711179
-10.0,4,66.722958
-10.0,1,66.728078
-10.0,1,66.733034
-10.0,1,66.737825
-10.0,1,66.743618
-10.0,1,66.748638
-10.0,1,66.753426
-10.0,2,66.760797
-10.0,1,66.76561
-10.0,1,66.770397
-10.0,1,66.775565
-10.0,2,66.782807
-10.0,1,66.787622
-10.0,1,66.792757
-10.0,2,66.799962
-10.0,1,66.804754
-10.0,1,66.809767
-10.0,1,66.814578
-10.0,1,66.819362
-10.0,2,66.827423
-10.0,1,66.83229
-10.0,1,66.837086
-10.0,1,66.842881
-10.0,3,66.8524
-10.0,1,66.857782
-10.0,1,66.865438
-10.0,1,66.87399
-10.0,1,66.880083
-10.0,2,66.887764
-10.0,1,66.892724
-10.0,1,66.897498
-10.0,1,66.902333
-10.0,1,66.907099
-10.0,3,66.916465
-10.0,1,66.92161
-10.0,1,66.926368
-10.0,1,66.931067
-10.0,1,66.935923
-10.0,1,66.940667
-10.0,1,66.945367
-10.0,1,66.950152
-10.0,1,66.955301
-10.0,2,66.962434
-10.0,1,66.967373
-10.0,1,66.972293
-10.0,2,66.979432
-10.0,1,66.984352
-10.0,1,66.989111
-10.0,1,66.993798
-10.0,1,66.998537
-10.0,1,67.003433
-10.0,3,67.012741
-10.0,1,67.018312
-10.0,3,67.027894
-10.0,1,67.0329
-10.0,2,67.040079
-10.0,1,67.044843
-10.0,1,67.049955
-10.0,1,67.054757
-10.0,2,67.06186
-10.0,1,67.067858
-10.0,1,67.07278
-10.0,1,67.077609
-10.0,1,67.08273
-10.0,1,67.08757
-10.0,1,67.092369
-10.0,1,67.097441
-10.0,2,67.104598
-10.0,2,67.111878
-10.0,2,67.119098
-10.0,1,67.123865
-10.0,2,67.131192
-10.0,2,67.138307
-10.0,1,67.143077
-10.0,1,67.148064
-10.0,3,67.157443
-10.0,1,67.162458
-10.0,1,67.167293
-10.0,1,67.17207
-10.0,1,67.177047
-10.0,1,67.181875
-10.0,1,67.186666
-10.0,1,67.191545
-10.0,3,67.201185
-10.0,1,67.205967
-10.0,1,67.213327
-10.0,1,67.22159
-10.0,1,67.227286
-10.0,3,67.236741
-10.0,2,67.244242
-10.0,1,67.249154
-10.0,1,67.25394
-10.0,2,67.261345
-10.0,2,67.26852
-10.0,1,67.273495
-10.0,3,67.28304
-10.0,1,67.287827
-10.0,3,67.29741
-10.0,1,67.302233
-10.0,1,67.307294
-10.0,2,67.314481
-10.0,3,67.324256
-10.0,1,67.329208
-10.0,3,67.339299
-10.0,1,67.344265
-10.0,4,67.356158
-10.0,1,67.361012
-10.0,1,67.365814
-10.0,2,67.373327
-10.0,3,67.382886
-10.0,1,67.387858
-10.0,3,67.397335
-10.0,1,67.402393
-10.0,1,67.40732
-10.0,1,67.412177
-10.0,2,67.419475
-10.0,2,67.426594
-10.0,2,67.433835
-10.0,1,67.438754
-10.0,1,67.443561
-10.0,1,67.448331
-10.0,1,67.453358
-10.0,1,67.458128
-10.0,4,67.470102
-10.0,3,67.479581
-10.0,1,67.484603
-10.0,1,67.489467
-10.0,2,67.496644
-10.0,1,67.501725
-10.0,1,67.506557
-10.0,3,67.516172
-10.0,1,67.521014
-10.0,2,67.528115
-10.0,1,67.53343
-10.0,2,67.540933
-10.0,1,67.545752
-10.0,1,67.550853
-10.0,3,67.560271
-10.0,2,67.567698
-10.0,1,67.572514
-10.0,1,67.57728
-10.0,1,67.582802
-10.0,1,67.588072
-10.0,4,67.601414
-10.0,2,67.609426
-10.0,1,67.614868
-10.0,1,67.620144
-10.0,1,67.625683
-10.0,1,67.631029
-10.0,1,67.636281
-10.0,2,67.644424
-10.0,1,67.649804
-10.0,1,67.655084
-10.0,2,67.663319
-10.0,4,67.676341
-10.0,1,67.681772
-10.0,2,67.689863
-10.0,1,67.695276
-10.0,2,67.703126
-10.0,1,67.708379
-10.0,1,67.713258
-10.0,2,67.720476
-10.0,2,67.728338
-10.0,1,67.733299
-10.0,1,67.738405
-10.0,2,67.745711
-10.0,3,67.756178
-10.0,2,67.763465
-10.0,1,67.768251
-10.0,1,67.773285
-10.0,1,67.778131
-10.0,1,67.782946
-10.0,1,67.788036
-10.0,2,67.795195
-10.0,1,67.800071
-10.0,1,67.806756
-10.0,3,67.816228
-10.0,1,67.821385
-10.0,2,67.828438
-10.0,2,67.835809
-10.0,3,67.845162
-10.0,1,67.85008
-10.0,1,67.854876
-10.0,1,67.859623
-10.0,2,67.866927
-10.0,1,67.871866
-10.0,1,67.876608
-10.0,4,67.888471
-10.0,2,67.89598
-10.0,3,67.905978
-10.0,2,67.913082
-10.0,4,67.925027
-10.0,2,67.932344
-10.0,1,67.93717
-10.0,1,67.941903
-10.0,2,67.949223
-10.0,1,67.954091
-10.0,1,67.958825
-10.0,1,67.963781
-10.0,2,67.970931
-10.0,2,67.978024
-10.0,1,67.98306
-10.0,2,67.990096
-10.0,3,67.999974
-10.0,4,68.011867
-10.0,2,68.018974
-10.0,1,68.023678
-10.0,1,68.029137
-10.0,1,68.034438
-10.0,1,68.039204
-10.0,1,68.044109
-10.0,1,68.048909
-10.0,1,68.05363
-10.0,1,68.058545
-10.0,2,68.065919
-10.0,1,68.070708
-10.0,1,68.075742
-10.0,1,68.080535
-10.0,1,68.085282
-10.0,3,68.094894
-10.0,1,68.099713
-10.0,2,68.106846
-10.0,1,68.111744
-10.0,1,68.116501
-10.0,1,68.121206
-10.0,3,68.13081
-10.0,1,68.13556
-10.0,2,68.142743
-10.0,2,68.149835
-10.0,4,68.161728
-10.0,1,68.166504
-10.0,1,68.171393
-10.0,1,68.176349
-10.0,2,68.183405
-10.0,1,68.188437
-10.0,1,68.193256
-10.0,3,68.202595
-10.0,5,68.216721
-10.0,1,68.221814
-10.0,1,68.226665
-10.0,2,68.233666
-10.0,1,68.238893
-10.0,1,68.244059
-10.0,2,68.251211
-10.0,1,68.25627
-10.0,1,68.26106
-10.0,1,68.265806
-10.0,1,68.270755
-10.0,2,68.277784
-10.0,1,68.282528
-10.0,3,68.292084
-10.0,1,68.296876
-10.0,1,68.301705
-85.5,1,68.306508
-10.0,1,68.311231
-10.0,1,68.315957
-10.0,1,68.321053
-10.0,2,68.32813
-10.0,2,68.335461
-10.0,1,68.340294
-10.0,2,68.347342
-10.0,1,68.352401
-10.0,1,68.35716
-10.0,1,68.361859
-10.0,2,68.369156
-10.0,1,68.373937
-10.0,1,68.378795
-10.0,1,68.383833
-10.0,1,68.388664
-10.0,3,68.398375
-10.0,1,68.403344
-10.0,1,68.408092
-10.0,4,68.421139
-10.0,3,68.430945
-10.0,1,68.43577
-10.0,2,68.442779
-10.0,2,68.450176
-10.0,3,68.459553
-10.0,3,68.469167
-10.0,1,68.473941
-10.0,1,68.478862
-10.0,1,68.483662
-10.0,3,68.492949
-10.0,2,68.500322
-10.0,1,68.505087
-10.0,1,68.510039
-10.0,1,68.514965
-10.0,1,68.51975
-10.0,2,68.527086
-10.0,2,68.534296
-10.0,2,68.541382
-10.0,1,68.546684
-10.0,1,68.551562
-10.0,1,68.556322
-10.0,1,68.561502
-10.0,1,68.566312
-10.0,2,68.573401
-10.0,1,68.578372
-10.0,1,68.583193
-10.0,4,68.595189
-10.0,1,68.600071
-10.0,1,68.604875
-10.0,1,68.61007
-10.0,1,68.614874
-10.0,1,68.619656
-10.0,1,68.624699
-10.0,1,68.62953
-10.0,3,68.639054
-10.0,1,68.643888
-10.0,1,68.648672
-10.0,2,68.655964
-10.0,4,68.667837
-10.0,1,68.672942
-10.0,2,68.680094
-10.0,1,68.684934
-10.0,5,68.699059
-10.0,4,68.711041
-10.0,1,68.715902
-10.0,2,68.723276
-10.0,2,68.730465
-10.0,1,68.735354
-10.0,1,68.740203
-10.0,1,68.744988
-10.0,4,68.757492
-10.0,1,68.762535
-10.0,1,68.767581
-10.0,1,68.773365
-10.0,2,68.780586
-10.0,1,68.785581
-10.0,1,68.790419
-10.0,1,68.795218
-10.0,1,68.800195
-10.0,2,68.807368
-10.0,1,68.812136
-10.0,1,68.817027
-10.0,1,68.82188
-10.0,5,68.836097
-10.0,1,68.840917
-10.0,1,68.845719
-10.0,1,68.850786
-10.0,1,68.855602
-10.0,1,68.860372
-10.0,3,68.870048
-10.0,1,68.874877
-10.0,1,68.879681
-10.0,1,68.88467
-10.0,1,68.889426
-10.0,1,68.89418
-10.0,1,68.899487
-10.0,1,68.904384
-10.0,1,68.909136
-10.0,1,68.914227
-10.0,1,68.91903
-10.0,1,68.923804
-10.0,3,68.933479
-10.0,2,68.940623
-10.0,3,68.950293
-10.0,1,68.95515
-10.0,3,68.964769
-10.0,1,68.969595
-10.0,1,68.974377
-10.0,1,68.979436
-10.0,1,68.98427
-10.0,1,68.989047
-10.0,1,68.994
-10.0,2,69.001226
-10.0,1,69.006015
-10.0,1,69.011109
-10.0,1,69.015926
-10.0,2,69.023028
-10.0,2,69.030338
-10.0,1,69.03513
-10.0,1,69.040126
-10.0,1,69.045052
-10.0,3,69.054446
-10.0,1,69.060292
-10.0,1,69.065232
-10.0,1,69.070009
-10.0,1,69.075042
-10.0,1,69.079916
-10.0,1,69.084694
-10.0,1,69.089693
-10.0,3,69.099111
-10.0,1,69.104093
-10.0,3,69.113549
-10.0,3,69.123063
-10.0,4,69.134787
-10.0,1,69.139851
-10.0,1,69.144632
-10.0,1,69.149433
-10.0,2,69.156793
-10.0,1,69.161686
-10.0,1,69.166432
-10.0,2,69.174956
-10.0,1,69.179982
-10.0,2,69.187458
-10.0,1,69.192305
-10.0,3,69.202159
-10.0,1,69.207057
-10.0,1,69.212067
-10.0,1,69.216979
-10.0,1,69.222056
-10.0,3,69.231697
-10.0,4,69.243773
-10.0,4,69.25582
-10.0,1,69.260609
-10.0,1,69.266131
-10.0,3,69.281305
-10.0,2,69.28866
-10.0,1,69.293455
-10.0,1,69.298414
-10.0,1,69.303203
-10.0,2,69.310352
-10.0,1,69.315398
-10.0,2,69.322582
-10.0,1,69.327441
-10.0,3,69.337188
-10.0,1,69.341997
-10.0,2,69.34942
-10.0,2,69.356609
-10.0,2,69.364014
-10.0,1,69.368848
-10.0,2,69.375973
-10.0,1,69.381013
-10.0,2,69.388098
-10.0,1,69.393151
-10.0,2,69.40044
-10.0,1,69.405231
-10.0,1,69.410169
-10.0,1,69.414981
-10.0,3,69.424479
-10.0,1,69.429581
-10.0,1,69.434399
-10.0,1,69.439165
-10.0,2,69.446531
-10.0,2,69.453712
-10.0,4,69.465561
-10.0,1,69.470359
-10.0,1,69.47543
-10.0,2,69.482631
-10.0,2,69.490024
-10.0,1,69.494906
-10.0,3,69.504322
-10.0,8,69.525667
-10.0,2,69.532894
-10.0,1,69.537856
-10.0,1,69.542657
-10.0,1,69.547458
-10.0,2,69.554887
-10.0,1,69.559994
-10.0,1,69.564837
-10.0,1,69.569776
-10.0,1,69.574629
-10.0,2,69.581836
-10.0,1,69.586839
-10.0,1,69.591828
-10.0,3,69.601506
-10.0,1,69.606418
-10.0,2,69.613523
-10.0,1,69.618527
-10.0,1,69.623378
-10.0,2,69.630507
-10.0,1,69.635516
-10.0,1,69.640377
-10.0,1,69.645187
-10.0,1,69.650109
-10.0,1,69.654964
-10.0,1,69.659739
-10.0,1,69.664522
-10.0,1,69.669521
-10.0,5,69.683813
-10.0,1,69.688669
-10.0,1,69.693454
-10.0,1,69.698453
-10.0,1,69.703284
-10.0,1,69.708023
-10.0,2,69.715225
-10.0,1,69.720018
-10.0,1,69.724782
-10.0,1,69.729879
-10.0,2,69.737061
-10.0,2,69.744199
-10.0,2,69.751734
-10.0,2,69.758919
-10.0,2,69.766321
-10.0,1,69.771166
-10.0,1,69.775921
-10.0,1,69.782706
-10.0,2,69.789921
-10.0,1,69.795249
-10.0,1,69.800552
-10.0,2,69.807711
-10.0,2,69.815237
-10.0,1,69.820119
-10.0,1,69.825175
-10.0,1,69.830059
-10.0,2,69.837171
-10.0,1,69.842187
-10.0,1,69.847166
-10.0,3,69.856541
-10.0,2,69.863956
-10.0,1,69.86877
-10.0,1,69.873824
-10.0,1,69.878774
-10.0,1,69.883633
-10.0,1,69.888399
-10.0,1,69.893405
-10.0,2,69.90056
-10.0,2,69.908071
-10.0,1,69.912951
-10.0,1,69.917771
-10.0,2,69.925087
-10.0,1,69.929957
-10.0,2,69.937037
-10.0,1,69.942122
-10.0,2,69.949261
-10.0,2,69.956709
-10.0,1,69.961596
-10.0,2,69.968693
-10.0,1,69.973822
-10.0,2,69.980973
-10.0,2,69.988309
-10.0,1,69.993155
-10.0,1,69.997932
-10.0,1,70.003008
-10.0,1,70.00785
-10.0,1,70.012634
-10.0,1,70.017393
-10.0,1,70.022354
-10.0,1,70.027107
-10.0,2,70.034437
-10.0,2,70.041574
-10.0,1,70.046381
-10.0,1,70.051482
-10.0,2,70.058676
-10.0,1,70.063421
-10.0,4,70.075213
-10.0,2,70.082549
-10.0,3,70.091901
-10.0,2,70.099191
-10.0,1,70.104002
-10.0,2,70.111098
-10.0,1,70.116082
-10.0,2,70.123188
-10.0,1,70.127924
-10.0,3,70.137429
-10.0,1,70.142157
-10.0,4,70.154735
-10.0,1,70.159626
-10.0,3,70.169217
-10.0,1,70.173969
-10.0,1,70.179044
-10.0,3,70.188471
-10.0,1,70.193445
-10.0,2,70.200615
-10.0,1,70.205353
-10.0,1,70.210358
-10.0,1,70.215176
-10.0,2,70.222156
-10.0,1,70.227027
-10.0,1,70.231826
-10.0,1,70.236573
-10.0,1,70.241502
-10.0,6,70.258038
-10.0,2,70.265171
-10.0,1,70.269908
-10.0,2,70.277249
-10.0,1,70.282094
-10.0,1,70.286803
-10.0,2,70.294173
-10.0,2,70.301229
-10.0,1,70.306417
-10.0,1,70.313781
-10.0,1,70.318793
-10.0,1,70.323887
-10.0,1,70.328755
-10.0,2,70.335777
-10.0,1,70.340914
-10.0,2,70.347993
-10.0,4,70.359744
-10.0,1,70.364528
-10.0,1,70.369244
-10.0,2,70.376534
-10.0,1,70.381341
-10.0,1,70.386828
-10.0,1,70.391789
-10.0,2,70.398935
-10.0,1,70.403951
-10.0,1,70.408695
-10.0,1,70.413515
-10.0,1,70.418867
-10.0,2,70.42672
-10.0,1,70.431678
-10.0,2,70.439064
-10.0,2,70.446248
-10.0,1,70.451272
-10.0,1,70.456133
-10.0,1,70.460925
-10.0,1,70.465924
-10.0,5,70.479977
-10.0,1,70.485055
-10.0,1,70.489892
-10.0,2,70.496984
-10.0,2,70.504355
-10.0,1,70.509168
-10.0,2,70.516477
-10.0,1,70.521293
-10.0,1,70.526089
-10.0,1,70.532023
-10.0,1,70.539667
-10.0,1,70.544676
-10.0,1,70.549764
-10.0,1,70.554563
-10.0,1,70.559378
-10.0,1,70.564831
-10.0,2,70.572033
-10.0,1,70.576974
-10.0,1,70.582063
-10.0,2,70.589162
-10.0,5,70.603605
-10.0,2,70.611499
-10.0,2,70.618876
-10.0,1,70.623743
-10.0,1,70.628997
-10.0,3,70.638545
-10.0,1,70.643726
-10.0,1,70.648784
-10.0,1,70.653528
-10.0,1,70.658507
-10.0,1,70.663396
-10.0,4,70.675583
-10.0,1,70.680603
-10.0,1,70.6854
-10.0,1,70.690573
-10.0,1,70.695562
-10.0,2,70.702735
-10.0,1,70.708005
-10.0,3,70.717454
-10.0,3,70.727823
-10.0,1,70.732795
-10.0,1,70.737837
-10.0,1,70.742696
-10.0,3,70.752108
-10.0,1,70.757158
-10.0,1,70.761979
-10.0,1,70.766766
-10.0,1,70.771823
-10.0,4,70.783665
-10.0,1,70.789734
-10.0,1,70.794604
-10.0,5,70.808992
-10.0,1,70.813908
-10.0,1,70.819341
-10.0,1,70.824669
-10.0,2,70.831921
-10.0,1,70.837009
-10.0,2,70.844199
-10.0,1,70.8493
-10.0,3,70.858812
-10.0,1,70.863698
-10.0,1,70.868801
-10.0,2,70.875893
-10.0,1,70.881061
-10.0,1,70.885911
-10.0,1,70.890711
-10.0,3,70.900515
-10.0,1,70.905289
-10.0,1,70.910174
-10.0,1,70.915313
-10.0,1,70.920162
-10.0,1,70.924958
-10.0,2,70.932596
-10.0,2,70.93986
-10.0,1,70.945061
-10.0,2,70.952203
-10.0,1,70.956982
-10.0,3,70.967002
-10.0,3,70.976829
-10.0,1,70.981915
-53.7,1,70.986731
-10.0,1,70.991955
-10.0,1,70.996971
-10.0,2,71.004122
-10.0,1,71.009133
-10.0,1,71.014057
-10.0,1,71.018806
-10.0,2,71.026095
-10.0,2,71.033278
-10.0,1,71.038277
-10.0,1,71.043135
-10.0,3,71.052574
-10.0,1,71.057639
-10.0,1,71.062495
-10.0,1,71.067267
-10.0,1,71.072343
-10.0,1,71.077252
-10.0,3,71.087078
-10.0,1,71.091999
-10.0,4,71.103932
-10.0,2,71.111137
-10.0,2,71.118719
-10.0,2,71.12592
-10.0,1,71.130708
-10.0,1,71.13565
-10.0,2,71.142776
-10.0,1,71.147575
-10.0,2,71.155073
-10.0,2,71.162263
-10.0,2,71.169909
-10.0,1,71.174939
-10.0,3,71.184651
-10.0,1,71.189522
-10.0,1,71.194297
-10.0,2,71.20158
-10.0,1,71.206377
-10.0,2,71.213509
-10.0,1,71.218514
-10.0,2,71.225682
-10.0,3,71.235196
-10.0,1,71.240051
-10.0,2,71.247393
-10.0,1,71.252221
-10.0,1,71.257016
-10.0,1,71.261876
-10.0,1,71.266841
-10.0,1,71.271803
-10.0,1,71.276617
-10.0,1,71.281741
-10.0,1,71.286575
-10.0,1,71.291326
-10.0,3,71.300912
-10.0,1,71.305769
-10.0,1,71.31082
-38.4,2,71.318124
-10.0,1,71.322902
-10.0,1,71.327942
-10.0,2,71.33512
-10.0,1,71.339893
-10.0,1,71.345236
-10.0,1,71.350502
-10.0,2,71.35769
-10.0,2,71.365155
-10.0,2,71.372277
-10.0,1,71.377309
-10.0,2,71.384449
-10.0,2,71.391772
-10.0,1,71.39665
-10.0,1,71.401451
-10.0,1,71.406334
-10.0,1,71.411248
-10.0,1,71.416051
-10.0,2,71.42354
-10.0,1,71.428515
-10.0,1,71.43333
-10.0,3,71.442956
-10.0,1,71.447798
-10.0,1,71.452553
-10.0,1,71.457676
-10.0,1,71.46251
-10.0,2,71.469619
-10.0,2,71.476968
-10.0,1,71.481767
-10.0,3,71.491413
-10.0,2,71.498563
-10.0,2,71.505919
-10.0,1,71.510826
-10.0,2,71.51795
-10.0,1,71.523043
-10.0,1,71.527926
-10.0,1,71.532723
-10.0,1,71.537648
-10.0,1,71.542457
-10.0,2,71.549565
-10.0,1,71.554807
-10.0,2,71.561942
-10.0,1,71.566723
-10.0,2,71.574114
-10.0,1,71.578915
-10.0,4,71.591116
-10.0,1,71.59601
-10.0,1,71.601063
-10.0,1,71.605913
-10.0,1,71.610756
-10.0,2,71.618081
-10.0,1,71.622883
-10.0,1,71.627672
-10.0,2,71.635179
-10.0,3,71.644661
-10.0,1,71.649738
-10.0,1,71.65463
-10.0,2,71.661722
-10.0,1,71.666821
-10.0,2,71.673935
-10.0,1,71.678735
-10.0,2,71.686017
-10.0,1,71.690857
-10.0,2,71.698163
-10.0,1,71.703028
-10.0,6,71.719564
-10.0,1,71.724359
-10.0,1,71.72952
-10.0,1,71.734361
-10.0,1,71.739139
-10.0,1,71.744032
-10.0,2,71.751209
-10.0,1,71.755966
-10.0,1,71.76103
-10.0,1,71.76585
-10.0,1,71.770589
-10.0,1,71.775528
-10.0,1,71.780407
-10.0,2,71.787635
-10.0,2,71.796057
-10.0,2,71.803266
-10.0,1,71.80834
-10.0,2,71.815521
-10.0,1,71.820271
-10.0,1,71.826049
-10.0,1,71.830957
-10.0,2,71.838063
-10.0,1,71.844029
-10.0,1,71.84892
-10.0,1,71.853719
-10.0,2,71.861637
-10.0,1,71.866554
-10.0,2,71.874047
-10.0,1,71.878902
-10.0,2,71.886024
-10.0,1,71.892468
-10.0,2,71.899736
-10.0,3,71.909476
-10.0,3,71.919004
-10.0,1,71.923933
-10.0,2,71.931132
-10.0,1,71.936074
-10.0,1,71.941059
-10.0,1,71.945869
-10.0,2,71.953252
-10.0,1,71.958088
-10.0,3,71.967506
-10.0,4,72.085465
-10.0,2,72.097112
-10.0,3,72.107301
-10.0,2,72.115065
-10.0,1,72.120012
-10.0,1,72.1248
-10.0,2,72.132541
-10.0,3,72.142062
-10.0,1,72.149793
-10.0,1,72.154982
-10.0,3,72.164436
-10.0,1,72.16955
-10.0,1,72.174417
-10.0,2,72.181523
-10.0,1,72.18659
-10.0,1,72.191438
-10.0,1,72.196226
-10.0,1,72.201281
-10.0,1,72.206129
-10.0,1,72.210989
-10.0,1,72.215894
-10.0,1,72.22077
-10.0,3,72.230181
-10.0,2,72.237824
-10.0,2,72.244993
-10.0,2,72.252395
-10.0,2,72.259576
-10.0,1,72.264613
-10.0,1,72.269497
-10.0,1,72.27428
-10.0,1,72.279052
-10.0,1,72.284057
-10.0,1,72.288888
-10.0,1,72.293732
-10.0,2,72.301096
-10.0,1,72.305898
-10.0,2,72.313237
-10.0,1,72.318048
-10.0,1,72.322835
-10.0,1,72.327603
-10.0,1,72.332663
-10.0,2,72.339781
-10.0,1,72.344774
-10.0,2,72.352017
-10.0,1,72.356796
-10.0,3,72.370391
-10.0,2,72.3798
-10.0,1,72.384647
-10.0,1,72.389496
-10.0,1,72.394546
-10.0,1,72.399443
-10.0,2,72.406579
-10.0,2,72.414917
-10.0,1,72.419891
-10.0,1,72.425059
-10.0,1,72.430285
-10.0,2,72.437426
-10.0,1,72.442752
-10.0,2,72.450115
-10.0,1,72.455099
-10.0,2,72.462415
-10.0,2,72.469615
-10.0,3,72.479495
-10.0,1,72.484371
-10.0,1,72.489541
-10.0,1,72.49444
-10.0,1,72.499315
-10.0,1,72.504334
-10.0,2,72.511643
-10.0,1,72.516423
-10.0,2,72.523831
-10.0,3,72.53342
-10.0,2,72.540758
-10.0,2,72.547898
-10.0,2,72.555206
-10.0,1,72.560042
-10.0,3,72.569872
-10.0,2,72.577047
-10.0,3,72.5867
-10.0,5,72.60105
-10.0,1,72.606178
-10.0,1,72.611027
-10.0,2,72.618639
-10.0,1,72.623634
-10.0,2,72.630851
-10.0,2,72.638085
-10.0,2,72.645213
-10.0,1,72.650639
-10.0,1,72.655489
-10.0,2,72.662722
-10.0,1,72.667707
-10.0,1,72.672525
-10.0,1,72.677275
-10.0,1,72.682303
-10.0,1,72.687131
-10.0,2,72.694218
-10.0,5,72.708858
-10.0,1,72.714018
-10.0,3,72.7235
-10.0,1,72.728607
-10.0,5,72.742898
-10.0,1,72.747838
-10.0,1,72.752719
-10.0,2,72.760079
-10.0,3,72.769528
-10.0,1,72.774321
-10.0,1,72.779353
-10.0,1,72.78415
-10.0,2,72.7916
-10.0,1,72.796475
-10.0,1,72.801316
-10.0,1,72.806039
-10.0,3,72.816561
-10.0,1,72.821428
-10.0,1,72.826488
-10.0,1,72.831368
-10.0,1,72.836143
-10.0,1,72.84115
-10.0,2,72.848323
-10.0,2,72.855549
-10.0,1,72.860409
-10.0,3,72.869835
-10.0,1,72.875437
-10.0,2,72.882933
-10.0,1,72.888009
-10.0,1,72.894525
-10.0,1,72.900697
-10.0,1,72.906122
-10.0,1,72.911057
-10.0,1,72.915869
-10.0,1,72.920805
-10.0,1,72.925623
-10.0,1,72.930395
-10.0,1,72.935415
-10.0,1,72.940242
-10.0,2,72.947341
-10.0,3,72.957122
-10.0,2,72.964346
-10.0,1,72.969438
-10.0,1,72.974235
-10.0,2,72.981307
-10.0,2,72.992478
-10.0,1,73.000361
-10.0,1,73.008826
-10.0,2,73.020694
-10.0,3,73.034623
-10.0,3,73.045184
-10.0,1,73.05017
-10.0,1,73.055041
-10.0,1,73.061711
-10.0,1,73.067899
-10.0,1,73.074488
-10.0,1,73.079447
-10.0,1,73.084756
-10.0,1,73.090262
-10.0,2,73.098965
-10.0,2,73.10677
-10.0,1,73.112148
-10.0,1,73.116164
-10.0,1,73.123476
-10.0,2,73.134581
-10.0,1,73.140775
-10.0,1,73.148527
-10.0,1,73.156063
-10.0,1,73.162606
-10.0,2,73.171972
-10.0,1,73.177143
-10.0,1,73.182959
-10.0,1,73.189043
-10.0,1,73.196037
-10.0,1,73.202047
-10.0,1,73.208698
-10.0,1,73.215542
-10.0,1,73.221409
-10.0,1,73.226598
-10.0,2,73.234001
-10.0,2,73.241828
-10.0,1,73.248044
-10.0,4,73.263973
-10.0,1,73.270044
-10.0,1,73.276833
-10.0,1,73.283195
-10.0,1,73.288145
-10.0,1,73.292472
-10.0,1,73.296732
-10.0,1,73.301356
-10.0,1,73.305557
-10.0,1,73.310844
-10.0,1,73.317971
-10.0,1,73.323956
-10.0,1,73.331276
-10.0,1,73.337344
-10.0,2,76.229663
-10.0,3,76.243138
-10.0,1,76.250031
-10.0,3,76.263309
-10.0,2,76.273469
-10.0,1,76.280294
-10.0,1,76.287141
-10.0,9,76.31962
-10.0,1,76.32652
-10.0,2,76.336596
-10.0,11,76.375762
-10.0,1,76.380722
-10.0,3,76.390308
-10.0,1,76.395311
-10.0,2,76.402432
-10.0,1,76.407284
-10.0,1,76.412213
-10.0,2,76.419376
-10.0,1,76.424407
-10.0,4,76.436331
-10.0,1,76.441432
-10.0,2,76.448822
-10.0,5,76.463707
-10.0,2,76.471117
-10.0,1,76.476075
-10.0,1,76.480923
-10.0,3,76.491132
-10.0,4,76.503352
-10.0,3,76.513035
-10.0,1,76.517871
-10.0,4,76.529922
-10.0,2,76.537254
-10.0,4,76.549056
-10.0,1,76.554196
-10.0,4,76.566093
-10.0,1,76.571199
-10.0,1,76.57607
-10.0,2,76.583369
-10.0,1,76.588253
-10.0,2,76.595383
-10.0,1,76.600397
-10.0,3,76.609876
-10.0,3,76.619591
-10.0,2,76.62679
-10.0,4,76.638741
-10.0,1,76.643614
-10.0,2,76.651109
-10.0,4,76.66302
-10.0,1,76.668427
-10.0,2,76.675696
-10.0,1,76.68086
-10.0,1,76.685833
-10.0,2,76.692987
-10.0,1,76.69798
-10.0,1,76.702834
-10.0,1,76.707606
-10.0,1,76.712622
-10.0,1,76.717607
-10.0,1,76.722393
-10.0,1,76.727168
-10.0,1,76.732558
-10.0,2,76.739729
-10.0,4,76.7517
-10.0,4,76.763676
-10.0,1,76.768538
-10.0,3,76.778186
-10.0,1,76.783038
-10.0,1,76.787807
-10.0,2,76.795135
-10.0,5,76.809682
-10.0,1,76.814621
-10.0,1,76.819414
-10.0,4,76.832064
-10.0,1,76.836925
-10.0,1,76.84278
-10.0,3,76.852339
-10.0,1,76.858085
-10.0,1,76.863134
-10.0,2,76.870269
-10.0,1,76.875336
-10.0,1,76.88018
-10.0,1,76.884921
-10.0,3,76.894518
-10.0,3,76.904017
-10.0,3,76.913677
-10.0,2,76.920926
-10.0,1,76.925842
-10.0,1,76.930698
-10.0,1,76.935444
-10.0,3,76.945175
-10.0,1,76.949956
-10.0,2,76.957199
-10.0,4,76.968968
-10.0,3,76.978874
-10.0,2,76.986189
-10.0,2,76.993488
-10.0,2,77.000627
-10.0,1,77.006308
-10.0,2,77.01369
-10.0,3,77.023834
-10.0,5,77.038375
-10.0,2,77.045712
-10.0,2,77.053811
-10.0,2,77.06107
-10.0,1,77.066011
-10.0,4,77.077849
-10.0,3,77.087582
-10.0,1,77.092436
-10.0,1,77.09728
-10.0,4,77.109716
-10.0,1,77.114967
-10.0,1,77.119959
-10.0,1,77.124753
-10.0,4,77.136709
-10.0,5,77.150977
-10.0,5,77.165197
-10.0,1,77.170025
-10.0,2,77.177124
-10.0,4,77.189236
-10.0,2,77.1967
-10.0,1,77.201559
-10.0,2,77.208739
-10.0,1,77.213576
-10.0,1,77.21838
-10.0,3,77.228015
-10.0,4,77.239818
-10.0,4,77.251757
-10.0,1,77.256568
-10.0,5,77.270904
-10.0,1,77.275967
-10.0,1,77.280806
-10.0,10,77.306934
-10.0,1,77.311869
-10.0,2,77.31896
-10.0,2,77.326416
-10.0,5,77.340647
-10.0,1,77.349392
-10.0,4,77.361427
-10.0,1,77.366245
-10.0,1,77.371165
-10.0,1,77.376023
-10.0,1,77.380827
-10.0,3,77.390572
-10.0,2,77.397799
-10.0,1,77.402788
-10.0,1,77.407643
-10.0,1,77.41245
-10.0,1,77.417279
-10.0,1,77.422355
-10.0,4,77.434104
-10.0,2,77.441391
-10.0,2,77.448545
-10.0,4,77.460672
-10.0,1,77.465512
-10.0,1,77.470793
-10.0,1,77.475646
-10.0,1,77.480439
-10.0,1,77.485481
-10.0,2,77.492625
-10.0,3,77.502506
-10.0,4,77.514593
-10.0,1,77.520124
-10.0,3,77.530148
-10.0,1,77.537329
-10.0,3,77.551549
-10.0,1,77.556518
-10.0,2,77.563905
-10.0,3,77.573386
-10.0,2,77.582369
-10.0,2,77.594402
-10.0,1,77.602976
-10.0,1,77.610653
-10.0,1,77.615611
-10.0,5,77.629899
-10.0,1,77.634797
-10.0,2,77.641854
-10.0,5,77.655969
-10.0,1,77.661209
-10.0,5,77.675623
-10.0,1,77.680842
-10.0,1,77.685699
-10.0,2,77.693363
-10.0,1,77.698224
-10.0,1,77.703027
-10.0,2,77.710342
-10.0,1,77.71519
-10.0,1,77.719943
-10.0,3,77.729618
-10.0,1,77.734441
-10.0,1,77.739805
-10.0,1,77.74478
-10.0,1,77.749581
-10.0,2,77.756915
-10.0,3,77.766397
-10.0,2,77.773708
-10.0,7,77.792609
-10.0,2,77.799809
-10.0,3,77.809455
-10.0,1,77.814232
-10.0,1,77.819233
-10.0,5,77.833354
-10.0,1,77.838463
-10.0,1,77.843302
-10.0,1,77.84811
-10.0,4,77.860071
-10.0,3,77.870661
-10.0,1,77.875589
-10.0,3,77.885334
-10.0,1,77.890202
-10.0,3,77.899888
-10.0,1,77.904797
-10.0,1,77.909637
-10.0,1,77.914608
-10.0,2,77.921771
-10.0,5,77.936014
-10.0,2,77.943243
-10.0,2,77.950668
-10.0,3,77.960131
-10.0,1,77.965358
-10.0,4,77.977029
-10.0,3,77.986783
-10.0,1,77.991601
-10.0,1,77.996761
-10.0,1,78.001574
-10.0,1,78.006312
-10.0,1,78.011258
-10.0,1,78.016077
-10.0,1,78.020831
-10.0,2,78.029825
-10.0,1,78.038076
-10.0,3,78.048648
-10.0,1,78.053448
-10.0,1,78.05854
-10.0,3,78.068063
-10.0,2,78.077024
-10.0,2,78.086431
-10.0,3,78.097156
-10.0,4,78.110588
-10.0,1,78.115478
-10.0,4,78.130757
-10.0,4,78.151858
-10.0,3,78.16869
-10.0,1,78.176094
-10.0,1,78.183452
-10.0,3,78.199088
-10.0,1,78.20738
-10.0,3,78.222505
-10.0,5,78.242662
-10.0,1,78.246203
-10.0,1,78.249945
-10.0,3,78.259
-10.0,3,78.270426
-10.0,1,78.274175
-10.0,4,78.287423
-10.0,1,78.293875
-10.0,1,78.299801
-10.0,2,78.309264
-10.0,4,78.324729
-10.0,1,78.331403
-10.0,2,78.341267
-10.0,3,78.354049
-10.0,1,78.360176
-10.0,1,78.368191
-10.0,1,78.374294
-10.0,2,78.383348
-10.0,1,78.388332
-10.0,2,78.395996
-10.0,2,78.405194
-10.0,4,78.420928
-10.0,2,78.430323
-10.0,1,78.437249
-10.0,2,78.446977
-10.0,3,78.460236
-10.0,4,78.474641
-10.0,1,78.481377
-10.0,1,78.488467
-10.0,4,78.503287
-10.0,1,78.508353
-10.0,1,78.513328
-10.0,1,78.518413
-10.0,1,78.524046
-10.0,2,78.533291
-10.0,1,78.539154
-10.0,1,78.545178
-10.0,1,78.55125
-10.0,1,78.558662
-10.0,4,78.573477
-10.0,1,78.580784
-10.0,3,78.592727
-10.0,2,78.601012
-10.0,1,78.606708
-10.0,3,78.617729
-10.0,3,78.632788
-10.0,3,78.64476
-10.0,1,78.650213
-10.0,2,78.65751
-10.0,1,78.662784
-10.0,1,78.66872
-10.0,1,78.67436
-10.0,1,78.680219
-10.0,1,78.686291
-10.0,1,78.692199
-10.0,3,78.705886
-10.0,5,78.727168
-10.0,1,78.735215
-10.0,1,78.741508
-10.0,1,78.748178
-10.0,1,78.754313
-10.0,4,78.769121
-10.0,1,78.775092
-10.0,2,78.786312
-10.0,1,78.79419
-10.0,1,78.799993
-10.0,1,78.805365
-10.0,6,78.822409
-10.0,8,78.847352
-10.0,2,78.857046
-10.0,2,78.867596
-10.0,2,78.875629
-10.0,1,78.881161
-10.0,1,78.88954
-10.0,1,78.895226
-10.0,3,78.907688
-10.0,2,78.916033
-10.0,1,78.921882
-10.0,5,78.942789
-10.0,1,78.94896
-10.0,3,78.963184
-10.0,1,78.969245
-10.0,1,78.975076
-10.0,2,78.985586
-10.0,2,78.995095
-10.0,1,79.001295
-10.0,1,79.006897
-10.0,2,79.016728
-10.0,4,79.031733
-10.0,1,79.037969
-10.0,4,79.056914
-10.0,2,79.064467
-10.0,2,79.073822
-10.0,3,79.087907
-10.0,2,79.098811
-10.0,1,79.105768
-10.0,2,79.115432
-10.0,2,79.125825
-10.0,2,79.135231
-10.0,1,79.145862
-10.0,1,79.156421
-10.0,4,79.182795
-10.0,1,79.193527
-10.0,2,79.206751
-10.0,1,79.214711
-10.0,1,79.223815
-10.0,1,79.234358
-10.0,4,79.254027
-10.0,2,79.264868
-10.0,3,79.281288
-10.0,1,79.288807
-10.0,1,79.298055
-10.0,1,79.309103
-10.0,4,79.3272
-10.0,2,79.336847
-10.0,2,79.347324
-10.0,1,79.354197
-10.0,1,79.362387
-10.0,1,79.373752
-10.0,1,79.384851
-10.0,10,79.432775
-10.0,3,79.454697
-10.0,1,79.466358
-10.0,1,79.475469
-10.0,2,79.486348
-10.0,1,79.494906
-10.0,2,79.504828
-10.0,1,79.511561
-10.0,1,79.518703
-10.0,1,79.526253
-10.0,3,79.546404
-10.0,8,79.592062
-10.0,3,79.61462
-10.0,1,79.625112
-10.0,1,79.632914
-10.0,1,79.644314
-10.0,3,79.665738
-10.0,1,79.674993
-10.0,2,79.687211
-10.0,1,79.695023
-10.0,1,79.700123
-10.0,1,79.706227
-10.0,2,79.715516
-10.0,1,79.722058
-10.0,1,79.7273
-10.0,2,79.735083
-10.0,1,79.742025
-10.0,1,79.747292
-10.0,2,79.755801
-10.0,1,79.761706
-10.0,3,79.772048
-10.0,1,79.777273
-10.0,1,79.782361
-10.0,2,79.790103
-10.0,4,79.803135
-10.0,3,79.819456
-10.0,1,79.827862
-10.0,1,79.836367
-10.0,6,79.864396
-10.0,1,79.872928
-10.0,1,79.881498
-10.0,3,79.899807
-10.0,1,79.908234
-10.0,1,79.916753
-10.0,1,79.925129
-10.0,6,79.952563
-10.0,2,79.964928
-10.0,2,79.977296
-10.0,4,79.997588
-10.0,1,80.005953
-10.0,1,80.014186
-10.0,1,80.02249
-10.0,2,80.034756
-10.0,1,80.043137
-10.0,1,80.051366
-10.0,1,80.059584
-10.0,1,80.067979
-10.0,1,80.076115
-10.0,2,80.083858
-10.0,1,80.089868
-10.0,1,80.098418
-10.0,1,80.105487
-10.0,1,80.110561
-10.0,1,80.115544
-10.0,2,80.123245
-10.0,1,80.128293
-10.0,1,80.133276
-10.0,1,80.139211
-10.0,6,80.157021
-10.0,1,80.162142
-10.0,1,80.168006
-10.0,1,80.175486
-10.0,3,80.191994
-10.0,3,80.207922
-10.0,1,80.215541
-10.0,1,80.220742
-10.0,3,80.231645
-10.0,1,80.236781
-10.0,2,80.244766
-10.0,2,80.253437
-10.0,1,80.258696
-10.0,1,80.264106
-10.0,1,80.269346
-10.0,3,80.281283
-10.0,2,80.290779
-10.0,4,80.310764
-10.0,3,80.326865
-10.0,1,80.33416
-10.0,2,80.342951
-10.0,3,80.349632
-10.0,1,80.352605
-10.0,2,80.357033
-10.0,2,80.362141
-10.0,1,80.365141
-10.0,4,80.372397
-10.0,1,80.37609
-10.0,4,80.38297
-10.0,1,80.385791
-10.0,6,80.395133
-10.0,2,80.399137
-10.0,6,80.40802
-10.0,1,80.410763
-10.0,5,80.418142
-10.0,3,80.423512
-10.0,1,80.426269
-10.0,6,80.434723
-10.0,3,80.439917
-10.0,1,80.442485
-10.0,1,80.445112
-10.0,3,80.45003
-10.0,1,80.452835
-10.0,2,80.456675
-10.0,1,80.459257
-10.0,1,80.461859
-10.0,1,80.464395
-10.0,3,80.469486
-10.0,2,80.473235
-10.0,3,80.48008
-10.0,5,80.495586
-10.0,1,80.502915
-10.0,1,80.511569
-10.0,5,80.529692
-10.0,4,80.543222
-10.0,1,80.549031
-10.0,3,80.558804
-10.0,1,80.564204
-10.0,2,80.571394
-10.0,1,80.576208
-10.0,1,80.58135
-10.0,1,80.586269
-10.0,1,80.591563
-10.0,3,80.60144
-10.0,1,80.60634
-10.0,1,80.611637
-10.0,1,80.617057
-10.0,1,80.622001
-10.0,1,80.627114
-10.0,3,80.636689
-10.0,1,80.641773
-10.0,2,80.652464
-10.0,1,80.657504
-10.0,2,80.665209
-10.0,1,80.670266
-10.0,2,80.679929
-10.0,2,80.687368
-10.0,1,80.692517
-10.0,1,80.69748
-10.0,3,80.707077
-10.0,1,80.711966
-10.0,1,80.716797
-10.0,2,80.724515
-10.0,4,80.736362
-10.0,1,80.741596
-10.0,2,80.748745
-10.0,2,80.756326
-10.0,5,80.770703
-10.0,3,80.780249
-10.0,2,80.787617
-10.0,1,80.792482
-10.0,2,80.799628
-10.0,1,80.804591
-10.0,1,80.809427
-10.0,1,80.814164
-10.0,2,80.821554
-10.0,3,80.831055
-10.0,1,80.836085
-10.0,2,80.843256
-10.0,2,80.850541
-10.0,1,80.855393
-10.0,1,80.860258
-10.0,1,80.865043
-10.0,2,80.872359
-10.0,1,80.877184
-10.0,1,80.882187
-10.0,1,80.887067
-10.0,2,80.894281
-10.0,1,80.899368
-10.0,1,80.904223
-10.0,4,80.917038
-10.0,2,80.924338
-10.0,1,80.92948
-10.0,1,80.935987
-10.0,1,80.940928
-10.0,1,80.945989
-10.0,4,80.95779
-10.0,2,80.965248
-10.0,2,80.972385
-10.0,5,80.986656
-10.0,1,80.991549
-10.0,2,80.999188
-10.0,2,81.006372
-10.0,1,81.011401
-10.0,1,81.01623
-10.0,1,81.020982
-10.0,1,81.026048
-10.0,7,81.045045
-10.0,1,81.049948
-10.0,1,81.054728
-10.0,1,81.059764
-10.0,1,81.06465
-10.0,1,81.069427
-10.0,2,81.077881
-10.0,2,81.085283
-10.0,1,81.09026
-10.0,1,81.095157
-10.0,1,81.099983
-10.0,3,81.109552
-10.0,1,81.114367
-10.0,6,81.131027
-10.0,2,81.138678
-10.0,1,81.144011
-10.0,2,81.151227
-10.0,1,81.156293
-10.0,1,81.161138
-10.0,1,81.165919
-10.0,1,81.17098
-10.0,2,81.178151
-10.0,2,81.185515
-10.0,1,81.190498
-10.0,1,81.195308
-10.0,1,81.200219
-10.0,3,81.209788
-10.0,2,81.217189
-10.0,1,81.222088
-10.0,1,81.226886
-10.0,2,81.234244
-10.0,2,81.241516
-10.0,2,81.248912
-10.0,3,81.258355
-10.0,1,81.263198
-10.0,1,81.268227
-10.0,1,81.273049
-10.0,2,81.280339
-10.0,1,81.285217
-10.0,2,81.292278
-10.0,1,81.297305
-10.0,3,81.306806
-10.0,1,81.311811
-10.0,2,81.319022
-10.0,3,81.329455
-10.0,5,81.344744
-10.0,2,81.351981
-10.0,2,81.359148
-10.0,3,81.368773
-10.0,2,81.376044
-10.0,1,81.380881
-10.0,2,81.387967
-10.0,1,81.39308
-10.0,3,81.40261
-10.0,1,81.407611
-10.0,1,81.412474
-10.0,2,81.41955
-10.0,1,81.42473
-10.0,3,81.437625
-10.0,1,81.442675
-10.0,3,81.452144
-10.0,2,81.45949
-10.0,2,81.46666
-10.0,1,81.472053
-10.0,1,81.47918
-10.0,1,81.484132
-10.0,1,81.490238
-10.0,3,81.499868
-10.0,2,81.507668
-10.0,3,81.517185
-10.0,1,81.522316
-10.0,1,81.527269
-10.0,1,81.532014
-10.0,2,81.539273
-10.0,1,81.5442
-10.0,3,81.553774
-10.0,2,81.561026
-10.0,3,81.57061
-10.0,2,81.577913
-10.0,6,81.594563
-10.0,1,81.599619
-10.0,1,81.604416
-10.0,1,81.609286
-10.0,3,81.618858
-10.0,4,81.630807
-10.0,5,81.644954
-10.0,2,81.656031
-10.0,2,81.665888
-10.0,2,81.673059
-10.0,1,81.677999
-10.0,1,81.682899
-10.0,8,81.704608
-10.0,4,81.716714
-10.0,1,81.721532
-10.0,1,81.726498
-10.0,2,81.734918
-10.0,1,81.739798
-10.0,1,81.744877
-10.0,1,81.749686
-10.0,2,81.756866
-10.0,1,81.762058
-10.0,3,81.771493
-10.0,1,81.776654
-10.0,1,81.781508
-10.0,7,81.800535
-10.0,1,81.805392
-10.0,2,81.812799
-10.0,1,81.817599
-10.0,2,81.825321
-10.0,1,81.830259
-10.0,1,81.835025
-10.0,1,81.84092
-10.0,8,81.862937
-10.0,5,81.879109
-10.0,4,81.891257
-10.0,1,81.896895
-10.0,1,81.902634
-10.0,2,81.911051
-10.0,1,81.916663
-10.0,1,81.923491
-10.0,1,81.929222
-10.0,3,81.940517
-10.0,1,81.946227
-10.0,3,81.957478
-10.0,5,81.973864
-10.0,2,81.981013
-10.0,1,81.986199
-10.0,1,81.991058
-10.0,2,81.998502
-10.0,2,82.005768
-10.0,4,82.017839
-10.0,5,82.03227
-10.0,4,82.044202
-10.0,1,82.049417
-10.0,2,82.05647
-10.0,8,82.07866
-10.0,3,82.088237
-10.0,1,82.093284
-10.0,2,82.10053
-31.5,1,82.105336
-10.0,1,82.110644
-10.0,2,82.118117
-10.0,1,82.122951
-10.0,1,82.128719
-10.0,1,82.13375
-10.0,2,82.140993
-10.0,1,82.145949
-10.0,1,82.150758
-10.0,6,82.167928
-10.0,1,82.172978
-10.0,2,82.180258
-10.0,1,82.18505
-10.0,3,82.19489
-10.0,1,82.199753
-10.0,1,82.204589
-10.0,1,82.209452
-10.0,1,82.214227
-10.0,3,82.223943
-10.0,1,82.228774
-10.0,3,82.23834
-10.0,1,82.243218
-10.0,2,82.250285
-10.0,2,82.257705
-10.0,2,82.264842
-10.0,4,82.278252
-10.0,1,82.283174
-10.0,4,82.295196
-10.0,3,82.304796
-10.0,1,82.309671
-10.0,2,82.31697
-10.0,1,82.32183
-10.0,2,82.328937
-10.0,1,82.33389
-10.0,1,82.338724
-10.0,4,82.350707
-10.0,1,82.355587
-10.0,1,82.360429
-10.0,1,82.365446
-10.0,3,82.374941
-10.0,1,82.379865
-10.0,1,82.384871
-10.0,3,82.394388
-10.0,3,82.404108
-10.0,5,82.418417
-10.0,1,82.42326
-10.0,1,82.428208
-10.0,3,82.437646
-10.0,1,82.442461
-10.0,4,82.454522
-10.0,2,82.461908
-10.0,2,82.469063
-10.0,1,82.47383
-10.0,1,82.478919
-10.0,1,82.483711
-10.0,4,82.495929
-10.0,1,82.500853
-10.0,1,82.50579
-10.0,1,82.510907
-10.0,1,82.515749
-10.0,1,82.520521
-10.0,1,82.527242
-10.0,2,82.534677
-10.0,1,82.539609
-10.0,2,82.54689
-10.0,2,82.554042
-10.0,1,82.559241
-10.0,2,82.566286
-10.0,3,82.575766
-10.0,1,82.580539
-10.0,1,82.585302
-10.0,2,82.592769
-10.0,2,82.599861
-10.0,3,82.609411
-10.0,1,82.614147
-10.0,4,82.625981
-10.0,1,82.630769
-10.0,1,82.635762
-10.0,1,82.640575
-10.0,7,82.659412
-10.0,1,82.664298
-10.0,1,82.671031
-10.0,1,82.676735
-51.3,1,82.68158
-10.0,2,82.688943
-10.0,4,82.700826
-10.0,1,82.705666
-10.0,3,82.715447
-10.0,1,82.720536
-10.0,1,82.725334
-10.0,2,82.732733
-10.0,1,82.737681
-10.0,2,82.744739
-10.0,1,82.752402
-10.0,3,82.762318
-10.0,1,82.767302
-10.0,4,82.779407
-10.0,2,82.786592
-10.0,6,82.803414
-10.0,6,82.820141
-10.0,1,82.825179
-10.0,1,82.83035
-10.0,7,82.849215
-10.0,1,82.854079
-10.0,3,82.863744
-10.0,1,82.868571
-10.0,1,82.873529
-10.0,1,82.878445
-10.0,3,82.887862
-10.0,9,82.911664
-10.0,2,82.91876
-10.0,1,82.926074
-10.0,1,82.931094
-10.0,2,82.938482
-10.0,1,82.943349
-10.0,1,82.948164
-10.0,1,82.953083
-10.0,1,82.957989
-10.0,2,82.965108
-10.0,4,82.977038
-10.0,1,82.981875
-10.0,1,82.986991
-10.0,1,82.99195
-10.0,1,82.996733
-10.0,3,83.006554
-10.0,1,83.011439
-10.0,2,83.018746
-10.0,1,83.023585
-10.0,1,83.028458
-10.0,1,83.03349
-10.0,1,83.038422
-10.0,4,83.050304
-10.0,1,83.055161
-10.0,2,83.062323
-10.0,1,83.068081
-10.0,2,83.075906
-10.0,1,83.080959
-10.0,1,83.085823
-10.0,6,83.102388
-10.0,1,83.107271
-10.0,1,83.112073
-10.0,2,83.119421
-10.0,3,83.12915
-10.0,4,83.140945
-10.0,1,83.14696
-10.0,1,83.155797
-10.0,3,83.282414
-10.0,1,83.289723
-10.0,2,83.299594
-10.0,1,83.304677
-10.0,1,83.309905
-10.0,2,83.317069
-10.0,1,83.323741
-10.0,1,83.328896
-10.0,2,83.336164
-10.0,2,83.344006
-10.0,1,83.348954
-10.0,1,83.353773
-10.0,1,83.358568
-10.0,1,83.364156
-10.0,1,83.369263
-10.0,2,83.37666
-10.0,1,83.38191
-10.0,2,83.389077
-10.0,4,83.401062
-10.0,2,83.408223
-10.0,5,83.422609
-10.0,2,83.430098
-10.0,1,83.434937
-10.0,2,83.442172
-10.0,1,83.447007
-10.0,4,83.459652
-10.0,3,83.472044
-10.0,3,83.484252
-10.0,1,83.489418
-10.0,1,83.494331
-10.0,1,83.499082
-10.0,1,83.503844
-10.0,2,83.511111
-10.0,2,83.518426
-10.0,2,83.526588
-10.0,1,83.5315
-10.0,3,83.541095
-10.0,3,83.550503
-10.0,1,83.555636
-10.0,5,83.570012
-10.0,1,83.57497
-10.0,2,83.582146
-10.0,2,83.58956
-10.0,1,83.594379
-10.0,1,83.599129
-10.0,1,83.604219
-10.0,1,83.609117
-10.0,1,83.61392
-10.0,1,83.619008
-10.0,2,83.626173
-10.0,1,83.630968
-10.0,4,83.64286
-10.0,3,83.65258
-10.0,2,83.65977
-10.0,2,83.667551
-10.0,1,83.672471
-10.0,1,83.677257
-10.0,2,83.684619
-10.0,2,83.691722
-10.0,2,83.701315
-10.0,2,83.712874
-10.0,2,83.722975
-10.0,1,83.728109
-10.0,1,83.733031
-10.0,1,83.737834
-10.0,3,83.747715
-10.0,1,83.752632
-10.0,3,83.762387
-10.0,1,83.76732
-10.0,6,83.784023
-10.0,2,83.791456
-10.0,1,83.796343
-10.0,1,83.801171
-10.0,2,83.808378
-10.0,1,83.813221
-10.0,1,83.817993
-10.0,1,83.8229
-10.0,1,83.827877
-10.0,1,83.832661
-10.0,4,83.844658
-10.0,1,83.849509
-10.0,5,83.865319
-10.0,1,83.871693
-10.0,3,83.884473
-10.0,1,83.889807
-10.0,1,83.894698
-10.0,1,83.899472
-10.0,6,83.916038
-10.0,5,83.930508
-10.0,2,83.939394
-10.0,2,83.946648
-10.0,2,83.954
-10.0,1,83.958817
-10.0,3,83.968519
-10.0,4,83.980328
-10.0,1,83.985314
-10.0,1,83.990178
-10.0,4,84.002188
-10.0,1,84.007061
-10.0,1,84.011864
-10.0,2,84.019131
-10.0,1,84.023942
-10.0,1,84.02878
-10.0,5,84.043372
-10.0,2,84.05079
-10.0,2,84.058093
-10.0,2,84.065377
-10.0,5,84.080621
-10.0,1,84.085753
-10.0,1,84.091356
-10.0,1,84.097311
-10.0,1,84.103587
-10.0,6,84.123654
-10.0,4,84.137698
-10.0,1,84.143535
-10.0,2,84.151794
-10.0,1,84.157723
-10.0,1,84.168782
-10.0,3,84.179853
-10.0,3,84.190928
-10.0,4,84.20494
-10.0,2,84.218534
-10.0,3,84.231666
-10.0,2,84.240308
-10.0,1,84.245933
-10.0,1,84.251535
-10.0,2,84.262745
-10.0,2,84.272208
-10.0,2,84.282362
-10.0,1,84.289598
-10.0,2,84.302886
-10.0,1,84.311532
-10.0,3,84.325668
-10.0,1,84.330801
-10.0,1,84.338036
-10.0,1,84.34655
-10.0,3,84.356898
-10.0,1,84.361781
-10.0,1,84.366855
-10.0,1,84.371717
-10.0,2,84.378797
-10.0,3,84.388544
-10.0,1,84.393389
-10.0,1,84.398459
-10.0,1,84.403226
-10.0,1,84.408098
-10.0,2,84.415846
-10.0,1,84.420627
-10.0,4,84.432446
-10.0,1,84.437207
-10.0,2,84.444483
-10.0,3,84.454216
-10.0,1,84.459148
-10.0,1,84.464209
-10.0,8,84.485337
-10.0,4,84.497607
-10.0,1,84.502488
-10.0,2,84.510989
-10.0,2,84.518302
-10.0,2,84.525634
-10.0,5,84.539803
-10.0,1,84.544837
-10.0,4,84.55656
-10.0,4,84.568156
-10.0,2,84.577403
-10.0,3,84.590359
-10.0,1,84.595332
-10.0,3,84.605066
-10.0,1,87.320644
-10.0,3,87.335052
-10.0,5,87.355425
-10.0,2,87.364664
-10.0,1,87.369724
-10.0,2,87.377367
-10.0,4,87.389366
-10.0,3,87.401098
-10.0,5,87.415968
-10.0,2,87.423968
-10.0,2,87.431396
-10.0,4,87.443769
-10.0,1,87.4489
-10.0,5,87.464001
-10.0,4,87.476468
-10.0,2,87.483869
-10.0,5,87.498385
-10.0,1,87.503478
-10.0,1,87.508643
-10.0,1,87.513597
-10.0,3,87.524014
-10.0,1,87.529165
-10.0,1,87.534616
-10.0,3,87.54542
-10.0,1,87.550766
-10.0,2,87.558195
-10.0,1,87.563245
-10.0,1,87.568629
-10.0,1,87.573753
-10.0,4,87.586179
-10.0,1,87.591405
-10.0,1,87.596428
-10.0,1,87.601858
-10.0,1,87.6069
-10.0,4,87.619459
-10.0,1,87.624661
-10.0,1,87.629755
-10.0,1,87.635033
-10.0,3,87.644825
-10.0,1,87.650078
-10.0,1,87.655084
-10.0,2,87.662639
-10.0,1,87.66777
-10.0,1,87.672809
-10.0,1,87.677914
-10.0,4,87.690213
-10.0,6,87.707481
-10.0,5,87.722286
-10.0,1,87.7277
-10.0,6,87.74489
-10.0,3,87.754643
-10.0,1,87.760776
-10.0,1,87.766122
-10.0,3,87.776124
-10.0,2,87.783503
-10.0,5,87.807688
-10.0,3,87.824672
-10.0,1,87.831642
-10.0,1,87.837499
-10.0,1,87.843733
-10.0,1,87.851022
-10.0,2,87.864257
-10.0,2,87.877392
-10.0,2,87.890525
-10.0,1,87.899075
-10.0,2,87.912012
-10.0,3,87.927604
-10.0,1,87.934829
-10.0,4,87.955152
-10.0,1,87.962621
-10.0,4,87.98106
-10.0,3,87.991452
-10.0,3,88.0003
-10.0,2,88.007245
-10.0,7,88.023538
-10.0,1,88.027817
-10.0,1,88.032121
-10.0,1,88.036144
-10.0,4,88.045632
-10.0,2,88.051353
-10.0,3,88.058766
-10.0,2,88.064892
-10.0,1,88.068732
-10.0,6,88.082641
-10.0,1,88.086629
-10.0,4,88.096122
-10.0,1,88.100122
-10.0,2,88.105781
-10.0,3,88.116095
-10.0,1,88.120243
-10.0,1,88.124339
-10.0,6,88.138229
-10.0,2,88.145557
-10.0,2,88.152279
-10.0,2,88.159451
-10.0,4,88.174001
-10.0,1,88.178179
-10.0,1,88.183245
-10.0,1,88.188846
-10.0,2,88.194444
-10.0,5,88.210872
-10.0,5,88.229277
-10.0,2,88.236868
-10.0,5,88.251358
-10.0,4,88.267062
-10.0,5,88.282286
-10.0,9,88.305912
-10.0,2,88.31338
-10.0,1,88.318259
-10.0,1,88.32303
-10.0,2,88.330405
-10.0,1,88.3353
-10.0,1,88.340091
-10.0,1,88.345252
-10.0,1,88.350294
-10.0,3,88.359731
-10.0,1,88.365289
-10.0,2,88.373251
-10.0,1,88.380766
-10.0,8,88.402098
-10.0,1,88.406985
-10.0,3,88.416733
-10.0,1,88.421563
-10.0,4,88.43365
-10.0,2,88.441115
-10.0,1,88.446018
-10.0,5,88.46029
-10.0,3,88.469683
-10.0,2,88.477238
-10.0,1,88.482074
-10.0,1,88.487018
-10.0,4,88.498779
-10.0,3,88.508301
-10.0,4,88.520245
-10.0,3,88.52971
-10.0,1,88.534802
-10.0,7,88.553607
-10.0,1,88.558587
-10.0,1,88.56342
-10.0,1,88.568516
-10.0,7,88.587471
-10.0,4,88.599505
-10.0,4,88.611337
-10.0,1,88.616375
-10.0,2,88.623624
-10.0,3,88.633242
-10.0,4,88.645117
-10.0,1,88.65002
-10.0,2,88.657123
-10.0,2,88.664536
-10.0,4,88.676262
-10.0,3,88.685926
-10.0,7,88.704783
-10.0,1,88.709917
-10.0,1,88.714782
-10.0,9,88.73806
-10.0,1,88.743138
-10.0,2,88.750269
-10.0,1,88.754996
-10.0,4,88.767383
-10.0,4,88.779516
-10.0,1,88.784391
-10.0,4,88.796355
-10.0,2,88.803728
-10.0,1,88.80872
-10.0,4,88.820584
-10.0,1,88.825495
-10.0,1,88.83025
-10.0,3,88.839981
-10.0,1,88.844865
-10.0,2,88.852175
-10.0,2,88.859366
-10.0,3,88.870171
-10.0,1,88.878418
-10.0,5,88.894253
-10.0,2,88.901766
-10.0,2,88.908953
-10.0,4,88.92084
-10.0,1,88.925723
-10.0,3,88.935723
-10.0,6,88.952438
-10.0,1,88.957421
-10.0,1,88.962455
-10.0,2,88.969704
-10.0,1,88.974619
-10.0,3,88.984262
-10.0,1,88.992424
-10.0,2,89.002042
-10.0,4,89.016391
-10.0,2,89.024311
-10.0,2,89.031824
-10.0,2,89.039029
-10.0,1,89.044085
-10.0,1,89.048903
-10.0,2,89.05603
-10.0,5,89.070313
-10.0,4,89.083617
-10.0,1,89.088648
-10.0,2,89.096063
-10.0,1,89.10086
-10.0,6,89.117414
-10.0,2,89.124788
-10.0,5,89.139151
-10.0,1,89.144047
-10.0,2,89.151148
-10.0,4,89.163263
-10.0,4,89.175272
-10.0,1,89.180139
-10.0,3,89.189899
-10.0,3,89.199336
-10.0,1,89.204365
-10.0,1,89.209218
-10.0,1,89.214018
-10.0,2,89.221516
-10.0,1,89.226347
-10.0,1,89.231126
-10.0,2,89.238357
-10.0,1,89.243145
-10.0,2,89.250547
-10.0,1,89.255373
-10.0,1,89.260199
-10.0,1,89.265199
-10.0,1,89.270055
-10.0,2,89.277196
-10.0,1,89.282279
-10.0,5,89.297899
-10.0,2,89.309857
-10.0,1,89.318312
-10.0,2,89.326805
-10.0,2,89.335022
-10.0,1,89.339922
-10.0,1,89.345015
-10.0,1,89.34984
-10.0,1,89.354585
-10.0,3,89.364142
-10.0,3,89.37349
-10.0,2,89.381421
-10.0,2,89.388583
-10.0,4,89.400625
-10.0,4,89.412567
-10.0,3,89.422118
-10.0,2,89.429248
-10.0,6,89.445663
-10.0,2,89.452737
-10.0,3,89.462299
-10.0,1,89.467015
-10.0,1,89.472025
-10.0,1,89.476765
-10.0,2,89.483735
-10.0,1,89.488816
-10.0,1,89.493561
-10.0,3,89.503137
-10.0,1,89.508002
-10.0,2,89.515031
-10.0,1,89.520082
-10.0,1,89.52489
-10.0,8,89.547169
-10.0,1,89.552339
-10.0,2,89.55943
-10.0,1,89.564204
-10.0,1,89.569091
-10.0,2,89.576152
-10.0,1,89.581085
-10.0,1,89.585981
-10.0,1,89.59072
-10.0,3,89.601475
-10.0,1,89.606447
-10.0,4,89.619007
-10.0,2,89.62646
-10.0,1,89.631523
-10.0,1,89.636316
-10.0,2,89.643346
-10.0,4,89.65607
-10.0,2,89.663828
-10.0,1,89.668683
-10.0,4,89.681239
-10.0,4,89.694107
-10.0,7,89.71461
-10.0,2,89.722395
-10.0,1,89.727902
-10.0,5,89.743181
-10.0,1,89.748367
-10.0,3,89.75888
-10.0,1,89.763708
-10.0,2,89.770889
-10.0,3,89.780973
-10.0,1,89.785792
-10.0,4,89.797834
-10.0,1,89.802628
-10.0,2,89.810112
-10.0,1,89.815057
-10.0,1,89.82
-10.0,1,89.824947
-10.0,7,89.843988
-10.0,1,89.848813
-10.0,1,89.854032
-10.0,1,89.858828
-10.0,1,89.863592
-10.0,2,89.871015
-10.0,5,89.885576
-10.0,1,89.890973
-10.0,4,89.902954
-10.0,6,89.919719
-10.0,5,89.934036
-10.0,8,89.955463
-10.0,1,89.960326
-10.0,2,89.967721
-10.0,4,89.979888
-10.0,2,89.98712
-10.0,1,89.992072
-10.0,4,90.003986
-10.0,2,90.012235
-10.0,6,90.028793
-10.0,7,90.048877
-10.0,2,90.056454
-10.0,1,90.061783
-10.0,2,90.069528
-10.0,1,90.077532
-10.0,1,90.085407
-10.0,3,90.101468
-10.0,3,90.117988
-10.0,4,90.137463
-10.0,1,90.145872
-10.0,1,90.154158
-10.0,2,90.166242
-10.0,2,90.176039
-10.0,5,90.192167
-10.0,2,90.201266
-10.0,2,90.211358
-10.0,2,90.219564
-10.0,1,90.225019
-10.0,1,90.230221
-10.0,10,90.258605
-10.0,5,90.273384
-10.0,1,90.278359
-10.0,1,90.283845
-47.4,8,90.306659
-10.0,3,90.316533
-10.0,2,90.323745
-10.0,2,90.33114
-10.0,1,90.336006
-10.0,1,90.340829
-10.0,2,90.348508
-10.0,9,90.372119
-10.0,1,90.37723
-10.0,1,90.382173
-10.0,2,90.389269
-10.0,1,90.394583
-10.0,7,90.414048
-10.0,2,90.421428
-10.0,6,90.437975
-10.0,8,90.459454
-10.0,1,90.464294
-10.0,4,90.476128
-10.0,8,90.497329
-10.0,3,90.507098
-10.0,1,90.511926
-10.0,2,90.519879
-10.0,1,90.527755
-10.0,9,90.563816
-10.0,3,90.577309
-10.0,6,90.594264
-10.0,1,90.599685
-10.0,4,90.611445
-10.0,2,90.618997
-10.0,1,90.623979
-10.0,1,90.62878
-10.0,4,90.640789
-10.0,1,90.64575
-10.0,3,90.655288
-10.0,1,90.660114
-10.0,2,90.667595
-10.0,1,90.672388
-10.0,3,90.68218
-10.0,3,90.691674
-10.0,1,90.696621
-10.0,6,90.713192
-10.0,4,90.725114
-10.0,2,90.732291
-10.0,3,90.742499
-10.0,1,90.747468
-10.0,1,90.752267
-10.0,1,90.757328
-10.0,1,90.762173
-10.0,3,90.771638
-10.0,2,90.780591
-10.0,1,90.785402
-10.0,3,90.795238
-10.0,3,90.804903
-10.0,1,90.809829
-10.0,1,90.81462
-10.0,2,90.822037
-10.0,1,90.826993
-10.0,1,90.832327
-10.0,1,90.837681
-10.0,6,90.854218
-10.0,2,90.861465
-10.0,3,90.871131
-10.0,5,90.885402
-10.0,1,90.890296
-10.0,1,90.895115
-10.0,1,90.900338
-10.0,2,90.908071
-10.0,1,90.912948
-10.0,4,90.924872
-10.0,1,90.929741
-10.0,2,90.937303
-10.0,6,90.953949
-10.0,2,90.961125
-10.0,3,90.971129
-10.0,1,90.976056
-10.0,3,90.987867
-10.0,8,91.009253
-10.0,2,91.016765
-10.0,5,91.031898
-10.0,2,91.039186
-10.0,1,91.044199
-10.0,2,91.051384
-10.0,2,91.058607
-10.0,1,91.063587
-10.0,1,91.068377
-10.0,1,91.073162
-10.0,6,91.089952
-10.0,1,91.095087
-10.0,3,91.104671
-10.0,4,91.116741
-10.0,2,91.124192
-10.0,5,91.13991
-10.0,2,91.148471
-10.0,2,91.155991
-10.0,3,91.165456
-10.0,1,91.170467
-10.0,5,91.184522
-10.0,3,91.194199
-10.0,3,91.203906
-10.0,1,91.208745
-10.0,5,91.223029
-10.0,7,91.241957
-10.0,3,91.251637
-10.0,1,91.256546
-10.0,1,91.261314
-10.0,3,91.271178
-10.0,1,91.276036
-10.0,1,91.280918
-10.0,2,91.288164
-10.0,1,91.292995
-10.0,5,91.307293
-10.0,2,91.314681
-10.0,5,91.329043
-10.0,1,91.333914
-10.0,1,91.338694
-10.0,4,91.350671
-10.0,2,91.357811
-10.0,2,91.365162
-10.0,4,91.377202
-10.0,1,91.38209
-10.0,3,91.391603
-10.0,3,91.401106
-10.0,2,91.408673
-10.0,1,91.414011
-10.0,3,91.423725
-10.0,2,91.430916
-10.0,6,91.449908
-10.0,1,91.456321
-10.0,1,91.461279
-10.0,3,91.470931
-10.0,9,91.494455
-10.0,9,91.518017
-10.0,4,91.530003
-10.0,5,91.544321
-10.0,1,91.549222
-10.0,4,91.561337
-10.0,3,91.571029
-10.0,3,91.580559
-10.0,6,91.597147
-10.0,1,91.602424
-10.0,3,91.611945
-10.0,2,91.619417
-10.0,3,91.62888
-10.0,1,91.633897
-10.0,1,91.638669
-10.0,3,91.648351
-10.0,1,91.653221
-10.0,7,91.672106
-10.0,1,91.677147
-10.0,2,91.684351
-10.0,3,91.693927
-10.0,1,91.698798
-10.0,7,91.717722
-10.0,5,91.731987
-10.0,1,91.736819
-10.0,2,91.744259
-10.0,1,91.749161
-10.0,3,91.759048
-10.0,1,91.763901
-10.0,12,91.794883
-10.0,1,91.799769
-10.0,1,91.804924
-10.0,2,91.812085
-10.0,2,91.819312
-10.0,2,91.82658
-10.0,5,91.840964
-10.0,7,91.860236
-10.0,5,91.875273
-10.0,2,91.882513
-10.0,10,91.909055
-10.0,1,91.913878
-10.0,1,91.918984
-10.0,2,91.926107
-10.0,1,91.931159
-10.0,3,91.94103
-10.0,3,91.950743
-10.0,3,91.960087
-10.0,1,91.965097
-10.0,1,91.969877
-10.0,5,91.983972
-10.0,1,91.988727
-10.0,2,91.996011
-10.0,5,92.010258
-10.0,8,92.031687
-10.0,1,92.036548
-10.0,1,92.042433
-10.0,1,92.047576
-10.0,2,92.054693
-10.0,1,92.060404
-10.0,2,92.071248
-10.0,3,92.085522
-10.0,1,92.092505
-10.0,2,92.100112
-10.0,3,92.11042
-10.0,1,92.115534
-10.0,1,92.120572
-10.0,3,92.131251
-10.0,5,92.152586
-10.0,1,92.161232
-10.0,3,92.177413
-10.0,4,92.19751
-10.0,1,92.205881
-10.0,1,92.214247
-10.0,6,92.239478
-10.0,4,92.252446
-10.0,2,92.260607
-10.0,2,92.270924
-10.0,5,92.294292
-10.0,1,92.302696
-10.0,3,92.316133
-10.0,1,92.32137
-10.0,1,92.326545
-10.0,1,92.332339
-10.0,2,92.343977
-10.0,1,92.352966
-10.0,5,92.373432
-10.0,8,92.408548
-10.0,3,92.424224
-10.0,1,92.429621
-10.0,3,92.440139
-10.0,1,92.445643
-10.0,1,92.45104
-10.0,1,92.455828
-10.0,13,92.501793
-10.0,1,92.50949
-10.0,5,92.526998
-10.0,8,92.549488
-10.0,7,92.571107
-10.0,2,92.582734
-10.0,2,92.594887
-10.0,3,92.610822
-10.0,2,92.623186
-10.0,1,92.630981
-10.0,1,92.639326
-10.0,1,92.647764
-10.0,9,92.681766
-10.0,3,92.693328
-10.0,1,92.698868
-10.0,1,92.703958
-10.0,7,92.72351
-10.0,2,92.733366
-10.0,3,92.744744
-10.0,1,92.749928
-10.0,3,92.76052
-10.0,5,92.777255
-10.0,1,92.780848
-10.0,3,92.787837
-10.0,1,92.791511
-10.0,1,92.795411
-10.0,4,92.802627
-10.0,2,92.806745
-10.0,1,92.809458
-10.0,1,92.812132
-10.0,3,92.817598
-10.0,1,92.820486
-10.0,1,92.823228
-10.0,4,92.829731
-10.0,1,92.832405
-10.0,2,92.836672
-10.0,1,92.839403
-10.0,1,92.842109
-10.0,1,92.844744
-10.0,2,92.848665
-10.0,3,92.854317
-10.0,1,92.856867
-10.0,1,92.859203
-10.0,2,92.862606
-10.0,4,92.86815
-10.0,1,92.870425
-10.0,3,92.874682
-10.0,4,92.879955
-10.0,1,92.882361
-10.0,5,92.888774
-10.0,1,92.890988
-10.0,2,92.89425
-10.0,5,92.900879
-10.0,5,92.908869
-10.0,1,92.91178
-10.0,1,92.914501
-10.0,2,92.918255
-10.0,1,92.921194
-10.0,1,92.92422
-10.0,4,92.932762
-10.0,5,92.945115
-10.0,2,92.952497
-10.0,2,92.959778
-10.0,1,92.96541
-10.0,4,92.97784
-10.0,7,92.996794
-10.0,1,93.001704
-10.0,1,93.006518
-10.0,2,93.013947
-10.0,1,93.018764
-10.0,2,93.025952
-10.0,4,93.037704
-10.0,1,93.042748
-10.0,3,93.052169
-10.0,1,93.058008
-10.0,3,93.067894
-10.0,3,93.077591
-10.0,3,93.087084
-10.0,1,93.091652
-10.0,5,93.100745
-10.0,1,93.103693
-10.0,1,93.106628
-10.0,1,93.110838
-10.0,3,93.116755
-10.0,2,93.121081
-10.0,1,93.123828
-10.0,1,93.126311
-10.0,1,93.128661
-10.0,3,93.133035
-10.0,5,93.139895
-10.0,1,93.142351
-10.0,7,101.926501
-10.0,1,101.931818
-10.0,2,101.942348
-10.0,1,101.947868
-10.0,2,101.958368
-10.0,1,101.966305
-10.0,1,101.976336
-10.0,1,101.983273
-10.0,3,101.994365
-10.0,1,102.002608
-10.0,1,102.011123
-10.0,2,102.020799
-10.0,5,102.04006
-10.0,5,102.054451
-10.0,4,102.066508
-10.0,1,102.071472
-10.0,1,102.076205
-10.0,2,102.083549
-10.0,2,102.090714
-10.0,4,102.10247
-10.0,4,102.114918
-10.0,2,102.122347
-10.0,2,102.129569
-10.0,1,102.1346
-10.0,1,102.139425
-10.0,1,102.144334
-10.0,1,102.150716
-10.0,1,102.155606
-10.0,3,102.168087
-10.0,1,102.176318
-10.0,2,102.183588
-10.0,1,102.1884
-10.0,1,102.193576
-10.0,1,102.198837
-10.0,2,102.206034
-10.0,1,102.211077
-10.0,3,102.220535
-10.0,1,102.225526
-10.0,1,102.230419
-10.0,1,102.235198
-10.0,5,102.250181
-10.0,2,102.257586
-10.0,3,102.267067
-10.0,3,102.276642
-10.0,4,102.288553
-10.0,3,102.2981
-10.0,1,102.302962
-10.0,3,102.312568
-10.0,4,102.324625
-10.0,3,102.334155
-10.0,7,102.353485
-10.0,2,102.360797
-10.0,1,102.3656
-10.0,1,102.370814
-10.0,2,102.378076
-10.0,1,102.382874
-10.0,4,102.394808
-10.0,3,102.404653
-10.0,2,102.411837
-10.0,2,102.419316
-10.0,1,102.424144
-10.0,8,102.445288
-10.0,2,102.452843
-10.0,2,102.459896
-10.0,2,102.467258
-10.0,1,102.472072
-10.0,3,102.481913
-10.0,3,102.491933
-10.0,3,102.502799
-10.0,2,102.510504
-10.0,2,102.518255
-10.0,2,102.525844
-10.0,1,102.531443
-10.0,3,102.541517
-10.0,3,102.551611
-10.0,2,102.558845
-10.0,1,102.563672
-10.0,1,102.568396
-10.0,1,102.573085
-10.0,1,102.578084
-10.0,3,102.587339
-10.0,1,102.592371
-10.0,1,102.597135
-10.0,1,102.60189
-10.0,10,102.627597
-10.0,3,102.637076
-10.0,1,102.642494
-10.0,2,102.649746
-10.0,1,102.654741
-10.0,1,102.659579
-10.0,1,102.664309
-10.0,3,102.673867
-10.0,1,102.678627
-10.0,2,102.686042
-10.0,3,102.695956
-10.0,1,102.700797
-10.0,2,102.708357
-10.0,6,102.725396
-10.0,1,102.730733
-10.0,1,102.737101
-10.0,2,102.745478
-10.0,3,102.755258
-10.0,1,102.760114
-10.0,1,102.765259
-10.0,2,102.774316
-10.0,1,102.779842
-10.0,1,102.785694
-10.0,1,102.791282
-10.0,1,102.797075
-10.0,3,102.808241
-10.0,1,102.813967
-10.0,1,102.819715
-10.0,2,102.827971
-10.0,1,102.83461
-10.0,2,102.846118
-10.0,2,102.857092
-10.0,1,102.862543
-10.0,3,102.873147
-10.0,1,102.878664
-10.0,1,102.883529
-10.0,1,102.888214
-10.0,1,102.893075
-10.0,3,102.904702
-10.0,1,102.91196
-10.0,5,102.930697
-10.0,2,102.939641
-10.0,1,102.945215
-10.0,4,102.957575
-10.0,1,102.961864
-10.0,1,102.966879
-10.0,2,102.974757
-10.0,3,102.984926
-10.0,1,102.989952
-10.0,1,102.993544
-10.0,5,103.004721
-10.0,1,103.008271
-10.0,2,103.015641
-10.0,2,103.022404
-10.0,2,103.026936
-10.0,3,103.03245
-10.0,1,103.035945
-10.0,2,103.042741
-10.0,1,103.046585
-10.0,3,103.057633
-10.0,1,103.062981
-10.0,2,103.069697
-10.0,1,103.073806
-10.0,1,103.077265
-10.0,1,103.081134
-10.0,5,103.093901
-10.0,3,103.101746
-10.0,4,103.110324
-10.0,4,103.117586
-10.0,1,103.120819
-10.0,4,103.130339
-10.0,4,103.140953
-10.0,1,103.147287
-10.0,1,103.152205
-10.0,1,103.157412
-10.0,2,103.166337
-10.0,3,103.176302
-10.0,1,103.181922
-10.0,4,103.195746
-10.0,1,103.203433
-10.0,4,103.221005
-10.0,1,103.226954
-10.0,4,103.241902
-10.0,2,103.255231
-10.0,3,103.269922
-10.0,3,103.285679
-10.0,1,103.295867
-10.0,1,103.3066
-10.0,2,103.317785
-10.0,2,103.330949
-10.0,1,103.340451
-10.0,2,103.351321
-10.0,1,103.357548
-10.0,1,103.363063
-10.0,2,103.373048
-10.0,3,103.385232
-10.0,3,103.398781
-10.0,1,103.406356
-10.0,1,103.411781
-10.0,2,106.222743
-10.0,2,106.233119
-10.0,4,106.249737
-10.0,1,106.256653
-10.0,3,106.269903
-10.0,3,106.283207
-10.0,11,106.315689
-10.0,3,106.325379
-10.0,2,106.332611
-10.0,2,106.339937
-10.0,4,106.351804
-10.0,1,106.356828
-10.0,12,106.388609
-10.0,3,106.398302
-10.0,4,106.4102
-10.0,2,106.417352
-10.0,1,106.422408
-10.0,3,106.431801
-10.0,1,106.436869
-10.0,2,106.444112
-10.0,12,106.474611
-10.0,1,106.479455
-10.0,2,106.486782
-10.0,1,106.491606
-10.0,3,106.50115
-10.0,1,106.505988
-10.0,2,106.513009
-10.0,4,106.525879
-10.0,1,106.530861
-10.0,5,106.544971
-10.0,2,106.552471
-10.0,1,106.557289
-10.0,3,106.566864
-10.0,3,106.576234
-10.0,1,106.581255
-10.0,3,106.59062
-10.0,2,106.597869
-10.0,4,106.609835
-10.0,3,106.61932
-10.0,3,106.628935
-10.0,2,106.635986
-10.0,1,106.640736
-10.0,3,106.650426
-10.0,4,106.662241
-10.0,3,106.67165
-10.0,1,106.676783
-10.0,2,106.683846
-10.0,10,106.710466
-10.0,1,106.71544
-10.0,8,106.736993
-10.0,2,106.744328
-10.0,1,106.749243
-10.0,8,106.770962
-10.0,6,106.78765
-10.0,5,106.802729
-10.0,9,106.830619
-10.0,2,106.8394
-10.0,2,106.847938
-10.0,6,106.867337
-10.0,2,106.875631
-10.0,4,106.888321
-10.0,2,106.895778
-10.0,3,106.906249
-10.0,1,106.911071
-10.0,2,106.919513
-10.0,2,106.926638
-10.0,6,106.943501
-10.0,1,106.948391
-10.0,4,106.96029
-10.0,3,106.969792
-10.0,1,106.974762
-10.0,2,106.982065
-10.0,5,106.996303
-10.0,6,107.012934
-10.0,1,107.017804
-10.0,3,107.027518
-10.0,1,107.032383
-10.0,3,107.042012
-10.0,7,107.061021
-10.0,1,107.065879
-10.0,2,107.073189
-10.0,1,107.07808
-10.0,1,107.082855
-10.0,4,107.0949
-10.0,2,107.102188
-10.0,1,107.107099
-10.0,1,107.111888
-10.0,4,107.124106
-10.0,1,107.12893
-10.0,2,107.136612
-10.0,7,107.156339
-10.0,1,107.161196
-10.0,9,107.184638
-10.0,3,107.194022
-10.0,3,107.203669
-10.0,3,107.214112
-10.0,1,107.219128
-10.0,10,107.244788
-10.0,2,107.252379
-10.0,5,107.266797
-10.0,2,107.273947
-10.0,3,107.283659
-10.0,1,107.288502
-10.0,2,107.295859
-10.0,1,107.300775
-10.0,4,107.313167
-10.0,2,107.320557
-10.0,9,107.351914
-10.0,4,107.366555
-10.0,7,107.385454
-10.0,5,107.399794
-10.0,5,107.413999
-10.0,6,107.430673
-10.0,9,107.454552
-10.0,2,107.461766
-10.0,3,107.47147
-10.0,10,107.497239
-10.0,1,107.502291
-10.0,1,107.507082
-10.0,1,107.511846
-10.0,1,107.516901
-10.0,5,107.53125
-10.0,2,107.538507
-10.0,1,107.543281
-10.0,3,107.552858
-10.0,1,107.557658
-10.0,3,107.567367
-10.0,7,107.58619
-10.0,4,107.598344
-10.0,2,107.605537
-10.0,1,107.610488
-10.0,2,107.617656
-10.0,5,107.63303
-10.0,1,107.638107
-10.0,3,107.647794
-10.0,2,107.65504
-10.0,3,107.664747
-10.0,1,107.669595
-10.0,3,107.679252
-10.0,1,107.684096
-10.0,1,107.6891
-10.0,8,107.710356
-10.0,2,107.717529
-10.0,6,107.734101
-10.0,6,107.751036
-10.0,4,107.763014
-10.0,6,107.779579
-10.0,4,107.791636
-10.0,4,107.803614
-10.0,6,107.820913
-10.0,15,107.858434
-10.0,9,107.882144
-10.0,7,107.901399
-10.0,7,107.920316
-10.0,2,107.929292
-10.0,1,107.93746
-10.0,1,107.94593
-10.0,17,108.000637
-10.0,1,108.00605
-10.0,1,108.01082
-10.0,1,108.016371
-10.0,1,108.022125
-10.0,1,108.027862
-10.0,2,108.036462
-10.0,2,108.044254
-10.0,1,108.047628
-10.0,1,108.050724
-10.0,4,108.058692
-10.0,7,108.076024
-10.0,1,108.080748
-10.0,1,108.087345
-10.0,1,108.093302
-10.0,2,108.103661
-10.0,3,108.117707
-10.0,2,108.127187
-10.0,2,108.136657
-10.0,7,108.159537
-10.0,1,108.16754
-10.0,3,108.178436
-10.0,1,108.18485
-10.0,1,108.18987
-10.0,3,108.201065
-10.0,8,108.232229
-10.0,1,108.239784
-10.0,1,108.247112
-10.0,6,108.270115
-10.0,1,108.276164
-10.0,2,108.286137
-10.0,2,108.296145
-10.0,4,108.310108
-10.0,7,108.330491
-10.0,7,108.355096
-10.0,5,108.376405
-10.0,1,108.381857
-10.0,5,108.400914
-10.0,3,108.413693
-10.0,1,108.419641
-10.0,8,108.448236
-10.0,9,108.474163
-10.0,8,108.50105
-10.0,1,108.508948
-10.0,10,108.543768
-10.0,1,108.551836
-10.0,4,108.567916
-10.0,2,108.577697
-10.0,6,108.599625
-10.0,10,108.631184
-10.0,2,108.638598
-10.0,1,108.644778
-10.0,3,108.655635
-10.0,2,108.664379
-10.0,4,108.680679
-10.0,1,108.687433
-10.0,1,108.698002
-10.0,2,108.706928
-10.0,4,108.722071
-10.0,1,108.728538
-10.0,3,108.74017
-10.0,1,108.747227
-10.0,1,108.754482
-10.0,4,108.770862
-10.0,2,108.780929
-10.0,2,108.78992
-10.0,4,108.804571
-10.0,4,108.822055
-10.0,1,108.827837
-10.0,2,108.838021
-10.0,4,108.852117
-10.0,19,108.911153
-10.0,1,108.917408
-10.0,7,108.937604
-10.0,2,108.945771
-10.0,2,108.953465
-10.0,3,108.963655
-10.0,2,108.97125
-10.0,5,108.991983
-10.0,3,109.007066
-10.0,2,109.020096
-10.0,6,109.045092
-10.0,4,109.061462
-10.0,3,109.074857
-10.0,4,109.092239
-10.0,3,109.102645
-10.0,1,109.107716
-10.0,1,109.112761
-10.0,6,109.137865
-10.0,2,109.148003
-10.0,3,109.16125
-10.0,3,109.178232
-10.0,1,109.186078
-10.0,1,109.191646
-10.0,4,109.210656
-10.0,8,109.234634
-10.0,11,109.273708
-10.0,2,109.283489
-10.0,3,109.298028
-10.0,1,109.306792
-10.0,1,109.313809
-10.0,1,109.319913
-10.0,2,109.333082
-10.0,5,109.360338
-10.0,1,109.367719
-10.0,6,109.39564
-10.0,3,109.411861
-10.0,2,109.424782
-10.0,6,109.445903
-10.0,1,109.451241
-10.0,3,109.461473
-10.0,2,109.470265
-10.0,1,109.475405
-10.0,1,109.481531
-10.0,4,109.493991
-10.0,5,109.509049
-10.0,12,109.543104
-10.0,1,109.549461
-10.0,8,109.577107
-10.0,1,109.582335
-10.0,2,109.590015
-10.0,2,109.597575
-10.0,2,109.605101
-10.0,2,109.612916
-10.0,4,109.625673
-10.0,1,109.630674
-10.0,1,109.63579
-10.0,2,109.643682
-10.0,14,109.679914
-10.0,3,109.689992
-10.0,1,109.695048
-10.0,1,109.700022
-10.0,6,109.719288
-10.0,7,109.740061
-10.0,13,109.781982
-10.0,1,109.78716
-10.0,5,109.801964
-10.0,3,109.815755
-10.0,2,109.82871
-10.0,1,109.837283
-10.0,1,109.845491
-10.0,7,109.870901
-10.0,1,109.880313
-10.0,4,109.896576
-10.0,1,109.901568
-10.0,1,109.906784
-10.0,4,109.920602
-10.0,1,109.927966
-10.0,7,109.962247
-10.0,4,109.975686
-10.0,7,109.995094
-10.0,1,109.998383
-10.0,3,110.004106
-10.0,3,110.00972
-10.0,6,110.019161
-10.0,1,110.021958
-10.0,13,110.039515
-10.0,9,110.053492
-10.0,3,110.062947
-10.0,1,110.067033
-10.0,1,110.071127
-10.0,3,110.07847
-10.0,3,110.087275
-10.0,1,110.09057
-10.0,4,110.100575
-10.0,2,110.10484
-10.0,2,110.108708
-10.0,9,110.121249
-10.0,8,110.136421
-10.0,2,110.143234
-10.0,1,110.148195
-10.0,4,110.164201
-10.0,2,110.171932
-10.0,1,110.176929
-10.0,2,110.184764
-10.0,16,110.240964
-10.0,4,110.257752
-10.0,1,110.264582
-10.0,3,110.275779
-10.0,3,110.286102
-10.0,2,110.294044
-10.0,3,110.303499
-10.0,2,110.313836
-10.0,3,110.323801
-10.0,4,110.335585
-10.0,1,110.341172
-10.0,5,110.356419
-10.0,4,110.36878
-10.0,1,110.373673
-10.0,1,110.378426
-10.0,11,110.408309
-10.0,2,110.415591
-10.0,4,110.427805
-10.0,4,110.440062
-10.0,2,110.447249
-10.0,3,110.457018
-10.0,9,110.480635
-10.0,4,110.492611
-10.0,6,110.511682
-10.0,1,110.516842
-10.0,6,110.533559
-10.0,7,110.554231
-10.0,3,110.564258
-10.0,2,110.571497
-10.0,3,110.581209
-10.0,1,110.586056
-10.0,8,110.60709
-10.0,4,110.619155
-10.0,5,110.633451
-10.0,1,110.638304
-10.0,4,110.65057
-10.0,2,110.65797
-10.0,1,110.662908
-10.0,4,110.675285
-10.0,4,110.687137
-10.0,7,110.706131
-10.0,4,110.717886
-10.0,2,110.725359
-10.0,7,110.744664
-10.0,5,110.762261
-10.0,4,110.776628
-10.0,2,110.78576
-10.0,5,110.802511
-10.0,2,110.810881
-10.0,4,110.82474
-10.0,1,110.830541
-10.0,1,110.836199
-10.0,2,110.843467
-10.0,2,110.850878
-10.0,8,110.872098
-10.0,2,110.879511
-10.0,2,110.886715
-10.0,1,110.891525
-10.0,2,110.900788
-10.0,1,110.905771
-10.0,3,110.916653
-10.0,8,110.938073
-10.0,2,110.945548
-10.0,3,110.95506
-10.0,3,110.964774
-10.0,5,110.979056
-10.0,1,110.983935
-10.0,3,110.993405
-10.0,8,111.014594
-10.0,1,111.019427
-10.0,1,111.024593
-10.0,1,111.029399
-10.0,1,111.034222
-10.0,1,111.039328
-10.0,1,111.044114
-10.0,2,111.051278
-10.0,3,111.060998
-10.0,5,111.075198
-10.0,2,111.082314
-10.0,1,111.087358
-10.0,5,111.101614
-10.0,3,111.111182
-10.0,2,111.11846
-10.0,1,111.123351
-10.0,1,111.128158
-10.0,1,111.133221
-10.0,4,111.144976
-10.0,8,111.167617
-10.0,3,111.177259
-10.0,7,111.196562
-10.0,6,111.213547
-10.0,1,111.218454
-10.0,2,111.225698
-10.0,4,111.237682
-10.0,4,111.249583
-10.0,2,111.256676
-10.0,2,111.265028
-10.0,4,111.277117
-10.0,2,111.284261
-10.0,6,111.30241
-10.0,2,111.309882
-10.0,2,111.316968
-10.0,2,111.324361
-10.0,3,111.333878
-10.0,1,111.338854
-10.0,2,111.345989
-10.0,2,111.353283
-10.0,6,111.370093
-10.0,1,111.375297
-10.0,3,111.384942
-10.0,6,111.401612
-10.0,1,111.406521
-10.0,1,111.411264
-10.0,1,111.416062
-10.0,2,111.427952
-10.0,2,111.437461
-10.0,1,111.442353
-10.0,3,111.45218
-10.0,4,111.463968
-10.0,3,111.473572
-10.0,3,111.483279
-10.0,2,111.490438
-10.0,1,111.495186
-10.0,4,111.507121
-10.0,8,111.52852
-10.0,4,111.540369
-10.0,8,111.562626
-10.0,2,111.569963
-10.0,1,111.574797
-10.0,1,111.579832
-10.0,3,111.589305
-10.0,4,111.601344
-10.0,1,111.606157
-10.0,1,111.611359
-10.0,3,111.620844
-10.0,3,111.630491
-10.0,7,111.649668
-10.0,3,111.659397
-10.0,3,111.668923
-10.0,2,111.676346
-10.0,4,111.688822
-10.0,1,111.69454
-10.0,1,111.699493
-10.0,10,111.725513
-10.0,3,111.735259
-10.0,1,111.740247
-10.0,4,120.370196
-10.0,1,120.376434
-10.0,3,120.387635
-10.0,3,120.397694
-10.0,2,120.404982
-10.0,1,120.409857
-10.0,2,120.418339
-10.0,2,120.428248
-10.0,1,120.433664
-10.0,5,120.44815
-10.0,1,120.454105
-10.0,2,120.463155
-10.0,1,120.468845
-10.0,13,120.506377
-10.0,4,120.519735
-10.0,1,120.52523
-10.0,2,120.533245
-10.0,17,120.577953
-10.0,3,120.587486
-10.0,10,120.619566
-10.0,2,120.627278
-10.0,2,120.634716
-10.0,1,120.639906
-10.0,3,120.649376
-10.0,4,120.6613
-10.0,3,120.67207
-10.0,4,120.684251
-10.0,4,120.698916
-10.0,1,120.704041
-10.0,2,120.711257
-10.0,3,120.721016
-10.0,2,120.728155
-10.0,3,120.737788
-10.0,3,120.747288
-10.0,3,120.75693
-10.0,3,120.766723
-10.0,1,120.771554
-10.0,1,120.776377
-10.0,1,120.781414
-10.0,3,120.790895
-10.0,2,120.798273
-10.0,1,120.803108
-10.0,6,120.820143
-10.0,10,120.846384
-10.0,1,120.851291
-10.0,2,120.858681
-10.0,6,120.875395
-10.0,1,120.880322
-10.0,1,120.88514
-10.0,1,120.889993
-10.0,4,120.902107
-10.0,1,120.907163
-10.0,4,120.918969
-10.0,3,120.9286
-46.2,4,120.940607
-10.0,7,120.96053
-10.0,3,120.97032
-10.0,9,120.99391
-10.0,2,121.001418
-10.0,8,121.024899
-10.0,1,121.029825
-10.0,1,121.034856
-10.0,1,121.039659
-10.0,1,121.04446
-10.0,9,121.068259
-10.0,1,121.073161
-10.0,1,121.07796
-10.0,5,121.092152
-10.0,3,121.103291
-10.0,2,121.110512
-10.0,4,121.122549
-10.0,6,121.139261
-10.0,4,121.151316
-10.0,6,121.168775
-10.0,1,121.175295
-10.0,5,121.192333
-10.0,2,121.199589
-10.0,1,121.204333
-10.0,3,121.213902
-10.0,1,121.218638
-10.0,4,121.230452
-10.0,1,121.235257
-10.0,12,121.265698
-10.0,1,121.270768
-10.0,4,121.289226
-10.0,10,121.319937
-10.0,3,121.330294
-10.0,9,121.358526
-10.0,1,121.363865
-10.0,1,121.368877
-10.0,1,121.374138
-10.0,1,121.380378
-10.0,9,121.414581
-10.0,11,121.451873
-10.0,12,121.491413
-10.0,3,121.502731
-10.0,1,121.507773
-10.0,5,121.526602
-10.0,4,121.542796
-10.0,11,121.581687
-10.0,7,121.606529
-10.0,1,121.613284
-10.0,6,121.630803
-10.0,5,121.647045
-10.0,5,121.664752
-10.0,8,121.694694
-10.0,8,121.722318
-10.0,4,121.738183
-10.0,2,121.747084
-10.0,2,121.758095
-10.0,3,121.770871
-10.0,12,121.80626
-10.0,4,121.823817
-10.0,2,124.61141
-10.0,6,124.629538
-10.0,4,124.641408
-10.0,21,124.693186
-10.0,14,124.742196
-10.0,1,124.749177
-10.0,1,124.755982
-10.0,2,124.765951
-10.0,3,124.779172
-10.0,11,124.813735
-10.0,5,124.82801
-10.0,10,124.85401
-10.0,9,124.877604
-10.0,6,124.894233
-10.0,4,124.906476
-10.0,14,124.94195
-10.0,2,124.949398
-10.0,5,124.963791
-10.0,1,124.968705
-10.0,7,124.987538
-10.0,8,125.00873
-10.0,3,125.018319
-10.0,4,125.030398
-10.0,10,125.059051
-10.0,5,125.075277
-10.0,4,125.087124
-10.0,8,125.108494
-10.0,2,125.115741
-10.0,1,125.12079
-10.0,13,125.153715
-10.0,6,125.170416
-10.0,12,125.201273
-10.0,4,125.213144
-10.0,11,125.241635
-10.0,2,125.249258
-10.0,6,125.266543
-10.0,1,125.271487
-10.0,3,125.281073
-10.0,1,125.286025
-10.0,3,125.29542
-10.0,10,125.32133
-10.0,5,125.335727
-10.0,4,125.347733
-10.0,12,125.378615
-10.0,1,125.383905
-10.0,6,125.400728
-10.0,4,125.412869
-10.0,14,125.449555
-10.0,3,125.459446
-10.0,28,125.528959
-10.0,10,125.555178
-10.0,2,125.562513
-10.0,5,125.57735
-10.0,5,125.591831
-10.0,1,125.596784
-10.0,5,125.61123
-10.0,1,125.616289
-10.0,8,125.637864
-10.0,1,125.642877
-10.0,2,125.650239
-10.0,8,125.671609
-10.0,10,125.698311
-10.0,5,125.71285
-10.0,2,125.720109
-10.0,12,125.751003
-10.0,6,125.767618
-10.0,10,125.794667
-10.0,1,125.799564
-10.0,3,125.809434
-10.0,8,125.831379
-10.0,28,125.899534
-10.0,14,125.934842
-10.0,6,125.951642
-10.0,6,125.968916
-10.0,7,125.98909
-10.0,1,125.994116
-10.0,6,126.010693
-10.0,4,126.022676
-10.0,11,126.051987
-10.0,4,126.064156
-10.0,12,126.095358
-10.0,4,126.107155
-10.0,34,126.189332
-10.0,2,126.196694
-10.0,18,126.241466
-10.0,2,126.248677
-10.0,12,126.279099
-10.0,8,126.306165
-10.0,1,126.311088
-10.0,3,126.320695
-10.0,6,126.337181
-10.0,6,126.353933
-10.0,8,126.376922
-10.0,3,126.387135
-10.0,15,126.444444
-10.0,8,126.467602
-10.0,2,126.477149
-10.0,2,126.485206
-10.0,1,126.488924
-10.0,8,126.504124
-10.0,16,126.551451
-10.0,7,126.57017
-10.0,5,126.585206
-10.0,6,126.605725
-10.0,15,126.642389
-10.0,1,126.647627
-10.0,1,126.653242
-10.0,5,126.671408
-10.0,3,126.688451
-10.0,5,126.714293
-10.0,1,126.722856
-10.0,3,126.738768
-10.0,8,126.767328
-10.0,9,126.79774
-10.0,5,126.818655
-10.0,5,126.833912
-10.0,11,126.858762
-10.0,10,126.876979
-10.0,8,126.904073
-10.0,5,126.921281
-10.0,5,126.940697
-10.0,7,126.964942
-10.0,11,127.000548
-10.0,3,127.010632
-10.0,11,127.045666
-10.0,6,127.069706
-10.0,8,127.095852
-10.0,5,127.11234
-10.0,7,127.139281
-10.0,6,127.161657
-10.0,12,127.202691
-10.0,8,127.229567
-10.0,8,127.255653
-10.0,4,127.268681
-10.0,8,127.295014
-10.0,2,127.302747
-10.0,11,127.33338
-10.0,1,127.338526
-10.0,10,127.371053
-10.0,10,127.407815
-10.0,7,127.438265
-10.0,7,127.473102
-10.0,4,127.488174
-10.0,6,127.511322
-10.0,1,127.51948
-10.0,4,127.542157
-10.0,9,127.579958
-10.0,5,127.596115
-10.0,13,127.640199
-10.0,7,127.667865
-10.0,6,127.722399
-10.0,6,127.800148
-10.0,2,127.810834
-10.0,2,127.822579
-10.0,3,127.83739
-10.0,12,127.878248
-10.0,36,128.001765
-10.0,2,128.01749
-10.0,6,128.047716
-10.0,1,128.056229
-10.0,14,128.110281
-10.0,4,128.122931
-10.0,1,128.128291
-10.0,3,128.138111
-10.0,3,128.148492
-10.0,9,128.172935
-10.0,4,128.186367
-10.0,1,128.192628
-10.0,6,128.212682
-10.0,5,128.229507
-10.0,6,128.248477
-10.0,1,128.253917
-10.0,3,128.263728
-10.0,7,128.283465
-10.0,1,128.288803
-10.0,1,128.293849
-10.0,7,128.313276
-10.0,6,128.330694
-10.0,3,128.342209
-10.0,11,128.393787
-10.0,3,128.408482
-10.0,8,128.434798
-10.0,1,128.443646
-10.0,5,128.462504
-10.0,8,128.496041
-10.0,4,128.511566
-10.0,12,128.533141
-10.0,5,128.542058
-10.0,3,128.54772
-10.0,8,128.559459
-10.0,7,128.569638
-10.0,1,128.572469
-10.0,8,128.583861
-10.0,6,128.592556
-10.0,11,128.607228
-10.0,16,128.633348
-10.0,3,128.641055
-10.0,7,128.654002
-10.0,1,128.656781
-10.0,18,128.699453
-10.0,2,128.710585
-10.0,3,128.720346
-10.0,1,128.725341
-10.0,1,128.730591
-10.0,11,128.766953
-10.0,1,128.774583
-10.0,4,128.785484
-10.0,2,128.792513
-10.0,2,128.802138
-10.0,5,128.820765
-10.0,4,128.833082
-10.0,1,128.837966
-10.0,1,128.843997
-10.0,6,128.861104
-10.0,4,128.873768
-10.0,3,128.888957
-10.0,4,128.900874
-10.0,19,128.949512
-10.0,3,128.959252
-10.0,4,128.971454
-10.0,6,128.988229
-10.0,16,129.028368
-10.0,3,129.038131
-10.0,4,129.050101
-10.0,9,129.073885
-10.0,2,129.081346
-10.0,2,129.088564
-10.0,21,129.139969
-10.0,13,129.17573
-10.0,6,129.192495
-10.0,12,129.223475
-10.0,1,129.229007
-10.0,6,129.245647
-10.0,10,129.271409
-10.0,3,129.281189
-10.0,10,129.308204
-10.0,1,129.314364
-10.0,22,129.368965
-10.0,10,129.401155
-10.0,9,129.425471
-10.0,2,129.432665
-10.0,13,137.816517
-10.0,1,137.8228
-10.0,15,137.867507
-10.0,2,137.878429
-10.0,3,137.889132
-10.0,12,137.922509
-10.0,4,137.936471
-10.0,4,137.953436
-10.0,3,137.966825
-10.0,13,138.009862
-10.0,5,138.026364
-10.0,9,138.053299
-10.0,1,138.05975
-10.0,1,138.065026
-10.0,3,138.076193
-10.0,3,138.08595
-10.0,7,138.106247
-10.0,5,138.120886
-10.0,5,138.135617
-10.0,10,138.165458
-10.0,4,138.17863
-10.0,3,138.188839
-10.0,1,138.193834
-10.0,5,138.208509
-10.0,25,138.276792
-10.0,25,138.3529
-10.0,4,138.367527
-10.0,4,138.383497
-10.0,4,138.398711
-10.0,6,138.418976
-10.0,24,138.490084
-10.0,1,138.495522
-10.0,2,138.504557
-10.0,2,138.512033
-10.0,13,138.546745
-10.0,12,138.578325
-10.0,2,138.5861
-10.0,6,138.603765
-10.0,3,138.615601
-10.0,11,138.646242
-10.0,1,138.651256
-10.0,6,138.668729
-10.0,11,138.699537
-10.0,21,138.82167
-10.0,10,138.895213
-10.0,20,138.969805
-10.0,1,138.975929
-10.0,13,139.016331
-10.0,1,139.022616
-10.0,10,139.060806
-10.0,1,139.070074
-10.0,2,139.080588
-10.0,2,139.090037
-10.0,18,139.15688
-10.0,1,139.164798
-10.0,3,139.17992
-10.0,12,139.2258
-10.0,4,139.239684
-10.0,1,139.245406
-10.0,15,139.296268
-10.0,9,139.328558
-10.0,9,139.368778
-10.0,3,139.389759
-10.0,8,139.418968
-10.0,3,139.434797
-10.0,3,139.452865
-10.0,7,139.485049
-10.0,3,139.50056
-10.0,8,139.526054
-10.0,3,139.540229
-10.0,3,139.556339
-10.0,73,143.293009
-10.0,127,143.675105
-10.0,104,143.98594
-10.0,57,144.156592
-50.0,174,144.728875
-10.0,137,145.194209
-10.0,98,145.592795
-10.0,75,145.844674
-10.0,64,146.059564
-10.0,209,146.628273
-10.0,12,146.668119
-10.0,47,146.801587
-10.0,12,146.837032
-10.0,43,147.014815
-50.0,154,147.41822
-10.0,2,147.425874
-10.0,25,147.49983
-10.0,222,157.548383
-10.0,88,157.804155
-10.0,5,157.821584
-10.0,31,157.937315
-10.0,185,158.6003
-10.0,158,162.301067
-10.0,123,162.624111
-10.0,118,162.919205
-10.0,133,163.262545
-10.0,143,163.708073
-10.0,95,164.021842
-10.0,126,164.722421
-10.0,80,165.068725
5.7,127,165.53687
-10.0,39,165.656425
0.9,132,165.947863
-10.0,109,166.22546
-10.0,207,176.060731
-10.0,89,176.358849
-10.0,97,176.605984
-10.0,126,176.929974
-10.0,116,177.257638
-10.0,129,177.578674
6.6,122,181.155267
-10.0,96,181.428895
-10.0,161,181.944542
-10.0,8,181.966524
-10.0,140,182.362456
-10.0,265,183.02551
0.3,140,183.39697
-10.0,160,183.793238
-10.0,67,184.010727
-10.0,60,184.200618
7.2,162,184.712232
-10.0,66,193.72872
-10.0,151,194.100753
-10.0,159,194.473198
-10.0,171,194.943095
8.4,192,198.237109
6.3,129,198.613964
-10.0,107,198.794503
-10.0,164,199.188377
-10.0,132,199.50449
-10.0,220,200.104577
-10.0,171,200.629345
-10.0,145,201.100171
-10.0,124,201.447006
-10.0,25,201.510206
-10.0,134,209.967433
-10.0,80,210.163481
-10.0,147,210.592298
10.8,193,211.323548
3.9,246,215.476316
-3.9,122,215.80642
-10.0,141,216.192004
-10.0,123,216.672247
7.2,203,217.384091
-10.0,180,218.085563
12.3,190,218.656475
4.2,159,219.058417
4.5,187,229.771442
10.5,181,230.619284
6.9,167,231.292221
-10.0,33,231.530328
-10.0,126,232.070794
9.3,268,236.687449
5.7,169,237.257361
-10.0,177,237.877701
10.8,199,238.656723
-26.1,76,238.923027
10.2,176,239.335233
4.5,178,239.791103
11.1,143,240.141692
-10.0,263,251.184242
-10.0,177,251.794261
8.1,165,252.449388
11.4,247,253.241212
-10.0,191,257.288217
13.8,177,257.883191
6.3,229,258.65634
-10.0,310,259.727619
4.5,135,260.072682
4.2,159,260.558539
-10.0,145,270.98809
-2.1,218,271.510453
-10.0,185,271.993951
12.9,193,272.498575
8.4,185,275.941555
-9.3,99,276.221078
5.1,198,276.71079
5.7,184,277.168788
5.7,182,277.631495
4.5,165,278.062705
11.4,143,278.593539
9.3,203,289.328033
4.5,159,289.75601
7.8,139,290.181594
6.9,172,290.836098
-2.1,117,291.19883
-3.0,196,292.018848
6.0,183,296.408084
5.1,243,297.31459
10.2,142,297.823169
3.3,174,298.330732
6.9,120,298.662138
6.3,156,299.078156
8.4,172,309.406754
2.4,241,310.071473
3.9,176,310.525935
6.3,164,310.916099
10.5,132,311.290946
7.8,193,314.902066
4.2,177,315.353445
1.8,144,315.695728
6.9,175,316.143016
8.4,319,317.07356
6.0,138,317.532786
4.8,179,326.06774
12.0,146,326.501488
6.0,210,327.298988
5.7,154,327.78101
9.6,137,328.078314
5.1,207,328.581644
9.9,153,331.84948
9.9,196,332.591832
9.6,135,333.054529
7.5,234,333.657736
5.1,198,334.137651
12.3,190,342.77966
10.8,180,343.452346
8.7,159,344.029084
5.7,168,344.573699
3.6,192,345.230168
8.4,271,346.18169
6.6,202,350.343991
8.7,158,350.954487
9.0,175,351.416618
5.4,184,351.885403
-10.0,184,352.38452
1.5,168,363.552972
4.8,154,363.957041
0.9,166,364.54699
6.6,229,365.292388
10.5,187,366.000225
-10.0,156,366.556413
10.5,180,370.268602
3.9,151,370.735142
10.8,217,371.475108
11.7,168,371.90473
6.9,129,372.229186
12.9,130,372.545568
11.1,141,382.411741
7.2,166,382.816115
8.7,137,383.166078
7.5,206,383.670493
1.5,233,384.25417
-5.7,133,384.573578
9.3,183,388.134805
8.7,159,388.637407
10.8,133,389.05145
9.3,195,389.678206
6.6,160,390.099646
11.1,270,400.484663
6.3,121,400.790319
11.1,182,401.256403
11.1,218,401.890573
6.6,185,402.570794
8.7,254,403.473051
12.3,169,407.146196
-10.0,223,407.756968
11.7,177,408.454582
8.7,149,408.866016
11.1,172,409.237559
3.9,230,418.399924
6.3,166,418.952834
9.9,163,419.326079
13.2,193,419.857807
11.1,175,420.327188
13.8,143,420.706856
11.1,182,421.219687
