#{"t_start": 1787248589.8510437, "env_id": "None"}
r,l,t
-10.0,2,0.139
-10.0,3,0.156308
-10.0,1,0.16423
-10.0,3,0.177993
-10.0,1,0.185279
-10.0,1,0.192802
-29.1,3,0.207882
-70.8,1,0.215511
-42.6,3,0.229508
-10.0,1,0.236716
-30.3,2,0.247879
-10.0,2,0.256788
-48.6,1,0.264386
-40.2,1,0.272235
-31.5,1,0.280066
-48.6,1,0.286556
-10.0,1,0.292856
-42.0,3,0.306424
-67.2,1,0.312904
-61.8,2,0.320552
-10.0,1,0.325667
-48.9,1,0.331553
-10.0,1,0.336531
-42.3,1,0.341403
-41.1,1,0.346735
-10.0,1,0.352051
-10.0,1,0.357022
-41.4,1,0.363764
-30.9,1,0.369041
-10.0,1,0.374094
-10.0,3,0.384358
-43.2,1,0.389732
-10.0,1,0.394829
-37.8,2,0.40367
-38.4,1,0.409218
-42.3,2,0.417419
-44.7,2,0.424777
-42.9,1,0.430125
-49.2,1,0.436138
-46.5,2,0.443839
-10.0,1,0.449817
-10.0,1,0.454872
-10.0,1,0.459713
-10.0,3,0.469587
-42.3,1,0.475224
-10.0,1,0.480286
-42.0,5,0.495783
-30.6,1,0.501011
-10.0,1,0.506258
-38.7,1,0.511173
-10.0,1,0.51641
-10.0,1,0.52195
-48.9,1,0.528399
-10.0,2,0.53734
-56.7,1,0.542405
-40.2,1,0.547296
-42.9,1,0.552134
-10.0,3,0.564147
-85.2,2,0.573562
-10.0,1,0.580071
-10.0,1,0.585643
-93.3,1,0.591655
-45.9,5,0.608472
-22.8,2,0.616306
-48.6,1,0.621863
-10.0,1,0.626843
-28.5,2,0.635483
-10.0,1,0.641106
-10.0,2,0.648761
-10.0,1,0.653812
-10.0,2,0.661751
-42.0,1,0.666781
-10.0,1,0.672128
-48.6,3,0.687772
-48.3,2,0.696063
-49.8,1,0.701333
-29.7,1,0.70729
-10.0,4,0.720846
-10.0,2,0.728544
-32.1,1,0.733445
-10.0,1,0.73873
-10.0,2,0.747409
-43.5,4,0.762316
-44.4,2,0.771883
-10.0,1,0.777824
-36.3,1,0.783668
-48.3,2,0.793362
-42.9,2,0.802271
-30.9,1,0.808681
-41.1,1,0.814553
-10.0,1,0.821162
-10.0,1,0.82787
-30.9,3,0.839169
-10.0,1,0.846155
-48.6,1,0.852129
-36.6,2,0.861036
-10.0,1,0.866951
-45.0,1,0.873929
-42.9,1,0.879804
-10.0,2,0.889024
-10.0,1,0.895753
-10.0,2,0.904266
-10.0,1,0.910686
-10.0,1,0.916465
-40.2,1,0.922466
-48.6,1,0.928396
-10.0,1,0.9356
-41.1,1,0.941327
-10.0,1,0.947381
-43.2,1,0.954246
-28.5,2,0.963287
-47.4,1,0.971946
-38.1,1,0.978625
-60.9,3,0.989186
-30.9,1,0.994794
-10.0,1,0.999987
-47.1,1,1.005787
-28.8,1,1.01163
-10.0,1,1.017192
-41.1,1,1.024344
-10.0,3,1.03579
-10.0,2,1.043694
-10.0,2,1.052086
-10.0,1,1.059327
-69.6,1,1.064731
-51.3,1,1.070024
-36.9,1,1.077571
-54.0,1,1.085147
-10.0,1,1.092882
-10.0,1,1.100138
-25.2,1,1.108274
-10.0,2,1.120817
-10.0,1,1.12987
-54.6,2,1.141154
-47.7,1,1.146452
-69.6,1,1.151715
-64.5,4,1.165933
-10.0,2,1.174173
-10.0,2,1.182405
-56.4,2,1.190404
-10.0,1,1.195951
-36.9,1,1.203458
-30.9,1,1.208688
-10.0,1,1.214229
-10.0,1,1.219369
-10.0,1,1.225093
-53.4,3,1.23528
-10.0,1,1.243008
-54.9,1,1.249146
-44.1,1,1.255195
-65.4,1,1.26321
-46.8,1,1.268875
-69.3,2,1.27685
-36.6,2,1.286319
-10.0,1,1.293066
-10.0,2,1.301056
-10.0,1,1.306483
-10.0,2,1.314171
-70.8,1,1.319124
-48.9,1,1.325006
-64.8,1,1.33036
-47.1,3,1.342002
-49.5,1,1.347481
-44.1,1,1.352633
-46.8,1,1.358072
-43.2,1,1.363122
-28.8,1,1.368728
-10.0,2,1.376529
-29.7,1,1.381685
-42.9,3,1.392556
-33.6,1,1.397662
-34.5,1,1.40256
-10.0,2,1.410866
-48.3,2,1.418346
-10.0,2,1.42588
-10.0,1,1.431471
-31.5,3,1.441124
-10.0,1,1.446133
-38.7,1,1.451235
-10.0,1,1.457246
-31.5,1,1.462904
-31.2,1,1.468278
-10.0,1,1.475018
-45.3,1,1.480418
-10.0,2,1.488883
-10.0,1,1.495948
-10.0,1,1.503505
-10.0,4,1.517617
-44.7,2,1.525717
-40.2,1,1.531368
-10.0,2,1.539545
-85.5,1,1.544811
-10.0,1,1.550373
-10.0,5,1.567128
-48.6,1,1.572561
-10.0,1,1.578121
-10.0,5,1.595817
-10.0,2,1.604275
-22.5,3,1.614684
-10.0,4,1.628641
-10.0,2,1.636471
-10.0,2,1.64561
-10.0,1,1.65092
-27.6,5,1.667291
-30.6,2,1.675135
-56.7,1,1.681483
-10.0,3,1.693069
-10.0,1,1.698248
-10.0,2,1.70742
-31.2,2,1.715108
-46.8,1,1.723607
-10.0,1,1.729374
-10.0,3,1.740386
-10.0,1,1.749288
-46.2,3,1.761022
-62.1,1,1.767759
-10.0,1,1.773535
-65.4,1,1.778865
-10.0,1,1.784315
-34.2,2,1.792887
-10.0,2,1.800536
-38.7,1,1.806367
-10.0,2,1.814258
-38.1,2,1.822916
-10.0,1,1.829614
-48.6,1,1.835129
-10.0,1,1.840958
-10.0,1,1.847467
-10.0,2,1.856094
-10.0,1,1.861584
-46.8,1,1.868528
-48.6,1,1.873984
-10.0,1,1.880793
-10.0,3,1.901239
-10.0,2,1.917863
-62.4,1,1.928111
-10.0,2,1.94332
-40.8,2,1.95769
-36.9,1,1.967095
-10.0,1,1.978336
-10.0,2,1.990824
-38.7,2,2.005414
-10.0,1,2.014062
-10.0,3,2.028484
-48.6,1,2.033571
-10.0,1,2.04051
-10.0,4,2.061599
-10.0,1,2.069343
-30.9,1,2.074793
-10.0,1,2.082174
-10.0,1,2.091057
-53.7,1,2.097048
-10.0,1,2.102712
-49.8,1,2.10811
-45.0,2,2.116113
-10.0,1,2.121979
-33.6,1,2.127114
-10.0,1,2.132709
-10.0,1,2.138287
-33.6,1,2.146109
-56.7,1,2.151889
-10.0,1,2.157515
-67.8,2,2.16677
-10.0,1,2.172092
-30.6,2,2.180876
-10.0,1,2.186428
-62.4,1,2.191796
-25.8,1,2.197085
-61.5,1,2.202737
-33.6,1,2.209477
-61.5,1,2.215129
-10.0,1,2.222341
-43.2,4,2.236363
-48.9,1,2.243153
-72.6,1,2.249131
-36.9,1,2.25456
-10.0,2,2.265581
-85.5,1,2.27304
-69.6,1,2.281316
-35.1,3,2.302776
-44.7,2,2.313537
-67.2,1,2.320208
-28.8,1,2.327287
-36.3,1,2.334819
-38.4,1,2.341657
-10.0,1,2.349137
-10.0,1,2.356205
-46.8,1,2.362466
-10.0,2,2.372022
-10.0,1,2.377462
-10.0,1,2.382952
-10.0,1,2.388559
-10.0,1,2.39445
-65.1,2,2.402418
-10.0,1,2.407638
-72.6,1,2.414575
-44.4,1,2.420068
-10.0,2,2.427636
-10.0,2,2.436525
-72.6,1,2.442426
-10.0,1,2.447627
-10.0,1,2.453161
-10.0,1,2.458398
-10.0,1,2.463438
-10.0,2,2.471374
-29.4,2,2.479197
-44.4,1,2.484598
-45.3,1,2.48984
-10.0,1,2.495731
-10.0,1,2.500987
-10.0,2,2.508757
-47.1,1,2.514344
-69.3,2,2.522757
-69.6,1,2.528015
-44.4,1,2.535089
-33.6,1,2.540583
-41.4,1,2.545658
-37.8,2,2.554291
-49.2,2,2.561873
-41.1,1,2.567304
-54.0,1,2.572626
-10.0,2,2.580675
-10.0,1,2.585739
-46.8,1,2.592522
-42.0,1,2.601497
-48.6,3,2.613547
-10.0,1,2.619534
-30.9,3,2.630116
-10.0,1,2.636735
-54.0,1,2.6423
-42.0,2,2.649868
-10.0,3,2.663511
-10.0,1,2.672677
-31.5,1,2.685026
-10.0,1,2.693595
-38.1,1,2.704273
-10.0,2,2.717423
-10.0,3,2.733083
-67.5,1,2.740307
-48.6,1,2.748135
-69.6,1,2.755402
-10.0,1,2.766969
-28.8,1,2.776129
-10.0,1,2.782771
-10.0,1,2.791778
-42.0,1,2.798617
-62.4,1,2.806347
-10.0,2,2.816973
-10.0,1,2.823553
-10.0,2,2.834378
-33.9,2,2.844024
-10.0,1,2.851487
-10.0,1,2.857895
-78.3,2,2.868895
-43.2,1,2.875939
-85.5,1,2.88255
-10.0,3,2.893844
-10.0,2,2.90161
-10.0,1,2.906804
-10.0,1,2.912185
-36.0,4,2.924417
-37.8,2,2.93236
-10.0,1,2.936441
-10.0,1,2.94173
-25.8,1,2.946641
-46.8,1,2.952094
-10.0,2,2.962022
-44.4,1,2.967481
-65.4,1,2.974719
-10.0,2,2.98251
-10.0,4,2.994901
-67.5,1,3.000522
-10.0,1,3.007607
-10.0,1,3.016425
-10.0,2,3.027649
-10.0,2,3.036916
-28.8,1,3.043116
-25.8,1,3.051256
-48.0,3,3.062479
-10.0,2,3.07978
-53.4,1,3.088915
-10.0,1,3.099003
-10.0,1,3.109613
-10.0,2,3.126171
-47.7,1,3.134835
-10.0,2,3.148582
-10.0,2,3.158328
-45.0,1,3.165642
-10.0,1,3.170584
-10.0,2,3.177737
-10.0,1,3.185562
-10.0,2,3.192961
-10.0,1,3.198194
-42.3,1,3.205151
-42.6,1,3.210846
-10.0,1,3.216555
-52.8,3,3.230319
-10.0,2,3.237931
-10.0,1,3.24706
-53.7,2,3.256592
-45.0,2,3.27446
-42.0,1,3.283936
-10.0,1,3.295865
-32.1,1,3.306398
-10.0,1,3.316431
-44.4,1,3.328165
-28.8,1,3.339431
-10.0,1,3.351417
-10.0,1,3.36217
-10.0,2,3.37867
-31.2,1,3.389217
-40.2,1,3.399147
-10.0,3,3.420492
-45.3,1,3.429481
-10.0,3,3.449767
-10.0,1,3.461376
-10.0,1,3.474043
-10.0,2,3.494507
-66.6,3,3.512892
-10.0,2,3.526142
-10.0,1,3.535639
-42.9,2,3.548275
-93.3,1,3.554226
-10.0,2,3.561969
-31.2,1,3.567329
-10.0,1,3.572394
-46.8,2,3.58017
-10.0,1,3.585256
-10.0,1,3.590295
-44.7,2,3.598932
-42.0,1,3.604156
-41.1,1,3.609177
-10.0,2,3.617101
-48.6,1,3.622399
-10.0,1,3.628301
-53.7,2,3.636677
-10.0,1,3.642553
-10.0,1,3.647998
-10.0,1,3.653585
-30.9,1,3.659415
-10.0,1,3.665364
-87.0,1,3.670861
-10.0,1,3.676674
-33.6,1,3.682168
-35.7,3,3.693032
-10.0,1,3.698659
-33.6,1,3.704434
-10.0,1,3.710291
-10.0,1,3.715744
-38.1,1,3.721245
-10.0,2,3.730018
-10.0,1,3.735217
-10.0,1,3.741073
-44.1,1,3.74783
-41.4,1,3.756839
-67.5,1,3.765272
-31.5,1,3.772481
-44.4,1,3.780412
-31.8,2,3.791862
-10.0,3,3.80307
-35.7,1,3.808496
-10.0,1,3.813733
-38.1,2,3.821903
-48.6,2,3.830396
-10.0,1,3.838396
-48.6,1,3.8438
-10.0,3,3.854586
-10.0,2,3.864045
-10.0,2,3.875342
-10.0,1,3.882535
-40.8,2,3.8914
-10.0,1,3.897241
-31.5,1,3.902432
-10.0,4,3.919368
-10.0,3,3.931002
-56.4,2,3.939951
-10.0,1,3.945247
-48.9,2,3.954635
-43.2,1,3.959781
-10.0,1,3.965226
-10.0,1,3.97085
-10.0,1,3.977698
-10.0,3,3.987849
-45.3,1,3.994868
-65.4,1,4.001233
-56.7,1,4.006496
-10.0,1,4.011762
-10.0,1,4.018873
-10.0,1,4.024673
-48.9,1,4.030122
-10.0,2,4.04116
-40.2,1,4.046461
-10.0,1,4.051486
-45.3,1,4.05926
-49.2,1,4.065182
-87.0,1,4.07101
-10.0,1,4.078281
-10.0,4,4.091794
-42.6,1,4.099308
-63.3,6,4.11696
-44.4,3,4.130028
-10.0,1,4.135947
-48.6,1,4.143741
-44.7,1,4.151788
-25.8,1,4.156942
-10.0,1,4.164662
-10.0,1,4.170041
-10.0,1,4.17559
-10.0,1,4.1838
-10.0,1,4.190156
-42.3,1,4.195381
-10.0,2,4.203607
-10.0,1,4.208849
-48.6,1,4.214276
-45.3,1,4.219556
-45.0,1,4.225239
-10.0,1,4.230351
-10.0,1,4.235966
-54.3,3,4.247049
-44.4,1,4.254658
-10.0,1,4.260007
-10.0,1,4.267593
-10.0,2,4.279068
-44.7,1,4.285237
-40.2,1,4.290452
-10.0,2,4.298883
-10.0,1,4.304117
-34.8,2,4.312247
-10.0,2,4.320412
-35.7,1,4.325837
-25.8,1,4.331228
-42.9,3,4.342685
-10.0,1,4.348014
-10.0,3,4.35797
-28.8,1,4.362982
-35.7,1,4.3683
-10.0,1,4.373467
-10.0,1,4.378465
-42.0,5,4.393088
-10.0,1,4.398137
-42.0,2,4.406006
-10.0,1,4.410949
-10.0,1,4.416444
-10.0,1,4.421937
-54.9,1,4.427157
-10.0,1,4.433774
-10.0,1,4.442155
-46.5,3,4.462095
-42.6,2,4.480623
-10.0,2,4.49433
-10.0,1,4.504133
-10.0,1,4.512732
-65.4,1,4.521777
-10.0,1,4.537648
-10.0,2,4.553704
-46.8,1,4.561681
-10.0,1,4.570725
-10.0,2,4.580365
-10.0,1,4.587168
-31.5,1,4.593094
-10.0,2,4.608441
-48.6,1,4.617516
-48.6,1,4.626177
-10.0,2,4.635923
-48.6,1,4.645385
-10.0,1,4.651951
-54.9,1,4.661102
-54.0,1,4.670578
-53.7,1,4.682779
-10.0,1,4.695965
-38.4,2,4.707919
-10.0,2,4.722235
-10.0,2,4.73309
-42.9,1,4.741898
-10.0,1,4.751732
-10.0,2,4.770304
-36.3,1,4.777031
-28.5,2,4.791621
-10.0,3,4.803536
-51.0,2,4.815645
-33.9,2,4.824818
-10.0,3,4.841725
-87.0,1,4.852257
-29.1,3,4.87137
-10.0,1,4.879412
-10.0,1,4.890931
-10.0,1,4.901205
-46.8,1,4.918629
-30.0,3,4.941179
-10.0,2,4.960336
-54.9,1,4.967464
-10.0,1,4.979352
-40.2,1,4.985366
-33.0,3,5.002906
-10.0,1,5.00943
-10.0,1,5.019314
-42.6,2,5.030014
-10.0,1,5.041281
-32.1,1,5.047318
-10.0,1,5.053307
-10.0,1,5.066228
-30.9,1,5.073727
-69.3,2,5.085099
-10.0,4,5.108042
-10.0,2,5.116596
-10.0,1,5.126834
-10.0,1,5.133898
-10.0,1,5.141102
-69.6,1,5.149113
-10.0,1,5.156859
-10.0,1,5.167813
-72.0,3,5.185506
-10.0,3,5.200787
-10.0,2,5.220777
-44.4,1,5.240709
-10.0,1,5.257367
-43.2,1,5.275014
-10.0,1,5.293985
-33.6,1,5.312964
-32.1,1,5.333452
-10.0,3,5.368032
-10.0,2,5.389851
-10.0,1,5.403003
-10.0,3,5.433417
-10.0,1,5.445176
-10.0,2,5.465938
-10.0,3,5.48812
-42.0,2,5.517178
-10.0,1,5.52791
-54.0,1,5.538393
-10.0,1,5.552917
-33.6,1,5.565302
-10.0,1,5.580403
-10.0,3,5.605303
-42.9,2,5.620434
-10.0,1,5.630028
-10.0,1,5.63932
-10.0,3,5.657361
-43.2,6,5.688903
-10.0,1,5.703096
-47.4,1,5.719359
-10.0,1,5.72864
-10.0,1,5.737313
-10.0,1,5.746351
-10.0,3,5.763314
-30.9,1,5.77176
-10.0,1,5.78051
-10.0,1,5.789029
-43.2,1,5.796948
-10.0,1,5.80503
-42.9,2,5.816929
-10.0,1,5.823206
-54.0,1,5.828599
-10.0,4,5.841346
-44.7,1,5.846469
-44.4,1,5.851965
-35.1,1,5.857202
-35.4,2,5.864925
-10.0,1,5.87051
-10.0,2,5.881429
-36.9,1,5.887605
-69.6,1,5.892577
-35.7,1,5.898176
-54.9,1,5.907319
-33.6,1,5.91482
-10.0,2,5.923145
-67.2,1,5.928244
-10.0,1,5.933797
-10.0,1,5.938908
-67.5,1,5.94396
-36.9,1,5.949358
-10.0,1,5.954545
-54.6,2,5.96195
-44.4,1,5.9683
-10.0,2,5.976309
-10.0,1,5.98188
-78.6,1,5.986996
-35.1,1,5.992005
-44.4,1,5.997296
-10.0,2,6.004762
-10.0,1,6.009839
-10.0,1,6.015285
-10.0,1,6.020456
-48.3,2,6.028128
-49.5,1,6.033211
-10.0,1,6.038131
-45.3,1,6.043373
-10.0,1,6.048464
-53.4,1,6.053374
-38.7,1,6.05836
-10.0,1,6.063663
-10.0,1,6.068642
-38.7,1,6.073609
-53.1,3,6.08383
-33.6,1,6.088868
-10.0,1,6.09492
-10.0,2,6.102841
-10.0,1,6.108222
-10.0,2,6.116118
-10.0,2,6.125308
-10.0,1,6.130744
-30.9,2,6.136715
-10.0,1,6.140736
-47.1,2,6.149983
-31.5,3,6.161045
-10.0,3,6.172302
-10.0,1,6.181703
-25.8,1,6.187052
-10.0,1,6.192091
-10.0,2,6.199697
-43.2,1,6.20816
-10.0,3,6.218014
-67.2,2,6.233908
-48.6,1,6.241374
-10.0,2,6.252693
-10.0,1,6.258017
-33.3,2,6.26771
-39.0,1,6.273128
-42.9,1,6.279113
-28.8,1,6.285156
-41.1,1,6.290608
-10.0,1,6.296121
-10.0,1,6.30674
-10.0,1,6.319196
-10.0,1,6.326746
-10.0,2,6.33723
-24.9,2,6.351502
-44.1,2,6.361027
-34.8,2,6.371098
-29.7,1,6.377629
-10.0,4,6.393713
-10.0,1,6.400624
-10.0,1,6.406945
-10.0,2,6.415704
-32.1,1,6.420665
-54.9,1,6.425693
-10.0,1,6.430981
-10.0,1,6.435989
-10.0,1,6.440927
-56.7,1,6.446236
-10.0,1,6.451258
-10.0,2,6.459822
-48.9,1,6.465073
-40.8,2,6.472822
-10.0,1,6.478423
-10.0,1,6.483521
-54.0,1,6.48857
-10.0,2,6.496367
-43.2,2,6.503923
-10.0,1,6.509517
-33.9,7,6.529172
-48.6,1,6.534307
-10.0,1,6.539581
-10.0,2,6.547039
-42.6,2,6.55557
-10.0,1,6.561538
-10.0,1,6.56664
-48.6,1,6.572149
-10.0,1,6.577361
-10.0,1,6.582383
-10.0,1,6.588028
-65.4,1,6.593256
-10.0,1,6.598346
-54.9,1,6.603689
-23.1,1,6.608845
-69.6,1,6.613911
-10.0,1,6.619794
-10.0,1,6.625078
-49.5,1,6.630744
-10.0,1,6.636463
-10.0,1,6.641536
-72.0,3,6.652053
-54.0,1,6.657243
-40.2,4,6.669773
-10.0,1,6.674836
-10.0,1,6.680269
-10.0,1,6.68624
-10.0,1,6.692864
-47.1,2,6.702114
-10.0,1,6.708059
-67.2,1,6.715656
-10.0,1,6.720862
-48.6,1,6.726102
-47.4,2,6.733504
-10.0,4,6.746768
-25.8,1,6.751744
-41.1,1,6.756782
-10.0,1,6.763577
-10.0,1,6.769024
-10.0,1,6.774381
-56.7,1,6.779934
-43.2,1,6.78508
-10.0,1,6.792088
-10.0,1,6.799105
-10.0,2,6.81147
-45.0,1,6.819657
-38.1,1,6.826031
-10.0,1,6.832658
-84.6,4,6.848759
-41.1,1,6.854153
-87.0,1,6.860251
-10.0,1,6.868415
-38.1,4,6.887013
-62.1,1,6.895485
-40.2,1,6.903135
-10.0,1,6.910786
-46.8,1,6.918268
-42.3,1,6.925591
-62.1,1,6.934263
-10.0,1,6.939416
-10.0,2,6.947154
-44.7,1,6.952758
-64.8,1,6.958715
-31.5,1,6.96532
-42.0,4,6.985094
-10.0,2,6.995528
-10.0,2,7.0048
-43.2,1,7.010121
-10.0,2,7.020674
-10.0,1,7.0279
-10.0,3,7.044271
-85.5,1,7.053116
-38.7,1,7.060727
-48.0,3,7.075108
-10.0,1,7.081924
-40.2,1,7.090946
-60.9,4,7.111969
-10.0,1,7.12365
-78.6,1,7.129688
-39.9,2,7.139806
-10.0,1,7.14516
-10.0,1,7.152567
-10.0,1,7.158851
-10.0,1,7.164879
-10.0,1,7.170416
-10.0,1,7.176037
-39.0,1,7.181941
-10.0,3,7.192842
-10.0,1,7.198823
-10.0,1,7.204193
-10.0,7,7.22494
-10.0,1,7.230567
-10.0,1,7.235966
-34.8,2,7.244269
-31.5,1,7.249766
-10.0,1,7.255198
-10.0,4,7.274515
-10.0,1,7.280896
-45.3,1,7.287273
-10.0,1,7.296384
-48.6,1,7.302346
-10.0,3,7.314342
-38.1,2,7.323247
-44.4,1,7.329192
-10.0,1,7.335192
-30.9,1,7.343242
-10.0,2,7.351439
-56.7,1,7.357369
-42.9,1,7.36176
-36.9,1,7.366043
-10.0,2,7.373047
-10.0,1,7.377639
-31.8,2,7.385054
-10.0,1,7.390932
-10.0,1,7.396481
-25.5,2,7.405029
-10.0,1,7.411396
-54.0,1,7.41952
-56.7,1,7.427543
-34.5,1,7.436845
-44.4,1,7.444586
-10.0,2,7.459866
-54.0,1,7.468197
-48.3,3,7.484745
-10.0,1,7.493204
-33.6,1,7.503408
-10.0,1,7.510005
-10.0,1,7.517354
-10.0,1,7.525703
-10.0,1,7.534111
-44.1,2,7.544899
-10.0,1,7.550433
-43.2,1,7.556208
-10.0,1,7.563484
-42.6,2,7.57616
-10.0,2,7.587919
-38.4,1,7.595092
-10.0,1,7.603123
-42.9,1,7.611021
-61.5,2,7.61911
-45.0,1,7.626136
-10.0,2,7.637226
-10.0,2,7.650994
-10.0,1,7.665522
-54.0,1,7.672956
-54.0,1,7.685308
-48.6,1,7.692904
-43.5,4,7.718423
-41.7,2,7.735939
-47.4,1,7.748122
-10.0,1,7.756263
-48.6,1,7.762089
-10.0,2,7.778395
-40.2,4,7.805532
-10.0,1,7.816789
-44.4,1,7.823926
-33.9,2,7.839406
-10.0,2,7.85275
-42.9,1,7.861961
-27.9,4,7.882246
-10.0,2,7.897053
-25.8,1,7.906016
-62.4,1,7.915962
-10.0,1,7.921706
-10.0,3,7.93603
-10.0,1,7.941245
-28.5,2,7.952539
-10.0,1,7.960324
-10.0,1,7.967382
-10.0,1,7.97465
-10.0,5,7.99349
-10.0,2,8.002811
-40.8,2,8.013054
-65.4,1,8.019643
-10.0,1,8.026253
-54.9,1,8.032868
-10.0,1,8.039229
-10.0,2,8.049118
-10.0,1,8.055632
-10.0,4,8.071635
-43.2,1,8.078589
-40.2,1,8.084999
-69.6,1,8.091893
-54.6,2,8.101379
-49.5,1,8.107343
-35.7,1,8.112484
-39.6,3,8.12364
-10.0,2,8.137076
-10.0,1,8.146513
-48.9,1,8.156465
-33.9,3,8.172583
-45.3,1,8.178218
-10.0,2,8.186029
-29.7,1,8.191192
-67.2,1,8.19619
-10.0,1,8.201289
-41.1,1,8.206671
-54.3,3,8.216383
-60.9,3,8.2265
-62.1,2,8.234072
-10.0,1,8.239421
-10.0,1,8.244327
-47.1,1,8.249496
-10.0,1,8.254532
-56.7,1,8.259488
-41.1,1,8.26431
-10.0,1,8.269607
-10.0,1,8.274523
-42.9,2,8.281942
-10.0,3,8.291557
-48.6,1,8.296755
-10.0,1,8.304063
-10.0,2,8.314837
-28.8,1,8.3204
-10.0,1,8.325409
-10.0,1,8.330686
-10.0,1,8.335633
-32.1,1,8.340596
-10.0,1,8.345821
-69.6,1,8.350829
-38.1,1,8.35572
-10.0,2,8.364055
-36.3,1,8.369032
-10.0,2,8.376654
-41.1,1,8.381689
-23.1,1,8.38656
-41.7,2,8.394231
-10.0,1,8.399199
-10.0,1,8.404034
-36.0,2,8.411719
-10.0,1,8.416655
-10.0,2,8.424589
-48.6,1,8.436103
-54.9,1,8.441353
-10.0,1,8.446419
-10.0,3,8.456369
-40.2,1,8.461403
-38.7,1,8.466234
-10.0,1,8.471066
-38.7,1,8.477485
-49.8,1,8.484785
-10.0,2,8.495149
-10.0,2,8.507623
-10.0,1,8.518296
-10.0,1,8.52671
-39.3,4,8.544994
-42.9,2,8.554984
-10.0,1,8.563548
-45.0,2,8.575971
-41.1,1,8.58416
-10.0,1,8.592494
-10.0,1,8.601003
-32.1,1,8.609563
-10.0,4,8.629402
-32.1,1,8.638148
-69.6,1,8.643317
-51.0,2,8.650955
-10.0,1,8.656119
-10.0,1,8.661075
-10.0,2,8.669428
-41.1,1,8.675287
-49.2,1,8.681373
-10.0,1,8.687179
-32.1,1,8.69287
-30.9,2,8.704021
-10.0,1,8.710713
-10.0,1,8.71856
-10.0,1,8.724664
-10.0,1,8.731907
-45.3,1,8.74003
-10.0,1,8.748392
-10.0,1,8.760578
-65.4,1,8.785515
-48.6,1,8.793227
-10.0,1,8.798755
-10.0,1,8.804218
-10.0,1,8.809486
-10.0,3,8.820029
-67.2,2,8.82989
-10.0,3,8.84476
-46.5,2,8.852714
-10.0,2,8.860875
-10.0,1,8.866277
-10.0,2,8.875082
-43.2,1,8.880397
-10.0,2,8.888543
-10.0,2,8.896757
-48.3,2,8.905248
-45.0,2,8.913215
-10.0,3,8.925056
-87.0,1,8.93051
-42.9,1,8.936089
-54.0,1,8.941344
-28.5,2,8.947674
-43.2,1,8.952853
-46.8,1,8.956815
-10.0,1,8.960428
-10.0,3,8.970699
-40.2,1,8.974403
-10.0,1,8.9777
-28.8,1,8.982224
-30.6,2,8.987848
-10.0,2,8.993503
-38.7,1,8.996942
-10.0,2,9.004287
-44.7,1,9.007693
-10.0,1,9.011201
-10.0,4,9.02064
-10.0,1,9.02437
-49.2,1,9.028285
-44.1,2,9.035014
-10.0,1,9.039663
-87.0,1,9.044199
-54.0,1,9.050141
-10.0,1,9.057213
-10.0,1,9.062008
-28.8,1,9.066441
-44.4,1,9.070608
-10.0,2,9.077652
-10.0,1,9.082558
-28.8,1,9.090197
-54.9,1,9.098059
-10.0,3,9.112028
-10.0,1,9.117069
-10.0,1,9.1226
-48.6,1,9.128868
-10.0,1,9.138254
-10.0,1,9.145609
-10.0,2,9.162641
-10.0,3,9.184565
-10.0,1,9.190173
-37.8,2,9.198278
-10.0,1,9.204995
-42.0,1,9.212422
-41.1,8,9.236991
-48.6,1,9.248258
-35.4,2,9.257793
-10.0,4,9.271304
-10.0,1,9.277062
-10.0,1,9.282619
-10.0,1,9.288594
-46.8,1,9.292818
-35.7,1,9.298934
-10.0,2,9.306391
-10.0,1,9.311389
-34.5,1,9.316941
-48.6,1,9.322229
-25.8,1,9.327075
-10.0,1,9.332062
-10.0,1,9.337007
-40.2,1,9.341815
-10.0,2,9.350229
-10.0,4,9.362877
-10.0,1,9.368041
-10.0,1,9.372917
-10.0,2,9.38023
-53.4,1,9.385472
-28.8,1,9.390499
-46.2,3,9.400565
-10.0,1,9.405654
-61.8,1,9.410676
-10.0,1,9.416486
-54.6,2,9.423903
-10.0,1,9.430382
-10.0,1,9.435635
-10.0,5,9.450552
-67.2,1,9.455649
-44.4,1,9.460803
-10.0,1,9.465755
-10.0,1,9.470716
-53.4,3,9.48187
-10.0,1,9.487162
-36.9,1,9.492886
-30.9,1,9.499146
-47.7,1,9.504748
-10.0,1,9.510893
-45.0,2,9.518808
-10.0,1,9.524918
-69.6,1,9.530239
-33.3,2,9.537807
-40.2,1,9.543745
-29.7,1,9.549044
-10.0,1,9.556065
-10.0,1,9.562692
-25.8,1,9.568258
-10.0,1,9.574977
-38.7,1,9.581463
-56.4,2,9.591083
-10.0,1,9.596751
-10.0,4,9.608639
-61.5,1,9.61498
-42.9,1,9.620596
-10.0,3,9.630674
-53.7,2,9.638282
-62.4,1,9.643406
-45.3,1,9.649543
-31.5,1,9.65473
-10.0,1,9.660361
-46.8,1,9.665932
-35.1,1,9.6712
-56.4,2,9.680502
-10.0,1,9.686224
-10.0,2,9.69541
-10.0,3,9.710073
-44.7,1,9.715461
-10.0,3,9.726276
-22.5,3,9.735961
-10.0,4,9.748066
-10.0,1,9.753025
-10.0,1,9.759894
-69.6,1,9.765058
-78.3,2,9.772516
-44.4,1,9.777452
-78.6,1,9.782334
-31.5,1,9.788394
-10.0,1,9.794294
-43.2,2,9.801495
-54.0,1,9.806978
-86.4,3,9.81652
-34.2,2,9.824256
-10.0,2,9.831634
-10.0,1,9.836914
-44.7,3,9.846617
-10.0,1,9.851755
-10.0,1,9.859734
-38.7,1,9.868149
-10.0,1,9.873181
-44.4,3,9.88267
-53.1,2,9.894382
-10.0,1,9.901589
-10.0,1,9.908365
-10.0,1,9.91553
-10.0,2,9.924833
-53.7,2,9.933406
-10.0,1,9.93862
-10.0,1,9.943584
-35.4,2,9.951584
-10.0,2,9.958891
-10.0,1,9.963933
-47.7,1,9.96881
-10.0,1,9.973638
-10.0,1,9.979156
-10.0,1,9.985647
-46.8,2,9.995578
-44.4,1,10.002639
-42.0,1,10.009079
-66.9,3,10.022314
-10.0,2,10.032064
-10.0,1,10.0384
-31.5,1,10.044874
-36.3,3,10.057097
-41.7,3,10.069612
-35.7,1,10.07622
-10.0,1,10.082439
-45.3,1,10.08842
-10.0,3,10.099116
-33.6,1,10.10403
-45.3,1,10.109275
-48.3,2,10.116743
-93.3,1,10.12169
-10.0,2,10.130434
-53.4,3,10.141551
-22.8,2,10.149451
-10.0,1,10.15483
-10.0,1,10.160724
-10.0,1,10.165664
-10.0,1,10.17106
-42.3,1,10.17628
-10.0,1,10.181439
-31.8,2,10.191522
-10.0,1,10.197286
-10.0,1,10.202622
-10.0,1,10.208615
-10.0,2,10.217038
-10.0,2,10.225439
-10.0,1,10.230551
-10.0,1,10.23612
-46.8,1,10.241321
-10.0,1,10.246608
-36.6,2,10.261308
-37.2,4,10.31026
-10.0,3,10.328323
-10.0,1,10.331841
-10.0,1,10.335527
-28.5,2,10.342999
-10.0,1,10.34827
-53.4,1,10.353179
-45.6,5,10.367673
-40.8,2,10.374938
-53.4,1,10.380749
-10.0,2,10.391102
-10.0,2,10.399066
-10.0,1,10.405542
-46.5,2,10.413388
-61.2,2,10.42063
-10.0,1,10.425916
-54.9,1,10.430983
-78.3,2,10.43826
-22.8,2,10.445956
-10.0,1,10.450929
-10.0,1,10.456208
-10.0,2,10.463765
-10.0,1,10.468675
-93.3,1,10.47384
-10.0,1,10.478722
-32.1,1,10.483541
-86.7,2,10.49345
-10.0,1,10.499176
-31.2,1,10.504742
-10.0,2,10.512534
-65.4,1,10.517937
-33.9,2,10.525887
-10.0,1,10.531046
-61.8,2,10.538997
-10.0,1,10.544402
-10.0,1,10.549731
-10.0,1,10.557775
-10.0,1,10.562341
-49.8,1,10.567019
-10.0,1,10.574202
-10.0,1,10.579379
-34.5,1,10.584274
-42.6,3,10.594705
-41.7,6,10.612838
-10.0,1,10.618468
-48.9,1,10.623917
-42.6,2,10.631971
-35.1,1,10.637442
-44.1,1,10.643421
-47.1,3,10.658015
-10.0,1,10.664814
-35.7,1,10.670046
-10.0,1,10.675244
-53.1,3,10.689772
-10.0,1,10.699069
-10.0,1,10.710194
-72.3,2,10.719262
-10.0,2,10.731061
-10.0,5,10.751945
-10.0,1,10.757392
-68.1,1,10.765816
-10.0,1,10.773284
-10.0,2,10.780944
-10.0,3,10.795239
-40.5,3,10.809882
-10.0,1,10.815374
-10.0,1,10.820451
-42.0,1,10.829542
-92.7,3,10.84012
-42.9,1,10.84515
-10.0,1,10.854946
-10.0,1,10.860576
-10.0,1,10.866126
-54.0,1,10.876026
-49.8,1,10.883222
-10.0,1,10.893743
-61.8,1,10.899841
-43.2,1,10.905586
-43.2,1,10.917287
-67.8,2,10.928166
-31.5,1,10.939208
-49.5,2,10.950492
-45.0,2,10.96058
-10.0,3,10.97088
-10.0,1,10.976535
-42.3,1,10.981711
-62.4,1,10.986718
-10.0,1,10.991739
-28.8,1,10.996958
-10.0,1,11.002265
-48.9,3,11.012526
-10.0,1,11.017751
-10.0,3,11.02787
-29.7,1,11.035705
-39.0,1,11.041592
-44.4,1,11.046723
-35.7,1,11.051667
-53.1,4,11.064214
-47.4,5,11.079657
-33.6,1,11.085609
-10.0,2,11.240051
-35.7,1,11.253773
-10.0,1,11.26562
-10.0,2,11.272898
-42.0,2,11.27959
-53.4,2,11.287077
-10.0,1,11.292815
-42.9,1,11.297948
-40.2,1,11.302609
-10.0,3,11.311623
-35.7,1,11.315925
-44.7,3,11.324577
-10.0,1,11.329201
-10.0,1,11.333477
-10.0,1,11.33734
-85.5,1,11.341012
-10.0,1,11.345393
-10.0,1,11.349964
-48.0,3,11.358426
-62.4,1,11.362783
-46.8,1,11.367015
-38.1,2,11.373728
-33.6,1,11.380938
-10.0,1,11.388334
-10.0,1,11.395968
-35.1,1,11.402279
-49.5,1,11.407266
-28.8,1,11.413142
-54.0,1,11.418895
-10.0,3,11.430304
-44.7,1,11.435865
-42.9,2,11.444402
-42.3,2,11.453063
-10.0,1,11.45963
-10.0,1,14.552456
-10.0,1,14.559647
-48.6,2,14.569901
-10.0,2,14.580187
-10.0,2,14.590339
-10.0,2,14.600671
-48.3,2,14.611175
-10.0,2,14.621079
-10.0,1,14.628371
-34.5,1,14.635215
-41.4,6,14.654758
-38.1,1,14.661284
-72.6,1,14.668335
-30.9,1,14.675586
-10.0,4,14.693159
-10.0,3,14.707835
-10.0,1,14.714847
-10.0,1,14.721805
-10.0,1,14.728725
-10.0,1,14.735433
-10.0,3,14.750007
-61.5,1,14.754863
-10.0,2,14.761283
-10.0,1,14.767216
-10.0,1,14.772952
-10.0,1,14.778616
-61.5,1,14.784622
-10.0,2,14.79297
-10.0,2,14.801469
-10.0,1,14.806141
-10.0,4,14.819282
-42.3,1,14.823155
-42.3,3,14.829964
-10.0,1,14.833451
-49.5,1,14.836888
-46.5,2,14.842187
-10.0,1,14.845946
-10.0,1,14.851058
-10.0,6,14.876125
-10.0,2,14.888867
-10.0,1,14.898167
-10.0,1,14.904419
-10.0,1,14.910798
-41.1,1,14.917237
-10.0,1,14.923814
-44.1,1,14.930132
-43.2,1,14.936476
-10.0,2,14.945124
-10.0,1,14.951532
-10.0,1,14.957135
-10.0,1,14.962186
-10.0,1,14.96849
-48.3,2,14.980291
-10.0,4,15.001322
-10.0,2,15.01067
-10.0,1,15.016649
-48.6,1,15.022355
-10.0,5,15.038454
-44.7,2,15.044218
-10.0,2,15.054796
-72.3,2,15.06377
-71.7,4,15.078385
-41.1,1,15.08386
-43.2,1,15.089467
-44.4,1,15.095686
-85.5,1,15.102332
-10.0,1,15.11192
-48.3,2,15.121927
-10.0,4,15.143342
-87.0,1,15.153731
-54.6,2,15.163726
-10.0,2,15.174462
-10.0,2,15.184548
-10.0,4,15.198117
-48.0,3,15.21482
-33.3,2,15.230158
-56.4,2,15.247462
-33.3,2,15.260502
-10.0,1,15.265977
-10.0,2,15.273504
-10.0,1,15.278918
-33.9,2,15.286627
-61.8,1,15.292127
-10.0,1,15.29724
-47.7,4,15.315251
-10.0,2,15.328629
-10.0,1,15.337516
-30.9,1,15.346785
-10.0,1,15.356444
-10.0,1,15.363832
-10.0,1,15.372367
-38.7,1,15.381258
-10.0,1,15.390045
-10.0,1,15.396559
-64.8,1,15.405728
-10.0,2,15.418266
-62.4,1,15.427645
-10.0,1,15.436159
-46.5,2,15.447573
-10.0,2,15.463546
-48.6,1,15.471636
-10.0,1,15.479833
-65.4,1,15.487711
-10.0,1,15.492972
-10.0,3,15.500377
-31.5,1,15.504318
-48.6,1,15.508762
-10.0,3,15.518393
-49.2,2,15.525023
-10.0,2,15.531076
-10.0,1,15.536306
-42.9,3,15.546465
-10.0,1,15.551424
-31.8,2,15.558618
-10.0,2,15.565232
-43.8,3,15.573718
-10.0,1,15.578587
-33.9,2,15.584958
-10.0,1,15.587888
-25.8,1,15.591379
-68.1,1,15.596075
-30.3,2,15.602463
-42.3,4,15.612482
-54.3,3,15.620705
-10.0,1,15.624774
-10.0,2,15.630489
-10.0,2,15.63635
-10.0,7,15.652237
-36.0,2,15.658494
-48.6,2,15.665044
-10.0,1,15.669538
-10.0,1,15.674009
-10.0,4,15.688438
-10.0,1,15.694247
-69.3,2,15.701731
-10.0,2,15.710782
-30.6,2,15.720591
-52.2,6,15.750723
-10.0,1,15.759703
-10.0,1,15.766256
-10.0,1,15.771851
-10.0,1,15.777518
-10.0,3,15.794921
-10.0,1,15.8018
-10.0,1,15.808848
-38.7,1,15.81389
-61.8,1,15.818882
-53.1,2,15.826282
-10.0,1,15.831541
-10.0,1,15.836415
-10.0,2,15.843489
-43.8,4,15.855593
-42.3,1,15.860484
-10.0,1,15.867344
-10.0,2,15.878793
-10.0,2,15.885969
-29.7,7,15.905829
-44.1,3,15.91704
-10.0,2,15.924725
-10.0,2,15.934209
-32.1,1,15.941549
-10.0,2,15.948887
-10.0,1,15.954313
-87.0,1,15.959358
-44.1,1,15.96447
-10.0,6,15.982236
-43.2,5,15.996873
-10.0,1,16.002039
-51.3,1,16.006907
-10.0,1,16.011621
-38.7,1,16.01687
-10.0,1,16.022042
-10.0,2,16.029164
-10.0,1,16.034392
-10.0,1,16.039507
-10.0,5,16.054697
-25.5,2,16.062016
-10.0,8,16.08376
-48.6,1,16.088699
-35.7,3,16.098648
-10.0,1,16.103561
-10.0,3,16.113227
-45.0,8,16.135815
-34.2,2,16.143691
-10.0,1,16.148621
-36.0,2,16.155774
-10.0,2,16.163489
-10.0,1,16.16835
-10.0,1,16.173531
-10.0,2,16.181875
-30.9,2,16.189669
-68.7,8,16.215703
-10.0,1,16.220913
-10.0,7,16.240192
-42.9,2,16.247872
-10.0,2,16.255389
-10.0,1,16.260234
-10.0,2,16.267799
-10.0,1,16.272702
-10.0,1,16.277736
-10.0,4,16.289782
-31.2,1,16.294947
-68.1,1,16.299907
-10.0,1,16.304833
-54.6,2,16.312445
-10.0,1,16.317357
-30.6,2,16.325375
-10.0,1,16.33086
-38.4,2,16.338293
-10.0,1,16.343604
-40.2,1,16.348661
-32.1,1,16.353558
-10.0,1,16.358804
-42.3,1,16.363724
-70.8,1,16.368791
-42.6,2,16.376351
-10.0,1,16.381234
-10.0,1,16.38607
-48.3,2,16.393746
-10.0,1,16.399212
-46.5,2,16.407315
-45.0,1,16.412681
-39.9,2,16.420395
-45.3,1,16.425723
-36.9,1,16.431637
-10.0,1,16.437625
-10.0,2,16.446806
-10.0,1,16.45195
-10.0,2,16.459366
-10.0,3,16.469361
-43.8,3,16.479209
-49.2,2,16.486694
-38.1,1,16.491724
-42.0,2,16.499237
-31.5,1,16.504038
-10.0,1,16.509017
-40.2,1,16.514102
-68.1,1,16.519379
-10.0,1,16.524679
-10.0,3,16.534391
-42.6,3,16.54425
-10.0,1,16.549243
-10.0,2,16.556909
-10.0,1,16.561946
-10.0,2,16.569123
-10.0,3,16.579815
-43.2,1,16.584874
-10.0,1,16.590029
-10.0,1,16.59493
-10.0,3,16.606531
-10.0,3,16.616858
-44.7,1,16.622581
-10.0,1,16.628113
-10.0,3,16.639237
-42.3,1,16.64471
-10.0,4,16.658268
-38.4,1,16.663388
-10.0,2,16.674611
-35.7,1,16.680496
-10.0,2,16.691605
-48.9,1,16.696699
-10.0,1,16.70445
-41.4,1,16.711828
-10.0,1,16.717359
-64.5,2,16.729323
-10.0,1,16.734887
-24.9,2,16.744154
-10.0,1,16.751638
-56.7,1,16.756603
-10.0,1,16.761904
-62.1,2,16.774101
-37.5,3,16.785807
-10.0,1,16.793747
-41.7,3,16.803791
-53.7,1,16.812788
-10.0,2,16.820521
-10.0,1,16.826582
-10.0,2,16.837236
-10.0,1,16.842451
-10.0,1,16.849289
-67.2,2,16.859156
-10.0,1,16.864125
-10.0,1,16.872
-10.0,2,16.881636
-10.0,1,16.886928
-10.0,1,16.896081
-10.0,1,16.901374
-10.0,2,16.90943
-10.0,2,16.920784
-38.4,2,16.928435
-61.5,1,16.938139
-10.0,3,16.948622
-45.9,4,16.964523
-25.2,1,16.969896
-10.0,2,16.978375
-10.0,1,16.98424
-10.0,2,16.992274
-72.6,1,16.99779
-10.0,1,17.003047
-30.6,2,17.011184
-10.0,1,17.016803
-34.5,3,17.031122
-42.9,2,17.039692
-10.0,1,17.044672
-10.0,3,17.054513
-32.1,1,17.059738
-10.0,1,17.064607
-10.0,4,17.077103
-10.0,1,17.082061
-10.0,1,17.086835
-10.0,1,17.092046
-25.8,1,17.100151
-10.0,1,17.107498
-10.0,2,17.114675
-10.0,1,17.119608
-10.0,1,17.125787
-10.0,1,17.130813
-53.7,2,17.138144
-35.1,1,17.143179
-10.0,1,17.148152
-10.0,4,17.161354
-10.0,1,17.166292
-31.2,4,17.1788
-61.5,1,17.184065
-78.6,1,17.189658
-10.0,1,17.194884
-10.0,3,17.205817
-56.4,2,17.214173
-10.0,1,17.219751
-10.0,2,17.227687
-39.6,3,17.237974
-10.0,2,17.246279
-43.2,1,17.252558
-10.0,2,17.266613
-10.0,1,17.275012
-10.0,1,17.281052
-10.0,2,17.289431
-42.0,2,17.296918
-10.0,1,17.30172
-10.0,2,17.309094
-33.6,1,17.314429
-10.0,2,17.321657
-10.0,4,17.334059
-10.0,1,17.33981
-10.0,1,17.345452
-10.0,1,17.35076
-10.0,2,17.358475
-10.0,1,17.365316
-29.7,7,17.388605
-69.6,1,17.393784
-10.0,1,17.398642
-10.0,1,17.403701
-10.0,1,17.408623
-10.0,1,17.413588
-10.0,1,17.418727
-44.4,1,17.423815
-10.0,2,17.43133
-42.6,3,17.441174
-10.0,1,17.446011
-10.0,1,17.451341
-10.0,1,17.45633
-44.1,1,17.461116
-10.0,1,17.466011
-10.0,1,17.470899
-10.0,1,17.475806
-10.0,1,17.480557
-10.0,3,17.49046
-10.0,2,17.498095
-10.0,1,17.503032
-42.6,1,17.508531
-10.0,1,17.513785
-10.0,2,17.521099
-25.2,1,17.525905
-10.0,2,17.533314
-10.0,1,17.538292
-10.0,2,17.545703
-39.0,1,17.550527
-64.2,3,17.560188
-10.0,1,17.565571
-30.9,1,17.5705
-10.0,1,17.57608
-53.7,1,17.581791
-10.0,3,17.591813
-10.0,1,17.597931
-10.0,1,17.606203
-45.3,1,17.613175
-10.0,1,17.619745
-10.0,1,17.627973
-68.1,1,17.63534
-30.9,1,17.640598
-10.0,2,17.647913
-10.0,3,17.65775
-49.8,1,17.664129
-61.8,1,17.669746
-10.0,1,17.675984
-10.0,2,17.687591
-78.6,1,17.693626
-48.6,1,17.698561
-10.0,3,17.708488
-10.0,1,17.713403
-10.0,3,17.724294
-93.3,1,17.729262
-10.0,1,17.73431
-41.1,1,17.739161
-10.0,1,17.744031
-10.0,1,17.749235
-35.1,1,17.754084
-10.0,6,17.770822
-10.0,1,17.775735
-48.6,1,17.780787
-45.3,1,17.785796
-48.6,5,17.803136
-10.0,1,17.811422
-35.7,1,17.81959
-10.0,2,17.827653
-40.5,3,17.837333
-10.0,6,17.854057
-10.0,2,17.862198
-10.0,1,17.867533
-10.0,1,17.873487
-42.3,1,17.881305
-32.1,1,17.886331
-40.2,1,17.89186
-10.0,1,17.896861
-10.0,1,17.901799
-43.2,1,17.907109
-10.0,3,17.91705
-68.1,1,17.92219
-44.1,1,17.927109
-42.9,2,17.935117
-10.0,1,17.940026
-10.0,3,17.9498
-10.0,1,17.956063
-53.4,3,17.968417
-10.0,1,17.974746
-10.0,1,17.983878
-10.0,1,17.990256
-68.4,5,18.010866
-10.0,1,18.018318
-10.0,1,18.025567
-43.2,2,18.03592
-31.2,1,18.043188
-10.0,2,18.053268
-10.0,3,18.066973
-10.0,1,18.074008
-10.0,2,18.082206
-10.0,4,18.094553
-30.9,1,18.099746
-23.1,1,18.104769
-67.2,1,18.109763
-10.0,3,18.119462
-43.2,1,18.125414
-42.3,1,18.130884
-10.0,5,18.147759
-10.0,2,18.155454
-10.0,1,18.160575
-10.0,1,18.165491
-10.0,1,18.170647
-46.8,3,18.180382
-10.0,2,18.188771
-10.0,1,18.193777
-10.0,1,18.19874
-10.0,2,18.209588
-42.9,1,18.215862
-28.8,1,18.221112
-10.0,1,18.226509
-10.0,2,18.234049
-10.0,1,18.238972
-69.3,2,18.246826
-31.8,2,18.254106
-10.0,1,18.259136
-10.0,1,18.264263
-10.0,1,18.269196
-10.0,1,18.274247
-10.0,1,18.279161
-10.0,2,18.286574
-10.0,1,18.292275
-10.0,2,18.299622
-10.0,1,18.304839
-42.3,1,18.309932
-10.0,1,18.314806
-10.0,1,18.319742
-48.0,4,18.332948
-10.0,2,18.341496
-72.6,1,18.350995
-10.0,1,18.356803
-10.0,1,18.361735
-10.0,1,18.367513
-25.8,1,18.372692
-10.0,1,18.377639
-10.0,1,18.382948
-41.1,1,18.388031
-10.0,2,18.396676
-10.0,2,18.405692
-54.9,1,18.412148
-48.6,2,18.421891
-10.0,2,18.431249
-10.0,1,18.438021
-10.0,1,18.444363
-10.0,3,18.4574
-44.7,1,18.463672
-10.0,3,18.476561
-10.0,1,18.48259
-10.0,1,18.487507
-10.0,1,18.492373
-10.0,1,18.49771
-39.9,2,18.505231
-70.8,1,18.510803
-10.0,1,18.517413
-10.0,1,18.524249
-10.0,4,18.537186
-10.0,3,18.546928
-10.0,2,18.55496
-10.0,2,18.562541
-67.5,1,18.56744
-10.0,2,18.57479
-10.0,1,18.57983
-92.7,3,18.589904
-10.0,1,18.594803
-30.3,3,18.60503
-30.9,1,18.610009
-10.0,1,18.61483
-45.3,1,18.619987
-56.7,1,18.624887
-10.0,1,18.629693
-10.0,1,18.634782
-69.6,1,18.639898
-32.1,1,18.644824
-10.0,1,18.650312
-10.0,1,18.658306
-62.4,1,18.666458
-10.0,3,18.676114
-10.0,1,18.681881
-36.9,1,18.688338
-44.1,2,18.697685
-10.0,2,18.706978
-10.0,2,18.716433
-30.9,1,18.722693
-48.6,1,18.728825
-33.6,1,18.73608
-24.6,3,18.7484
-10.0,1,18.753817
-10.0,1,18.758649
-49.5,1,18.763879
-45.3,1,18.768815
-43.8,2,18.775892
-42.0,2,18.783573
-44.4,1,18.788521
-10.0,2,18.795939
-10.0,1,18.800729
-40.8,2,18.807905
-10.0,1,18.813172
-10.0,1,18.818018
-10.0,2,18.825313
-10.0,3,18.834742
-10.0,1,18.839594
-44.1,2,18.847037
-10.0,5,18.861562
-10.0,1,18.866427
-61.5,2,18.874113
-10.0,2,18.885099
-10.0,1,18.890914
-10.0,1,18.895881
-10.0,1,18.900763
-10.0,3,18.911226
-10.0,1,18.916195
-33.6,1,18.921391
-10.0,1,18.926339
-10.0,1,18.931605
-43.2,1,18.938146
-10.0,1,18.94488
-10.0,1,18.951521
-10.0,1,18.958189
-93.0,2,18.967795
-44.4,2,18.977259
-10.0,1,18.983618
-36.9,1,18.989817
-10.0,2,18.999466
-10.0,2,19.008658
-35.1,1,19.018368
-10.0,1,19.023747
-10.0,3,19.034024
-10.0,2,19.041764
-10.0,1,19.046808
-10.0,6,19.063631
-10.0,2,19.070895
-55.8,4,19.083363
-10.0,5,19.097978
-28.2,3,19.107862
-10.0,1,19.11279
-10.0,1,19.117691
-10.0,1,19.124054
-10.0,1,19.129872
-10.0,1,19.135314
-31.8,2,19.143468
-10.0,1,19.148777
-65.7,6,19.166417
-10.0,2,19.177694
-46.8,1,19.185679
-72.6,1,19.190822
-10.0,3,19.200557
-67.8,2,19.208067
-10.0,1,19.212911
-10.0,1,19.218092
-10.0,2,19.225523
-10.0,1,19.230431
-10.0,1,19.235791
-10.0,5,19.250434
-10.0,1,19.2554
-10.0,1,19.260196
-53.1,2,19.267865
-10.0,2,19.275142
-10.0,1,19.279955
-93.0,2,19.287972
-10.0,1,19.292898
-40.2,1,19.298139
-10.0,2,19.305542
-30.3,2,19.313073
-10.0,2,19.320462
-10.0,2,19.329376
-10.0,1,19.334799
-10.0,1,19.339829
-10.0,1,19.345367
-10.0,1,19.350514
-10.0,1,19.355403
-25.8,1,19.360411
-28.8,1,19.365402
-68.1,1,19.370482
-10.0,3,19.380204
-10.0,1,19.385046
-10.0,2,19.39284
-10.0,1,19.397889
-29.7,1,19.402717
-10.0,1,19.407853
-10.0,2,19.417711
-22.5,3,19.428273
-53.1,2,19.436009
-10.0,3,19.44573
-10.0,2,19.453643
-72.6,1,19.458646
-10.0,3,19.468383
-10.0,1,19.473391
-44.7,1,19.478314
-10.0,4,19.490694
-25.8,1,19.495838
-10.0,1,19.500972
-85.2,2,19.508238
-10.0,1,19.513413
-10.0,1,19.518398
-10.0,3,19.527958
-10.0,1,19.533103
-10.0,1,19.538186
-48.9,1,19.543125
-10.0,2,19.550608
-10.0,5,19.565337
-10.0,4,19.577515
-30.6,1,19.582464
-10.0,1,19.587344
-10.0,2,19.594724
-10.0,4,19.606739
-10.0,1,19.612154
-10.0,2,19.619876
-30.9,3,19.630978
-32.1,1,19.636519
-10.0,2,19.645863
-29.7,1,19.651771
-10.0,1,19.657728
-86.1,4,19.676217
-10.0,4,19.692768
-10.0,2,19.706311
-10.0,2,19.717543
-10.0,2,19.730892
-48.9,1,19.73602
-31.2,2,19.749098
-10.0,1,19.754794
-10.0,1,19.759787
-86.7,2,19.772019
-10.0,2,19.779897
-10.0,1,19.787209
-10.0,1,19.795228
-10.0,3,19.80577
-10.0,1,19.814457
-10.0,1,19.819477
-10.0,5,19.839748
-41.1,1,19.844857
-10.0,1,19.854535
-10.0,1,19.859788
-10.0,1,19.864924
-10.0,1,19.873431
-10.0,1,19.879911
-24.9,2,19.887334
-10.0,2,19.899545
-10.0,1,19.904728
-10.0,1,19.911855
-10.0,2,19.921916
-25.2,3,19.934031
-10.0,1,19.941321
-10.0,1,19.946865
-31.8,2,19.95779
-10.0,1,19.963226
-10.0,4,19.976619
-48.0,3,19.986309
-10.0,1,19.991784
-10.0,1,19.997006
-10.0,1,20.001925
-10.0,1,20.007416
-10.0,1,20.012682
-44.4,1,20.018107
-28.5,2,20.026481
-54.6,2,20.033824
-10.0,1,20.039029
-25.5,2,20.046247
-10.0,1,20.051054
-40.2,1,20.056379
-10.0,1,20.061296
-10.0,1,20.066137
-10.0,1,20.071151
-10.0,1,20.076113
-10.0,1,20.080996
-10.0,1,20.086061
-38.1,1,20.090939
-10.0,1,20.095757
-36.3,1,20.101045
-10.0,4,20.112998
-10.0,1,20.118262
-10.0,3,20.12797
-10.0,1,20.133615
-36.3,1,20.139102
-30.3,2,20.146336
-10.0,1,20.151724
-34.2,4,20.163895
-10.0,2,20.171269
-69.6,1,20.176167
-10.0,1,20.181482
-10.0,2,20.189173
-10.0,1,20.194359
-48.6,1,20.199718
-10.0,1,20.205006
-10.0,1,20.209971
-10.0,1,20.215071
-44.4,1,20.219935
-10.0,2,20.227332
-10.0,5,20.242694
-70.2,9,20.267223
-10.0,4,20.27926
-42.3,1,20.284196
-10.0,1,20.289157
-40.5,3,20.298883
-10.0,1,20.303693
-10.0,1,20.308762
-10.0,1,20.31371
-10.0,3,20.323332
-38.7,1,20.328357
-35.7,1,20.333198
-10.0,1,20.33798
-10.0,2,20.345254
-10.0,1,20.350195
-10.0,2,20.357527
-10.0,4,20.369317
-28.8,1,20.374506
-10.0,1,20.379355
-10.0,1,20.384132
-10.0,1,20.389245
-32.1,1,20.394109
-10.0,1,20.398914
-62.1,1,20.403893
-10.0,2,20.411161
-10.0,3,20.421365
-10.0,1,20.426268
-10.0,1,20.43119
-32.1,1,20.437268
-10.0,2,20.446269
-31.5,3,20.457646
-67.8,2,20.465179
-10.0,1,20.470513
-10.0,2,20.477942
-10.0,3,20.48902
-33.6,1,20.497221
-10.0,1,20.502396
-10.0,1,20.50734
-85.2,2,20.515028
-10.0,3,20.524664
-45.3,1,20.530082
-10.0,1,20.535126
-61.2,3,20.544777
-10.0,1,20.549793
-86.4,3,20.559547
-10.0,2,20.567014
-10.0,1,20.571946
-52.2,5,20.586608
-25.2,1,20.591634
-31.2,2,20.599226
-10.0,1,20.604174
-10.0,2,20.611299
-56.7,1,20.616467
-41.1,1,20.621465
-31.5,1,20.626338
-40.2,1,20.631356
-35.1,1,20.63625
-10.0,1,20.641226
-41.4,1,20.646376
-10.0,2,20.65361
-10.0,1,20.658473
-10.0,1,20.663754
-10.0,1,20.668701
-10.0,2,20.676011
-45.3,1,20.681386
-10.0,1,20.686339
-10.0,1,20.691144
-10.0,2,20.699046
-10.0,1,20.704165
-72.3,2,20.711757
-10.0,1,20.716664
-10.0,1,20.721506
-10.0,1,20.726688
-10.0,1,20.731599
-10.0,1,20.736378
-10.0,1,20.742313
-40.5,3,20.752796
-10.0,1,20.758118
-10.0,1,20.763182
-33.3,2,20.770472
-45.0,1,20.775702
-10.0,2,20.78296
-10.0,4,20.79551
-10.0,1,20.800479
-10.0,1,20.806908
-10.0,1,20.812876
-10.0,2,20.820411
-10.0,1,20.825316
-10.0,1,20.830271
-48.3,2,20.83773
-10.0,1,20.842597
-10.0,2,20.849804
-10.0,1,20.855105
-10.0,1,20.859948
-10.0,2,20.867111
-56.4,2,20.874514
-10.0,1,20.879323
-25.2,3,20.889115
-49.8,1,20.894045
-10.0,1,20.899001
-10.0,1,20.903873
-46.8,1,20.90873
-10.0,1,20.913609
-10.0,1,20.918721
-28.8,1,20.923545
-10.0,1,20.928291
-10.0,1,20.933446
-10.0,2,20.940645
-10.0,1,20.945452
-10.0,2,20.953167
-10.0,1,20.958044
-10.0,3,20.967772
-10.0,1,20.97274
-40.8,2,20.980366
-10.0,3,20.990208
-64.8,1,20.995636
-10.0,1,21.00186
-10.0,2,21.010818
-10.0,1,21.015919
-10.0,1,21.020712
-10.0,2,21.028834
-52.8,3,21.041783
-54.0,1,21.046783
-42.9,2,21.054223
-67.5,1,21.059644
-10.0,1,21.064613
-10.0,4,21.076812
-43.2,1,21.081775
-10.0,1,21.086641
-10.0,1,21.09152
-10.0,1,21.096418
-10.0,1,21.101735
-34.2,1,21.106661
-10.0,2,21.113826
-10.0,1,21.119074
-10.0,3,21.128688
-48.6,1,21.134107
-66.9,2,21.141603
-10.0,2,21.149126
-10.0,1,21.154043
-10.0,1,21.158948
-47.4,2,21.166552
-10.0,2,21.173724
-93.3,1,21.178754
-10.0,1,21.183806
-92.7,3,21.193348
-10.0,1,21.20089
-54.0,1,21.206036
-10.0,3,21.215961
-41.1,1,21.22092
-10.0,4,21.233158
-10.0,1,21.238031
-10.0,1,21.24333
-10.0,1,21.248554
-10.0,1,21.253493
-10.0,1,21.258332
-10.0,2,21.266769
-25.8,1,21.271674
-10.0,1,21.27693
-10.0,3,21.286674
-10.0,1,21.291952
-10.0,2,21.299285
-10.0,1,21.304155
-25.2,1,21.30942
-10.0,5,21.323719
-70.8,1,21.328817
-10.0,1,21.33372
-39.3,4,21.345885
-54.9,7,21.365083
-10.0,2,21.372818
-44.7,1,21.37779
-48.6,1,21.382843
-44.7,1,21.388025
-10.0,1,21.393083
-67.2,1,21.397984
-10.0,2,21.405572
-45.3,1,21.411122
-10.0,2,21.41864
-39.0,1,21.423568
-10.0,1,21.428428
-10.0,4,21.440655
-10.0,1,21.445617
-10.0,2,21.453237
-10.0,2,21.46051
-10.0,1,21.465592
-10.0,1,21.470577
-10.0,1,21.47555
-10.0,2,21.483039
-10.0,1,21.487917
-10.0,3,21.498344
-10.0,2,21.506065
-42.3,1,21.510921
-10.0,2,21.518336
-10.0,1,21.523212
-10.0,1,21.527988
-10.0,1,21.53311
-10.0,1,21.538117
-10.0,7,21.557301
-10.0,1,21.562647
-10.0,1,21.57012
-10.0,1,21.576373
-10.0,1,21.581424
-10.0,1,21.586325
-10.0,1,21.59126
-38.4,1,21.596494
-70.8,1,21.601709
-10.0,3,21.611525
-67.2,2,21.619148
-69.6,1,21.624089
-60.3,6,21.640969
-10.0,4,21.654918
-10.0,1,21.660607
-38.1,4,21.674764
-10.0,1,21.680671
-10.0,1,21.68637
-10.0,1,21.691987
-10.0,1,21.697791
-10.0,1,21.703491
-10.0,1,21.709181
-33.6,1,21.714905
-10.0,1,21.72052
-10.0,1,21.725471
-10.0,1,21.730621
-25.2,1,21.735434
-10.0,1,21.740206
-46.8,2,21.748289
-10.0,1,21.753219
-10.0,3,21.763833
-10.0,2,21.771383
-10.0,1,21.776561
-10.0,1,21.781489
-10.0,1,21.786416
-30.6,1,21.79157
-10.0,2,21.79883
-10.0,1,21.803679
-10.0,1,21.808946
-10.0,3,21.818547
-44.4,1,21.823675
-10.0,1,21.828726
-10.0,1,21.833618
-10.0,1,21.83851
-10.0,4,21.850524
-10.0,3,21.860427
-10.0,4,21.87261
-48.6,1,21.877532
-10.0,1,21.882376
-10.0,1,21.887421
-10.0,2,21.894826
-10.0,2,21.901977
-10.0,1,21.907197
-10.0,4,21.919371
-10.0,2,21.926607
-41.1,1,21.931544
-10.0,1,21.937165
-10.0,3,21.946749
-10.0,1,21.951981
-10.0,1,21.95695
-41.1,1,21.961811
-24.6,3,21.971556
-30.9,3,21.981175
-10.0,1,21.986343
-10.0,1,21.991205
-10.0,2,21.99883
-41.1,1,22.003817
-10.0,4,22.015931
-10.0,1,22.020859
-42.9,1,22.025677
-49.8,1,22.030692
-10.0,3,22.041239
-10.0,1,22.046699
-10.0,3,22.056602
-38.4,2,22.064198
-38.4,1,22.072398
-61.8,2,22.079981
-10.0,3,22.089627
-62.4,1,22.09484
-10.0,1,22.101607
-10.0,2,22.111057
-10.0,1,22.116161
-34.8,2,22.124122
-33.6,1,22.129086
-10.0,2,22.136653
-10.0,3,22.146694
-10.0,1,22.152433
-10.0,1,22.157568
-10.0,2,22.164855
-38.4,2,22.172208
-10.0,1,22.177096
-56.4,2,22.184589
-10.0,1,22.189546
-10.0,1,22.19435
-10.0,1,22.199253
-10.0,2,22.206606
-10.0,3,22.216284
-10.0,1,22.221191
-10.0,1,22.22631
-10.0,2,22.233925
-10.0,5,22.248197
-10.0,4,22.259984
-25.8,1,22.265309
-10.0,1,22.270252
-10.0,2,22.277335
-10.0,2,22.289434
-10.0,1,22.29678
-10.0,1,22.302619
-44.7,3,22.31439
-10.0,1,22.320139
-44.1,2,22.328912
-40.2,1,22.334668
-10.0,4,22.348748
-10.0,1,22.354545
-10.0,3,22.365867
-10.0,2,22.375232
-10.0,2,22.383772
-10.0,1,22.389868
-10.0,3,22.401083
-10.0,3,22.412747
-10.0,1,22.418533
-45.3,1,22.424547
-44.7,3,22.435719
-10.0,2,22.444528
-10.0,2,22.453707
-10.0,1,22.459551
-10.0,1,22.465152
-45.0,2,22.473944
-10.0,1,22.479228
-48.0,3,22.489017
-43.2,1,22.494002
-67.2,1,22.498963
-39.0,1,22.504157
-10.0,1,22.509054
-85.5,1,22.513993
-54.9,1,22.519274
-10.0,1,22.524189
-40.2,1,22.529004
-45.0,1,22.53407
-10.0,1,22.539036
-10.0,1,22.543926
-10.0,1,22.548956
-10.0,1,22.553854
-35.7,1,22.55883
-10.0,5,22.573343
-10.0,2,22.5809
-47.1,1,22.585875
-10.0,2,22.593
-25.8,1,22.598238
-40.2,1,22.603143
-10.0,1,22.60798
-39.9,2,22.615528
-10.0,1,22.620913
-10.0,2,22.630003
-10.0,3,22.646502
-61.5,1,22.657447
-36.9,1,22.665708
-10.0,1,22.676882
-10.0,1,22.688278
-10.0,1,22.695585
-10.0,1,22.705329
-44.1,1,22.711959
-10.0,1,22.719412
-41.4,1,22.724538
-10.0,2,22.73684
-67.2,2,22.744114
-10.0,1,22.748937
-10.0,1,22.754436
-10.0,1,22.759248
-10.0,2,22.774739
-49.2,1,22.783722
-10.0,1,22.789919
-10.0,1,22.796763
-10.0,2,22.808549
-10.0,2,22.823215
-10.0,1,22.830973
-10.0,1,22.83883
-10.0,1,22.843841
-10.0,1,22.851708
-42.6,2,22.864203
-10.0,2,22.877598
-10.0,2,22.892988
-10.0,4,22.914094
-44.4,1,22.923435
-61.8,1,22.935105
-70.8,1,22.944563
-43.5,1,22.95266
-10.0,1,22.960742
-31.8,2,22.97052
-10.0,3,22.982024
-65.4,1,22.988246
-10.0,2,22.998769
-40.2,1,23.003878
-40.2,1,23.009377
-29.7,1,23.016433
-10.0,2,23.026272
-10.0,2,23.034393
-25.8,1,23.040793
-10.0,1,23.046956
-40.2,1,23.053123
-10.0,1,23.060584
-54.3,3,23.073253
-40.2,1,23.079733
-10.0,1,23.08596
-46.8,3,23.099062
-87.0,1,23.105488
-42.6,3,23.116871
-10.0,2,23.124747
-70.5,2,23.132594
-78.6,1,23.139922
-62.1,1,23.145925
-10.0,1,23.151213
-44.7,1,23.156397
-62.1,2,23.165624
-10.0,2,23.173411
-48.9,1,23.178291
-45.0,2,23.184955
-10.0,1,23.189984
-10.0,2,23.197454
-10.0,2,23.433212
-10.0,1,23.446434
-10.0,2,23.456445
-10.0,5,23.472784
-35.1,1,23.478439
-10.0,2,23.485858
-10.0,1,23.490715
-10.0,4,23.504245
-10.0,1,23.509048
-10.0,1,23.514302
-10.0,2,23.522123
-10.0,1,23.526334
-47.1,2,23.532794
-45.0,2,23.540845
-10.0,4,23.552703
-10.0,1,23.562718
-10.0,2,23.590402
-10.0,1,23.624137
-10.0,1,23.644344
-25.5,2,23.666876
-10.0,1,23.711994
-42.3,1,23.719119
-10.0,2,23.727404
-10.0,2,23.740318
-41.1,1,23.747602
-42.0,2,23.758692
-10.0,1,23.767431
-38.7,1,23.77336
-43.2,1,23.77879
-36.3,1,23.782984
-10.0,2,23.79076
-10.0,1,23.795093
-10.0,1,23.801416
-36.3,1,23.806396
-10.0,1,23.811939
-10.0,2,23.822737
-10.0,1,23.827783
-10.0,2,23.835029
-62.1,1,23.840157
-10.0,2,23.850068
-10.0,1,23.855665
-10.0,1,23.860391
-10.0,1,23.865798
-10.0,1,23.872806
-31.2,2,23.880433
-10.0,1,23.884846
-10.0,1,23.891817
-44.7,1,23.896697
-10.0,1,23.901533
-54.0,1,23.906732
-10.0,1,23.912293
-10.0,1,23.916919
-10.0,3,23.927511
-10.0,2,23.936506
-46.5,4,23.94953
-10.0,2,23.958466
-48.3,2,23.968994
-48.9,1,23.976322
-10.0,3,23.988158
-10.0,2,23.997524
-10.0,1,26.863948
-10.0,1,26.871265
-10.0,1,26.878255
-53.7,1,26.885184
-10.0,1,26.891074
-10.0,1,26.898305
-10.0,1,26.905365
-10.0,1,26.912491
-10.0,1,26.91983
-10.0,4,26.937319
-10.0,2,26.948337
-28.5,2,26.958247
-10.0,7,26.981225
-10.0,1,26.987937
-10.0,4,27.004956
-10.0,1,27.012409
-10.0,2,27.023626
-10.0,2,27.035036
-10.0,1,27.042736
-30.9,1,27.050226
-10.0,1,27.055072
-10.0,1,27.062813
-10.0,3,27.081792
-10.0,1,27.090645
-10.0,1,27.099991
-10.0,1,27.109132
-10.0,2,27.123402
-10.0,1,27.1316
-10.0,1,27.140715
-10.0,4,27.155066
-10.0,1,27.161161
-10.0,2,27.169724
-10.0,1,27.176025
-10.0,3,27.187589
-10.0,1,27.19709
-10.0,1,27.204115
-10.0,1,27.210017
-10.0,1,27.21586
-10.0,2,27.224986
-10.0,2,27.233719
-10.0,1,27.239532
-10.0,1,27.245628
-10.0,2,27.2546
-10.0,2,27.262826
-10.0,2,27.272383
-10.0,1,27.278301
-10.0,1,27.284447
-10.0,1,27.290295
-10.0,1,27.296036
-10.0,1,27.304431
-10.0,2,27.317763
-10.0,1,27.324145
-10.0,3,27.336603
-10.0,7,27.36477
-10.0,1,27.373405
-10.0,1,27.379594
-10.0,2,27.389502
-45.0,1,27.398347
-40.2,1,27.407634
-10.0,1,27.416857
-10.0,2,27.431113
-10.0,2,27.44528
-25.2,3,27.464447
-10.0,3,27.485971
-10.0,2,27.499946
-10.0,1,27.508917
-10.0,2,27.521567
-10.0,1,27.52898
-10.0,2,27.539824
-10.0,3,27.5599
-10.0,1,27.568078
-10.0,1,27.577396
-78.6,1,27.58529
-10.0,2,27.599514
-10.0,5,27.62485
-10.0,4,27.641277
-10.0,2,27.648669
-10.0,2,27.657393
-10.0,1,27.662159
-10.0,1,27.668177
-10.0,2,27.678096
-65.1,2,27.689083
-10.0,2,27.69844
-10.0,1,27.706066
-10.0,1,27.713032
-10.0,1,27.717371
-41.1,2,27.725433
-10.0,1,27.730854
-10.0,1,27.736008
-10.0,1,27.74034
-10.0,3,27.751129
-10.0,3,27.761911
-10.0,1,27.768385
-10.0,1,27.775268
-10.0,1,27.781414
-42.9,1,27.787826
-10.0,1,27.794024
-10.0,5,27.813054
-10.0,4,27.829083
-10.0,1,27.835147
-10.0,1,27.841808
-10.0,1,27.848845
-10.0,1,27.855453
-10.0,1,27.862117
-42.0,3,27.876825
-10.0,1,27.886385
-10.0,3,27.905417
-10.0,1,27.914538
-25.8,1,27.9242
-10.0,1,27.932847
-10.0,3,27.945441
-10.0,2,27.954612
-10.0,5,27.97278
-42.9,2,27.981393
-45.0,2,27.992235
-10.0,1,28.000506
-28.2,3,28.011454
-10.0,1,28.016532
-10.0,1,28.021638
-10.0,1,28.026609
-10.0,1,28.031431
-10.0,1,28.036666
-10.0,3,28.046146
-10.0,1,28.05126
-10.0,1,28.056656
-10.0,5,28.071163
-10.0,1,28.076126
-10.0,2,28.084234
-10.0,1,28.089375
-10.0,1,28.094179
-10.0,2,28.10199
-10.0,2,28.109801
-10.0,2,28.11752
-10.0,2,28.124738
-10.0,5,28.139511
-47.1,1,28.144593
-45.9,4,28.156804
-10.0,1,28.161698
-10.0,1,28.166794
-10.0,1,28.17162
-10.0,1,28.176524
-10.0,1,28.181617
-67.8,2,28.188842
-10.0,1,28.193605
-10.0,1,28.198863
-10.0,2,28.206511
-10.0,5,28.221862
-10.0,3,28.23059
-10.0,2,28.238082
-10.0,1,28.243827
-10.0,2,28.251729
-48.6,1,28.25723
-10.0,2,28.266244
-54.0,1,28.272673
-10.0,1,28.278994
-10.0,1,28.285843
-10.0,1,28.292596
-10.0,2,28.302161
-10.0,2,28.312388
-10.0,3,28.325037
-10.0,3,28.337909
-10.0,2,28.347075
-10.0,3,28.359529
-41.1,2,28.369987
-10.0,3,28.381218
-10.0,1,28.386964
-10.0,1,28.392543
-10.0,1,28.398266
-60.9,3,28.409202
-10.0,3,28.420444
-69.3,2,28.428737
-24.9,2,28.438685
-10.0,1,28.444367
-10.0,1,28.450681
-10.0,1,28.456357
-10.0,3,28.46776
-48.9,1,28.47353
-10.0,2,28.482181
-10.0,1,28.487871
-35.4,2,28.496676
-10.0,3,28.507906
-10.0,1,28.514647
-10.0,1,28.520453
-10.0,1,28.526614
-10.0,1,28.532839
-10.0,1,28.538564
-10.0,2,28.546906
-10.0,1,28.551888
-10.0,2,28.559519
-10.0,1,28.565118
-10.0,2,28.572516
-32.1,1,28.57766
-66.9,2,28.584804
-10.0,1,28.589747
-10.0,2,28.596909
-10.0,1,28.601709
-30.6,2,28.608944
-10.0,1,28.613745
-10.0,1,28.618521
-24.9,2,28.625855
-10.0,1,28.630637
-10.0,1,28.635454
-10.0,1,28.640634
-10.0,4,28.6523
-10.0,1,28.657459
-10.0,1,28.662321
-10.0,4,28.674308
-10.0,1,28.679179
-10.0,1,28.683979
-10.0,1,28.689004
-10.0,3,28.69895
-29.1,3,28.709266
-45.0,2,28.716416
-10.0,1,28.722194
-10.0,1,28.727098
-10.0,1,28.732039
-10.0,1,28.736946
-10.0,2,28.744196
-10.0,1,28.749899
-10.0,1,28.756364
-10.0,4,28.77047
-10.0,1,28.775565
-10.0,2,28.784181
-49.5,1,28.78961
-10.0,1,28.794496
-48.6,1,28.799926
-10.0,2,28.809642
-45.0,2,28.818924
-10.0,1,28.827206
-10.0,3,28.839458
-53.7,1,28.84559
-10.0,2,28.854839
-10.0,2,28.863826
-10.0,2,28.87358
-10.0,1,28.879575
-10.0,1,28.88454
-10.0,2,28.891765
-10.0,1,28.896563
-10.0,2,28.903887
-10.0,2,28.911069
-10.0,1,28.915825
-85.2,2,28.92346
-33.6,1,28.928406
-10.0,5,28.943533
-10.0,1,28.950765
-10.0,1,28.955724
-10.0,5,28.96996
-10.0,4,28.981852
-10.0,2,28.989187
-10.0,1,28.994019
-10.0,2,29.001387
-10.0,2,29.008522
-10.0,1,29.013318
-10.0,2,29.021314
-48.6,1,29.026207
-10.0,1,29.031248
-10.0,3,29.040651
-35.7,1,29.045417
-10.0,1,29.050693
-10.0,1,29.055638
-10.0,3,29.065143
-10.0,1,29.069928
-41.1,1,29.074679
-10.0,1,29.079688
-10.0,1,29.084527
-10.0,1,29.089266
-10.0,1,29.094211
-10.0,2,29.102342
-10.0,2,29.109408
-10.0,1,29.114617
-10.0,2,29.121748
-10.0,1,29.126765
-10.0,1,29.131977
-10.0,1,29.136809
-10.0,1,29.141613
-10.0,2,29.148948
-10.0,1,29.15377
-10.0,2,29.161955
-10.0,2,29.172185
-10.0,2,29.181008
-10.0,1,29.185926
-10.0,1,29.191098
-10.0,1,29.196106
-10.0,1,29.200974
-10.0,1,29.206199
-10.0,3,29.2162
-10.0,2,29.223966
-10.0,1,29.229605
-10.0,1,29.236178
-45.3,1,29.242679
-10.0,2,29.251384
-10.0,1,29.257414
-10.0,1,29.263124
-10.0,1,29.268723
-10.0,3,29.280068
-10.0,1,29.286035
-10.0,1,29.291815
-10.0,1,29.297383
-10.0,1,29.303573
-37.8,2,29.312293
-42.0,2,29.321116
-70.8,1,29.326624
-10.0,1,29.331689
-10.0,3,29.341727
-10.0,4,29.354028
-10.0,2,29.361235
-10.0,2,29.369226
-10.0,1,29.374155
-10.0,2,29.381336
-10.0,2,29.38836
-10.0,1,29.395352
-10.0,1,29.403273
-10.0,1,29.412174
-10.0,5,29.430041
-10.0,1,29.435028
-42.3,1,29.440221
-10.0,2,29.447725
-10.0,1,29.452654
-10.0,3,29.462193
-10.0,1,29.467169
-10.0,1,29.472039
-10.0,4,29.483987
-42.9,2,29.491125
-41.7,2,29.498443
-45.0,1,29.503229
-10.0,2,29.510437
-10.0,1,29.515285
-10.0,1,29.520044
-10.0,1,29.524746
-10.0,1,29.532115
-10.0,1,29.54046
-10.0,3,29.550602
-10.0,3,29.56065
-10.0,1,29.565532
-10.0,1,29.570423
-10.0,1,29.57554
-35.7,1,29.580417
-10.0,2,29.587581
-10.0,1,29.593001
-10.0,2,29.600775
-10.0,2,29.608227
-10.0,1,29.613153
-10.0,1,29.618741
-10.0,1,29.624569
-10.0,1,29.630221
-51.3,1,29.635791
-10.0,1,29.641809
-67.2,2,29.650159
-10.0,3,29.662379
-10.0,1,29.66809
-10.0,1,29.673975
-10.0,1,29.679647
-31.5,1,29.685495
-10.0,1,29.69126
-10.0,1,29.696556
-10.0,1,29.701591
-10.0,3,29.711138
-10.0,2,29.719565
-10.0,1,29.727397
-10.0,1,29.733285
-10.0,1,29.738236
-10.0,1,29.743099
-10.0,4,29.756048
-10.0,1,29.760974
-43.5,1,29.766419
-10.0,1,29.771829
-10.0,4,29.784774
-10.0,4,29.796886
-10.0,1,29.801847
-10.0,2,29.809024
-38.1,2,29.816954
-48.6,2,29.824232
-10.0,2,29.832154
-45.0,1,29.837081
-10.0,1,29.841923
-10.0,1,29.847721
-10.0,1,29.853064
-10.0,1,29.857963
-22.8,2,29.86513
-10.0,1,29.870569
-10.0,2,29.878048
-10.0,2,29.885482
-87.0,1,29.892843
-10.0,1,29.900489
-10.0,1,29.906408
-10.0,2,29.91366
-10.0,2,29.920823
-10.0,1,29.925598
-10.0,1,29.931249
-10.0,2,29.938601
-10.0,1,29.944439
-10.0,3,29.953964
-10.0,3,29.96431
-10.0,5,29.978712
-10.0,1,29.983598
-10.0,1,29.988378
-48.6,1,29.993499
-10.0,1,29.998252
-28.8,1,30.002974
-48.9,1,30.007935
-10.0,1,30.012756
-10.0,2,30.019829
-10.0,1,30.024942
-10.0,2,30.032109
-10.0,1,30.036902
-10.0,1,30.042074
-10.0,5,30.056933
-10.0,3,30.066891
-10.0,2,30.077396
-48.6,1,30.084827
-10.0,3,30.101291
-10.0,2,30.11421
-10.0,1,30.12139
-10.0,1,30.128609
-10.0,1,30.13657
-10.0,2,30.146724
-10.0,5,30.172406
-10.0,1,30.18231
-10.0,2,30.192523
-10.0,1,30.198559
-10.0,1,30.20342
-45.3,1,30.20856
-10.0,1,30.213874
-10.0,1,30.21821
-10.0,3,30.224305
-10.0,4,30.233231
-10.0,3,30.238697
-10.0,2,30.244388
-10.0,1,30.24865
-28.2,3,30.255466
-10.0,2,30.264143
-10.0,1,30.270672
-10.0,1,30.275023
-10.0,1,30.280282
-10.0,2,30.290354
-10.0,1,30.296458
-10.0,1,30.301538
-10.0,1,30.306878
-10.0,1,30.312432
-10.0,2,30.320481
-10.0,1,30.326418
-10.0,2,30.336436
-10.0,2,30.344286
-10.0,1,30.348389
-10.0,2,30.35456
-10.0,4,30.366147
-10.0,1,30.371778
-10.0,2,30.38139
-10.0,2,30.391409
-10.0,1,30.398808
-42.9,1,30.404956
-10.0,1,30.411664
-10.0,1,30.417912
-10.0,2,30.427145
-10.0,3,30.439319
-10.0,1,30.446784
-36.0,2,30.457011
-31.5,1,30.463893
-10.0,8,30.487279
-10.0,2,30.496268
-10.0,1,30.50216
-10.0,3,30.51608
-10.0,2,30.525604
-10.0,1,30.533768
-10.0,1,30.539793
-10.0,1,30.546075
-10.0,1,30.552848
-10.0,3,30.565617
-10.0,1,30.572321
-10.0,1,30.581095
-10.0,2,30.593385
-10.0,2,30.605115
-10.0,3,30.617903
-10.0,1,30.623566
-10.0,1,30.629423
-10.0,1,30.635633
-10.0,1,30.641335
-10.0,2,30.649348
-34.2,2,30.657155
-10.0,1,30.662432
-10.0,2,30.670332
-10.0,1,30.676209
-10.0,1,30.68194
-41.1,1,30.686811
-10.0,1,30.691904
-44.4,2,30.702441
-10.0,1,30.708108
-10.0,1,30.714002
-10.0,2,30.723532
-10.0,1,30.729878
-10.0,5,30.747437
-10.0,2,30.758208
-10.0,1,30.765905
-10.0,2,30.775378
-10.0,2,30.781547
-10.0,1,30.785928
-10.0,1,30.789347
-10.0,1,30.792697
-10.0,1,30.796693
-47.4,1,30.800684
-10.0,1,30.804636
-42.9,1,30.811463
-10.0,1,30.817379
-10.0,2,30.825683
-10.0,1,30.830329
-10.0,1,30.836761
-61.8,3,30.852856
-10.0,2,30.865164
-10.0,2,30.875821
-10.0,1,30.882012
-85.2,2,30.89193
-10.0,1,30.898339
-56.7,1,30.905859
-10.0,1,30.912926
-10.0,3,30.927532
-10.0,3,30.938472
-10.0,1,30.945212
-10.0,6,30.971539
-10.0,1,30.978912
-10.0,1,30.987569
-10.0,2,31.002059
-10.0,2,31.015434
-67.2,1,31.022455
-10.0,2,31.036725
-10.0,1,31.047062
-52.5,5,31.081961
-41.4,1,31.098583
-24.9,2,31.129375
-10.0,3,31.155049
-10.0,1,31.165296
-10.0,2,31.17608
-10.0,1,31.181427
-10.0,9,31.206667
-10.0,1,31.212485
-10.0,1,31.216717
-10.0,1,31.221138
-10.0,1,31.227943
-10.0,2,31.236903
-10.0,1,31.242351
-10.0,1,31.246831
-10.0,1,31.252172
-10.0,1,31.258143
-25.8,1,31.26506
-38.4,1,31.271613
-45.3,1,31.27811
-35.1,1,31.28553
-10.0,2,31.295291
-10.0,1,31.302816
-10.0,1,31.30933
-30.9,1,31.317014
-46.5,2,31.327264
-10.0,1,31.33253
-10.0,2,31.340052
-30.9,1,31.346053
-10.0,1,31.352653
-10.0,1,31.358308
-10.0,1,31.364771
-10.0,3,31.37947
-10.0,2,31.388133
-10.0,1,31.394357
-10.0,1,31.400732
-10.0,1,31.406534
-10.0,2,31.415036
-10.0,4,31.429042
-43.2,1,31.434895
-10.0,1,31.440523
-10.0,2,31.450068
-10.0,2,31.460601
-10.0,2,31.470047
-44.7,1,31.476006
-10.0,7,31.496596
-10.0,1,31.503538
-10.0,3,31.519274
-10.0,1,31.526048
-10.0,1,31.533041
-10.0,1,31.538543
-10.0,1,31.544112
-30.3,5,31.563928
-30.9,1,31.569937
-10.0,1,31.576882
-10.0,1,31.582935
-31.5,1,31.588542
-40.2,1,31.59437
-10.0,1,31.601416
-10.0,1,31.6102
-10.0,1,31.616972
-43.2,1,31.622083
-10.0,1,31.629151
-10.0,1,31.63771
-10.0,1,31.645313
-10.0,1,31.650727
-10.0,2,31.663086
-10.0,3,31.675914
-10.0,3,31.694318
-10.0,2,31.710918
-10.0,2,31.726816
-10.0,1,31.734043
-10.0,1,31.739972
-43.5,4,31.759279
-10.0,1,31.76684
-42.9,6,31.788717
-10.0,1,31.79717
-48.3,2,31.808337
-44.4,2,31.817591
-10.0,1,31.826158
-10.0,1,31.834371
-42.6,1,31.842892
-10.0,3,31.858073
-10.0,1,31.864792
-23.1,1,31.872647
-10.0,3,31.885473
-10.0,1,31.892724
-10.0,2,31.905614
-10.0,1,31.914238
-10.0,1,31.921944
-10.0,4,31.936599
-10.0,1,31.942374
-10.0,2,31.952724
-10.0,1,31.959002
-36.3,1,31.969516
-47.1,1,31.979406
-30.9,1,31.985308
-10.0,3,32.004902
-10.0,6,32.030807
-10.0,2,32.042289
-10.0,1,32.048229
-10.0,2,32.063551
-10.0,2,32.077775
-10.0,1,32.0864
-10.0,2,32.097946
-10.0,1,32.107168
-69.6,1,32.118793
-10.0,2,32.132444
-10.0,2,32.148206
-10.0,3,32.163699
-30.9,1,32.172265
-10.0,2,32.185729
-10.0,1,32.194522
-10.0,1,32.201673
-10.0,1,32.207249
-53.1,2,32.215154
-10.0,1,32.222054
-10.0,3,32.238262
-10.0,1,32.24814
-10.0,6,32.275635
-34.5,1,32.284992
-10.0,1,32.294181
-48.9,2,32.306294
-10.0,1,32.313264
-10.0,1,32.320179
-10.0,2,32.331645
-10.0,8,32.374432
-10.0,1,32.382993
-10.0,4,32.413098
-10.0,1,32.428383
-10.0,2,32.443376
-10.0,1,32.453051
-10.0,2,32.471922
-68.1,1,32.488307
-10.0,1,32.505574
-10.0,1,32.518443
-10.0,3,32.547868
-10.0,2,32.570851
-10.0,2,32.594009
-44.4,4,32.617833
-53.7,1,32.626886
-45.3,1,32.635969
-10.0,3,32.653165
-10.0,1,32.660496
-10.0,2,32.671721
-10.0,2,32.685807
-30.9,5,32.713599
-10.0,1,32.722109
-10.0,1,32.73153
-10.0,3,32.746336
-49.2,2,32.756281
-10.0,2,32.766035
-10.0,1,32.772746
-61.5,1,32.779167
-10.0,1,32.786403
-10.0,1,32.793363
-10.0,1,32.800737
-10.0,1,32.807821
-10.0,3,32.820277
-10.0,1,32.825424
-10.0,1,32.83146
-10.0,1,32.840212
-10.0,4,32.86065
-10.0,7,32.901449
-10.0,1,32.908662
-10.0,1,32.916891
-10.0,1,32.926218
-10.0,1,32.932402
-10.0,1,32.940086
-10.0,1,32.948415
-10.0,2,32.959964
-10.0,1,32.969911
-35.1,1,32.980125
-56.7,1,32.990284
-10.0,1,33.010496
-10.0,1,33.026487
-10.0,4,33.069588
-10.0,2,33.087952
-10.0,4,33.111796
-10.0,1,33.120162
-10.0,1,33.12711
-46.2,3,33.145621
-10.0,1,33.155261
-10.0,1,33.162639
-10.0,3,33.178542
-10.0,1,33.186283
-10.0,2,33.197174
-62.4,1,33.210027
-10.0,1,33.2186
-10.0,1,33.228619
-10.0,1,33.236073
-10.0,1,33.245608
-10.0,1,33.25192
-10.0,2,33.262571
-10.0,1,33.26991
-32.1,1,33.277781
-10.0,1,33.284202
-10.0,2,33.29318
-10.0,1,33.300671
-10.0,2,33.309789
-10.0,1,33.316861
-10.0,2,33.324697
-10.0,1,33.330189
-45.3,1,33.336397
-10.0,1,33.344279
-10.0,1,33.350862
-32.1,1,33.357362
-10.0,1,33.365888
-10.0,1,33.373356
-10.0,2,33.3872
-30.9,1,33.396737
-10.0,1,33.404483
-10.0,1,33.41425
-10.0,1,33.421035
-10.0,1,33.427921
-40.2,1,33.43565
-10.0,4,33.453843
-10.0,1,33.459764
-41.1,1,33.465384
-10.0,2,33.476776
-10.0,1,33.483267
-10.0,1,33.490788
-10.0,2,33.501443
-10.0,2,33.508989
-10.0,3,33.520715
-10.0,4,33.53283
-53.4,3,33.544418
-10.0,2,33.552076
-10.0,3,33.56436
-10.0,1,33.569638
-10.0,1,33.57489
-10.0,1,33.581754
-10.0,1,33.587039
-10.0,2,33.594687
-10.0,1,33.601188
-31.2,2,33.608632
-25.2,1,33.614193
-10.0,1,33.621116
-10.0,1,33.626239
-10.0,1,33.631345
-10.0,3,33.642448
-10.0,1,33.647502
-10.0,1,33.653085
-10.0,2,33.660362
-66.9,2,33.667887
-10.0,1,33.673183
-38.4,1,33.678225
-10.0,1,33.684475
-10.0,1,33.689817
-10.0,1,33.694943
-10.0,2,33.703608
-10.0,1,33.708785
-10.0,1,33.714182
-10.0,1,33.719336
-10.0,1,33.727045
-10.0,1,33.736706
-10.0,2,33.745564
-10.0,2,33.753118
-10.0,2,33.761009
-10.0,2,33.769108
-38.4,1,33.774168
-10.0,2,33.781896
-10.0,2,33.789334
-47.4,2,33.796663
-10.0,1,33.802056
-42.3,1,33.807286
-10.0,1,33.812241
-10.0,2,33.819791
-10.0,1,33.824846
-10.0,1,33.829825
-10.0,1,33.835836
-10.0,2,33.843282
-10.0,1,33.848277
-10.0,1,33.853581
-87.0,1,33.858566
-10.0,1,33.863671
-10.0,1,33.868894
-10.0,3,33.878572
-10.0,1,33.884923
-10.0,1,33.890818
-10.0,1,33.898798
-10.0,4,33.911895
-10.0,1,33.917962
-29.7,1,33.923051
-10.0,2,33.933804
-10.0,1,33.940387
-10.0,2,33.950739
-10.0,3,33.963621
-10.0,2,33.973982
-10.0,1,33.980546
-10.0,2,33.989906
-41.1,1,33.996408
-10.0,1,34.002623
-10.0,1,34.008988
-10.0,4,34.024173
-10.0,3,34.036501
-10.0,1,34.04313
-10.0,1,34.049416
-10.0,2,34.05697
-10.0,1,34.062048
-10.0,1,34.066912
-30.9,1,34.071851
-10.0,2,34.079668
-10.0,2,34.086954
-10.0,1,34.092928
-36.3,1,34.098322
-10.0,1,34.103315
-10.0,1,34.108552
-32.1,1,34.113547
-10.0,1,34.118866
-10.0,2,34.126292
-39.9,6,34.145014
-44.4,2,34.152582
-10.0,2,34.162457
-10.0,3,34.172776
-10.0,2,34.180274
-10.0,4,34.192679
-10.0,1,34.197767
-25.8,1,34.203269
-10.0,1,34.210099
-10.0,1,34.215625
-10.0,3,34.226439
-10.0,2,34.234773
-10.0,1,34.24031
-69.6,1,34.248142
-10.0,1,34.256772
-10.0,1,34.263435
-10.0,1,34.272096
-10.0,1,34.281571
-10.0,1,34.29076
-10.0,1,34.300256
-10.0,2,34.320412
-53.1,4,34.349208
-10.0,1,34.358918
-34.5,1,34.36914
-39.6,3,34.387891
-10.0,3,34.404869
-10.0,2,34.418153
-67.2,4,34.437773
-36.9,1,34.445782
-10.0,9,34.471045
-10.0,1,34.476545
-10.0,2,34.484133
-10.0,1,34.489203
-10.0,1,34.494555
-10.0,3,34.504452
-10.0,2,34.512239
-10.0,2,34.519729
-10.0,2,34.527768
-10.0,1,34.533135
-10.0,1,34.53871
-46.8,1,34.544869
-10.0,1,34.55002
-10.0,1,34.555185
-10.0,1,34.561194
-10.0,1,34.566283
-33.3,2,34.57393
-10.0,2,34.581526
-10.0,1,34.586653
-61.8,3,34.596824
-30.6,1,34.601877
-10.0,3,34.612175
-10.0,1,34.617251
-10.0,1,34.622978
-10.0,3,34.633193
-10.0,2,34.641229
-10.0,1,34.646554
-54.0,1,34.65172
-10.0,1,34.657127
-10.0,1,34.662203
-10.0,1,34.668311
-10.0,1,34.673541
-10.0,1,34.679162
-42.6,1,34.684623
-10.0,3,34.694501
-10.0,1,34.699923
-10.0,2,34.708564
-10.0,1,34.715184
-10.0,1,34.721714
-48.6,1,34.727246
-10.0,5,34.742459
-10.0,1,34.747723
-10.0,1,34.752861
-25.8,1,34.75793
-10.0,3,34.773576
-10.0,1,34.780276
-10.0,3,34.790243
-10.0,2,34.798229
-10.0,1,34.803349
-41.1,1,34.809498
-10.0,1,34.815103
-30.9,1,34.820197
-10.0,2,34.828986
-10.0,2,34.839446
-10.0,1,34.844484
-10.0,1,34.85198
-10.0,1,34.858485
-10.0,1,34.864118
-10.0,2,34.873038
-10.0,1,34.878729
-10.0,5,34.895938
-10.0,1,34.901194
-10.0,1,34.906206
-10.0,1,34.912234
-10.0,1,34.917899
-10.0,1,34.923666
-10.0,3,34.933201
-10.0,1,34.938287
-56.7,1,34.943436
-10.0,1,34.948921
-10.0,1,34.956057
-10.0,1,34.962231
-10.0,3,34.97458
-10.0,2,34.98278
-10.0,1,34.988275
-48.9,1,34.993941
-35.4,2,35.002233
-10.0,1,35.007616
-62.1,1,35.012891
-10.0,1,35.018021
-10.0,2,35.025722
-10.0,1,35.030806
-10.0,2,35.038301
-10.0,1,35.043697
-10.0,1,35.048791
-10.0,1,35.053784
-10.0,1,35.05916
-10.0,1,35.064503
-10.0,1,35.069552
-10.0,1,35.075999
-10.0,1,35.081347
-10.0,2,35.089019
-10.0,1,35.094147
-10.0,1,35.099148
-44.7,1,35.104342
-10.0,1,35.111273
-10.0,1,35.11714
-10.0,1,35.124846
-10.0,3,35.134772
-10.0,1,35.140934
-10.0,2,35.148387
-10.0,1,35.153998
-10.0,1,35.159714
-10.0,1,35.165318
-44.1,2,35.172873
-10.0,1,35.178203
-10.0,1,35.183533
-10.0,4,35.195896
-10.0,1,35.200933
-10.0,1,35.20602
-10.0,1,35.211057
-10.0,2,35.218996
-69.3,2,35.226724
-10.0,2,35.234394
-10.0,3,35.244313
-10.0,1,35.249315
-10.0,2,35.257172
-10.0,1,35.262276
-10.0,3,35.272443
-10.0,5,35.287743
-10.0,1,35.292757
-10.0,1,35.297931
-10.0,1,35.302969
-10.0,2,35.310325
-48.6,1,35.315731
-10.0,1,35.320776
-10.0,1,35.325738
-10.0,1,35.33091
-10.0,5,35.345356
-10.0,3,35.354995
-10.0,1,35.359967
-10.0,1,35.366227
-47.7,1,35.371574
-10.0,1,35.376788
-10.0,1,35.382746
-10.0,2,35.390677
-93.3,1,35.396139
-10.0,1,35.401104
-10.0,1,35.406066
-10.0,2,35.413664
-41.1,1,35.418672
-10.0,1,35.423622
-10.0,1,35.429758
-10.0,2,35.437132
-33.6,1,35.442394
-10.0,2,35.449775
-10.0,1,35.454754
-10.0,3,35.464764
-10.0,1,35.469754
-10.0,1,35.476134
-43.2,1,35.484404
-10.0,1,35.492853
-10.0,1,35.500563
-40.2,1,35.506324
-10.0,1,35.514254
-10.0,1,35.521102
-67.2,1,35.526442
-10.0,2,35.533834
-10.0,1,35.539193
-24.9,2,35.546497
-10.0,2,35.554118
-10.0,1,35.559222
-10.0,4,35.571445
-10.0,1,35.576791
-10.0,1,35.582125
-10.0,5,35.596742
-45.0,1,35.602119
-10.0,2,35.609477
-10.0,2,35.616965
-32.1,1,35.62218
-10.0,2,35.629534
-61.8,2,35.637226
-10.0,1,35.642194
-10.0,1,35.647146
-10.0,1,35.652311
-10.0,1,35.657239
-10.0,1,35.662256
-10.0,1,35.667477
-84.9,3,35.677266
-10.0,1,35.683018
-37.8,3,35.693101
-10.0,1,35.699967
-36.9,1,35.706803
-10.0,1,35.711817
-10.0,2,35.71972
-34.5,1,35.725042
-10.0,1,35.730235
-38.7,1,35.73538
-10.0,3,35.745273
-10.0,1,35.750561
-10.0,1,35.755558
-10.0,1,35.760492
-44.4,1,35.766634
-10.0,1,35.771776
-28.8,1,35.776729
-10.0,2,35.784421
-10.0,4,35.79721
-10.0,2,35.804925
-10.0,3,35.815033
-10.0,1,35.820036
-10.0,1,35.825011
-10.0,3,35.835005
-10.0,1,35.840012
-10.0,2,35.848352
-41.1,2,35.855751
-10.0,1,35.861063
-48.6,4,35.873316
-10.0,1,35.87849
-10.0,1,35.883426
-10.0,1,35.888439
-67.2,4,35.9009
-31.2,2,35.909629
-10.0,2,35.91908
-10.0,1,35.926398
-10.0,2,35.933926
-10.0,4,35.946806
-10.0,3,35.957658
-10.0,1,35.962915
-10.0,4,35.97626
-10.0,1,35.981326
-44.4,2,35.989128
-10.0,3,35.998881
-62.4,1,36.004189
-65.4,1,36.009239
-42.9,2,36.016565
-10.0,2,36.024078
-10.0,1,36.029099
-10.0,1,36.03434
-10.0,3,36.044098
-10.0,1,36.049345
-10.0,3,36.059481
-10.0,1,36.064532
-10.0,1,36.069623
-10.0,2,36.077022
-10.0,1,36.082341
-10.0,3,36.092335
-10.0,2,36.099959
-10.0,2,36.107356
-51.3,1,36.112482
-10.0,1,36.117607
-10.0,1,36.122617
-10.0,1,36.127569
-10.0,1,36.133078
-10.0,2,36.140497
-10.0,2,36.149061
-10.0,3,36.158817
-10.0,2,36.167206
-42.6,3,36.177237
-10.0,5,36.19223
-10.0,4,36.20453
-10.0,2,36.212776
-34.5,1,36.21795
-10.0,1,36.223509
-10.0,2,36.231196
-10.0,3,36.241473
-10.0,1,36.246637
-10.0,2,36.25413
-10.0,2,36.261616
-10.0,1,36.266921
-10.0,1,36.271968
-10.0,2,36.279548
-10.0,1,36.284606
-10.0,1,36.289548
-10.0,4,36.301742
-10.0,1,36.306725
-10.0,1,36.313248
-10.0,4,36.331596
-10.0,1,36.336746
-56.7,1,36.448715
-10.0,2,36.458698
-10.0,2,36.467411
-10.0,2,36.47752
-10.0,4,36.490105
-10.0,1,36.495672
-10.0,3,36.506124
-10.0,2,36.51468
-10.0,1,36.520059
-70.8,1,36.525434
-10.0,2,36.533101
-10.0,2,36.540691
-10.0,1,36.545741
-10.0,2,36.553781
-10.0,1,36.559127
-85.5,1,36.564788
-10.0,1,36.571074
-10.0,1,36.57677
-10.0,1,36.581997
-30.6,2,36.593869
-10.0,3,36.608276
-46.8,1,36.61448
-10.0,1,36.619862
-28.8,1,36.624865
-10.0,2,36.632602
-54.9,1,36.637844
-50.4,4,36.651827
-53.7,1,36.657768
-10.0,2,36.666013
-10.0,2,36.674076
-10.0,2,36.683113
-10.0,1,36.689964
-10.0,1,36.696499
-40.8,2,36.706571
-10.0,1,36.713662
-10.0,2,36.727987
-10.0,4,36.748799
-10.0,5,36.768344
-10.0,2,36.778988
-10.0,1,36.786476
-10.0,1,36.793297
-10.0,1,36.800301
-10.0,1,36.807067
-28.8,1,36.813813
-10.0,1,36.819074
-10.0,2,36.828066
-10.0,1,36.833559
-10.0,3,36.843989
-67.2,4,36.855743
-10.0,1,36.860936
-10.0,1,36.866034
-10.0,1,36.871418
-10.0,2,36.87896
-10.0,3,36.889058
-10.0,3,36.898873
-42.3,1,36.904358
-10.0,3,36.914415
-10.0,1,36.919693
-10.0,1,36.924738
-10.0,3,36.934753
-10.0,2,36.942321
-10.0,2,36.949778
-10.0,2,36.957582
-10.0,4,36.970712
-10.0,3,36.982136
-10.0,1,36.987514
-10.0,3,36.997482
-10.0,1,37.002775
-10.0,2,37.011872
-10.0,1,37.017167
-10.0,1,37.022256
-10.0,1,37.027266
-10.0,1,37.032502
-10.0,1,37.03774
-10.0,3,37.047719
-10.0,5,37.064591
-10.0,2,37.072646
-10.0,3,40.124749
-54.9,1,40.132607
-10.0,3,40.148169
-10.0,3,40.163739
-10.0,2,40.174263
-10.0,4,40.192599
-10.0,3,40.206949
-10.0,1,40.214281
-10.0,4,40.231039
-43.8,3,40.24497
-10.0,1,40.252094
-10.0,1,40.259382
-10.0,1,40.266541
-10.0,2,40.275822
-10.0,5,40.296428
-10.0,1,40.303784
-10.0,1,40.31101
-10.0,1,40.318283
-10.0,1,40.323667
-10.0,1,40.328847
-10.0,1,40.334346
-10.0,1,40.339416
-10.0,1,40.344561
-10.0,1,40.350131
-10.0,2,40.357646
-10.0,1,40.362979
-10.0,3,40.373348
-10.0,1,40.378827
-10.0,1,40.387091
-10.0,4,40.407909
-10.0,1,40.416102
-10.0,1,40.424908
-10.0,1,40.433899
-10.0,3,40.451886
-10.0,1,40.46134
-10.0,1,40.470393
-10.0,1,40.478194
-10.0,1,40.485792
-10.0,1,40.494384
-10.0,3,40.511039
-10.0,1,40.520491
-10.0,1,40.529131
-10.0,1,40.534414
-10.0,1,40.543258
-10.0,1,40.552121
-10.0,3,40.569052
-32.1,1,40.577996
-10.0,2,40.59129
-10.0,1,40.600062
-10.0,2,40.612898
-10.0,1,40.620377
-10.0,3,40.637371
-10.0,1,40.646044
-10.0,1,40.654649
-10.0,1,40.663178
-10.0,1,40.671823
-10.0,1,40.680509
-10.0,2,40.692969
-34.5,1,40.70025
-10.0,1,40.705595
-10.0,1,40.710757
-10.0,1,40.716301
-10.0,1,40.722183
-10.0,1,40.727341
-10.0,1,40.732912
-10.0,1,40.738284
-10.0,3,40.748838
-10.0,2,40.756479
-10.0,1,40.76276
-10.0,3,40.773843
-10.0,1,40.779488
-10.0,1,40.784958
-10.0,1,40.790258
-10.0,1,40.79584
-10.0,1,40.801203
-10.0,2,40.809155
-10.0,1,40.814521
-10.0,1,40.819687
-10.0,2,40.827805
-10.0,1,40.833096
-10.0,3,40.847394
-10.0,9,40.88605
-10.0,1,40.893387
-10.0,2,40.905946
-10.0,5,40.930504
-10.0,2,40.944168
-10.0,1,40.952573
-10.0,1,40.957771
-10.0,1,40.962976
-10.0,3,40.973987
-10.0,1,40.9792
-10.0,1,40.985204
-10.0,2,40.993151
-10.0,1,40.999678
-10.0,1,41.008096
-10.0,1,41.016998
-10.0,3,41.036357
-10.0,1,41.045135
-10.0,1,41.054318
-10.0,1,41.064512
-10.0,1,41.075202
-10.0,1,41.087153
-10.0,1,41.098647
-10.0,2,41.113156
-10.0,1,41.120556
-10.0,3,41.134043
-10.0,2,41.143979
-10.0,1,41.149093
-10.0,1,41.154178
-10.0,2,41.162107
-10.0,1,41.167634
-10.0,1,41.173431
-10.0,2,41.182457
-10.0,1,41.187382
-10.0,1,41.193721
-10.0,1,41.199743
-10.0,1,41.206907
-10.0,2,41.217132
-10.0,2,41.227477
-10.0,2,41.237553
-10.0,2,41.249112
-10.0,1,41.255007
-10.0,1,41.260758
-10.0,1,41.269413
-10.0,2,41.277534
-10.0,1,41.282777
-10.0,2,41.293088
-10.0,1,41.298406
-10.0,2,41.306956
-10.0,5,41.32052
-10.0,3,41.328002
-10.0,1,41.331444
-10.0,3,41.337481
-10.0,1,41.340838
-10.0,1,41.344028
-10.0,1,41.347217
-10.0,1,41.350595
-10.0,3,41.359282
-10.0,1,41.364068
-10.0,1,41.3687
-10.0,1,41.373179
-10.0,1,41.377388
-10.0,1,41.381703
-10.0,2,41.387039
-10.0,2,41.393357
-10.0,2,41.404806
-10.0,2,41.415794
-10.0,4,41.43713
-10.0,3,41.456462
-10.0,1,41.465545
-53.7,1,41.474499
-10.0,2,41.488127
-10.0,1,41.496569
-10.0,1,41.502466
-10.0,3,41.515456
-10.0,2,41.527201
-10.0,2,41.536145
-10.0,1,41.541426
-10.0,2,41.548896
-10.0,1,41.554107
-10.0,1,41.559418
-10.0,1,41.56442
-54.0,1,41.569369
-10.0,1,41.57455
-10.0,1,41.57951
-10.0,1,41.584453
-10.0,1,41.589674
-10.0,1,41.594674
-10.0,1,41.599686
-10.0,2,41.607269
-10.0,1,41.612229
-10.0,1,41.61727
-10.0,4,41.62977
-10.0,2,41.641496
-10.0,1,41.648431
-10.0,1,41.652125
-10.0,7,41.664689
-10.0,1,41.668114
-44.7,3,41.676908
-10.0,1,41.681904
-10.0,4,41.694583
-10.0,2,41.702893
-10.0,2,41.710285
-10.0,2,41.717764
-10.0,1,41.722734
-10.0,1,41.727576
-10.0,1,41.732852
-10.0,1,41.737951
-10.0,4,41.750118
-10.0,2,41.757441
-10.0,1,41.762593
-10.0,2,41.769995
-10.0,2,41.777314
-10.0,1,41.782599
-10.0,3,41.792367
-10.0,1,41.797748
-10.0,1,41.802766
-10.0,1,41.807759
-10.0,1,41.813029
-10.0,1,41.817982
-44.4,1,41.822919
-10.0,1,41.828185
-10.0,1,41.833177
-10.0,1,41.838072
-10.0,3,41.848356
-10.0,3,41.858413
-10.0,1,41.863624
-10.0,2,41.871101
-10.0,3,41.880991
-10.0,2,41.888368
-10.0,1,41.894349
-10.0,3,41.904098
-10.0,1,41.909378
-10.0,2,41.916746
-10.0,1,41.921945
-10.0,2,41.929504
-10.0,1,41.934543
-28.5,5,41.949064
-10.0,3,41.959285
-10.0,1,41.964281
-10.0,5,41.979089
-30.6,2,41.986848
-10.0,1,41.991875
-10.0,2,41.999191
-36.9,1,42.004666
-10.0,2,42.012101
-10.0,1,42.020211
-10.0,2,42.031126
-10.0,1,42.036191
-10.0,1,42.041256
-10.0,1,42.046301
-10.0,3,42.056032
-10.0,3,42.066181
-10.0,1,42.071172
-10.0,1,42.076457
-10.0,1,42.081487
-10.0,2,42.088793
-10.0,1,42.094403
-10.0,1,42.099748
-10.0,2,42.107435
-10.0,4,42.119485
-10.0,2,42.127468
-10.0,1,42.132407
-10.0,1,42.137593
-10.0,1,42.142646
-38.7,1,42.147551
-10.0,2,42.155243
-10.0,1,42.160336
-10.0,3,42.17058
-10.0,1,42.175992
-10.0,1,42.181282
-10.0,1,42.187127
-10.0,1,42.193853
-10.0,1,42.200584
-10.0,1,42.208835
-10.0,2,42.220314
-10.0,1,42.22743
-10.0,1,42.234637
-38.1,2,42.244936
-10.0,1,42.252358
-10.0,1,42.259302
-10.0,1,42.266463
-10.0,1,42.273528
-10.0,1,42.280486
-10.0,2,42.291031
-10.0,1,42.298154
-10.0,1,42.305182
-10.0,1,42.312053
-10.0,1,42.317362
-10.0,1,42.322338
-10.0,2,42.329872
-10.0,1,42.334903
-10.0,6,42.351901
-10.0,1,42.359969
-10.0,1,42.365891
-10.0,1,42.371273
-10.0,1,42.376873
-10.0,1,42.382559
-10.0,2,42.390518
-10.0,3,42.401109
-10.0,1,42.406467
-10.0,2,42.415024
-10.0,1,42.421065
-10.0,1,42.425743
-10.0,1,42.431562
-10.0,3,42.441034
-10.0,1,42.449238
-10.0,2,42.457943
-10.0,2,42.466794
-10.0,1,42.47418
-10.0,1,42.479767
-10.0,1,42.485378
-10.0,1,42.490797
-10.0,1,42.495958
-10.0,1,42.500928
-10.0,2,42.509165
-10.0,1,42.514916
-10.0,3,42.525389
-10.0,2,42.532978
-10.0,2,42.54107
-10.0,1,42.546351
-10.0,1,42.551331
-10.0,1,42.556689
-10.0,1,42.56173
-10.0,1,42.56666
-10.0,1,42.57184
-10.0,2,42.579129
-10.0,1,42.583981
-10.0,1,42.589026
-10.0,1,42.593876
-38.1,3,42.603491
-10.0,1,42.608337
-10.0,1,42.613122
-10.0,2,42.621347
-10.0,3,42.631313
-10.0,1,42.637161
-36.0,4,42.649681
-10.0,1,42.655125
-10.0,1,42.660806
-10.0,1,42.666654
-10.0,1,42.671845
-10.0,1,42.676847
-10.0,3,42.687307
-10.0,1,42.692371
-10.0,1,42.698137
-10.0,1,42.704116
-10.0,2,42.714527
-10.0,1,42.721328
-10.0,2,42.731603
-10.0,4,42.744489
-10.0,2,42.752378
-10.0,1,42.758629
-10.0,4,42.771574
-10.0,1,42.776605
-10.0,1,42.781755
-10.0,1,42.786728
-10.0,1,42.791533
-10.0,1,42.796683
-10.0,1,42.801499
-10.0,1,42.806308
-10.0,1,42.811417
-10.0,1,42.816292
-10.0,1,42.821166
-10.0,1,42.826182
-10.0,1,42.831141
-10.0,1,42.835915
-10.0,1,42.84085
-10.0,1,42.847766
-10.0,5,42.86289
-10.0,1,42.868253
-10.0,2,42.876275
-10.0,1,42.88203
-45.0,2,42.891469
-35.7,1,42.896402
-10.0,1,42.901234
-10.0,2,42.909435
-10.0,4,42.921721
-10.0,1,42.926707
-10.0,1,42.931968
-10.0,1,42.937434
-10.0,1,42.942864
-10.0,1,42.947935
-10.0,1,42.952754
-10.0,1,42.957904
-10.0,2,42.966436
-10.0,2,42.973736
-10.0,1,42.978787
-10.0,1,42.983682
-10.0,2,42.990751
-10.0,2,42.998286
-10.0,2,43.005447
-10.0,2,43.012799
-10.0,2,43.019917
-10.0,5,43.035214
-10.0,1,43.040091
-10.0,1,43.047481
-10.0,2,43.058669
-10.0,7,43.077469
-10.0,1,43.08233
-10.0,1,43.087084
-10.0,1,43.092084
-10.0,1,43.0969
-10.0,2,43.103961
-10.0,2,43.111209
-10.0,1,43.116379
-10.0,2,43.124021
-10.0,1,43.12895
-10.0,1,43.133712
-10.0,1,43.138806
-10.0,2,43.146144
-10.0,1,43.150976
-10.0,1,43.156163
-10.0,2,43.163443
-10.0,1,43.168423
-10.0,1,43.173362
-10.0,1,43.178301
-10.0,1,43.183216
-10.0,1,43.188423
-10.0,1,43.19327
-10.0,1,43.198073
-10.0,1,43.20335
-10.0,1,43.208261
-10.0,2,43.215333
-10.0,4,43.228441
-10.0,1,43.233677
-10.0,3,43.244075
-10.0,2,43.251563
-10.0,2,43.258766
-10.0,1,43.2636
-10.0,1,43.268826
-10.0,2,43.276024
-10.0,2,43.283478
-10.0,1,43.288371
-10.0,1,43.293127
-10.0,3,43.302858
-38.7,1,43.3077
-10.0,3,43.317366
-10.0,2,43.324698
-10.0,1,43.329887
-10.0,1,43.334787
-10.0,2,43.341889
-10.0,1,43.346975
-10.0,1,43.351809
-10.0,3,43.363461
-10.0,1,43.371631
-10.0,3,43.382552
-10.0,1,43.387508
-10.0,1,43.391884
-10.0,2,43.398478
-10.0,1,43.40335
-10.0,2,43.411165
-10.0,1,43.415354
-10.0,2,43.422847
-10.0,1,43.428073
-10.0,1,43.433653
-10.0,1,43.439429
-10.0,1,43.446013
-10.0,1,43.45102
-10.0,1,43.45708
-10.0,1,43.462618
-10.0,1,43.467632
-10.0,1,43.474067
-10.0,1,43.481066
-10.0,1,43.486292
-10.0,1,43.491645
-10.0,1,43.497353
-10.0,1,43.503825
-10.0,1,43.509123
-10.0,1,43.51528
-10.0,1,43.521597
-10.0,1,43.526774
-10.0,3,43.539165
-10.0,1,43.547426
-10.0,1,43.555897
-10.0,2,43.56615
-10.0,1,43.571833
-10.0,1,43.578131
-10.0,3,43.5908
-10.0,2,43.598806
-10.0,1,43.604437
-10.0,1,43.609365
-10.0,2,43.61717
-10.0,1,43.622905
-10.0,1,43.628038
-10.0,1,43.633194
-10.0,1,43.639004
-10.0,2,43.646702
-10.0,2,43.654048
-10.0,2,43.66163
-10.0,1,43.666563
-10.0,4,43.679795
-10.0,2,43.689219
-10.0,1,43.695937
-10.0,3,43.710423
-10.0,1,43.718401
-10.0,1,43.725607
-10.0,1,43.732007
-10.0,1,43.739248
-10.0,2,43.746487
-10.0,1,43.750145
-10.0,3,43.760903
-10.0,1,43.767287
-10.0,1,43.772586
-10.0,1,43.777704
-10.0,4,43.79273
-10.0,2,43.80009
-10.0,1,43.806601
-10.0,1,43.812494
-10.0,1,43.817703
-10.0,5,43.832385
-10.0,1,43.837442
-10.0,1,43.842688
-10.0,3,43.854162
-10.0,3,43.864241
-10.0,2,43.874525
-10.0,1,43.879622
-10.0,6,43.897604
-10.0,3,43.907826
-10.0,1,43.914078
-10.0,1,43.920201
-10.0,1,43.925612
-10.0,3,43.936729
-10.0,2,43.944822
-10.0,2,43.953176
-10.0,2,43.961024
-10.0,2,43.96988
-10.0,1,43.976405
-40.8,2,43.988226
-10.0,1,43.99972
-10.0,1,44.006991
-10.0,1,44.013807
-10.0,1,44.019531
-10.0,1,44.026431
-10.0,1,44.036849
-10.0,3,44.057031
-10.0,1,44.062619
-10.0,1,44.069199
-10.0,1,44.076077
-10.0,1,44.082495
-10.0,1,44.09055
-10.0,1,44.102539
-10.0,2,44.121391
-10.0,1,44.129762
-10.0,2,44.139365
-10.0,1,44.14543
-10.0,1,44.152302
-10.0,2,44.15974
-10.0,1,44.164872
-10.0,3,44.174738
-10.0,2,44.18329
-10.0,1,44.188459
-10.0,1,44.193351
-10.0,2,44.20016
-10.0,1,44.207191
-10.0,3,44.217345
-10.0,1,44.223263
-10.0,2,44.230587
-41.4,1,44.234832
-10.0,1,44.239871
-10.0,1,44.245948
-10.0,2,44.254028
-10.0,1,44.258998
-10.0,1,44.263603
-10.0,1,44.268052
-10.0,1,44.272761
-10.0,1,44.27742
-10.0,1,44.281818
-10.0,1,44.288602
-10.0,2,44.29553
-10.0,1,44.299574
-10.0,2,44.306003
-10.0,1,44.310094
-10.0,1,44.314908
-10.0,4,44.341128
-36.3,1,44.347396
-10.0,1,44.351597
-10.0,1,44.355386
-10.0,1,44.359911
-41.4,1,44.364429
-10.0,1,44.370924
-10.0,1,44.376042
-10.0,2,44.38263
-10.0,1,44.386886
-10.0,1,44.39095
-10.0,3,44.400687
-10.0,1,44.405964
-10.0,1,44.412807
-62.1,1,44.419709
-10.0,3,44.430547
-10.0,2,44.438115
-10.0,1,44.442985
-10.0,1,44.448172
-42.9,2,44.456271
-10.0,1,44.461226
-10.0,1,44.466936
-10.0,1,44.47258
-10.0,1,44.480125
-10.0,1,44.485223
-10.0,2,44.493882
-10.0,2,44.502103
-10.0,1,44.506283
-10.0,2,44.515157
-10.0,1,44.520534
-10.0,1,44.526039
-10.0,1,44.531793
-10.0,3,44.541845
-10.0,1,44.547146
-10.0,2,44.554151
-10.0,1,44.559114
-10.0,2,44.565915
-10.0,1,44.57132
-10.0,1,44.577334
-10.0,3,44.588083
-10.0,1,44.592844
-10.0,5,44.608915
-10.0,2,44.619597
-10.0,3,44.629591
-10.0,2,44.636783
-10.0,1,44.642218
-10.0,2,44.649911
-10.0,1,44.654467
-10.0,2,44.66122
-10.0,1,44.666724
-10.0,1,44.672211
-10.0,1,44.676761
-10.0,1,44.683037
-10.0,1,44.688452
-10.0,1,44.694213
-10.0,1,44.69984
-42.9,1,44.704339
-10.0,1,44.710076
-10.0,2,44.719172
-10.0,1,44.725071
-10.0,1,44.730236
-10.0,1,44.737086
-10.0,1,44.744123
-10.0,1,44.752235
-10.0,3,44.771348
-10.0,1,44.779896
-10.0,1,44.788604
-61.8,1,44.795196
-10.0,1,44.800759
-10.0,1,44.808419
-10.0,1,44.816329
-10.0,1,44.822558
-10.0,2,44.834523
-10.0,1,44.841472
-10.0,1,44.850034
-10.0,1,44.855328
-10.0,5,44.873861
-10.0,1,44.883068
-10.0,1,44.888469
-10.0,2,44.897948
-10.0,2,44.907536
-10.0,2,44.915275
-10.0,3,44.930646
-10.0,2,44.939409
-10.0,1,44.945381
-10.0,3,44.955353
-10.0,3,44.96547
-10.0,2,44.97341
-10.0,3,44.985956
-10.0,3,44.99706
-31.5,1,45.003612
-10.0,1,45.010578
-10.0,1,45.017046
-10.0,2,45.02536
-10.0,1,45.031074
-10.0,2,45.039317
-10.0,1,45.044774
-10.0,1,45.050818
-10.0,2,45.059974
-10.0,2,45.068704
-10.0,2,45.077545
-10.0,1,45.087887
-10.0,1,45.097623
-10.0,2,45.110257
-10.0,4,45.127757
-10.0,1,45.134972
-10.0,2,45.144488
-10.0,1,45.150262
-10.0,1,45.155771
-10.0,2,45.163778
-10.0,2,45.171297
-10.0,2,45.179299
-10.0,1,45.184744
-10.0,2,45.192741
-10.0,1,45.19795
-10.0,1,45.205677
-46.8,1,45.211
-10.0,1,45.216219
-10.0,1,45.222227
-10.0,1,45.227991
-10.0,1,45.233231
-10.0,2,45.24797
-10.0,2,45.257415
-10.0,2,45.266801
-10.0,1,45.273478
-10.0,2,45.281628
-10.0,1,45.289135
-10.0,2,45.302906
-10.0,1,45.312439
-10.0,1,45.321676
-10.0,1,45.331747
-10.0,1,45.345876
-10.0,1,45.357532
-10.0,1,45.366962
-10.0,2,45.382159
-10.0,3,45.400915
-10.0,6,45.434638
-10.0,4,45.457231
-10.0,1,45.466271
-10.0,2,45.479444
-10.0,4,45.497937
-10.0,1,45.503959
-10.0,2,45.513274
-10.0,2,45.5228
-10.0,1,45.528892
-10.0,1,45.535367
-10.0,2,45.544649
-10.0,1,45.550954
-10.0,1,45.557536
-10.0,1,45.563725
-10.0,1,45.570061
-10.0,1,45.576093
-10.0,1,45.58197
-10.0,2,45.59066
-10.0,1,45.596982
-10.0,2,45.6063
-10.0,1,45.61249
-10.0,2,45.622088
-10.0,4,45.638065
-10.0,3,45.657274
-10.0,1,45.663475
-10.0,5,45.682581
-10.0,2,45.690619
-10.0,3,45.699874
-10.0,1,45.704849
-10.0,1,45.710054
-30.9,2,45.717522
-10.0,2,45.725255
-10.0,2,45.732747
-10.0,4,45.745853
-10.0,2,45.753451
-10.0,1,45.758528
-10.0,1,45.763846
-10.0,1,45.768909
-10.0,1,45.774572
-10.0,1,45.77999
-10.0,2,45.788253
-10.0,1,45.794071
-10.0,2,45.801577
-10.0,5,45.818753
-10.0,1,45.826308
-10.0,4,45.842838
-10.0,1,45.851864
-10.0,2,45.864859
-10.0,1,45.873935
-10.0,1,45.883007
-10.0,1,45.89271
-10.0,2,45.90692
-10.0,2,45.921933
-10.0,1,45.932191
-10.0,1,45.941864
-10.0,2,45.959656
-10.0,1,45.970165
-10.0,3,45.993419
-10.0,1,46.005913
-10.0,1,46.016426
-10.0,1,46.025509
-10.0,1,46.0394
-10.0,1,46.051315
-10.0,1,46.062612
-10.0,3,46.081718
-10.0,2,46.094713
-41.1,1,46.104425
-10.0,3,46.122802
-10.0,3,46.139628
-10.0,1,46.145495
-10.0,1,46.150522
-10.0,1,46.156101
-10.0,1,46.162249
-10.0,2,46.169728
-10.0,1,46.174701
-38.7,1,46.180174
-43.5,4,46.192395
-10.0,1,46.197316
-10.0,3,46.207262
-10.0,1,46.213101
-10.0,2,46.220696
-10.0,1,46.22658
-10.0,2,46.234004
-10.0,2,46.241278
-10.0,2,46.248942
-10.0,2,46.257553
-10.0,3,46.267604
-10.0,1,46.272694
-10.0,3,46.282428
-10.0,1,46.287661
-10.0,1,46.292761
-10.0,2,46.300148
-10.0,1,46.305711
-10.0,1,46.310565
-10.0,1,46.315444
-10.0,1,46.320446
-10.0,1,46.326095
-10.0,1,46.331265
-10.0,1,46.336236
-10.0,2,46.343904
-10.0,1,46.34991
-10.0,1,46.355345
-10.0,1,46.36106
-10.0,2,46.371439
-10.0,4,46.393245
-10.0,1,46.402141
-10.0,2,46.415647
-10.0,1,46.424615
-10.0,1,46.433709
-10.0,3,46.451123
-10.0,1,46.457512
-42.9,1,46.463053
-10.0,1,46.468008
-10.0,1,46.473442
-10.0,1,46.478642
-10.0,2,46.485904
-10.0,2,46.493678
-10.0,3,46.503367
-35.4,2,46.51095
-10.0,1,46.516215
-10.0,2,46.523551
-10.0,1,46.530643
-10.0,1,46.536454
-10.0,5,46.551096
-10.0,1,46.556304
-10.0,4,46.568731
-10.0,1,46.573805
-10.0,1,46.579145
-10.0,1,46.58415
-10.0,1,46.589093
-10.0,1,46.594736
-10.0,1,46.601339
-10.0,2,46.60899
-10.0,1,46.614043
-10.0,2,46.621768
-10.0,1,46.626864
-10.0,1,46.631773
-10.0,1,46.636824
-10.0,3,46.647022
-10.0,1,46.652372
-10.0,2,46.660149
-10.0,2,46.66762
-10.0,3,46.67842
-10.0,1,46.68712
-10.0,1,46.693187
-10.0,2,46.700867
-10.0,2,46.708395
-10.0,3,46.718944
-10.0,1,46.724341
-10.0,4,46.736664
-10.0,1,46.741239
-10.0,1,46.745945
-10.0,1,46.750308
-10.0,2,46.756712
-10.0,1,46.762314
-10.0,3,46.775029
-10.0,1,46.780371
-10.0,1,46.785912
-10.0,1,46.791522
-10.0,3,46.80167
-10.0,2,46.809488
-10.0,1,46.814895
-10.0,2,46.822403
-10.0,2,46.831527
-10.0,1,46.836423
-10.0,4,46.848716
-10.0,5,46.863787
-10.0,2,46.871519
-10.0,1,46.876556
-10.0,1,46.88183
-10.0,1,46.886838
-10.0,1,46.893205
-10.0,2,46.900601
-10.0,1,46.905531
-10.0,1,46.910393
-10.0,2,46.9178
-10.0,5,46.932829
-10.0,2,46.941368
-10.0,4,46.965948
-10.0,1,46.96969
-10.0,1,46.973532
-10.0,1,46.977127
-10.0,3,46.986092
-10.0,1,46.990212
-10.0,3,46.998558
-10.0,3,47.00811
-10.0,1,47.013366
-10.0,1,47.018546
-10.0,2,47.026511
-10.0,1,47.031768
-10.0,1,47.037571
-10.0,1,47.042664
-10.0,1,47.047586
-10.0,1,47.052928
-10.0,1,47.058065
-10.0,1,47.063029
-10.0,2,47.071036
-10.0,1,47.076598
-10.0,1,47.083225
-10.0,2,47.091935
-10.0,1,47.097244
-10.0,1,47.102288
-10.0,1,47.107484
-10.0,1,47.112726
-10.0,4,47.12637
-10.0,1,47.131728
-10.0,4,47.148789
-10.0,8,47.172094
-10.0,1,47.17748
-10.0,4,47.196241
-10.0,2,47.204553
-10.0,2,47.212724
-10.0,1,47.217876
-10.0,1,47.22286
-10.0,1,47.228111
-10.0,2,47.23557
-10.0,1,47.241843
-10.0,1,47.248349
-10.0,2,47.257707
-10.0,1,47.265425
-10.0,2,47.274693
-21.6,6,47.298454
-10.0,1,47.305207
-10.0,4,47.318087
-10.0,3,47.32783
-10.0,2,47.335512
-10.0,1,47.340492
-10.0,3,47.350413
-10.0,1,47.355407
-10.0,1,47.360389
-10.0,1,47.365489
-10.0,2,47.372916
-10.0,2,47.380185
-10.0,1,47.386378
-10.0,1,47.391482
-10.0,2,47.398944
-10.0,1,47.403753
-10.0,1,47.408563
-10.0,1,47.413785
-10.0,4,47.425744
-10.0,2,47.433218
-10.0,1,47.438166
-10.0,1,47.442956
-10.0,1,47.448482
-10.0,3,47.458122
-10.0,2,47.465437
-10.0,2,47.473538
-54.0,1,47.480184
-10.0,1,47.486376
-10.0,1,47.492713
-10.0,1,47.498878
-10.0,1,47.504939
-10.0,1,47.511253
-10.0,4,47.52683
-10.0,1,47.533504
-10.0,1,47.540291
-10.0,1,47.546678
-10.0,1,47.552704
-10.0,1,47.559098
-10.0,2,47.56804
-33.3,2,47.577284
-10.0,1,47.583338
-10.0,1,47.590278
-10.0,1,47.596501
-10.0,2,47.605942
-10.0,1,47.612046
-10.0,2,47.621428
-10.0,1,47.627497
-10.0,1,47.633476
-10.0,4,47.646925
-10.0,2,47.654269
-10.0,1,47.659096
-10.0,1,47.663865
-10.0,1,47.668962
-10.0,1,47.673761
-10.0,2,47.680912
-10.0,1,47.686039
-10.0,1,47.69081
-10.0,1,47.69551
-10.0,2,47.703475
-10.0,1,47.708421
-10.0,2,47.716066
-10.0,2,47.724958
-10.0,1,47.729907
-10.0,1,47.73397
-10.0,1,47.738796
-10.0,2,47.746441
-10.0,1,47.751428
-10.0,3,47.761389
-10.0,2,47.769488
-10.0,1,47.774805
-10.0,1,47.780838
-10.0,1,47.788
-10.0,2,47.799292
-10.0,1,47.807446
-10.0,1,47.815034
-10.0,1,47.822848
-10.0,1,47.832289
-10.0,4,47.851672
-10.0,2,47.86132
-10.0,1,47.86682
-10.0,1,47.871944
-10.0,2,47.879322
-10.0,1,47.884215
-10.0,2,47.891504
-10.0,1,47.89668
-10.0,2,47.904483
-10.0,3,47.915325
-10.0,2,47.926738
-10.0,1,47.933708
-10.0,1,47.939578
-10.0,2,47.94573
-10.0,1,47.951844
-10.0,1,47.95956
-10.0,2,47.96676
-10.0,1,47.972074
-10.0,1,47.977679
-10.0,1,47.982533
-10.0,1,47.988349
-10.0,1,47.994617
-10.0,1,48.00049
-10.0,1,48.005496
-10.0,1,48.012228
-10.0,1,48.018226
-10.0,1,48.023305
-10.0,3,48.033476
-10.0,2,48.041768
-10.0,1,48.047881
-10.0,1,48.052937
-10.0,5,48.068409
-10.0,1,48.073849
-10.0,1,48.078961
-10.0,3,48.088853
-10.0,1,48.093947
-10.0,1,48.099718
-10.0,1,48.105082
-10.0,1,48.109957
-10.0,1,48.114772
-10.0,3,48.126597
-10.0,1,48.13201
-10.0,1,48.137692
-10.0,1,48.143386
-10.0,1,48.148978
-10.0,1,48.15567
-10.0,2,48.164716
-10.0,1,48.171217
-10.0,1,48.175399
-10.0,1,48.180794
-10.0,1,48.187058
-10.0,1,48.192967
-10.0,1,48.19718
-10.0,2,48.203942
-10.0,1,48.207736
-10.0,1,48.211363
-10.0,1,48.215211
-10.0,1,48.21862
-10.0,1,48.222166
-10.0,1,48.225416
-10.0,2,48.232539
-10.0,3,48.242047
-10.0,3,48.250971
-10.0,2,48.258715
-10.0,1,48.265583
-10.0,1,48.271096
-10.0,1,48.276113
-10.0,1,48.281473
-10.0,1,48.287913
-32.1,1,48.292826
-10.0,1,48.297686
-10.0,2,48.305847
-10.0,1,48.31117
-10.0,1,48.316203
-10.0,1,48.322116
-10.0,1,48.327627
-10.0,1,48.332922
-10.0,1,48.338116
-10.0,1,48.342958
-10.0,1,48.34869
-10.0,1,48.354188
-10.0,1,48.359076
-10.0,5,48.373643
-10.0,1,48.378863
-10.0,1,48.383897
-10.0,3,48.395029
-10.0,1,48.400033
-10.0,3,48.410543
-10.0,1,48.415678
-10.0,1,48.420522
-10.0,1,48.425325
-10.0,1,48.431315
-10.0,2,48.440409
-10.0,2,48.448711
-10.0,1,48.456373
-10.0,1,48.463117
-72.6,1,48.470918
-10.0,1,48.482082
-10.0,1,48.490542
-10.0,1,48.499058
-10.0,2,48.511855
-10.0,2,48.521407
-10.0,2,48.530329
-10.0,1,48.536679
-10.0,1,48.543057
-10.0,1,48.551351
-10.0,3,48.568842
-10.0,1,48.57412
-10.0,1,48.584661
-10.0,2,48.594847
-10.0,2,48.608653
-10.0,1,48.618279
-10.0,1,48.631929
-10.0,6,48.655809
-10.0,1,48.66254
-10.0,2,48.673084
-10.0,1,48.679274
-10.0,1,48.685524
-10.0,1,48.691613
-10.0,2,48.700684
-10.0,2,48.709055
-10.0,3,48.72069
-10.0,2,48.73139
-10.0,1,48.740437
-10.0,1,48.747898
-10.0,3,48.759713
-10.0,1,48.764727
-10.0,1,48.769288
-10.0,4,48.781736
-10.0,2,48.788831
-10.0,1,48.793265
-10.0,1,48.797807
-10.0,1,48.802444
-10.0,2,48.813313
-10.0,2,48.823116
-10.0,1,48.828351
-10.0,1,48.83394
-10.0,1,48.839407
-10.0,1,48.845025
-10.0,1,48.851748
-10.0,1,48.857366
-10.0,5,48.874267
-10.0,1,48.879653
-10.0,1,48.885376
-10.0,3,48.898236
-10.0,2,48.908235
-10.0,2,48.919168
-10.0,2,48.929499
-10.0,1,48.937943
-10.0,1,48.947595
-10.0,1,48.956063
-10.0,1,48.966508
-10.0,1,48.977072
-10.0,1,48.983323
-10.0,2,48.995239
-10.0,3,49.008282
-10.0,1,49.016869
-10.0,1,49.024064
-10.0,1,49.031835
-10.0,1,49.038614
-10.0,1,49.044502
-10.0,1,49.050359
-10.0,1,49.056581
-64.8,1,49.062479
-10.0,2,49.07144
-10.0,2,49.081357
-10.0,1,49.087586
-10.0,2,49.098041
-10.0,2,49.106966
-10.0,1,49.113198
-10.0,2,49.123837
-10.0,3,49.289415
-10.0,1,49.299481
-10.0,1,49.308336
-10.0,1,49.31596
-10.0,1,49.330423
-10.0,1,49.338937
-10.0,1,49.349744
-10.0,1,49.358448
-10.0,3,49.373398
-10.0,1,49.381279
-10.0,1,49.386731
-10.0,1,49.392595
-10.0,1,49.397784
-10.0,3,49.408432
-10.0,1,49.414555
-45.0,1,49.421683
-10.0,3,49.430434
-10.0,1,49.435511
-10.0,1,49.439497
-10.0,1,49.444215
-35.7,1,49.448695
-53.7,1,49.454126
-10.0,2,49.460867
-10.0,1,49.465786
-10.0,2,49.473191
-10.0,1,49.477363
-10.0,1,49.483268
-10.0,1,49.487743
-10.0,1,49.491619
-10.0,2,49.497422
-10.0,1,49.502108
-10.0,2,49.509806
-10.0,1,49.514759
-10.0,1,49.520561
-10.0,1,49.527542
-10.0,1,49.532419
-10.0,3,49.54231
-10.0,1,49.546576
-10.0,1,49.551321
-38.4,1,49.557798
-10.0,4,49.57091
-10.0,1,49.58824
-10.0,1,49.596937
-10.0,3,49.610559
-10.0,1,49.616238
-10.0,1,49.622298
-10.0,1,49.627027
-10.0,1,49.631797
-10.0,1,49.636654
-10.0,1,49.642241
-10.0,1,49.647605
-10.0,1,49.653086
-10.0,3,49.664427
-10.0,2,49.674042
-10.0,1,49.681993
-10.0,1,49.690629
-10.0,1,49.699568
-10.0,1,49.707672
-10.0,2,49.718092
-10.0,1,49.726007
-10.0,1,49.737811
-10.0,2,49.752969
-10.0,1,49.762842
-10.0,1,49.772845
-10.0,2,49.796959
-10.0,1,49.808093
-10.0,1,49.817844
-40.8,2,49.831737
-10.0,1,49.841405
-10.0,1,49.854038
-10.0,1,49.866715
-10.0,1,49.876706
-10.0,4,49.902698
-43.2,1,49.91297
-10.0,4,49.936195
-10.0,1,49.945027
-10.0,1,49.955508
-10.0,1,49.964618
-10.0,6,49.994678
-10.0,1,50.000196
-10.0,2,50.007747
-10.0,2,50.01509
-10.0,1,50.020564
-10.0,1,50.025695
-10.0,1,50.030579
-10.0,1,50.035824
-10.0,2,50.043196
-10.0,2,50.05079
-10.0,2,50.058172
-10.0,1,50.063211
-10.0,1,50.068887
-10.0,1,50.074164
-10.0,1,50.079794
-10.0,1,50.087347
-10.0,2,50.09556
-10.0,3,50.105534
-10.0,1,50.110501
-10.0,2,50.118196
-10.0,3,50.127799
-10.0,2,50.135861
-10.0,1,50.140993
-10.0,4,50.153807
-10.0,1,50.160952
-10.0,1,50.166165
-10.0,1,50.171102
-10.0,2,50.178712
-10.0,1,50.183757
-10.0,1,50.188776
-10.0,1,50.194218
-10.0,1,50.203289
-10.0,1,50.209744
-10.0,1,50.214809
-10.0,1,50.223323
-10.0,1,50.229622
-10.0,2,50.239105
-10.0,1,50.244344
-10.0,1,50.249686
-10.0,1,50.25441
-10.0,3,50.264839
-10.0,3,50.277989
-10.0,2,50.287171
-44.4,3,50.295541
-10.0,2,50.303649
-10.0,1,50.30754
-10.0,2,50.314428
-10.0,1,50.317596
-10.0,3,50.323805
-10.0,3,53.279293
-10.0,1,53.283758
-10.0,1,53.289109
-10.0,2,53.295849
-10.0,1,53.302679
-10.0,1,53.308437
-10.0,1,53.31579
-10.0,1,53.322062
-10.0,1,53.329768
-10.0,1,53.335102
-10.0,1,53.340699
-10.0,1,53.349597
-10.0,1,53.356246
-10.0,2,53.365189
-10.0,1,53.372346
-10.0,1,53.379322
-10.0,1,53.38506
-10.0,1,53.390585
-10.0,1,53.396699
-10.0,4,53.413524
-10.0,3,53.423297
-10.0,1,53.429407
-10.0,1,53.436014
-10.0,1,53.442523
-10.0,1,53.451192
-10.0,1,53.459115
-10.0,1,53.465259
-10.0,1,53.473152
-10.0,2,53.480631
-10.0,2,53.491021
-10.0,1,53.499225
-10.0,4,53.517151
-10.0,2,53.528359
-10.0,1,53.536326
-10.0,2,53.54744
-10.0,1,53.552222
-10.0,2,53.561802
-10.0,1,53.567822
-10.0,2,53.574769
-10.0,1,53.581611
-10.0,1,53.586305
-10.0,1,53.592245
-10.0,1,53.597654
-10.0,1,53.605578
-10.0,2,53.612549
-10.0,1,53.616609
-10.0,1,53.62325
-10.0,1,53.627854
-10.0,1,53.634905
-10.0,1,53.641089
-10.0,2,53.650472
-10.0,1,53.655995
-10.0,1,53.661775
-10.0,2,53.6709
-10.0,2,53.67963
-10.0,1,53.687168
-10.0,1,53.693297
-10.0,2,53.702792
-10.0,1,53.711181
-10.0,1,53.716414
-10.0,1,53.723566
-10.0,2,53.734391
-10.0,1,53.740268
-10.0,2,53.757452
-10.0,1,53.767874
-10.0,1,53.780769
-10.0,1,53.788068
-10.0,4,53.803415
-10.0,1,53.809454
-10.0,2,53.817676
-10.0,1,53.823882
-10.0,1,53.830749
-10.0,1,53.839124
-10.0,1,53.847859
-10.0,2,53.860185
-10.0,1,53.869492
-10.0,1,53.877367
-10.0,2,53.889527
-10.0,1,53.897094
-10.0,1,53.902947
-10.0,2,53.913158
-10.0,2,53.922336
-10.0,2,53.932493
-10.0,2,53.940961
-10.0,1,53.946263
-10.0,2,53.956928
-10.0,1,53.961527
-10.0,1,53.966514
-10.0,2,53.973579
-10.0,1,53.977602
-10.0,2,53.984921
-10.0,3,53.997142
-10.0,1,54.001343
-10.0,1,54.006445
-10.0,1,54.011355
-10.0,1,54.019677
-10.0,1,54.025836
-10.0,1,54.032353
-10.0,2,54.041086
-10.0,1,54.045508
-10.0,1,54.049608
-10.0,1,54.053665
-10.0,2,54.062647
-10.0,1,54.067798
-41.1,1,54.073152
-10.0,1,54.078123
-10.0,1,54.083241
-10.0,1,54.088982
-10.0,1,54.094729
-10.0,1,54.100466
-10.0,2,54.109684
-10.0,2,54.118677
-10.0,1,54.126983
-10.0,1,54.136266
-10.0,1,54.145772
-10.0,2,54.156846
-10.0,1,54.164183
-10.0,1,54.169482
-10.0,1,54.175949
-10.0,1,54.183209
-10.0,2,54.194024
-10.0,1,54.200708
-10.0,1,54.207641
-10.0,1,54.213578
-10.0,1,54.219501
-10.0,1,54.225493
-10.0,1,54.233093
-10.0,1,54.238783
-10.0,1,54.246556
-10.0,1,54.253394
-10.0,1,54.260247
-10.0,1,54.267036
-10.0,3,54.279196
-10.0,1,54.285132
-10.0,1,54.29076
-10.0,1,54.296207
-10.0,2,54.304803
-10.0,1,54.310171
-10.0,1,54.316526
-10.0,1,54.322414
-10.0,1,54.330273
-10.0,1,54.339222
-10.0,1,54.346149
-10.0,1,54.353117
-10.0,1,54.359063
-10.0,2,54.368056
-10.0,1,54.373759
-10.0,1,54.379364
-10.0,3,54.394641
-10.0,1,54.400792
-10.0,1,54.406569
-10.0,2,54.41589
-10.0,1,54.42243
-10.0,3,54.436703
-10.0,1,54.445755
-10.0,1,54.453561
-10.0,1,54.459472
-10.0,1,54.465437
-10.0,1,54.471737
-10.0,1,54.480119
-10.0,1,54.486278
-10.0,1,54.491453
-10.0,3,54.503585
-10.0,2,54.514491
-10.0,1,54.521837
-10.0,1,54.52947
-10.0,1,54.536948
-10.0,1,54.544609
-10.0,1,54.55197
-10.0,3,54.565717
-10.0,1,54.573096
-10.0,1,54.581635
-10.0,2,54.591765
-10.0,1,54.600247
-10.0,1,54.606832
-10.0,1,54.611993
-10.0,3,54.63284
-10.0,1,54.637556
-10.0,2,54.645077
-10.0,1,54.652129
-10.0,1,54.659366
-10.0,1,54.665789
-10.0,1,54.673553
-10.0,1,54.680553
-10.0,1,54.687071
-10.0,1,54.69222
-10.0,1,54.699545
-10.0,1,54.705933
-10.0,1,54.710723
-10.0,1,54.715662
-10.0,1,54.720663
-10.0,1,54.737885
-10.0,1,54.743675
-10.0,1,54.749058
-10.0,1,54.754548
-10.0,1,54.759773
-10.0,4,54.772903
-10.0,1,54.778214
-10.0,1,54.787622
-10.0,1,54.793479
-10.0,1,54.798838
-10.0,2,54.807761
-10.0,1,54.813495
-10.0,1,54.820923
-10.0,1,54.827273
-10.0,1,54.832937
-10.0,1,54.838224
-10.0,1,54.84349
-10.0,1,54.848979
-10.0,2,54.85715
-10.0,1,54.863603
-10.0,1,54.869375
-10.0,2,54.87786
-10.0,1,54.883772
-10.0,1,54.889603
-10.0,2,54.898337
-10.0,3,54.910442
-10.0,1,54.916374
-10.0,1,54.921924
-10.0,1,54.928293
-10.0,1,54.934434
-10.0,1,54.939996
-10.0,1,54.94562
-10.0,1,54.951107
-10.0,1,54.956523
-10.0,2,54.967971
-10.0,2,54.979751
-10.0,1,54.985136
-10.0,1,54.991142
-10.0,2,54.999207
-10.0,2,55.007545
-10.0,1,55.01334
-10.0,1,55.019363
-10.0,1,55.025258
-10.0,1,55.030422
-10.0,1,55.038857
-10.0,1,55.045153
-10.0,1,55.051177
-10.0,1,55.057213
-10.0,1,55.06208
-10.0,3,55.073109
-10.0,1,55.078177
-10.0,1,55.085865
-10.0,3,55.098865
-10.0,1,55.20709
-10.0,2,55.222981
-10.0,2,55.271547
-10.0,2,55.282167
-10.0,1,55.29133
-10.0,2,55.305899
-10.0,3,55.323927
-10.0,2,55.336252
-10.0,1,55.342745
-10.0,1,55.351712
-10.0,1,55.367788
-10.0,1,55.386088
-10.0,2,55.404207
-10.0,1,55.423901
-10.0,2,55.442574
-10.0,3,55.473797
-10.0,2,55.492181
-10.0,1,55.510576
-10.0,1,55.524093
-10.0,1,55.534405
-10.0,2,55.54401
-10.0,1,55.551259
-10.0,1,55.563887
-10.0,1,55.587206
-10.0,1,55.622579
-10.0,2,55.658199
-10.0,2,55.675649
-10.0,1,55.689856
-10.0,1,55.703283
-10.0,1,55.716169
-10.0,1,55.731753
-10.0,2,55.757239
-10.0,2,55.777698
-10.0,3,55.808415
-10.0,2,55.831466
-10.0,1,55.849091
-10.0,1,55.864161
-10.0,1,55.878115
-10.0,1,55.88907
-10.0,1,55.899789
-10.0,1,55.911799
-10.0,2,55.930176
-10.0,1,55.944129
-10.0,2,55.962515
-10.0,1,55.974697
-10.0,1,55.984193
-10.0,1,55.994688
-10.0,4,56.021556
-10.0,1,56.045153
-10.0,2,56.083743
-10.0,1,56.106159
-10.0,2,56.132417
-10.0,1,56.149006
-10.0,1,56.158192
-10.0,1,56.166971
-10.0,4,56.188445
-10.0,1,56.197732
-10.0,1,56.208875
-10.0,1,56.220213
-10.0,1,56.234816
-10.0,2,56.252512
-10.0,1,56.260271
-10.0,2,56.275969
-10.0,1,56.285583
-10.0,1,56.297128
-10.0,1,56.310165
-10.0,1,56.33004
-10.0,1,56.341183
-10.0,1,56.354173
-10.0,1,56.36992
-10.0,1,56.38319
-10.0,1,56.393812
-10.0,1,56.403705
-10.0,1,56.413125
-10.0,1,56.42076
-10.0,1,56.430914
-10.0,1,56.442053
-10.0,1,56.454622
-10.0,1,56.462955
-10.0,1,56.471409
-10.0,1,56.479033
-10.0,1,56.486937
-10.0,3,56.504617
-10.0,1,56.515964
-10.0,2,56.530177
-10.0,2,56.541994
-10.0,3,56.55853
-10.0,1,56.568365
-10.0,1,56.57929
-10.0,1,56.587851
-10.0,1,56.597855
-10.0,1,56.606246
-10.0,2,56.631448
-10.0,1,56.649499
-10.0,1,56.659395
-10.0,3,56.676092
-10.0,2,56.688488
-10.0,1,56.696712
-10.0,1,56.705445
-69.6,1,56.714651
-10.0,1,56.725285
-10.0,2,56.740341
-10.0,1,56.748811
-10.0,1,56.776661
-10.0,2,56.787653
-10.0,2,56.798639
-10.0,1,56.807273
-10.0,1,56.816368
-10.0,1,56.825682
-10.0,1,56.838222
-10.0,1,56.850485
-10.0,1,56.860071
-10.0,2,56.874153
-10.0,1,56.886005
-10.0,4,56.910247
-10.0,1,56.921504
-10.0,1,56.932084
-10.0,1,56.940117
-10.0,2,56.955123
-10.0,1,56.964113
-10.0,2,56.97873
-10.0,1,56.988378
-10.0,1,56.99917
-10.0,2,57.013424
-10.0,1,57.020545
-10.0,3,57.033947
-10.0,4,57.054657
-10.0,1,57.062385
-10.0,1,57.07297
-10.0,1,57.084381
-10.0,1,57.095799
-10.0,1,57.106575
-10.0,1,57.114378
-10.0,1,57.124683
-10.0,1,57.134806
-10.0,1,57.147139
-10.0,1,57.155565
-10.0,1,57.187396
-10.0,1,57.203798
-10.0,1,57.214839
-10.0,2,57.235447
-10.0,1,57.24441
-10.0,3,57.262864
-10.0,1,57.271596
-10.0,2,57.285514
-10.0,1,57.294501
-10.0,1,57.307023
-10.0,2,57.324229
-10.0,1,57.337518
-10.0,1,57.347694
-10.0,1,57.357983
-10.0,1,57.368984
-10.0,1,57.386704
-10.0,2,57.406993
-10.0,1,57.428731
-10.0,1,57.450812
-10.0,1,57.471326
-10.0,2,57.518082
-10.0,2,57.549313
-10.0,1,57.572741
-10.0,1,57.595142
-10.0,1,57.613902
-10.0,2,57.65884
-10.0,4,57.74046
-10.0,1,57.760414
-10.0,1,57.777509
-10.0,1,57.797302
-10.0,1,57.822675
-10.0,2,57.847829
-10.0,1,57.865707
-10.0,2,57.893948
-10.0,1,57.907382
-10.0,1,57.921474
-10.0,1,57.93308
-10.0,1,57.945235
-10.0,1,57.957482
-10.0,2,57.977742
-10.0,1,57.997663
-10.0,2,58.052134
-10.0,1,58.094613
-10.0,1,58.153712
-10.0,1,58.176184
-10.0,1,58.250516
-10.0,1,58.273916
-10.0,2,58.300362
-10.0,1,58.33207
-10.0,1,58.402264
-10.0,2,58.428305
-10.0,2,58.454929
-10.0,1,58.491267
-10.0,1,58.509864
-10.0,1,58.529049
-10.0,3,58.569523
-10.0,2,58.598775
-10.0,1,58.61603
-10.0,1,58.642477
-10.0,1,58.663152
-10.0,1,58.692236
-10.0,1,58.716052
-10.0,1,58.733271
-10.0,3,58.782579
-10.0,1,58.798695
-10.0,1,58.81464
-10.0,2,58.833941
-10.0,1,58.845596
-10.0,2,58.863
-10.0,1,58.877818
-10.0,2,58.896904
-10.0,1,58.908015
-10.0,1,58.919393
-10.0,1,58.931495
-10.0,3,58.958649
-10.0,2,58.978367
-10.0,1,58.996151
-10.0,1,59.008987
-10.0,2,59.036505
-10.0,3,59.085933
-10.0,1,59.105828
-10.0,2,59.129854
-10.0,2,59.157146
-10.0,2,59.18793
-10.0,2,59.209521
-10.0,2,59.234839
-10.0,4,59.287859
-10.0,1,59.304153
-10.0,1,59.319639
-10.0,1,59.335323
-10.0,2,59.370589
-10.0,2,59.394022
-10.0,1,59.407354
-10.0,2,59.425693
-10.0,2,59.444957
-10.0,1,59.460057
-10.0,1,59.473477
-10.0,1,59.48705
-10.0,1,59.498256
-10.0,1,59.508473
-10.0,2,59.527862
-10.0,1,59.542165
-10.0,1,59.552445
-10.0,1,59.566348
-10.0,3,59.587777
-10.0,1,59.602646
-10.0,2,59.624373
-10.0,1,59.638643
-10.0,1,59.652871
-10.0,1,59.667771
-10.0,1,59.703848
-10.0,1,59.72423
-10.0,1,59.740695
-10.0,3,59.770016
-10.0,1,59.781935
-10.0,2,59.81657
-10.0,1,59.834356
-10.0,1,59.850444
-10.0,1,59.86419
-10.0,2,59.886228
-10.0,1,59.895117
-10.0,1,59.908162
-10.0,1,59.920683
-10.0,1,59.933268
-10.0,1,59.945209
-10.0,1,59.959328
-10.0,1,59.972539
-10.0,2,59.992156
-10.0,1,60.003992
-10.0,1,60.012506
-10.0,1,60.025535
-10.0,1,60.040088
-10.0,1,60.050824
-10.0,1,60.064817
-10.0,1,60.076487
-10.0,1,60.089315
-10.0,1,60.101452
-10.0,1,60.112776
-10.0,1,60.14135
-10.0,1,60.197861
-10.0,1,60.252139
-10.0,1,60.270151
-10.0,1,60.286736
-10.0,1,60.322029
-10.0,1,60.33799
-10.0,1,60.354095
-10.0,2,60.379986
-10.0,2,60.420743
-10.0,2,60.440169
-10.0,1,60.451096
-10.0,2,60.465443
-10.0,1,60.475899
-10.0,1,60.486859
-10.0,2,60.503546
-10.0,1,60.515463
-10.0,1,60.529177
-10.0,1,60.542519
-10.0,1,60.556694
-10.0,1,60.571483
-10.0,1,60.585927
-10.0,1,60.59941
-10.0,1,60.613085
-10.0,1,60.629393
-10.0,1,60.644937
-10.0,1,60.659332
-10.0,4,60.692322
-10.0,2,60.717222
-10.0,2,60.741766
-10.0,2,60.771167
-10.0,1,60.787409
-10.0,2,60.812416
-10.0,1,60.837576
-10.0,1,60.863353
-10.0,1,60.881437
-10.0,1,60.900646
-10.0,1,60.915636
-10.0,1,60.927657
-10.0,1,60.942378
-10.0,2,60.963363
-10.0,5,60.999182
-10.0,1,61.007345
-10.0,1,61.021333
-10.0,1,61.034283
-10.0,1,61.048061
-10.0,1,61.064145
-10.0,1,61.077424
-10.0,2,61.097727
-10.0,1,61.110643
-10.0,1,61.122675
-10.0,1,61.137058
-10.0,1,61.152685
-10.0,3,61.179605
-10.0,1,61.189081
-10.0,1,61.197498
-10.0,2,61.209973
-10.0,1,61.218069
-10.0,1,61.225942
-10.0,1,61.233987
-10.0,1,61.242944
-10.0,2,61.257114
-10.0,1,61.268241
-10.0,1,61.282246
-10.0,2,61.318098
-10.0,1,61.335672
-10.0,1,61.352217
-10.0,1,61.367679
-10.0,1,61.383368
-10.0,3,61.414753
-10.0,1,61.426986
-10.0,5,61.643556
-10.0,2,61.669123
-10.0,1,61.68352
-10.0,1,61.696692
-10.0,1,61.70863
-10.0,1,61.719711
-10.0,1,61.731803
-10.0,3,61.754417
-10.0,2,61.78087
-10.0,1,61.798574
-10.0,2,61.829491
-10.0,1,61.845395
-10.0,1,61.867621
-10.0,2,61.90291
-10.0,1,61.944334
-10.0,1,61.967129
-10.0,1,61.985172
-10.0,2,62.0121
-10.0,2,62.076781
-10.0,1,62.095998
-10.0,3,62.129443
-10.0,1,62.148258
-10.0,1,62.159355
-10.0,1,62.174773
-10.0,1,62.195539
-10.0,2,62.221857
-10.0,2,62.252404
-10.0,3,62.283791
-10.0,1,62.30005
-10.0,1,62.315516
-10.0,1,62.331777
-10.0,2,62.363323
-10.0,1,62.38276
-10.0,1,62.401933
-10.0,1,62.41799
-10.0,2,62.445557
-10.0,1,62.462179
-10.0,1,62.477449
-10.0,1,62.490358
-10.0,4,62.52743
-10.0,1,62.539705
-10.0,2,62.554729
-10.0,1,62.567761
-10.0,1,62.581005
-10.0,1,62.58931
-10.0,3,62.611191
-10.0,2,62.627633
-10.0,1,62.6376
-10.0,2,62.652732
-10.0,2,62.670875
-10.0,2,62.691568
-10.0,2,62.711661
-10.0,2,62.730478
-10.0,1,62.740434
-10.0,2,62.755583
-10.0,2,62.771485
-10.0,1,62.780099
-10.0,1,62.793337
-10.0,1,62.808632
-10.0,1,62.822378
-10.0,1,62.840531
-10.0,2,62.865037
-10.0,1,62.88074
-10.0,1,62.897086
-10.0,1,62.912214
-10.0,1,62.928595
-10.0,1,62.946977
-10.0,2,62.978394
-10.0,1,62.995215
-10.0,1,63.011565
-10.0,2,63.041132
-10.0,1,63.054962
-10.0,1,63.069874
-10.0,1,63.085974
-10.0,1,63.101039
-10.0,1,63.114449
-10.0,3,63.136793
-10.0,1,63.15046
-10.0,1,63.166502
-10.0,2,63.187114
-10.0,1,63.19943
-10.0,2,63.219826
-10.0,1,63.234244
-10.0,1,63.250077
-10.0,2,63.267754
-10.0,2,63.287114
-10.0,2,63.304094
-10.0,1,63.318327
-10.0,2,63.338745
-10.0,1,63.349378
-10.0,2,63.366699
-10.0,1,63.380603
-10.0,1,63.39725
-10.0,1,63.407191
-10.0,1,63.418294
-10.0,4,63.443554
-10.0,1,63.453884
-10.0,1,63.463682
-10.0,2,63.481639
-10.0,1,63.494545
-10.0,1,63.505842
-10.0,2,63.520272
-10.0,2,63.537291
-10.0,2,63.552162
-10.0,1,63.56215
-10.0,1,63.567779
-10.0,1,63.574011
-10.0,3,63.590737
-10.0,1,63.59716
-10.0,1,63.603178
-10.0,1,63.608818
-10.0,2,63.619949
-10.0,1,63.626447
-10.0,1,63.633056
-10.0,1,63.640544
-10.0,1,63.646625
-10.0,1,63.652283
-10.0,1,63.660165
-10.0,1,63.668278
-10.0,1,63.676111
-10.0,1,63.686347
-10.0,1,63.695768
-10.0,1,63.704539
-10.0,1,63.711148
-10.0,3,63.727327
-10.0,1,63.733562
-10.0,1,63.741614
-10.0,3,63.764013
-10.0,1,63.777149
-10.0,1,63.787837
-10.0,1,63.795784
-10.0,1,63.802885
-10.0,1,63.813786
-10.0,1,63.824086
-10.0,1,63.834579
-10.0,1,63.846611
-10.0,1,63.859047
-10.0,2,63.882891
-10.0,1,63.894723
-10.0,1,63.906036
-10.0,1,63.918513
-10.0,1,63.92891
-10.0,1,63.942544
-10.0,1,63.953589
-10.0,2,63.974527
-10.0,3,64.001205
-10.0,1,64.010939
-10.0,1,64.024907
-10.0,1,64.038647
-10.0,1,64.051268
-10.0,1,64.061328
-10.0,1,64.070668
-10.0,1,64.081549
-10.0,2,64.097734
-10.0,2,64.114501
-10.0,1,64.125254
-10.0,7,64.168775
-10.0,1,64.179984
-10.0,2,64.198007
-10.0,1,64.210142
-10.0,1,64.220292
-10.0,1,64.229955
-10.0,1,64.236679
-10.0,1,64.245445
-10.0,1,64.255603
-10.0,1,64.269396
-10.0,1,64.279451
-10.0,1,64.291316
-10.0,1,64.301696
-10.0,3,64.323506
-10.0,1,64.333859
-10.0,2,64.346553
-10.0,1,64.357137
-10.0,1,64.36641
-10.0,2,64.381776
-10.0,2,64.395296
-10.0,1,64.402819
-10.0,1,64.410539
-10.0,2,64.425198
-10.0,1,64.436325
-10.0,2,64.447328
-10.0,3,64.466925
-10.0,1,64.477267
-10.0,1,64.487115
-10.0,1,64.495071
-10.0,2,64.504631
-10.0,2,64.516475
-10.0,2,64.531344
-10.0,2,64.543559
-10.0,1,64.552965
-10.0,1,64.565114
-10.0,1,64.574195
-10.0,1,64.583174
-10.0,2,64.597538
-10.0,3,64.617746
-10.0,2,64.633015
-10.0,1,64.640891
-10.0,1,64.647412
-10.0,1,64.655802
-10.0,1,64.66687
-10.0,1,64.675975
-10.0,1,64.685889
-10.0,3,64.705108
-10.0,1,64.714503
-10.0,1,64.723811
-10.0,1,64.733671
-10.0,1,64.742883
-10.0,1,64.752575
-10.0,1,64.760156
-10.0,1,64.769753
-10.0,1,64.77903
-10.0,1,64.790529
-10.0,2,64.806895
-10.0,2,64.821706
-10.0,2,64.835742
-10.0,1,64.844976
-10.0,2,64.858778
-10.0,5,64.883967
-10.0,1,64.893991
-10.0,1,64.903334
-10.0,1,64.914573
-10.0,1,64.924408
-10.0,2,64.93817
-10.0,1,64.948009
-10.0,1,64.958079
-10.0,1,64.96679
-10.0,1,64.97579
-10.0,3,64.993732
-10.0,2,65.006543
-10.0,1,65.016901
-10.0,1,65.02661
-10.0,1,65.036124
-10.0,1,65.045705
-10.0,1,65.053988
-10.0,1,65.063751
-10.0,1,65.071836
-38.4,2,65.084653
-10.0,1,65.093821
-10.0,1,65.103031
-10.0,3,65.115665
-10.0,1,65.125735
-10.0,2,65.138511
-10.0,1,65.152688
-10.0,2,65.175385
-10.0,1,65.189256
-10.0,1,65.203186
-10.0,1,65.21499
-10.0,1,65.22884
-10.0,1,65.243078
-10.0,1,65.256809
-10.0,2,65.279004
-10.0,1,65.293213
-10.0,2,65.311733
-10.0,1,65.326454
-10.0,1,65.340771
-10.0,1,65.352429
-10.0,1,65.364902
-10.0,1,65.377927
-10.0,1,65.386299
-10.0,1,65.399061
-10.0,1,65.412879
-10.0,1,65.424368
-10.0,1,65.436037
-10.0,1,65.450063
-10.0,1,65.465417
-10.0,1,65.483781
-10.0,2,65.504172
-10.0,1,65.514421
-10.0,1,65.528941
-10.0,1,65.543797
-10.0,1,65.561746
-10.0,2,65.584253
-10.0,1,65.602964
-10.0,1,65.618697
-10.0,2,65.642039
-10.0,1,65.65907
-10.0,2,65.687745
-10.0,1,65.705162
-10.0,2,65.733195
-10.0,2,65.763672
-10.0,4,65.818424
-10.0,1,65.835672
-10.0,1,65.861198
-10.0,2,65.890432
-10.0,3,65.911223
-10.0,1,65.923071
-10.0,1,65.934878
-10.0,2,65.947197
-10.0,1,65.957113
-10.0,1,65.966903
-10.0,1,65.977916
-10.0,4,66.003076
-10.0,1,66.0117
-10.0,2,66.026999
-10.0,1,66.037464
-10.0,1,66.047192
-10.0,1,66.057453
-10.0,1,66.0646
-10.0,2,66.074686
-10.0,2,66.084482
-10.0,2,66.093986
-10.0,1,66.102303
-10.0,1,66.112158
-10.0,1,66.122882
-10.0,3,66.143716
-10.0,2,66.159681
-10.0,1,66.169345
-10.0,1,66.177362
-10.0,1,66.187033
-10.0,1,66.197826
-10.0,2,66.210128
-10.0,1,66.220027
-10.0,1,66.228944
-10.0,1,66.238831
-10.0,1,66.247364
-10.0,2,66.25987
-10.0,1,66.26904
-10.0,1,66.278963
-10.0,1,66.288223
-10.0,1,66.297658
-10.0,1,66.304698
-10.0,1,66.31478
-10.0,2,66.331672
-10.0,1,66.340575
-10.0,2,66.353814
-10.0,4,66.37192
-10.0,1,66.384107
-10.0,4,66.40751
-10.0,1,66.418303
-10.0,1,66.430161
-10.0,1,66.438367
-10.0,3,66.459001
-10.0,2,66.475028
-10.0,1,66.484935
-10.0,1,66.493745
-10.0,1,66.501253
-10.0,1,66.510956
-10.0,1,66.521718
-10.0,1,66.531665
-10.0,2,66.547452
-10.0,1,66.560936
-10.0,1,66.571236
-10.0,2,66.587605
-10.0,3,66.610283
-10.0,1,66.624558
-10.0,1,66.631399
-10.0,1,66.640256
-10.0,1,66.649815
-10.0,1,66.657306
-10.0,1,66.666371
-10.0,1,66.67477
-10.0,1,66.68558
-10.0,2,66.698049
-10.0,1,66.709688
-10.0,1,66.728636
-10.0,1,66.779636
-10.0,1,66.795248
-10.0,1,66.805316
-10.0,1,66.82877
-10.0,1,66.843983
-10.0,1,66.853467
-10.0,1,66.861208
-10.0,2,66.875304
-10.0,1,66.884309
-10.0,2,66.899003
-10.0,1,66.911151
-10.0,1,66.921036
-10.0,1,66.930769
-10.0,1,66.940493
-10.0,1,66.951764
-10.0,1,66.961122
-10.0,1,66.969357
-10.0,1,66.980088
-10.0,5,67.000529
-10.0,2,67.011572
-10.0,1,67.021595
-10.0,1,67.029221
-10.0,2,67.042741
-10.0,1,67.050315
-10.0,1,67.056812
-10.0,1,67.062464
-10.0,1,67.070026
-10.0,1,67.07661
-10.0,1,67.083033
-30.9,1,67.088289
-10.0,1,67.094999
-10.0,2,67.113936
-10.0,1,67.127255
-10.0,1,67.140442
-10.0,1,67.150404
-10.0,1,67.163197
-10.0,1,67.171914
-10.0,1,67.184415
-10.0,1,67.192664
-10.0,1,67.201933
-10.0,2,67.21699
-10.0,3,67.23624
-10.0,2,67.251108
-10.0,2,67.264108
-10.0,1,67.273517
-10.0,1,67.282731
-10.0,1,67.293784
-10.0,2,67.309149
-10.0,2,67.325556
-10.0,2,67.358725
-10.0,1,67.375066
-10.0,1,67.392903
-10.0,1,67.405153
-10.0,1,67.414003
-10.0,1,67.425581
-10.0,3,67.443957
-10.0,3,67.471806
-10.0,2,67.492876
-10.0,1,67.506354
-10.0,1,67.519334
-10.0,1,67.528054
-10.0,1,67.539082
-10.0,1,67.55111
-10.0,1,67.562843
-10.0,1,67.579157
-10.0,2,67.593151
-10.0,1,67.604488
-10.0,1,67.614813
-10.0,1,67.624545
-10.0,1,67.631192
-10.0,1,67.639418
-10.0,1,67.650822
-10.0,2,67.671302
-10.0,1,67.679608
-10.0,1,67.694111
-10.0,2,67.706352
-10.0,2,67.715569
-10.0,2,67.727391
-10.0,4,67.745127
-10.0,2,67.757149
-10.0,1,67.76483
-10.0,1,67.774798
-10.0,2,67.791974
-10.0,1,67.799258
-10.0,1,67.807827
-10.0,1,67.815653
-10.0,1,67.822894
-10.0,2,67.836028
-10.0,1,67.843114
-10.0,1,67.851
-10.0,2,67.861896
-10.0,1,67.869642
-10.0,1,67.876383
-10.0,2,67.891268
-10.0,3,67.910839
-10.0,2,67.921172
-47.4,1,67.930372
-10.0,1,67.940356
-10.0,1,67.950041
-10.0,1,67.960615
-10.0,1,67.96709
-10.0,2,67.978676
-10.0,1,67.985474
-10.0,3,67.999099
-10.0,1,68.006788
-10.0,1,68.014869
-10.0,1,68.02484
-10.0,1,68.038087
-10.0,2,68.052527
-10.0,1,68.065666
-10.0,2,68.077792
-10.0,1,68.086082
-10.0,1,68.093416
-10.0,6,68.120087
-10.0,1,68.127413
-10.0,1,68.14495
-10.0,3,68.167848
-10.0,1,68.175539
-10.0,3,68.193061
-10.0,2,68.205406
-10.0,1,68.212744
-10.0,1,68.222182
-10.0,2,68.238744
-10.0,3,68.258939
-10.0,2,68.27564
-10.0,1,68.285844
-10.0,1,68.296706
-10.0,2,68.308355
-10.0,1,68.315595
-10.0,1,68.323562
-10.0,1,68.331834
-10.0,1,68.341929
-10.0,1,68.351656
-10.0,2,68.368609
-10.0,2,68.383749
-10.0,2,68.404902
-10.0,1,68.419078
-10.0,1,68.434601
-10.0,2,68.446268
-10.0,2,68.46093
-10.0,1,68.472668
-10.0,1,68.480144
-10.0,1,68.486575
-10.0,1,68.494202
-10.0,1,68.503093
-10.0,2,68.515954
-10.0,1,68.525861
-10.0,2,68.541938
-10.0,1,68.55037
-10.0,1,68.558286
-10.0,1,68.566931
-10.0,1,68.577566
-10.0,1,68.589359
-10.0,1,68.59896
-10.0,1,68.608119
-10.0,1,68.619714
-10.0,2,68.637893
-10.0,2,68.654074
-10.0,1,68.667725
-10.0,3,68.693539
-10.0,1,68.708364
-10.0,1,68.719766
-10.0,1,68.732096
-10.0,1,68.741017
-10.0,5,68.771408
-10.0,1,68.779424
-10.0,1,68.790328
-10.0,1,68.796889
-10.0,2,68.80857
-10.0,2,68.818802
-10.0,2,68.832914
-10.0,1,68.852123
-10.0,1,68.86443
-10.0,1,68.877132
-10.0,1,68.891691
-10.0,3,68.940135
-10.0,1,68.954558
-10.0,2,68.973759
-10.0,1,68.989702
-10.0,1,69.006008
-10.0,1,69.020079
-10.0,1,69.037779
-10.0,1,69.051694
-10.0,2,69.078244
-10.0,1,69.090579
-10.0,1,69.104977
-10.0,1,69.118066
-10.0,1,69.13104
-10.0,1,69.150322
-10.0,1,69.161183
-10.0,1,69.172928
-10.0,1,69.18395
-10.0,1,69.194323
-10.0,2,69.21271
-10.0,2,69.228312
-10.0,1,69.237386
-10.0,1,69.250499
-10.0,1,69.26589
-10.0,1,69.279905
-10.0,1,69.293955
-10.0,1,69.303241
-10.0,2,69.326772
-53.7,1,69.338695
-10.0,1,69.35203
-10.0,4,69.411104
-10.0,2,69.427546
-10.0,1,69.439712
-10.0,2,69.457527
-10.0,1,69.473291
-10.0,1,69.487826
-10.0,2,69.505162
-10.0,2,69.525812
-10.0,3,69.551225
-10.0,1,69.565429
-10.0,1,69.586687
-10.0,1,69.598673
-10.0,1,69.610198
-10.0,1,69.622638
-10.0,1,69.6342
-10.0,5,69.673912
-10.0,1,69.686465
-10.0,1,69.699277
-10.0,1,69.71563
-10.0,1,69.73508
-10.0,1,69.746101
-10.0,2,69.774939
-10.0,2,69.795857
-10.0,1,69.809002
-10.0,2,69.829544
-10.0,1,69.843562
-10.0,1,69.854322
-10.0,1,69.861215
-10.0,1,69.869147
-10.0,3,69.889066
-10.0,1,69.896265
-10.0,1,69.904906
-10.0,1,69.912492
-10.0,2,69.926258
-10.0,1,69.935805
-10.0,1,69.947997
-10.0,1,69.96609
-10.0,1,69.984488
-10.0,2,70.003795
-10.0,1,70.017044
-10.0,1,70.030408
-10.0,3,70.049578
-10.0,6,70.122484
-10.0,1,70.135805
-10.0,1,70.158295
-10.0,1,70.168043
-10.0,1,70.178963
-10.0,2,70.199511
-10.0,1,70.216844
-10.0,2,70.239221
-10.0,1,70.251707
-10.0,2,70.275949
-10.0,1,70.287651
-10.0,2,70.29983
-10.0,1,70.309541
-10.0,2,70.321627
-10.0,1,70.330685
-10.0,2,70.344662
-10.0,1,70.35613
-10.0,2,70.371258
-10.0,3,70.399114
-10.0,1,70.422203
-10.0,1,70.433063
-10.0,1,70.446577
-10.0,2,70.462507
-10.0,2,70.478456
-10.0,1,70.48791
-10.0,1,70.500365
-10.0,1,70.510292
-10.0,3,70.532321
-10.0,1,70.542961
-10.0,1,70.551661
-10.0,1,70.565334
-10.0,1,70.579878
-10.0,1,70.591312
-10.0,1,70.599918
-10.0,2,70.613625
-10.0,1,70.627062
-10.0,1,70.639538
-10.0,1,70.64803
-10.0,1,70.658076
-10.0,1,70.668308
-10.0,1,70.680577
-10.0,1,70.697256
-10.0,1,70.709355
-10.0,1,70.717788
-10.0,1,70.72905
-10.0,1,70.737747
-10.0,1,70.747187
-10.0,1,70.75597
-10.0,1,70.764828
-10.0,1,70.773736
-10.0,1,70.782332
-10.0,1,70.794645
-10.0,2,70.808176
-10.0,1,70.818979
-10.0,1,70.828591
-10.0,1,70.835775
-10.0,1,70.843152
-10.0,2,70.855282
-10.0,4,70.872988
-10.0,1,70.879316
-10.0,1,70.885387
-10.0,1,70.892398
-10.0,1,70.898812
-10.0,4,70.915726
-10.0,1,70.921611
-10.0,1,70.928372
-10.0,1,70.935506
-10.0,1,70.941693
-10.0,2,70.950445
-10.0,2,70.959017
-10.0,1,70.965844
-10.0,1,70.972245
-10.0,1,70.978132
-10.0,1,70.983718
-10.0,1,70.99146
-10.0,2,71.000872
-10.0,2,71.009862
-10.0,1,71.016198
-10.0,1,71.022038
-10.0,3,71.033038
-10.0,1,71.038549
-10.0,1,71.044076
-10.0,1,71.049934
-10.0,1,71.056224
-10.0,1,71.062553
-10.0,1,71.068099
-10.0,1,71.073602
-10.0,1,71.079396
-10.0,1,71.089324
-10.0,1,71.098438
-10.0,1,71.108931
-10.0,2,71.124575
-10.0,1,71.129803
-10.0,2,71.14096
-10.0,1,71.146325
-10.0,1,71.152172
-10.0,1,71.157622
-10.0,2,71.16631
-10.0,1,71.171553
-10.0,4,71.184518
-10.0,1,71.190094
-10.0,1,71.195417
-10.0,2,71.203181
-10.0,1,71.330326
-10.0,3,71.347346
-10.0,2,71.357483
-10.0,1,71.362716
-10.0,4,71.379282
-10.0,1,71.384539
-10.0,2,71.393998
-10.0,1,71.399292
-10.0,1,71.405135
-10.0,1,71.411038
-10.0,1,71.416867
-10.0,1,71.422177
-10.0,1,71.427629
-10.0,1,71.433557
-10.0,1,71.438757
-10.0,1,71.444463
-10.0,1,71.449666
-10.0,1,71.456653
-10.0,1,71.461764
-10.0,4,71.475816
-10.0,3,71.488264
-10.0,1,71.499789
-10.0,1,71.508394
-10.0,1,71.517951
-10.0,1,71.523482
-10.0,2,71.532082
-10.0,2,71.541399
-10.0,1,71.546877
-10.0,1,71.552856
-10.0,1,71.560006
-10.0,1,71.565753
-10.0,1,71.571315
-10.0,1,71.578371
-10.0,1,71.584048
-10.0,1,71.589365
-10.0,1,71.59507
-10.0,2,71.604228
-10.0,1,71.609982
-10.0,1,71.615246
-10.0,1,71.622213
-10.0,3,71.63424
-10.0,2,71.650035
-10.0,1,71.659953
-10.0,1,71.666251
-10.0,1,71.671628
-10.0,1,71.677302
-10.0,1,71.683492
-10.0,1,71.688961
-10.0,1,71.69602
-10.0,1,71.702234
-10.0,1,71.70766
-10.0,1,71.713037
-10.0,1,71.718345
-10.0,1,71.724437
-10.0,2,71.732593
-10.0,1,71.738039
-10.0,1,71.744471
-10.0,1,71.750624
-10.0,1,71.755791
-10.0,2,71.766095
-10.0,1,71.771792
-10.0,2,71.780219
-10.0,1,71.786613
-10.0,1,71.792506
-10.0,3,71.807324
-10.0,1,71.812606
-10.0,1,71.818171
-10.0,2,71.826172
-10.0,1,71.831387
-10.0,1,71.836497
-10.0,1,71.841934
-10.0,1,71.847137
-10.0,2,71.854656
-10.0,1,71.859676
-10.0,2,71.86742
-10.0,1,71.872542
-10.0,1,71.877557
-10.0,2,71.887547
-10.0,1,71.89375
-10.0,1,71.900488
-10.0,2,71.908115
-10.0,2,71.917101
-10.0,1,71.922527
-10.0,1,71.928245
-10.0,1,71.93446
-10.0,1,71.939994
-10.0,2,71.94838
-10.0,2,71.957127
-10.0,3,71.968428
-10.0,2,71.977638
-10.0,1,71.985728
-10.0,1,71.993791
-10.0,1,72.000724
-10.0,1,72.008078
-10.0,1,72.015738
-10.0,1,72.021352
-10.0,1,72.026884
-10.0,5,72.043592
-10.0,1,72.048705
-10.0,3,72.060563
-10.0,1,72.066156
-10.0,1,72.073801
-10.0,2,72.084928
-10.0,2,72.094267
-10.0,2,72.10323
-10.0,1,72.109085
-10.0,1,72.114758
-10.0,1,72.122711
-10.0,3,72.13979
-10.0,1,72.146151
-10.0,1,72.153174
-10.0,1,72.15999
-10.0,1,72.168647
-10.0,2,72.179809
-10.0,1,72.185585
-10.0,3,72.195872
-10.0,1,72.202082
-10.0,1,72.207671
-10.0,1,72.212857
-10.0,2,72.222138
-10.0,1,72.229209
-10.0,1,72.23493
-10.0,2,72.244046
-10.0,1,72.249527
-10.0,1,72.254707
-10.0,1,72.260299
-10.0,1,72.266748
-10.0,1,72.272064
-10.0,1,72.277922
-10.0,1,72.283152
-10.0,1,72.291526
-10.0,1,72.299841
-10.0,1,72.308904
-10.0,1,72.316416
-10.0,3,72.331448
-10.0,1,72.341013
-10.0,1,72.349925
-10.0,1,72.357831
-10.0,2,72.365879
-10.0,2,72.379616
-10.0,1,72.388925
-10.0,1,72.398342
-10.0,1,72.404301
-10.0,1,72.410384
-10.0,1,72.41599
-10.0,1,72.421068
-10.0,1,72.426609
-10.0,2,72.434781
-10.0,2,72.442985
-10.0,1,72.449276
-10.0,1,72.458533
-10.0,1,72.46399
-10.0,1,72.470318
-10.0,2,72.479219
-10.0,1,72.484801
-10.0,1,72.490285
-10.0,1,72.498828
-10.0,1,72.504255
-10.0,2,72.512779
-10.0,2,72.522166
-10.0,1,72.527965
-10.0,1,72.533349
-10.0,1,72.539623
-10.0,1,72.544816
-10.0,1,72.551027
-10.0,4,72.565917
-10.0,1,72.571328
-10.0,1,72.577737
-10.0,1,72.583673
-10.0,1,72.589394
-10.0,1,72.595661
-10.0,1,72.602399
-10.0,1,72.608489
-10.0,1,72.613948
-10.0,1,72.62065
-10.0,1,72.626325
-10.0,2,72.635329
-10.0,3,77.01229
-10.0,1,77.021918
-10.0,1,77.030758
-10.0,1,77.0399
-10.0,2,77.051364
-10.0,1,77.058741
-10.0,1,77.066279
-10.0,5,77.087475
-10.0,1,77.09463
-10.0,1,77.103657
-10.0,1,77.112223
-10.0,1,77.12204
-10.0,1,77.128697
-10.0,1,77.137503
-10.0,1,77.149049
-10.0,1,77.157376
-10.0,1,77.168132
-10.0,4,77.192468
-10.0,1,77.204645
-10.0,2,77.220839
-10.0,1,77.230124
-10.0,2,77.246435
-10.0,3,77.266296
-10.0,3,77.282532
-10.0,1,77.292293
-10.0,1,77.301246
-10.0,1,77.311267
-10.0,1,77.319141
-10.0,1,77.329937
-10.0,1,77.33875
-10.0,1,77.347629
-10.0,1,77.357464
-10.0,3,77.373695
-10.0,1,77.379715
-10.0,1,77.387174
-10.0,2,77.400848
-10.0,1,77.409784
-10.0,1,77.419483
-10.0,2,77.435417
-10.0,1,77.444751
-10.0,2,77.458303
-10.0,1,77.467518
-10.0,2,77.480034
-10.0,1,77.485639
-10.0,1,77.491254
-10.0,1,77.500268
-10.0,1,77.511404
-10.0,1,77.519916
-10.0,2,77.527888
-10.0,1,77.534145
-10.0,1,77.540471
-10.0,1,77.546131
-10.0,2,77.554907
-10.0,1,77.560747
-10.0,2,77.569407
-10.0,1,77.5765
-10.0,2,77.59057
-10.0,2,77.606359
-10.0,1,77.620238
-10.0,1,77.634945
-10.0,1,77.652632
-10.0,1,77.67141
-10.0,2,77.692999
-10.0,1,77.707525
-10.0,2,77.727445
-10.0,3,77.753663
-10.0,1,77.767372
-10.0,1,77.778174
-10.0,2,77.795659
-10.0,1,77.809362
-10.0,1,77.817471
-10.0,1,77.830078
-10.0,1,77.840989
-10.0,1,77.853506
-10.0,2,77.87617
-10.0,1,77.893261
-10.0,1,77.912219
-10.0,1,77.937464
-10.0,2,77.956028
-10.0,2,77.974568
-10.0,1,77.985564
-10.0,1,77.996989
-10.0,4,78.026612
-10.0,1,78.0379
-10.0,1,78.048565
-10.0,1,78.07069
-10.0,3,78.104798
-10.0,2,78.119747
-10.0,1,78.131115
-10.0,1,78.140604
-10.0,1,78.151905
-10.0,1,78.159817
-10.0,1,78.169775
-10.0,1,78.182556
-10.0,2,78.195745
-10.0,4,78.217164
-10.0,1,78.223565
-10.0,1,78.229288
-10.0,1,78.238012
-10.0,2,78.250798
-10.0,1,78.259209
-10.0,1,78.267424
-10.0,1,78.274599
-10.0,2,78.282928
-10.0,2,78.298979
-10.0,1,78.306386
-10.0,2,78.319327
-10.0,1,78.326757
-10.0,1,78.334026
-10.0,1,78.339482
-10.0,2,78.347772
-10.0,1,78.355101
-10.0,2,78.366997
-10.0,8,78.401599
-10.0,1,78.410113
-10.0,1,78.417532
-10.0,2,78.428012
-10.0,1,78.436568
-10.0,3,78.447771
-10.0,1,78.455451
-10.0,1,78.461008
-10.0,1,78.467142
-10.0,1,78.477351
-10.0,1,78.486295
-10.0,2,78.496985
-10.0,1,78.503466
-10.0,1,78.511148
-10.0,2,78.52134
-10.0,1,78.526704
-10.0,2,78.536384
-10.0,3,78.54994
-10.0,1,78.558196
-10.0,1,78.563704
-10.0,2,78.572622
-10.0,2,78.586618
-10.0,1,78.593347
-10.0,1,78.599963
-10.0,1,78.606285
-10.0,2,78.616291
-10.0,1,78.622797
-10.0,3,78.633726
-10.0,1,78.640325
-10.0,2,78.650241
-10.0,3,78.662655
-10.0,1,78.668471
-10.0,2,78.676956
-10.0,1,78.682762
-10.0,1,78.688597
-10.0,2,78.697978
-10.0,1,78.711183
-10.0,1,78.723887
-10.0,2,78.740767
-10.0,1,78.753158
-10.0,1,78.764026
-10.0,1,78.774821
-10.0,1,78.790041
-10.0,1,78.809223
-10.0,1,78.822499
-10.0,1,78.839285
-10.0,2,78.860619
-10.0,1,78.869798
-10.0,1,78.879899
-10.0,2,78.89342
-10.0,2,78.907253
-10.0,1,78.915837
-10.0,1,78.923728
-10.0,3,78.940286
-10.0,3,78.958508
-10.0,2,78.98271
-10.0,2,78.999431
-10.0,2,79.016444
-10.0,1,79.024317
-10.0,2,79.036002
-10.0,2,79.048373
-10.0,1,79.057761
-10.0,1,79.065385
-10.0,1,79.073103
-10.0,1,79.082622
-10.0,2,79.094692
-10.0,3,79.110841
-10.0,3,79.130966
-10.0,1,79.141113
-10.0,1,79.149325
-10.0,1,79.159509
-10.0,2,79.17188
-10.0,4,79.190857
-10.0,1,79.198493
-10.0,1,79.208404
-10.0,1,79.214706
-10.0,1,79.222589
-10.0,1,79.230377
-10.0,1,79.23769
-10.0,1,79.246422
-10.0,1,79.25275
-10.0,2,79.265188
-10.0,1,79.2724
-10.0,1,79.284848
-10.0,1,79.292697
-10.0,1,79.300586
-10.0,1,79.309448
-10.0,1,79.315701
-10.0,2,79.330393
-10.0,1,79.336653
-10.0,1,79.3434
-10.0,4,79.360189
-10.0,2,79.37509
-10.0,1,79.381809
-10.0,1,79.389773
-10.0,1,79.396605
-10.0,1,79.404728
-10.0,1,79.412773
-10.0,1,79.420664
-10.0,1,79.428123
-10.0,2,79.440035
-10.0,1,79.447754
-10.0,2,79.46177
-10.0,1,79.46912
-10.0,1,79.476485
-10.0,1,79.48295
-10.0,1,79.490417
-10.0,1,79.496902
-10.0,2,79.506529
-10.0,1,79.512756
-10.0,1,79.520593
-10.0,2,79.533747
-10.0,3,79.545182
-10.0,1,79.551422
-10.0,2,79.559829
-10.0,2,79.568171
-10.0,1,79.573664
-10.0,3,79.584916
-10.0,3,79.5959
-10.0,1,79.601735
-10.0,1,79.607081
-10.0,1,79.612219
-10.0,1,79.618033
-10.0,1,79.623268
-10.0,1,79.628704
-10.0,1,79.634965
-10.0,1,79.641387
-10.0,1,79.647362
-10.0,1,79.654215
-10.0,2,79.662658
-10.0,1,79.668206
-10.0,2,79.676199
-10.0,1,79.681804
-10.0,1,79.687094
-10.0,2,79.695662
-10.0,1,79.701447
-10.0,1,79.71086
-10.0,1,79.717816
-10.0,1,79.723987
-10.0,3,79.736839
-10.0,1,79.744664
-10.0,1,79.750991
-10.0,2,79.759505
-10.0,1,79.765024
-10.0,1,79.770564
-10.0,1,79.777899
-10.0,1,79.784051
-10.0,1,79.79079
-10.0,2,79.798831
-10.0,1,79.804451
-10.0,1,79.810027
-10.0,1,79.815386
-10.0,2,79.824358
-10.0,1,79.830089
-10.0,2,79.838827
-10.0,2,79.852558
-10.0,1,79.859853
-10.0,1,79.866181
-10.0,2,79.874438
-10.0,1,79.8797
-10.0,2,79.887903
-10.0,1,79.899503
-10.0,1,79.905047
-10.0,1,79.910336
-10.0,1,79.915701
-10.0,1,79.920834
-10.0,2,79.928492
-10.0,1,79.934231
-10.0,1,79.939954
-10.0,1,79.945553
-10.0,1,79.950935
-10.0,1,79.956019
-10.0,2,79.963172
-10.0,5,79.979051
-10.0,1,79.984625
-10.0,1,79.990066
-10.0,1,79.995529
-10.0,1,80.001151
-10.0,1,80.008133
-10.0,1,80.016532
-10.0,1,80.021508
-10.0,1,80.026585
-10.0,1,80.032327
-10.0,1,80.037621
-10.0,1,80.043497
-10.0,1,80.052118
-10.0,1,80.059849
-10.0,1,80.065165
-10.0,1,80.082737
-10.0,1,80.088354
-10.0,1,80.093794
-10.0,1,80.098928
-10.0,1,80.104108
-10.0,2,80.112545
-10.0,1,80.117897
-10.0,3,80.128948
-10.0,1,80.135893
-10.0,1,80.143715
-10.0,2,80.15167
-10.0,1,80.157576
-10.0,2,80.168477
-10.0,1,80.17509
-10.0,1,80.180354
-10.0,2,80.188316
-10.0,3,80.19829
-10.0,3,80.209304
-10.0,1,80.214474
-10.0,2,80.223037
-10.0,2,80.230847
-10.0,1,80.236172
-10.0,1,80.24145
-10.0,1,80.246607
-10.0,1,80.251945
-10.0,2,80.259856
-10.0,1,80.265906
-10.0,1,80.271534
-10.0,1,80.276689
-10.0,1,80.282499
-10.0,1,80.288548
-10.0,1,80.294038
-10.0,2,80.301972
-10.0,1,80.310547
-10.0,1,80.320719
-10.0,1,80.332495
-10.0,2,80.350056
-10.0,1,80.355704
-10.0,1,80.360997
-10.0,1,80.367532
-10.0,1,80.373174
-10.0,2,80.382655
-10.0,2,80.391667
-10.0,1,80.396763
-10.0,1,80.403648
-10.0,1,80.418152
-10.0,2,80.434422
-10.0,3,80.45494
-10.0,1,80.465716
-10.0,2,80.483691
-10.0,1,80.497666
-10.0,1,80.507308
-10.0,2,80.519578
-10.0,1,80.531525
-10.0,1,80.540737
-10.0,1,80.546616
-10.0,1,80.552362
-10.0,1,80.558006
-10.0,2,80.565964
-10.0,1,80.571406
-10.0,1,80.578587
-10.0,2,80.588966
-10.0,2,80.598046
-10.0,1,80.603962
-10.0,1,80.609295
-10.0,1,80.614609
-10.0,1,80.619884
-10.0,1,80.624969
-10.0,1,80.629937
-10.0,1,80.635943
-10.0,1,80.641853
-10.0,1,80.64737
-10.0,3,80.660963
-10.0,1,80.666421
-10.0,1,80.671633
-10.0,1,80.679427
-10.0,1,80.687978
-10.0,1,80.695419
-10.0,1,80.704021
-10.0,1,80.711141
-10.0,1,80.723169
-10.0,2,80.734138
-10.0,1,80.740013
-10.0,2,80.749209
-10.0,2,80.76039
-10.0,3,80.773347
-10.0,2,80.785541
-10.0,1,80.79519
-10.0,1,80.801222
-10.0,1,80.812287
-10.0,1,80.818654
-10.0,1,80.824519
-10.0,1,80.833792
-10.0,1,80.840016
-10.0,1,80.847034
-10.0,2,80.856602
-10.0,1,80.862718
-10.0,1,80.871432
-10.0,3,80.885865
-10.0,2,80.896122
-10.0,4,80.914854
-10.0,1,80.920726
-10.0,1,80.928311
-10.0,1,80.936673
-10.0,1,80.942514
-10.0,1,80.948589
-10.0,1,80.956642
-10.0,1,80.982688
-10.0,1,80.995509
-10.0,1,81.003494
-10.0,1,81.009155
-10.0,3,81.02106
-10.0,1,81.027704
-10.0,2,81.03813
-10.0,3,81.052583
-10.0,2,81.06285
-10.0,1,81.068771
-10.0,2,81.078224
-10.0,1,81.084615
-10.0,1,81.09205
-10.0,1,81.102242
-10.0,1,81.109464
-10.0,2,81.119636
-10.0,2,81.130838
-10.0,1,81.136785
-10.0,1,81.142562
-10.0,1,81.147791
-10.0,2,81.156596
-10.0,1,81.162892
-10.0,2,81.171505
-10.0,2,81.186361
-10.0,1,81.196008
-10.0,1,81.207689
-10.0,1,81.216217
-10.0,1,81.226834
-10.0,2,81.238334
-10.0,3,81.255713
-10.0,2,81.268665
-10.0,3,81.286914
-10.0,1,81.296778
-10.0,2,81.313836
-10.0,4,81.334732
-10.0,4,81.359071
-10.0,1,81.369249
-10.0,1,81.37799
-10.0,1,81.386719
-10.0,3,81.403715
-10.0,1,81.414913
-10.0,2,81.428526
-10.0,3,81.44645
-10.0,1,81.455179
-10.0,1,81.466117
-10.0,1,81.475991
-10.0,3,81.492838
-10.0,1,81.502368
-10.0,1,81.510188
-10.0,2,81.525562
-10.0,3,81.541104
-10.0,3,81.555447
-10.0,1,81.562523
-10.0,2,81.573891
-10.0,1,81.581657
-10.0,1,81.589582
-10.0,1,81.597549
-10.0,2,81.609275
-10.0,2,81.622261
-10.0,1,81.630057
-10.0,1,81.636465
-10.0,1,81.642814
-10.0,1,81.650454
-10.0,1,81.65993
-10.0,1,81.667738
-10.0,2,81.682544
-10.0,1,81.69051
-10.0,1,81.697499
-10.0,2,81.712436
-10.0,1,81.719892
-10.0,3,81.733438
-10.0,1,81.74027
-10.0,1,81.750202
-10.0,2,81.761089
-10.0,6,81.790382
-10.0,1,81.797867
-10.0,2,81.810625
-10.0,1,81.818081
-10.0,1,81.828605
-10.0,2,81.841449
-10.0,1,81.848228
-10.0,4,81.868998
-10.0,1,81.876768
-10.0,2,81.886119
-10.0,1,81.894061
-10.0,2,81.902913
-10.0,3,81.916263
-10.0,2,81.934365
-10.0,1,81.944305
-10.0,1,81.957014
-10.0,1,81.975166
-10.0,1,81.988782
-10.0,2,82.000938
-10.0,1,82.009241
-10.0,2,82.024365
-10.0,1,82.031841
-10.0,2,82.043579
-10.0,1,82.054098
-10.0,4,82.0727
-10.0,2,82.08824
-10.0,1,82.097922
-10.0,1,82.109666
-10.0,1,82.123718
-10.0,2,82.142416
-10.0,2,82.161573
-10.0,1,82.176337
-10.0,2,82.195118
-10.0,1,82.206858
-10.0,1,82.216174
-10.0,1,82.22718
-10.0,2,82.244382
-10.0,1,82.258827
-10.0,1,82.2688
-10.0,1,82.278779
-10.0,1,82.288859
-10.0,1,82.299766
-10.0,1,82.313707
-10.0,1,82.329962
-10.0,2,82.349041
-10.0,1,82.364114
-10.0,1,82.378651
-10.0,2,82.40203
-10.0,1,82.431224
-10.0,1,82.446625
-10.0,2,82.463682
-10.0,1,82.475199
-10.0,1,82.484865
-10.0,1,82.498186
-10.0,1,82.509092
-10.0,2,82.531506
-10.0,1,82.545676
-10.0,5,82.571672
-10.0,1,82.581841
-10.0,2,82.595903
-10.0,1,82.606495
-10.0,1,82.615252
-10.0,1,82.624367
-10.0,1,82.638268
-10.0,1,82.652645
-10.0,1,82.662635
-10.0,1,82.671976
-10.0,1,82.685167
-10.0,3,82.704795
-10.0,2,82.715563
-10.0,4,82.736856
-10.0,1,82.746335
-10.0,3,82.766175
-10.0,1,82.774557
-10.0,1,82.785372
-10.0,1,82.795168
-10.0,2,82.810436
-10.0,1,82.821163
-10.0,1,82.832985
-10.0,2,82.85014
-10.0,1,82.863641
-10.0,1,82.876076
-10.0,2,82.895455
-10.0,1,82.909186
-10.0,1,82.922404
-10.0,3,82.949032
-10.0,1,82.960316
-10.0,1,82.968979
-10.0,1,82.990166
-10.0,1,83.008495
-10.0,1,83.034883
-10.0,1,83.062147
-10.0,1,83.072676
-10.0,1,83.084806
-10.0,1,83.097515
-10.0,2,83.113826
-10.0,1,83.127769
-10.0,2,83.146312
-10.0,1,83.153682
-10.0,3,83.174165
-10.0,1,83.189726
-10.0,1,83.204873
-10.0,2,83.237124
-10.0,2,83.257147
-10.0,2,83.284202
-10.0,1,83.313894
-10.0,1,83.335334
-10.0,3,83.384254
-10.0,4,83.448272
-10.0,2,83.478117
-10.0,1,83.49001
-10.0,3,83.512527
-10.0,2,83.525845
-10.0,3,83.545059
-10.0,1,83.553089
-10.0,1,83.561055
-10.0,1,83.569383
-10.0,1,83.577592
-10.0,1,83.586123
-10.0,2,83.598514
-10.0,1,83.606568
-10.0,1,83.614013
-10.0,1,83.623224
-10.0,1,83.655869
-10.0,1,83.665299
-10.0,2,83.678713
-10.0,1,83.691281
-10.0,1,83.706504
-10.0,1,83.71898
-10.0,1,83.7278
-10.0,1,83.735678
-10.0,1,83.743148
-10.0,1,83.751888
-10.0,1,83.763847
-10.0,1,83.776282
-10.0,1,83.788004
-10.0,1,83.798263
-10.0,1,83.808125
-10.0,1,83.817784
-10.0,1,83.82959
-10.0,1,83.840654
-10.0,1,83.851939
-10.0,2,83.866561
-10.0,1,83.877775
-10.0,1,83.888766
-10.0,1,83.899235
-10.0,1,83.911525
-10.0,3,83.93631
-10.0,1,83.948895
-10.0,1,83.960515
-10.0,1,83.971005
-10.0,2,83.985519
-10.0,1,83.99444
-10.0,3,84.015013
-10.0,1,84.02509
-10.0,1,84.036937
-10.0,1,84.046904
-10.0,2,84.06228
-10.0,2,84.077345
-10.0,3,84.097362
-10.0,1,84.106237
-10.0,1,84.113203
-10.0,1,84.124309
-10.0,1,84.135074
-10.0,2,84.15133
-10.0,1,84.162676
-10.0,1,84.174736
-10.0,1,84.187272
-10.0,2,84.201718
-10.0,2,84.212003
-10.0,2,84.225011
-10.0,1,84.234512
-10.0,3,84.252882
-10.0,1,84.262691
-10.0,1,84.272874
-10.0,1,84.283183
-10.0,1,84.293021
-10.0,1,84.302884
-10.0,1,84.312918
-10.0,3,84.332041
-10.0,1,84.341791
-10.0,2,84.355719
-10.0,1,84.365467
-10.0,1,84.375779
-10.0,1,84.384916
-10.0,1,84.394113
-10.0,1,84.404278
-10.0,2,84.41966
-10.0,3,84.439037
-10.0,2,84.457549
-10.0,2,84.473764
-10.0,1,84.483318
-10.0,1,84.49595
-10.0,1,84.50929
-10.0,1,84.521067
-10.0,2,84.5347
-10.0,2,84.548844
-10.0,2,84.562512
-10.0,2,84.57768
-10.0,1,84.58822
-10.0,1,84.596769
-10.0,1,84.60322
-10.0,1,84.612277
-10.0,1,84.621824
-10.0,1,84.631318
-10.0,1,84.640607
-10.0,1,84.649149
-10.0,2,84.662046
-10.0,1,84.671382
-10.0,2,84.685592
-10.0,1,84.694498
-10.0,2,84.707669
-10.0,1,84.715523
-10.0,2,84.724249
-10.0,1,84.729861
-10.0,1,84.735577
-10.0,1,84.744654
-10.0,1,84.753759
-10.0,1,84.762516
-10.0,1,84.771755
-10.0,1,84.782869
-10.0,1,84.791715
-10.0,1,84.799331
-10.0,1,84.807377
-10.0,3,84.825584
-10.0,1,84.835932
-10.0,3,84.858253
-10.0,2,84.875912
-10.0,1,84.885469
-10.0,1,84.894767
-10.0,1,84.901995
-10.0,3,84.916625
-10.0,1,84.922958
-10.0,1,84.92898
-10.0,2,84.937486
-10.0,3,84.948531
-10.0,1,84.954257
-10.0,1,84.960537
-10.0,2,84.968642
-10.0,1,84.97639
-10.0,1,84.982092
-10.0,1,84.987621
-10.0,1,84.995159
-10.0,2,85.008569
-10.0,1,85.017521
-10.0,2,85.028256
-10.0,1,85.03797
-10.0,1,85.04581
-10.0,1,85.053376
-10.0,4,85.082578
-10.0,4,85.114128
-10.0,3,85.14921
-10.0,1,85.160644
-10.0,1,85.172238
-10.0,1,85.184553
-10.0,1,85.19655
-10.0,1,85.210672
-10.0,1,85.22367
-10.0,1,85.23517
-10.0,1,85.244477
-10.0,1,85.253705
-10.0,2,85.267412
-10.0,2,85.280832
-10.0,1,85.290314
-10.0,1,85.298873
-10.0,2,85.312191
-10.0,1,85.322466
-10.0,3,85.343502
-10.0,3,85.365497
-10.0,1,85.375993
-10.0,1,85.38593
-10.0,1,85.395955
-10.0,1,85.407165
-10.0,1,85.418032
-10.0,1,85.428877
-10.0,1,85.440368
-10.0,4,85.466753
-10.0,1,85.478653
-10.0,1,85.487977
-10.0,3,85.513596
-10.0,1,85.527388
-10.0,1,85.538575
-10.0,3,85.558475
-10.0,1,85.567403
-10.0,2,85.580217
-10.0,1,85.590207
-10.0,1,85.600368
-10.0,1,85.609185
-10.0,1,85.618338
-10.0,1,85.626767
-10.0,1,85.636032
-10.0,1,85.647729
-10.0,1,85.657631
-10.0,1,85.667601
-10.0,2,85.682585
-10.0,1,85.691423
-10.0,2,85.705974
-10.0,1,85.715451
-10.0,1,85.722258
-10.0,2,85.733214
-10.0,3,85.752147
-10.0,2,85.76355
-10.0,1,85.772994
-10.0,3,85.78751
-10.0,4,85.805988
-10.0,1,85.813346
-10.0,1,85.820018
-10.0,3,85.833486
-10.0,1,85.840653
-10.0,3,85.853761
-10.0,1,85.864466
-10.0,4,85.883896
-10.0,1,85.890877
-10.0,1,85.897381
-10.0,1,85.904111
-10.0,1,85.910468
-10.0,2,85.919972
-10.0,1,85.926585
-10.0,1,85.934126
-10.0,1,85.940476
-10.0,1,85.946884
-10.0,2,85.956554
-10.0,1,85.962715
-10.0,1,85.969435
-10.0,4,85.98606
-10.0,2,85.99628
-10.0,1,86.003666
-10.0,3,86.0157
-10.0,1,86.021234
-10.0,1,86.026731
-10.0,1,86.032594
-10.0,2,86.041061
-10.0,1,86.047779
-10.0,1,86.053671
-10.0,1,86.059576
-10.0,1,86.065726
-10.0,1,86.071577
-10.0,1,86.077972
-10.0,2,86.086762
-10.0,1,86.092759
-10.0,1,86.098907
-10.0,2,86.107651
-10.0,1,86.113815
-10.0,2,86.123588
-10.0,1,86.133148
-10.0,1,86.141914
-10.0,1,86.15055
-10.0,1,86.158382
-10.0,2,86.16892
-10.0,2,86.179919
-10.0,2,86.19031
-10.0,1,86.19708
-10.0,1,86.204652
-10.0,1,86.211223
-10.0,1,86.218152
-10.0,1,86.22508
-10.0,1,86.230758
-10.0,2,86.24096
-10.0,2,86.250322
-10.0,1,86.256706
-10.0,1,86.263825
-10.0,1,86.281213
-10.0,1,86.28906
-10.0,2,86.297645
-10.0,1,86.303519
-10.0,2,86.312065
-10.0,1,86.318003
-10.0,1,86.323717
-10.0,1,86.330883
-10.0,1,86.336972
-10.0,2,86.345485
-10.0,3,86.357197
-10.0,1,86.363233
-10.0,1,86.36951
-10.0,2,86.380774
-10.0,1,86.390877
-10.0,1,86.400855
-10.0,2,86.412061
-10.0,1,86.421669
-10.0,1,86.431364
-10.0,2,86.446595
-10.0,1,86.456598
-10.0,1,86.463696
-10.0,3,86.480042
-10.0,1,86.489688
-10.0,1,86.499606
-10.0,1,86.506902
-10.0,1,86.513176
-10.0,1,86.519095
-10.0,1,86.527309
-10.0,4,86.555347
-10.0,1,86.565296
-10.0,1,86.573802
-10.0,1,86.583335
-10.0,1,86.592661
-10.0,1,86.601144
-10.0,1,86.608935
-10.0,1,86.618428
-10.0,1,86.62579
-10.0,2,86.636687
-10.0,3,86.652776
-10.0,1,86.662213
-10.0,1,86.671473
-10.0,1,86.681025
-10.0,3,86.699714
-10.0,1,86.709593
-10.0,1,86.720248
-10.0,1,86.741651
-10.0,4,86.895956
-10.0,1,86.921208
-10.0,1,86.931348
-10.0,1,86.938497
-10.0,1,86.947249
-10.0,1,86.954345
-10.0,1,86.963413
-10.0,3,86.980484
-10.0,1,86.989279
-10.0,1,86.997799
-10.0,1,87.006636
-10.0,5,87.03852
-10.0,1,87.048325
-10.0,3,87.066927
-10.0,1,87.076423
-10.0,2,87.091081
-10.0,1,87.100939
-10.0,3,87.120818
-10.0,5,87.149631
-10.0,1,87.158826
-10.0,1,87.16748
-10.0,1,87.173562
-10.0,1,87.179975
-10.0,3,87.198179
-10.0,1,87.207692
-10.0,1,87.216389
-10.0,3,87.231783
-10.0,1,87.239167
-10.0,1,87.247928
-10.0,1,87.257687
-10.0,1,87.267819
-10.0,1,87.276963
-10.0,1,87.286309
-10.0,1,87.296889
-10.0,1,87.30458
-10.0,2,87.317218
-10.0,1,87.325318
-10.0,2,87.340294
-10.0,1,87.350472
-10.0,1,87.36035
-10.0,1,87.370802
-10.0,1,87.37936
-10.0,2,87.393515
-10.0,2,87.407604
-10.0,4,87.432152
-10.0,1,87.441977
-10.0,1,87.45268
-10.0,1,87.461922
-10.0,1,87.471455
-10.0,1,87.480309
-10.0,1,87.490319
-10.0,1,87.501405
-10.0,1,87.514601
-10.0,2,87.531571
-10.0,1,87.540354
-10.0,1,87.550939
-10.0,1,87.561193
-10.0,1,87.570773
-10.0,1,87.581423
-10.0,1,87.595694
-10.0,1,87.605508
-10.0,1,87.619323
-10.0,1,87.630187
-10.0,1,87.639471
-10.0,1,87.651948
-10.0,1,87.662617
-10.0,1,87.670318
-10.0,4,87.69279
-10.0,1,87.700128
-10.0,1,87.711027
-10.0,3,87.735014
-10.0,1,87.759623
-10.0,2,87.776081
-10.0,5,87.813397
-48.6,1,87.823921
-10.0,1,87.837157
-10.0,1,87.866093
-10.0,4,87.931033
-10.0,1,87.957059
-10.0,4,88.007011
-10.0,1,88.031897
-10.0,2,88.063758
-10.0,1,88.083566
-10.0,2,88.169338
-10.0,1,88.193235
-10.0,2,88.220417
-10.0,1,88.238037
-10.0,2,88.257369
-10.0,2,88.280607
-10.0,2,88.300693
-10.0,1,88.313555
-10.0,2,88.33031
-10.0,1,88.339614
-10.0,1,88.351534
-10.0,1,88.358925
-10.0,2,88.375146
-10.0,1,88.383126
-10.0,1,88.393209
-10.0,2,88.404809
-10.0,1,88.414574
-10.0,1,88.422791
-10.0,2,88.435936
-10.0,2,88.44821
-10.0,2,88.460715
-10.0,1,88.469012
-10.0,1,88.477422
-10.0,1,88.486738
-10.0,1,88.495385
-10.0,1,88.507242
-10.0,3,88.52563
-10.0,2,88.537503
-10.0,1,88.545385
-10.0,1,88.552965
-10.0,2,88.566506
-10.0,2,88.581951
-10.0,1,88.593961
-10.0,1,88.606918
-10.0,2,88.621716
-10.0,2,88.639393
-10.0,1,88.650744
-10.0,1,88.662096
-10.0,2,88.678966
-10.0,1,88.690513
-10.0,1,88.704807
-10.0,1,88.712525
-10.0,1,88.71905
-10.0,1,88.725664
-10.0,1,88.731561
-10.0,2,88.741654
-10.0,1,88.748243
-10.0,1,88.755111
-10.0,2,88.764348
-10.0,1,88.770221
-10.0,1,88.777046
-10.0,3,88.789514
-10.0,1,88.795546
-10.0,1,88.801715
-10.0,1,88.809149
-10.0,1,88.815175
-10.0,1,88.821499
-10.0,1,88.827652
-10.0,1,88.833663
-10.0,1,88.839941
-10.0,2,88.851412
-10.0,1,88.860842
-10.0,1,88.868935
-10.0,1,88.876255
-10.0,1,88.883164
-10.0,2,88.892233
-10.0,2,88.902641
-10.0,1,88.90884
-10.0,1,88.915226
-10.0,1,88.921316
-10.0,1,88.927961
-10.0,1,88.934558
-10.0,1,88.940617
-10.0,2,88.951543
-10.0,2,88.961173
-10.0,1,88.967276
-10.0,2,88.976889
-10.0,4,88.999225
-10.0,1,89.015736
-10.0,3,89.042411
-10.0,1,89.049332
-10.0,1,89.056303
-10.0,1,89.064967
-10.0,1,89.072315
-10.0,2,89.086033
-10.0,1,89.095113
-10.0,1,89.104779
-10.0,2,89.119092
-10.0,1,89.128312
-10.0,1,89.141135
-10.0,1,89.150481
-10.0,2,89.164478
-10.0,1,89.172719
-10.0,1,89.181877
-10.0,1,89.1918
-10.0,3,89.213083
-10.0,3,89.226496
-10.0,1,89.234054
-10.0,1,89.244443
-10.0,1,89.254277
-10.0,1,89.263078
-10.0,1,89.273134
-10.0,1,89.28299
-10.0,1,89.297407
-10.0,1,89.308065
-10.0,1,89.317855
-10.0,1,89.326301
-10.0,1,89.334992
-10.0,1,89.343979
-10.0,2,89.358242
-10.0,1,89.368529
-10.0,1,89.3779
-10.0,1,89.3867
-10.0,1,89.398049
-10.0,1,89.407617
-10.0,1,89.415062
-10.0,2,89.426611
-10.0,2,89.439951
-10.0,1,89.44868
-10.0,2,89.461365
-10.0,1,89.470543
-10.0,2,89.481085
-10.0,1,89.488985
-10.0,1,89.495884
-10.0,1,89.505616
-10.0,2,89.533092
-10.0,1,89.549041
-10.0,1,89.560744
-10.0,1,89.573481
-10.0,1,89.589345
-10.0,1,89.603421
-10.0,2,89.621659
-10.0,1,89.691408
-10.0,1,89.703065
-10.0,2,89.717554
-10.0,2,89.742239
-10.0,3,89.764194
-10.0,1,89.775316
-10.0,1,89.788045
-10.0,2,89.804282
-10.0,1,89.816251
-10.0,1,89.829355
-10.0,2,89.845613
-10.0,2,89.865817
-10.0,1,89.879257
-10.0,1,89.894517
-10.0,1,89.918872
-10.0,2,89.942104
-10.0,1,89.956253
-10.0,1,89.973013
-10.0,1,89.989511
-10.0,1,90.003529
-10.0,1,90.018892
-10.0,1,90.035021
-10.0,1,90.051389
-10.0,1,90.069516
-10.0,1,90.085009
-10.0,2,90.112565
-10.0,1,90.129695
-10.0,1,90.146583
-10.0,1,90.164565
-10.0,1,90.176314
-10.0,3,90.210304
-10.0,1,90.225634
-10.0,1,90.238767
-10.0,1,90.252837
-10.0,2,90.272017
-10.0,2,90.289036
-10.0,1,90.300864
-10.0,1,90.311249
-10.0,4,90.342907
-10.0,1,90.358088
-10.0,1,90.371054
-10.0,1,90.384572
-10.0,2,90.402104
-10.0,1,90.413518
-10.0,1,90.426645
-10.0,2,90.445542
-10.0,2,90.465073
-10.0,1,90.47949
-10.0,1,90.491275
-10.0,1,90.503321
-10.0,1,90.51396
-10.0,3,90.54342
-10.0,1,90.55536
-10.0,1,90.569928
-10.0,1,90.584014
-10.0,1,90.599111
-10.0,1,90.620585
-10.0,1,90.635536
-10.0,1,90.652865
-10.0,1,90.668109
-10.0,1,90.68253
-10.0,1,90.694833
-10.0,1,90.710455
-10.0,1,90.725852
-10.0,5,90.76547
-10.0,1,90.778795
-10.0,1,90.791852
-10.0,1,90.80432
-10.0,1,90.817766
-10.0,2,90.837539
-10.0,1,90.85207
-10.0,1,90.873487
-10.0,1,90.900165
-10.0,1,90.923177
-10.0,1,90.951689
-10.0,1,90.97275
-10.0,1,90.992707
-10.0,1,91.013641
-10.0,3,91.050105
-10.0,2,91.084064
-10.0,2,91.113641
-10.0,1,91.13151
-10.0,1,91.149541
-10.0,1,91.171925
-10.0,1,91.189407
-10.0,2,91.218215
-10.0,1,91.246028
-10.0,3,91.287632
-10.0,3,91.325436
-10.0,1,91.340942
-10.0,1,91.354566
-10.0,1,91.366885
-10.0,1,91.380024
-10.0,1,91.393305
-10.0,1,91.404941
-10.0,3,91.438103
-10.0,1,91.460649
-10.0,1,91.478082
-10.0,2,91.506723
-10.0,1,91.523389
-10.0,2,91.547946
-10.0,1,91.564178
-10.0,1,91.57916
-10.0,2,91.59995
-10.0,1,91.614166
-10.0,3,91.644232
-10.0,3,91.671679
-10.0,1,91.684976
-10.0,1,92.020374
-10.0,2,92.050267
-10.0,4,92.105785
-10.0,1,92.125197
-10.0,1,92.155658
-10.0,1,92.177241
-10.0,1,92.196597
-10.0,4,92.238769
-10.0,1,92.254402
-10.0,1,92.269556
-10.0,1,92.2829
-10.0,2,92.302761
-10.0,2,92.323925
-10.0,3,92.353001
-10.0,2,92.373565
-10.0,1,92.387674
-10.0,1,92.402618
-10.0,1,92.415199
-10.0,1,92.428594
-10.0,2,92.447059
-10.0,1,92.460425
-10.0,1,92.473827
-10.0,1,92.48585
-10.0,1,92.499061
-10.0,1,92.510466
-10.0,1,92.523093
-10.0,3,92.550753
-10.0,3,92.572752
-10.0,1,92.583578
-10.0,1,92.593558
-10.0,1,92.604523
-10.0,2,92.614834
-10.0,1,92.62471
-10.0,3,92.640949
-10.0,1,92.650992
-10.0,4,92.673494
-10.0,1,92.683222
-10.0,1,92.692127
-10.0,3,92.71114
-10.0,1,92.719567
-10.0,1,92.730775
-10.0,1,92.74263
-10.0,1,92.756541
-10.0,1,92.773318
-10.0,1,92.787251
-10.0,1,92.803485
-10.0,2,92.82853
-10.0,2,92.848348
-10.0,1,92.860168
-10.0,1,92.877598
-10.0,1,92.898863
-10.0,1,92.920125
-10.0,1,92.939267
-10.0,2,92.968795
-10.0,1,92.997396
-10.0,1,93.037846
-10.0,1,93.055455
-10.0,2,93.086282
-10.0,1,93.114644
-10.0,2,93.141982
-10.0,1,93.16063
-10.0,3,93.193548
-10.0,2,93.213341
-10.0,2,93.238121
-10.0,2,93.259437
-10.0,1,93.274224
-10.0,1,93.288833
-10.0,4,93.328826
-10.0,1,93.342409
-10.0,1,93.355105
-10.0,1,93.367287
-10.0,1,93.380625
-10.0,1,93.392776
-10.0,3,93.41842
-10.0,2,93.440345
-10.0,3,93.466505
-10.0,4,93.495924
-10.0,1,93.507777
-10.0,1,93.519135
-10.0,2,93.540342
-10.0,1,93.550024
-10.0,1,93.563198
-10.0,1,93.585416
-10.0,1,93.599669
-10.0,2,93.617256
-10.0,1,93.631951
-10.0,1,93.645266
-10.0,1,93.660016
-10.0,3,93.689907
-10.0,1,93.70399
-10.0,1,93.718117
-10.0,1,93.731124
-10.0,1,93.742948
-10.0,2,93.764108
-10.0,4,93.799549
-10.0,2,93.824049
-10.0,1,93.840241
-10.0,4,93.873286
-10.0,1,93.883628
-10.0,2,93.905283
-10.0,1,93.922022
-10.0,1,93.941689
-10.0,4,93.987247
-10.0,1,94.005528
-10.0,1,94.026346
-10.0,2,94.050904
-10.0,1,94.068844
-10.0,1,94.098478
-10.0,1,94.113293
-10.0,1,94.151038
-10.0,3,94.179611
-10.0,1,94.199925
-10.0,1,94.213066
-10.0,1,94.227884
-10.0,1,94.240412
-10.0,2,94.260077
-10.0,1,94.273087
-10.0,1,94.286267
-10.0,1,94.304422
-10.0,1,94.334526
-10.0,1,94.350515
-10.0,3,94.379162
-10.0,2,94.397119
-10.0,1,94.409503
-10.0,1,94.420905
-10.0,1,94.433969
-10.0,1,94.444562
-10.0,1,94.454997
-10.0,1,94.465206
-10.0,2,94.47988
-10.0,1,94.488754
-10.0,1,94.501201
-10.0,4,94.529469
-10.0,2,94.546292
-10.0,2,94.562861
-10.0,1,94.572496
-10.0,2,94.5896
-10.0,1,94.602262
-10.0,1,94.612648
-10.0,1,94.624212
-10.0,1,94.632868
-10.0,2,94.647524
-10.0,1,94.656638
-10.0,1,94.669577
-10.0,7,94.706612
-10.0,1,94.717063
-10.0,3,94.735608
-10.0,2,94.753048
-10.0,2,94.76934
-10.0,3,94.789372
-10.0,1,94.799303
-10.0,1,94.81045
-10.0,1,94.826793
-10.0,2,94.852684
-10.0,2,94.877184
-10.0,1,94.890161
-10.0,1,94.903836
-10.0,1,94.919891
-10.0,1,94.936363
-10.0,1,94.949298
-10.0,1,94.959529
-10.0,2,94.975121
-10.0,2,94.990217
-10.0,1,95.004399
-10.0,2,95.02735
-10.0,2,95.054927
-10.0,3,95.085826
-10.0,2,95.109628
-10.0,1,95.124819
-10.0,1,95.138663
-10.0,2,95.162178
-10.0,2,95.176127
-10.0,1,95.190269
-10.0,5,95.244536
-10.0,1,95.253356
-10.0,1,95.26252
-10.0,1,95.272714
-10.0,1,95.285674
-10.0,3,95.306166
-10.0,1,95.314943
-10.0,2,95.337333
-10.0,3,103.857326
-10.0,2,103.873398
-10.0,5,103.905217
-10.0,1,103.916949
-10.0,1,103.927699
-10.0,1,103.939103
-10.0,1,103.960219
-10.0,1,103.973909
-10.0,1,104.007325
-10.0,2,104.030013
-10.0,1,104.046917
-10.0,1,104.073431
-10.0,5,104.153476
-10.0,2,104.184371
-10.0,2,104.213162
-10.0,2,104.235586
-10.0,1,104.250758
-10.0,1,104.266629
-10.0,1,104.281897
-10.0,1,104.308038
-10.0,2,104.332481
-10.0,2,104.353871
-10.0,1,104.367783
-10.0,2,104.386732
-10.0,2,104.40705
-10.0,1,104.418229
-10.0,1,104.427042
-10.0,2,104.441548
-10.0,2,104.458339
-10.0,1,104.465885
-10.0,2,104.479841
-10.0,1,104.488863
-10.0,1,104.502488
-10.0,5,104.54154
-10.0,1,104.552271
-10.0,3,104.576514
-10.0,3,104.594598
-10.0,2,104.606566
-10.0,2,104.621713
-10.0,1,104.631131
-10.0,2,104.645819
-10.0,3,104.665799
-10.0,2,104.679992
-10.0,2,104.693001
-10.0,2,104.70548
-10.0,3,104.725886
-10.0,1,104.733979
-10.0,3,104.755762
-10.0,1,104.770684
-10.0,1,104.786063
-10.0,1,104.801147
-10.0,1,104.8172
-10.0,1,104.831925
-10.0,3,104.858764
-10.0,2,104.883931
-10.0,1,104.901437
-10.0,1,104.913535
-10.0,1,104.92875
-10.0,4,104.973141
-10.0,1,104.990753
-10.0,3,105.037808
-10.0,1,105.058296
-10.0,2,105.072624
-10.0,1,105.082951
-10.0,1,105.090987
-10.0,1,105.100127
-10.0,1,105.10824
-10.0,1,105.117934
-10.0,1,105.126571
-10.0,1,105.133999
-10.0,4,105.15167
-10.0,1,105.160322
-10.0,1,105.168978
-10.0,2,105.18178
-10.0,2,105.19146
-10.0,2,105.200181
-10.0,1,105.208955
-10.0,2,105.223703
-10.0,2,105.236462
-10.0,1,105.245339
-10.0,1,105.253911
-10.0,1,105.262438
-10.0,1,105.271447
-10.0,1,105.279868
-10.0,2,105.293729
-10.0,1,105.305576
-10.0,4,105.334895
-10.0,1,105.350558
-10.0,2,105.369716
-10.0,1,105.385695
-10.0,4,105.41597
-10.0,1,105.425658
-10.0,3,105.445967
-10.0,1,105.457814
-10.0,2,105.474458
-10.0,4,105.504444
-10.0,1,105.515044
-10.0,1,105.52999
-10.0,1,105.545292
-10.0,2,105.569688
-10.0,2,105.593917
-10.0,1,105.608449
-10.0,1,105.623946
-10.0,1,105.637199
-10.0,1,105.653069
-10.0,3,105.684694
-10.0,1,105.699734
-10.0,1,105.714648
-10.0,2,105.735493
-10.0,2,105.757037
-10.0,2,105.776703
-10.0,2,105.799141
-10.0,2,105.822364
-10.0,2,105.84364
-10.0,5,105.87346
-10.0,1,105.87925
-10.0,6,105.906004
-10.0,1,105.9158
-10.0,2,105.927315
-10.0,2,105.940361
-10.0,1,105.948488
-10.0,1,105.957404
-10.0,1,105.96405
-10.0,1,105.971812
-10.0,5,105.999761
-10.0,1,106.006313
-10.0,2,106.018923
-10.0,1,106.025915
-10.0,3,106.037919
-10.0,1,106.043044
-10.0,2,106.051334
-10.0,2,106.062791
-10.0,1,106.0725
-10.0,4,106.10638
-10.0,2,106.120858
-10.0,1,106.131516
-10.0,1,106.143178
-10.0,1,106.153567
-10.0,2,106.167258
-10.0,1,106.17331
-10.0,2,106.184565
-10.0,1,106.193496
-10.0,2,106.201834
-10.0,3,106.211935
-10.0,2,106.221285
-10.0,1,106.227335
-10.0,1,106.233247
-10.0,2,106.241283
-10.0,2,106.249139
-10.0,1,106.254333
-10.0,1,106.259808
-10.0,1,106.265318
-10.0,3,106.275912
-10.0,2,106.283798
-10.0,4,106.296895
-10.0,1,106.302222
-10.0,3,106.313498
-10.0,2,106.321564
-10.0,2,106.329987
-10.0,1,106.335107
-10.0,1,106.34077
-10.0,1,106.346095
-10.0,2,106.354187
-10.0,3,106.364155
-10.0,1,106.369652
-10.0,1,106.374828
-10.0,3,106.384847
-10.0,1,106.390209
-10.0,1,106.395331
-10.0,1,106.401545
-10.0,1,106.407012
-10.0,1,106.41221
-10.0,1,106.417658
-10.0,4,106.430002
-10.0,1,106.435815
-10.0,1,106.443343
-10.0,1,106.448829
-10.0,1,106.453962
-10.0,2,106.461496
-10.0,2,106.469866
-10.0,2,106.477863
-10.0,2,106.485783
-10.0,4,106.499128
-10.0,5,106.514951
-10.0,2,106.522875
-10.0,2,106.530794
-10.0,3,106.54184
-10.0,2,106.549762
-10.0,1,106.555088
-10.0,4,106.56968
-10.0,1,106.575734
-10.0,2,106.586489
-10.0,1,106.592108
-10.0,1,106.598687
-10.0,1,106.607522
-10.0,1,106.613459
-10.0,6,106.634501
-10.0,4,106.649019
-10.0,1,106.654788
-10.0,1,106.660339
-10.0,1,106.665902
-10.0,4,106.678759
-10.0,1,106.685117
-10.0,2,106.693324
-10.0,2,106.702173
-10.0,3,106.717756
-10.0,1,106.723383
-10.0,1,106.728809
-10.0,3,106.738757
-10.0,1,106.745567
-10.0,1,106.751016
-10.0,2,106.75974
-10.0,3,106.771026
-10.0,1,106.77659
-10.0,1,106.78178
-10.0,3,106.792994
-10.0,1,106.798203
-10.0,2,106.807686
-10.0,1,106.813233
-10.0,1,106.818573
-10.0,1,106.823854
-10.0,5,106.840325
-28.8,1,106.846359
-10.0,3,106.857912
-10.0,6,106.876042
-10.0,1,106.881317
-10.0,2,106.890119
-10.0,1,106.895807
-10.0,2,106.903591
-10.0,2,106.912278
-10.0,1,106.917782
-10.0,1,106.923321
-10.0,3,106.933977
-10.0,1,106.939306
-10.0,1,106.945155
-10.0,1,106.951054
-10.0,5,106.967323
-10.0,3,106.978924
-10.0,1,106.984644
-10.0,4,106.997635
-10.0,1,107.002975
-10.0,3,107.013481
-10.0,2,107.021692
-10.0,1,107.027176
-10.0,3,107.038138
-10.0,1,107.043477
-10.0,1,107.049181
-10.0,1,107.054568
-10.0,3,107.065833
-10.0,1,107.071056
-10.0,1,107.076991
-10.0,4,107.089523
-10.0,1,107.095212
-10.0,1,107.100868
-10.0,1,107.106121
-10.0,2,107.114418
-10.0,2,107.122413
-10.0,5,107.139224
-10.0,1,107.144891
-10.0,1,107.150148
-10.0,1,107.155364
-10.0,1,107.162027
-10.0,1,107.167501
-10.0,1,107.173079
-10.0,1,107.178241
-10.0,3,107.188899
-10.0,2,107.196467
-10.0,1,107.203074
-10.0,3,107.21352
-10.0,4,107.230506
-10.0,4,107.246134
-10.0,1,107.252199
-10.0,2,107.259725
-10.0,4,107.274029
-10.0,5,107.289415
-10.0,1,107.295117
-10.0,3,107.305671
-10.0,1,107.311404
-10.0,1,107.316543
-10.0,1,107.321931
-78.6,1,107.327707
-10.0,1,107.333387
-10.0,7,107.353483
-10.0,2,107.361376
-10.0,1,107.366251
-10.0,2,107.373554
-10.0,4,107.386739
-10.0,1,107.392445
-10.0,1,107.399207
-10.0,1,107.406396
-10.0,1,107.413141
-10.0,2,107.421044
-10.0,1,107.426177
-10.0,1,107.431135
-10.0,1,107.436468
-10.0,2,107.443943
-10.0,1,107.449273
-10.0,1,107.455878
-10.0,1,107.460886
-10.0,2,107.468584
-10.0,5,107.483604
-10.0,1,107.489039
-10.0,1,107.4941
-10.0,1,107.499677
-10.0,1,107.504869
-10.0,1,107.509848
-10.0,1,107.515196
-10.0,2,107.522628
-10.0,1,107.527663
-10.0,1,107.532992
-10.0,6,107.550014
-10.0,1,107.555042
-10.0,1,107.5601
-10.0,3,107.572179
-10.0,2,107.579433
-10.0,1,107.584618
-10.0,1,107.589718
-10.0,4,107.603392
-10.0,2,107.611162
-10.0,5,107.626988
-10.0,1,107.632296
-10.0,3,107.64265
-10.0,1,107.649074
-10.0,1,107.654443
-10.0,2,107.664259
-10.0,1,107.670668
-10.0,1,107.676785
-10.0,3,107.690205
-10.0,1,107.695444
-10.0,2,107.706218
-10.0,1,107.711812
-10.0,2,107.719692
-10.0,1,107.726547
-10.0,1,107.733326
-10.0,2,107.744913
-10.0,1,107.753234
-10.0,1,107.758513
-10.0,1,107.764885
-10.0,3,107.776959
-10.0,2,107.785608
-10.0,2,107.795412
-10.0,1,107.800843
-10.0,4,107.816981
-10.0,1,107.822828
-10.0,3,107.83757
-10.0,1,107.842959
-43.2,2,107.851838
-10.0,4,107.864795
-10.0,2,107.873439
-10.0,1,107.878881
-10.0,1,107.884722
-10.0,1,107.890943
-10.0,1,107.897603
-10.0,1,107.902928
-10.0,1,107.908346
-10.0,1,107.914768
-10.0,1,107.919969
-10.0,3,107.930497
-10.0,1,107.935709
-10.0,7,107.958002
-10.0,4,107.970602
-10.0,1,107.976102
-10.0,4,107.989045
-10.0,1,107.994498
-10.0,1,107.999599
-10.0,1,108.00462
-10.0,2,108.012572
-10.0,1,108.017766
-10.0,4,108.03059
-10.0,1,108.03589
-10.0,1,108.041294
-10.0,2,108.048742
-10.0,5,108.063677
-10.0,1,108.068783
-10.0,2,108.076939
-10.0,2,108.084568
-10.0,3,108.094836
-10.0,1,108.100119
-10.0,4,108.112748
-10.0,1,108.118048
-10.0,3,108.128212
-10.0,2,108.136712
-10.0,5,108.154271
-10.0,2,108.16242
-10.0,1,108.167931
-10.0,1,108.173234
-10.0,1,108.178965
-10.0,5,108.196251
-10.0,1,108.203265
-10.0,1,108.210188
-10.0,2,108.21806
-10.0,1,108.225581
-10.0,2,108.234245
-10.0,1,108.239567
-10.0,3,108.254969
-10.0,2,108.268938
-10.0,4,108.286383
-10.0,4,108.299025
-10.0,1,108.304446
-10.0,2,108.313898
-10.0,2,108.321976
-10.0,2,108.330669
-10.0,1,108.335805
-10.0,2,108.344065
-10.0,3,108.354566
-10.0,1,108.359718
-10.0,4,108.373323
-10.0,1,108.378504
-10.0,4,108.391644
-10.0,1,108.396773
-10.0,3,108.407169
-10.0,2,108.41509
-10.0,1,108.420282
-10.0,12,108.452016
-10.0,1,108.457121
-10.0,1,108.462387
-10.0,1,108.467505
-10.0,1,108.472568
-10.0,2,108.481215
-10.0,1,108.486345
-10.0,1,108.491384
-10.0,3,108.501918
-10.0,4,108.514492
-10.0,2,108.522073
-10.0,1,108.527287
-10.0,1,108.532455
-10.0,1,108.537693
-10.0,1,108.542994
-10.0,1,108.548172
-10.0,3,108.558538
-10.0,2,108.566194
-10.0,5,108.582724
-10.0,3,108.593756
-10.0,4,108.605953
-10.0,2,108.613178
-10.0,4,108.626861
-10.0,1,108.631612
-10.0,2,108.641293
-10.0,1,108.648145
-10.0,1,108.653567
-10.0,4,108.669978
-10.0,1,108.675387
-10.0,2,108.685292
-10.0,1,108.690667
-10.0,1,108.696444
-10.0,1,108.702377
-10.0,1,108.708951
-10.0,1,108.714417
-10.0,4,108.732341
-10.0,2,108.74078
-10.0,2,108.749305
-10.0,1,108.754864
-10.0,3,108.767158
-10.0,2,108.775508
-10.0,1,108.784307
-10.0,2,108.795723
-10.0,1,108.800939
-10.0,2,108.809489
-10.0,1,108.814449
-10.0,1,108.819912
-10.0,1,108.825047
-10.0,1,108.832792
-10.0,2,108.841045
-10.0,1,108.847537
-10.0,8,108.870022
-10.0,2,108.877765
-10.0,3,108.887905
-10.0,1,108.893226
-10.0,2,108.900596
-10.0,1,108.905936
-10.0,1,108.911088
-10.0,1,108.916171
-10.0,3,108.926936
-10.0,3,108.937166
-10.0,1,108.942327
-10.0,1,108.947328
-10.0,1,108.952652
-10.0,1,108.957915
-10.0,1,108.962936
-10.0,1,108.968268
-10.0,2,108.975787
-10.0,3,108.985775
-10.0,1,108.990836
-10.0,3,109.00113
-10.0,2,109.008657
-10.0,2,109.016469
-10.0,1,109.021582
-10.0,1,109.026695
-10.0,1,109.032223
-10.0,1,109.037927
-10.0,1,109.043141
-10.0,1,109.048963
-10.0,1,109.054525
-10.0,2,109.063213
-10.0,2,109.071941
-10.0,1,109.077917
-10.0,1,109.084177
-10.0,3,109.095248
-10.0,1,109.102
-10.0,2,109.114341
-10.0,2,109.126871
-10.0,1,109.133524
-10.0,5,109.154133
-10.0,1,109.160451
-10.0,1,109.166749
-10.0,2,109.175213
-10.0,1,109.181385
-10.0,5,109.197976
-10.0,1,109.203592
-10.0,5,109.224423
-10.0,2,109.232522
-10.0,1,109.238132
-10.0,1,109.243727
-10.0,2,109.25304
-10.0,1,109.25853
-10.0,1,109.264978
-10.0,1,109.271475
-10.0,1,109.27729
-10.0,7,109.298855
-10.0,1,109.305189
-10.0,2,109.318358
-10.0,2,109.327775
-10.0,1,109.334306
-10.0,4,109.348435
-10.0,5,109.365458
-10.0,1,109.371583
-10.0,2,109.379507
-10.0,1,109.384849
-10.0,1,109.391258
-10.0,2,109.399045
-10.0,1,109.404495
-10.0,2,109.412715
-10.0,6,109.431838
-10.0,1,109.43786
-10.0,3,109.449605
-10.0,2,109.459105
-10.0,1,109.464598
-10.0,2,109.473069
-10.0,1,109.478847
-10.0,2,109.487621
-10.0,3,109.500139
-10.0,1,109.505502
-10.0,2,109.515046
-10.0,1,109.521515
-10.0,2,109.530051
-10.0,1,109.536661
-10.0,2,109.544845
-10.0,3,109.555418
-10.0,3,109.566545
-10.0,1,109.572466
-10.0,2,109.582286
-10.0,4,109.596022
-10.0,1,109.602827
-10.0,2,109.610527
-10.0,1,109.616143
-10.0,1,109.622597
-10.0,1,109.628168
-10.0,6,109.646637
-10.0,2,109.654404
-10.0,3,109.666301
-10.0,1,109.671526
-10.0,1,109.676977
-10.0,3,109.688198
-10.0,1,109.693413
-10.0,1,109.699105
-10.0,2,109.707541
-10.0,1,109.712838
-10.0,1,109.718134
-10.0,1,109.723355
-10.0,1,109.729554
-10.0,1,109.735128
-10.0,2,109.742688
-10.0,2,109.75111
-10.0,1,109.758033
-10.0,3,109.767961
-10.0,1,109.775302
-10.0,1,109.780815
-10.0,1,109.786915
-10.0,1,109.792986
-10.0,2,109.800484
-10.0,1,109.80633
-10.0,3,109.816782
-10.0,1,109.823072
-10.0,1,109.829683
-10.0,1,109.835844
-10.0,1,109.8409
-10.0,1,109.846252
-10.0,1,109.852428
-10.0,1,109.857796
-10.0,1,109.862983
-10.0,1,109.868735
-10.0,1,109.87428
-10.0,3,109.885732
-10.0,3,109.895978
-10.0,1,109.901434
-10.0,2,109.909316
-10.0,2,109.917426
-10.0,3,109.927765
-10.0,2,109.93623
-10.0,1,109.941416
-10.0,2,109.94931
-10.0,1,109.95501
-10.0,5,109.970334
-10.0,4,109.984058
-10.0,2,109.991654
-10.0,5,110.007466
-10.0,3,110.01897
-10.0,1,110.024288
-10.0,1,110.029774
-10.0,1,110.034968
-10.0,1,110.040221
-10.0,3,110.05039
-10.0,1,110.055742
-10.0,2,110.063798
-10.0,1,110.068953
-10.0,2,110.077301
-10.0,2,110.084938
-10.0,2,110.093178
-10.0,2,110.100822
-10.0,3,110.111946
-10.0,1,110.117228
-10.0,1,110.122936
-10.0,7,110.152638
-10.0,1,110.158126
-10.0,4,110.171177
-10.0,1,110.176412
-10.0,3,110.186672
-10.0,1,110.191905
-10.0,2,110.199418
-10.0,1,110.205145
-10.0,1,110.210376
-10.0,1,110.215479
-10.0,2,110.224102
-10.0,3,110.234361
-10.0,1,110.239538
-10.0,1,110.244694
-10.0,2,110.252556
-10.0,3,110.262357
-10.0,1,110.267771
-10.0,2,110.275217
-10.0,3,110.285844
-10.0,2,110.2933
-10.0,1,110.298759
-47.4,1,110.303868
-10.0,1,110.308869
-10.0,1,110.314444
-10.0,2,110.322147
-10.0,1,110.32715
-10.0,2,110.335107
-10.0,1,110.34025
-10.0,1,110.345926
-10.0,1,110.351455
-10.0,6,110.369045
-10.0,3,110.379488
-10.0,3,110.38967
-10.0,2,110.397523
-10.0,1,110.402785
-10.0,2,110.41068
-10.0,2,110.418303
-10.0,3,110.429914
-10.0,2,110.437783
-10.0,2,110.445829
-10.0,1,110.45137
-10.0,1,110.456888
-10.0,2,110.464578
-10.0,2,110.472312
-10.0,3,110.48241
-10.0,1,110.487704
-10.0,2,110.501539
-10.0,1,110.510019
-10.0,1,110.518004
-10.0,2,110.528613
-10.0,1,110.53577
-10.0,3,110.549367
-10.0,2,110.557153
-10.0,1,110.562278
-10.0,5,110.577143
-10.0,1,110.582508
-10.0,2,110.590209
-10.0,2,110.597477
-10.0,2,110.605176
-10.0,1,110.61013
-10.0,1,110.615726
-10.0,1,110.621184
-10.0,1,110.626191
-10.0,1,110.631536
-10.0,5,110.648818
-10.0,1,110.655371
-10.0,2,110.665649
-10.0,2,110.67822
-10.0,2,110.687872
-10.0,1,110.694473
-10.0,3,110.706931
-10.0,1,110.715293
-10.0,7,110.746321
-10.0,2,110.757309
-10.0,1,110.764635
-10.0,2,110.778059
-10.0,5,110.813561
-10.0,1,110.820344
-10.0,1,110.825974
-10.0,1,110.8308
-10.0,5,110.849314
-10.0,7,110.875172
-10.0,1,110.881798
-10.0,1,110.887075
-10.0,1,110.892709
-10.0,1,110.898149
-10.0,2,110.905477
-10.0,2,110.915017
-10.0,1,110.920442
-10.0,4,110.934869
-10.0,1,110.941359
-10.0,1,110.948393
-10.0,4,110.966346
-10.0,2,110.975965
-10.0,1,110.984899
-10.0,6,111.006814
-10.0,1,111.012919
-10.0,2,111.023842
-10.0,1,111.029577
-10.0,1,111.036789
-10.0,1,111.043267
-10.0,1,111.052649
-10.0,2,111.069375
-10.0,1,111.077652
-10.0,1,111.084377
-10.0,1,111.09005
-10.0,3,111.108015
-10.0,1,111.114264
-10.0,1,111.122318
-10.0,1,111.128492
-10.0,5,111.148875
-10.0,4,111.166716
-10.0,1,111.172627
-10.0,1,111.178408
-46.8,1,111.185887
-10.0,3,111.197142
-10.0,1,111.205174
-10.0,2,111.214239
-10.0,1,111.21999
-10.0,3,111.234766
-10.0,3,111.24832
-10.0,1,111.255603
-10.0,1,111.261421
-10.0,2,111.272754
-10.0,1,111.278387
-10.0,1,111.285998
-10.0,2,111.295862
-10.0,3,111.309754
-10.0,4,111.323659
-10.0,1,111.331837
-10.0,1,111.340987
-10.0,4,111.360447
-10.0,1,111.366356
-10.0,1,111.373931
-10.0,1,111.380266
-10.0,1,111.390427
-10.0,2,111.401718
-10.0,1,111.410174
-10.0,1,111.417781
-10.0,1,111.423496
-10.0,1,111.432043
-10.0,2,111.441735
-10.0,3,111.454644
-10.0,1,111.462
-10.0,4,111.479356
-10.0,1,111.485319
-10.0,1,111.492009
-10.0,2,111.502398
-10.0,1,111.508271
-10.0,1,111.515683
-10.0,3,111.528021
-10.0,1,111.53458
-10.0,1,111.541623
-10.0,2,111.549948
-10.0,2,111.561118
-10.0,3,111.574674
-10.0,1,111.582569
-10.0,1,111.588907
-10.0,1,111.594386
-10.0,1,111.601326
-10.0,3,111.612856
-10.0,1,111.620255
-10.0,1,111.626372
-10.0,1,111.631791
-10.0,1,111.638443
-10.0,1,111.645025
-10.0,1,111.650702
-10.0,3,111.664028
-10.0,3,111.675941
-10.0,1,111.683951
-10.0,2,111.695882
-10.0,1,111.703981
-10.0,3,111.718419
-10.0,1,111.727788
-10.0,1,111.734303
-10.0,1,111.740555
-10.0,1,111.747874
-10.0,2,111.758686
-10.0,1,111.766011
-10.0,1,111.775773
-10.0,1,111.78161
-10.0,1,111.789182
-10.0,1,111.796674
-10.0,2,111.807343
-10.0,2,111.820125
-10.0,1,111.826164
-10.0,2,111.839163
-10.0,3,111.855124
-10.0,3,111.867714
-10.0,2,111.877907
-10.0,1,111.883623
-10.0,2,111.89387
-10.0,2,111.909828
-10.0,2,111.924651
-10.0,1,111.931023
-10.0,1,111.938757
-10.0,2,111.947446
-10.0,1,111.956721
-10.0,4,111.981903
-10.0,3,111.994928
-10.0,2,112.004563
-10.0,1,112.012079
-10.0,1,112.019385
-10.0,1,112.024995
-10.0,2,112.034908
-10.0,1,112.041258
-10.0,1,112.04744
-10.0,1,112.054225
-10.0,1,112.063716
-10.0,1,112.071418
-10.0,1,112.078765
-10.0,1,112.086462
-10.0,2,112.097398
-10.0,2,112.10856
-10.0,1,112.116956
-10.0,3,112.136982
-10.0,1,112.145399
-10.0,2,112.154595
-10.0,1,112.163937
-10.0,2,112.172422
-10.0,3,112.184409
-10.0,1,112.198841
-10.0,1,112.220218
-10.0,2,112.302797
-10.0,2,112.308452
-10.0,9,112.332525
-10.0,1,112.340368
-10.0,1,112.348961
-10.0,1,112.355599
-10.0,1,112.361893
-10.0,1,112.368515
-10.0,2,112.379935
-10.0,1,112.385545
-10.0,1,112.391197
-10.0,1,112.396638
-10.0,2,112.406908
-10.0,4,112.421904
-10.0,1,112.427312
-10.0,2,112.438318
-10.0,1,112.445622
-10.0,1,112.452805
-10.0,1,112.457858
-10.0,1,112.462419
-10.0,4,112.475981
-10.0,4,112.488346
-10.0,2,112.49666
-10.0,2,112.504052
-10.0,1,112.509814
-10.0,1,112.51609
-10.0,1,112.521788
-10.0,4,112.535685
-10.0,2,112.544604
-10.0,3,112.553963
-10.0,1,112.559848
-10.0,2,112.566675
-10.0,1,112.570861
-10.0,2,112.578661
-10.0,2,112.586287
-10.0,1,112.590983
-10.0,2,112.599634
-10.0,1,112.604486
-10.0,1,112.609567
-10.0,3,112.619605
-10.0,2,112.628471
-10.0,5,112.644132
-10.0,2,112.652102
-10.0,2,112.659494
-10.0,4,112.672186
-10.0,1,112.676612
-10.0,1,112.682227
-10.0,2,112.692288
-10.0,7,112.714959
-10.0,1,112.719704
-10.0,4,112.733951
-10.0,1,112.739904
-10.0,1,112.747622
-10.0,5,112.780102
-10.0,1,112.786448
-10.0,2,112.794681
-10.0,1,112.799719
-10.0,1,112.804353
-10.0,3,112.816004
-10.0,2,112.822984
-10.0,4,112.83939
-10.0,1,112.844402
-10.0,1,112.852859
-10.0,3,112.864995
-10.0,1,112.87083
-10.0,1,112.875508
-10.0,1,112.881424
-10.0,1,112.885911
-10.0,2,113.124988
-10.0,2,113.139721
-10.0,2,113.154917
-10.0,2,113.170745
-10.0,1,113.175701
-10.0,2,113.188064
-10.0,1,113.193617
-10.0,2,113.205533
-10.0,1,113.212386
-10.0,1,113.216921
-10.0,1,113.223269
-10.0,1,113.23078
-10.0,1,113.237713
-10.0,2,113.249631
-10.0,1,113.256107
-10.0,2,113.269492
-10.0,3,113.28907
-10.0,2,113.299956
-10.0,1,113.308039
-10.0,1,113.314625
-10.0,1,113.321316
-10.0,1,113.328125
-10.0,1,113.332695
-10.0,1,113.337366
-10.0,1,113.344429
-10.0,1,113.350083
-10.0,3,113.358993
-10.0,1,113.363276
-10.0,1,113.368458
-10.0,1,113.372861
-10.0,1,113.377454
-10.0,2,113.385786
-10.0,1,113.3918
-10.0,1,113.397302
-10.0,1,113.404084
-10.0,1,113.411401
-10.0,3,113.421634
-10.0,1,113.426528
-10.0,4,113.439691
-10.0,2,113.447369
-10.0,5,113.486195
-10.0,1,113.495666
-10.0,1,113.500124
-10.0,5,113.520137
-10.0,4,113.534478
-10.0,1,113.540215
-10.0,1,113.545217
-10.0,3,113.562711
-10.0,2,113.573558
-10.0,3,113.587916
-10.0,1,113.593451
-10.0,1,113.601002
-10.0,2,113.60776
-10.0,1,113.612811
-10.0,1,113.619563
-10.0,2,113.626328
-10.0,1,113.630675
-10.0,2,113.6372
-10.0,3,113.646719
-10.0,1,113.651195
-10.0,2,113.66033
-10.0,2,113.668834
-10.0,3,113.682058
-10.0,1,113.687816
-10.0,1,113.703977
-10.0,1,113.715278
-10.0,3,113.728635
-10.0,1,113.734399
-10.0,1,113.740428
-10.0,1,113.747591
-10.0,2,113.756359
-10.0,8,113.79151
-10.0,1,113.798649
-10.0,5,113.822758
-10.0,1,113.834075
-10.0,2,113.842132
-10.0,1,113.850036
-10.0,3,113.86299
-49.8,1,113.873876
-10.0,2,113.882961
-10.0,1,113.891975
-10.0,2,113.901442
-10.0,7,113.933061
-10.0,2,113.942652
-10.0,1,113.948882
-10.0,2,113.959968
-10.0,1,113.966934
-10.0,3,113.987785
-10.0,1,113.999995
-10.0,2,114.018382
-10.0,2,114.042943
-10.0,1,114.058191
-10.0,1,114.075018
-10.0,2,114.09994
-10.0,1,114.125843
-10.0,2,114.179955
-10.0,2,114.196586
-10.0,1,114.208068
-10.0,3,114.226344
-10.0,1,114.242295
-10.0,5,114.270839
-10.0,1,114.278782
-10.0,5,114.304052
-10.0,1,114.312346
-10.0,2,114.324556
-10.0,3,114.338955
-10.0,1,114.343987
-10.0,1,114.349694
-10.0,1,114.356489
-10.0,1,114.36291
-10.0,2,114.374271
-10.0,2,114.385743
-10.0,4,114.403738
-10.0,4,114.422597
-10.0,1,114.429942
-10.0,4,114.448052
-10.0,1,114.454363
-10.0,1,114.461255
-10.0,2,114.473005
-10.0,1,114.481327
-10.0,2,114.496017
-10.0,4,114.516306
-10.0,2,114.526571
-10.0,1,114.534741
-10.0,1,114.540879
-10.0,1,114.549392
-10.0,2,114.561677
-10.0,1,114.569492
-10.0,2,114.584013
-10.0,2,114.595359
-10.0,1,114.605705
-10.0,6,114.634164
-10.0,1,114.642251
-10.0,2,114.652986
-10.0,1,114.66308
-10.0,1,114.675497
-10.0,2,114.692353
-10.0,1,114.699417
-10.0,1,114.709711
-10.0,1,114.717808
-10.0,1,114.727048
-10.0,1,114.733968
-10.0,3,114.750629
-10.0,4,114.774095
-10.0,4,114.800227
-10.0,2,114.812622
-10.0,1,114.819879
-10.0,2,114.833577
-10.0,1,114.838959
-10.0,1,114.846684
-10.0,1,114.85683
-10.0,1,114.862137
-10.0,2,114.873773
-10.0,2,114.883691
-10.0,2,114.897579
-10.0,1,114.906406
-10.0,2,114.923636
-10.0,2,114.938559
-10.0,2,114.952912
-10.0,1,114.960982
-10.0,1,114.968551
-10.0,2,114.981985
-10.0,2,114.99443
-10.0,1,115.003299
-10.0,2,115.014709
-10.0,1,115.022038
-10.0,1,115.029177
-10.0,1,115.036284
-10.0,1,115.044062
-10.0,1,115.052018
-10.0,1,115.061291
-10.0,1,115.067553
-10.0,2,115.078472
-10.0,2,115.090442
-10.0,3,115.10601
-10.0,2,115.118319
-10.0,1,115.124678
-10.0,2,115.136861
-10.0,2,115.150157
-10.0,1,115.158985
-10.0,4,115.179628
-10.0,2,115.19091
-10.0,4,115.209154
-10.0,2,115.225269
-10.0,1,118.978421
-10.0,1,118.984192
-10.0,1,118.989728
-10.0,1,118.997221
-10.0,1,119.00457
-10.0,3,119.018557
-10.0,1,119.026031
-10.0,2,119.036633
-10.0,1,119.043338
-10.0,1,119.050054
-10.0,1,119.057453
-10.0,4,119.076062
-10.0,1,119.083537
-10.0,1,119.090825
-10.0,1,119.098042
-10.0,2,119.10908
-10.0,1,119.11642
-10.0,2,119.127886
-10.0,1,119.136204
-10.0,1,119.141885
-10.0,1,119.147779
-10.0,2,119.158876
-10.0,3,119.173516
-10.0,2,119.181325
-10.0,1,119.186856
-10.0,2,119.194417
-10.0,2,119.202276
-10.0,3,119.212173
-10.0,3,119.222825
-10.0,1,119.227865
-10.0,5,119.242718
-10.0,1,119.24825
-10.0,2,119.256163
-10.0,5,119.271483
-10.0,2,119.2795
-10.0,3,119.289519
-10.0,1,119.295547
-10.0,1,119.301025
-10.0,1,119.306614
-10.0,7,119.330512
-10.0,1,119.337036
-10.0,5,119.35475
-10.0,1,119.360616
-10.0,1,119.366652
-10.0,4,119.388263
-10.0,1,119.397573
-10.0,5,119.424861
-10.0,1,119.433332
-10.0,3,119.452759
-10.0,1,119.461669
-10.0,1,119.469639
-10.0,2,119.484692
-10.0,1,119.494282
-10.0,3,119.50657
-10.0,1,119.512347
-10.0,5,119.532711
-10.0,3,119.54566
-10.0,1,119.551775
-10.0,3,119.562513
-10.0,2,119.570638
-10.0,1,119.576231
-10.0,2,119.58492
-10.0,2,119.595271
-10.0,2,119.604689
-10.0,2,119.614432
-10.0,2,119.623111
-10.0,1,119.629993
-10.0,1,119.636231
-10.0,1,119.643099
-10.0,2,119.654917
-10.0,2,119.667274
-10.0,2,119.676155
-10.0,1,119.683693
-10.0,2,119.699358
-10.0,4,119.717212
-10.0,1,119.724907
-10.0,2,119.735178
-10.0,3,119.75154
-10.0,1,119.759508
-10.0,2,119.775318
-10.0,4,119.799375
-10.0,4,119.821005
-10.0,1,119.828939
-10.0,4,119.850461
-10.0,1,119.858351
-10.0,5,119.888997
-10.0,6,119.913653
-10.0,2,119.92517
-10.0,5,119.949505
-10.0,2,119.96173
-10.0,1,119.972073
-10.0,1,119.981212
-10.0,1,119.989702
-10.0,1,119.99872
-10.0,2,120.011088
-10.0,1,120.018393
-10.0,1,120.02668
-10.0,2,120.040897
-10.0,2,120.054185
-10.0,2,120.066221
-10.0,1,120.072145
-10.0,6,120.091062
-10.0,3,120.102099
-10.0,4,120.112895
-10.0,2,120.119057
-10.0,1,120.123566
-10.0,1,120.12777
-10.0,5,120.144455
-10.0,2,120.153481
-10.0,5,120.172031
-10.0,3,120.186425
-10.0,1,120.192723
-10.0,1,120.198598
-10.0,1,120.204968
-10.0,3,120.219471
-10.0,1,120.226716
-10.0,2,120.238469
-10.0,1,120.244689
-10.0,12,120.282713
-10.0,1,120.290634
-10.0,3,120.305773
-10.0,2,120.317051
-10.0,5,120.341191
-10.0,2,120.349857
-10.0,1,120.357279
-10.0,1,120.36374
-10.0,4,120.379574
-10.0,2,120.389402
-10.0,2,120.402667
-10.0,3,120.419446
-10.0,4,120.441117
-10.0,3,120.454631
-10.0,1,120.460082
-10.0,1,120.466815
-10.0,2,120.478745
-10.0,3,120.492349
-10.0,1,120.497701
-10.0,5,120.516383
-10.0,1,120.522538
-10.0,1,120.528646
-10.0,1,120.535094
-10.0,3,120.547583
-10.0,1,120.555651
-10.0,2,120.564849
-10.0,1,120.570594
-10.0,1,120.57634
-10.0,1,120.583909
-10.0,1,120.592608
-10.0,1,120.598977
-10.0,1,120.604759
-10.0,2,120.613276
-10.0,1,120.618917
-10.0,2,120.629947
-10.0,1,120.637695
-10.0,1,120.643461
-10.0,1,120.650137
-10.0,1,120.658915
-10.0,4,120.676001
-10.0,1,120.681752
-10.0,3,120.696124
-10.0,3,120.709296
-10.0,1,120.717681
-10.0,1,120.72887
-10.0,1,120.740958
-10.0,1,120.755222
-10.0,2,120.777979
-10.0,1,120.789078
-10.0,1,120.798484
-10.0,5,120.840733
-10.0,6,120.8806
-10.0,3,120.903532
-10.0,1,120.912713
-10.0,2,120.92807
-10.0,1,120.938008
-10.0,5,120.966612
-10.0,2,120.985036
-10.0,2,121.005746
-10.0,1,121.016092
-10.0,5,121.04685
-10.0,5,121.071538
-10.0,1,121.07685
-10.0,1,121.081945
-10.0,1,121.088245
-10.0,1,121.095326
-10.0,4,121.114097
-10.0,3,121.126021
-10.0,1,121.132753
-10.0,1,121.139685
-10.0,2,121.149684
-10.0,1,121.15604
-10.0,1,121.162302
-10.0,1,121.168321
-10.0,4,121.188059
-10.0,2,121.196513
-10.0,1,121.202163
-10.0,1,121.207402
-10.0,3,121.219882
-10.0,1,121.225654
-10.0,2,121.235975
-10.0,2,121.244991
-10.0,2,121.25519
-10.0,4,121.274855
-10.0,1,121.283963
-10.0,1,121.289958
-10.0,1,121.296727
-10.0,1,121.303442
-10.0,1,121.30986
-10.0,3,121.323732
-10.0,10,121.361198
-10.0,1,121.367312
-10.0,1,121.373512
-10.0,2,121.385169
-10.0,3,121.403804
-10.0,4,121.429603
-10.0,2,121.442367
-10.0,2,121.453481
-10.0,2,121.464285
-10.0,3,121.477257
-10.0,2,121.486755
-10.0,1,121.493124
-10.0,1,121.50062
-10.0,1,121.509815
-10.0,2,121.523176
-10.0,1,121.531834
-10.0,1,121.540928
-10.0,1,121.550225
-10.0,2,121.564023
-10.0,4,121.583596
-10.0,1,121.591105
-10.0,1,121.600143
-10.0,1,121.609003
-10.0,1,121.617668
-10.0,1,121.627069
-10.0,2,121.640858
-10.0,1,121.651193
-10.0,1,121.660865
-10.0,11,121.700582
-10.0,1,121.706215
-10.0,1,121.711771
-10.0,1,121.717206
-10.0,1,121.723087
-10.0,1,121.732023
-10.0,1,121.740518
-10.0,1,121.747777
-10.0,1,121.757474
-10.0,1,121.766908
-10.0,2,121.781525
-10.0,4,121.80457
-10.0,2,121.817559
-10.0,6,121.847415
-10.0,5,121.873361
-10.0,1,121.882583
-10.0,2,121.894958
-10.0,2,121.904269
-10.0,3,121.914935
-10.0,1,121.920515
-10.0,4,121.937946
-10.0,4,121.958432
-10.0,1,121.966408
-10.0,6,121.996562
-10.0,3,122.013513
-10.0,2,122.02685
-10.0,2,122.039629
-10.0,1,122.048767
-10.0,1,122.057445
-10.0,5,122.082833
-10.0,2,122.095903
-10.0,3,122.110879
-10.0,1,122.116159
-10.0,1,122.121593
-35.4,2,122.129314
-10.0,1,122.134475
-10.0,6,122.151104
-10.0,2,122.162359
-10.0,1,122.171366
-10.0,1,122.180206
-10.0,3,122.197704
-10.0,3,122.209192
-10.0,1,122.214693
-10.0,1,122.221973
-10.0,2,122.234657
-10.0,1,122.243397
-10.0,7,122.276449
-10.0,2,122.286744
-10.0,6,122.313302
-10.0,2,122.327628
-10.0,2,122.340121
-10.0,5,122.364833
-10.0,3,122.382996
-10.0,2,122.396115
-10.0,3,122.413505
-10.0,4,122.429823
-10.0,1,122.4365
-10.0,1,122.445867
-10.0,2,122.457416
-10.0,1,122.465363
-10.0,1,122.473593
-10.0,3,122.485083
-10.0,4,122.498258
-10.0,2,122.505713
-10.0,1,122.509219
-10.0,1,122.51229
-10.0,4,122.519276
-10.0,1,122.522372
-10.0,1,122.525222
-10.0,4,122.532378
-10.0,4,122.53979
-10.0,3,122.545305
-10.0,2,122.54944
-10.0,1,122.553354
-10.0,2,122.55761
-10.0,4,122.564331
-10.0,1,122.567269
-10.0,5,122.579932
-10.0,2,122.588027
-10.0,1,122.591341
-10.0,3,122.597844
-10.0,3,122.603625
-10.0,1,122.606591
-10.0,1,122.609502
-10.0,2,122.613577
-10.0,5,122.621356
-10.0,3,122.62701
-10.0,1,122.630138
-10.0,4,122.638689
-10.0,4,122.651899
-10.0,2,122.659739
-10.0,3,122.674647
-10.0,2,122.685699
-10.0,2,122.698045
-10.0,3,122.716225
-10.0,1,122.725344
-10.0,4,122.750363
-10.0,2,122.767276
-10.0,7,122.797384
-10.0,1,122.804131
-10.0,2,122.813657
-10.0,2,122.823071
-10.0,4,122.83982
-10.0,1,122.845863
-10.0,1,122.851009
-10.0,3,122.860697
-10.0,1,122.865675
-10.0,1,122.870985
-10.0,1,122.876007
-10.0,4,122.888663
-10.0,3,122.898782
-10.0,3,122.910138
-10.0,1,122.915449
-10.0,1,122.920531
-10.0,5,122.935334
-10.0,1,122.940558
-10.0,3,122.95161
-10.0,1,122.956631
-10.0,2,122.964444
-10.0,4,122.976671
-10.0,6,123.00401
-10.0,1,123.009403
-10.0,2,123.01745
-10.0,1,123.022911
-10.0,6,123.040918
-10.0,1,123.04696
-10.0,3,123.0576
-10.0,2,123.065523
-10.0,2,123.073482
-10.0,1,123.079162
-10.0,1,123.084494
-10.0,1,123.090048
-10.0,3,123.100647
-10.0,1,123.106322
-10.0,2,123.114705
-10.0,3,123.124808
-10.0,2,123.132426
-10.0,2,123.140596
-10.0,1,123.145749
-10.0,1,123.150719
-10.0,2,123.158441
-10.0,3,123.168253
-10.0,4,123.180601
-10.0,1,123.186308
-10.0,2,123.193761
-10.0,1,123.198822
-10.0,1,123.20424
-10.0,2,123.211857
-10.0,1,123.217837
-10.0,1,123.222706
-10.0,2,123.230033
-10.0,3,123.240746
-10.0,5,123.255392
-10.0,6,123.272294
-10.0,4,123.285187
-10.0,1,123.290225
-10.0,5,123.306879
-10.0,1,123.312208
-10.0,2,123.319715
-10.0,2,123.327097
-10.0,1,123.333216
-10.0,3,123.342891
-10.0,2,123.350675
-10.0,1,123.355672
-10.0,3,123.365487
-10.0,4,123.378913
-10.0,1,123.384619
-10.0,1,123.392063
-10.0,1,123.397417
-10.0,1,123.402463
-10.0,3,123.413069
-10.0,1,123.418158
-10.0,2,123.427187
-10.0,2,123.439717
-10.0,4,123.451941
-10.0,2,123.459828
-10.0,10,123.486958
-10.0,5,123.501545
-10.0,1,123.507198
-10.0,1,123.512214
-10.0,1,123.517338
-10.0,1,123.523462
-10.0,1,123.528515
-10.0,1,123.533641
-10.0,2,123.541062
-10.0,3,123.551332
-10.0,5,123.56617
-10.0,2,123.573634
-10.0,1,123.578645
-10.0,1,123.583735
-10.0,3,123.593447
-10.0,5,123.607988
-10.0,2,123.615483
-10.0,2,123.622827
-10.0,2,123.630748
-10.0,1,123.637067
-10.0,1,123.64217
-10.0,4,123.654566
-10.0,4,123.667466
-10.0,2,123.674842
-10.0,1,123.680439
-10.0,2,123.687912
-10.0,1,123.692831
-10.0,3,123.703012
-10.0,5,123.717458
-10.0,3,123.727998
-10.0,4,123.742832
-10.0,1,123.750184
-10.0,1,123.756228
-10.0,5,123.775567
-10.0,1,123.788732
-10.0,3,123.814988
-10.0,1,123.828668
-10.0,3,123.851005
-10.0,1,123.859504
-10.0,1,123.87011
-10.0,3,123.891668
-10.0,3,123.91548
-10.0,5,123.941855
-10.0,1,123.952004
-10.0,5,123.975054
-10.0,4,123.986809
-10.0,1,123.991909
-10.0,2,124.000844
-10.0,4,124.010505
-10.0,10,124.13626
-10.0,3,124.149719
-10.0,2,124.188348
-10.0,1,124.193532
-10.0,1,124.203616
-10.0,1,124.207955
-10.0,6,124.251538
-10.0,1,124.25839
-10.0,2,124.269265
-10.0,1,124.273659
-10.0,1,124.277804
-10.0,1,124.282149
-10.0,1,124.287746
-10.0,2,124.296112
-10.0,3,124.308221
-10.0,1,124.313349
-10.0,4,124.327982
-69.3,2,124.338169
-10.0,2,124.348026
-10.0,3,124.361878
-10.0,1,124.370483
-10.0,5,124.395075
-10.0,1,124.40376
-10.0,1,124.415103
-10.0,2,124.431156
-10.0,1,124.442733
-10.0,2,124.458553
-10.0,4,124.491785
-10.0,4,124.516386
-10.0,5,124.544329
-10.0,1,124.553195
-10.0,1,124.565975
-10.0,1,124.57914
-10.0,1,124.589978
-10.0,2,124.606764
-10.0,2,124.627069
-10.0,1,124.643695
-10.0,1,124.65529
-10.0,1,124.667486
-10.0,4,124.692257
-10.0,6,124.728173
-10.0,1,124.737758
-10.0,1,124.748183
-43.2,1,124.757741
-10.0,2,124.772152
-10.0,3,124.802367
-10.0,3,124.822205
-10.0,3,124.838064
-10.0,4,124.856096
-10.0,1,124.86548
-10.0,1,124.87518
-10.0,1,124.884403
-10.0,3,124.907307
-10.0,3,124.932334
-10.0,1,124.94007
-10.0,5,124.961806
-10.0,1,124.969729
-10.0,1,124.977137
-10.0,3,124.990256
-10.0,6,125.022341
-10.0,1,125.032566
-10.0,1,125.043544
-10.0,2,125.065478
-10.0,1,125.071772
-10.0,1,125.079636
-10.0,1,125.086325
-10.0,2,125.103802
-10.0,3,125.122193
-10.0,4,125.143017
-10.0,7,125.18206
-10.0,3,125.196538
-10.0,1,125.204783
-10.0,6,125.227569
-10.0,6,125.252491
-10.0,1,125.259391
-10.0,2,125.271534
-10.0,5,125.293914
-10.0,1,125.302788
-10.0,4,125.322592
-10.0,1,125.330174
-10.0,2,125.339873
-10.0,3,125.355295
-10.0,1,125.363036
-10.0,4,125.380147
-10.0,4,125.398654
-10.0,1,125.405608
-10.0,1,125.4132
-10.0,1,125.420496
-10.0,2,125.436818
-10.0,2,125.447599
-10.0,4,125.466703
-10.0,2,125.478719
-10.0,2,125.492257
-10.0,1,125.500321
-10.0,1,125.507972
-10.0,2,125.520851
-10.0,7,125.554315
-10.0,4,125.57672
-10.0,2,125.590286
-10.0,1,125.600523
-10.0,1,125.609272
-10.0,6,125.63479
-10.0,1,125.641771
-10.0,5,125.661974
-10.0,1,125.668341
-10.0,1,125.676711
-10.0,4,125.695682
-10.0,1,125.702728
-10.0,1,125.708991
-10.0,1,125.718397
-10.0,5,125.746578
-10.0,1,125.75749
-10.0,1,125.767273
-10.0,1,125.774789
-10.0,5,125.797581
-10.0,2,125.809183
-10.0,1,125.817448
-10.0,2,125.832232
-10.0,3,125.850446
-10.0,1,125.8597
-10.0,1,125.8668
-10.0,5,125.887872
-10.0,1,125.899156
-10.0,1,125.910953
-10.0,2,125.924468
-10.0,9,125.960382
-10.0,1,125.967392
-10.0,2,125.978411
-10.0,3,125.991746
-10.0,2,126.003108
-10.0,1,126.010347
-10.0,2,126.027384
-10.0,1,126.036942
-10.0,2,126.044718
-10.0,3,126.054545
-10.0,5,126.069731
-10.0,3,126.078877
-10.0,2,126.085261
-10.0,3,126.093002
-10.0,1,126.09677
-10.0,2,126.102538
-10.0,1,126.106571
-10.0,5,126.117684
-10.0,1,126.121949
-10.0,2,126.128243
-10.0,1,126.13235
-10.0,2,126.139752
-10.0,3,126.148421
-10.0,2,126.156287
-10.0,2,126.162031
-10.0,1,126.165693
-10.0,1,126.168907
-10.0,2,126.174312
-10.0,3,126.180308
-10.0,4,126.188575
-10.0,3,126.195161
-10.0,1,126.198194
-10.0,4,126.205941
-10.0,1,126.209127
-10.0,2,126.215114
-10.0,2,126.224818
-10.0,3,126.237406
-10.0,1,126.242666
-10.0,1,126.24819
-10.0,5,126.27321
-10.0,2,126.288466
-10.0,1,126.298177
-10.0,1,126.308034
-10.0,1,126.319546
-10.0,4,126.345562
-10.0,1,126.354968
-10.0,1,126.36428
-10.0,1,126.373593
-10.0,2,126.387977
-44.4,1,126.397765
-10.0,1,126.406735
-10.0,1,126.417053
-10.0,2,126.432597
-10.0,2,126.446442
-10.0,7,126.483683
-10.0,2,126.497487
-10.0,2,126.511883
-10.0,2,126.526475
-10.0,2,126.541588
-10.0,3,126.560238
-10.0,5,126.599191
-10.0,2,126.613422
-10.0,3,126.641093
-10.0,1,126.650413
-10.0,1,126.656513
-10.0,1,126.662086
-10.0,5,126.677063
-10.0,1,126.682557
-10.0,2,126.690061
-10.0,4,126.70262
-10.0,3,126.712576
-10.0,1,126.717617
-10.0,1,126.722582
-10.0,1,126.727843
-10.0,3,126.737647
-10.0,1,126.742995
-10.0,1,126.748343
-10.0,3,126.758117
-10.0,1,126.763427
-10.0,1,126.768395
-10.0,1,126.773315
-10.0,1,126.778968
-10.0,1,126.784189
-10.0,3,126.794275
-10.0,2,126.80166
-10.0,1,126.806767
-10.0,1,126.811794
-10.0,3,126.821364
-10.0,4,126.833869
-10.0,5,126.848407
-10.0,1,126.853337
-10.0,1,126.859392
-10.0,3,126.869285
-10.0,2,126.878536
-10.0,2,126.885864
-10.0,2,126.893808
-10.0,3,126.905161
-10.0,3,126.915914
-10.0,1,126.921394
-10.0,3,126.931788
-10.0,4,126.944694
-10.0,2,126.953101
-10.0,3,126.963721
-10.0,1,126.969271
-10.0,1,126.974783
-10.0,1,126.979949
-10.0,2,126.988673
-10.0,2,126.996874
-10.0,1,127.002376
-10.0,1,127.007647
-10.0,2,127.016699
-10.0,1,127.024993
-10.0,3,127.038656
-10.0,2,127.04644
-10.0,1,127.051615
-10.0,2,127.059105
-10.0,1,127.064753
-10.0,1,127.069819
-10.0,2,127.077315
-10.0,1,127.082488
-10.0,2,127.0899
-10.0,2,127.098285
-10.0,6,127.119299
-10.0,1,127.127022
-10.0,3,127.136797
-10.0,1,127.142103
-10.0,3,127.152223
-10.0,1,127.157645
-10.0,1,127.162752
-10.0,3,127.172819
-10.0,2,127.180737
-10.0,11,127.21122
-10.0,4,127.224064
-10.0,1,127.229201
-10.0,2,127.236995
-10.0,2,127.244659
-10.0,9,127.270513
-10.0,1,127.276413
-10.0,1,127.281647
-10.0,2,127.28978
-10.0,4,127.302704
-10.0,3,127.315287
-10.0,2,127.322031
-10.0,2,127.331231
-10.0,8,127.35415
-10.0,1,127.359934
-10.0,1,127.365287
-10.0,5,127.381679
-10.0,2,127.389703
-10.0,4,137.968164
-10.0,1,137.97743
-10.0,1,137.983817
-10.0,1,137.989679
-10.0,1,137.9984
-10.0,5,138.019733
-10.0,2,138.030671
-10.0,1,138.040855
-10.0,1,138.073397
-10.0,1,138.080837
-10.0,2,138.088916
-10.0,1,138.094948
-10.0,9,138.125643
-10.0,1,138.131051
-10.0,1,138.136721
-10.0,1,138.143997
-10.0,1,138.150046
-10.0,1,138.157732
-10.0,1,138.165359
-10.0,4,138.181157
-10.0,1,138.187135
-10.0,2,138.19446
-10.0,2,138.203071
-10.0,3,138.213305
-10.0,1,138.218335
-10.0,5,138.236022
-10.0,2,138.24552
-10.0,1,138.250878
-10.0,2,138.259414
-10.0,1,138.265472
-10.0,1,138.270886
-10.0,6,138.289742
-10.0,5,138.301599
-10.0,1,138.306029
-10.0,2,138.312061
-10.0,4,138.322961
-10.0,3,138.332848
-10.0,2,138.339201
-10.0,1,138.343836
-10.0,1,138.348898
-10.0,1,138.35329
-10.0,1,138.358488
-10.0,1,138.362523
-10.0,2,138.36895
-10.0,1,138.373237
-10.0,4,138.384476
-10.0,1,138.390745
-10.0,4,138.40714
-10.0,1,138.415689
-10.0,2,138.422259
-10.0,1,138.427301
-10.0,5,138.445523
-10.0,1,138.460178
-10.0,1,138.474745
-10.0,1,138.48056
-10.0,2,138.488593
-10.0,4,138.505226
-10.0,1,138.509831
-10.0,1,138.516886
-10.0,1,138.521876
-10.0,2,138.529315
-10.0,8,138.551076
-10.0,5,138.568434
-10.0,1,138.573408
-10.0,2,138.583044
-10.0,1,138.588277
-10.0,1,138.594244
-10.0,1,138.600794
-10.0,1,138.607593
-10.0,1,138.619216
-10.0,3,138.640555
-10.0,1,138.653804
-10.0,2,138.66863
-10.0,1,138.677134
-10.0,4,138.698768
-10.0,5,138.71576
-10.0,1,138.722995
-10.0,1,138.730041
-10.0,2,138.73926
-10.0,4,138.754527
-10.0,1,138.764603
-10.0,1,138.772213
-10.0,10,138.814833
-10.0,2,138.822832
-10.0,7,138.858358
-10.0,7,138.901809
-10.0,4,138.950814
-10.0,3,138.976197
-10.0,2,138.998538
-10.0,7,139.065861
-10.0,1,139.074204
-10.0,3,139.095039
-10.0,3,139.115724
-10.0,1,139.124573
-10.0,1,139.131811
-10.0,3,139.146686
-10.0,1,139.155893
-10.0,2,139.174726
-10.0,2,139.18923
-10.0,5,139.218984
-10.0,13,139.278668
-10.0,7,139.30847
-10.0,3,139.334929
-10.0,1,139.340659
-10.0,3,139.351711
-10.0,1,139.356382
-10.0,4,139.371338
-10.0,1,139.376019
-10.0,4,139.390636
-10.0,1,139.397792
-10.0,2,139.406017
-36.6,2,139.413898
-10.0,1,139.421621
-10.0,2,139.434151
-10.0,2,139.444202
-10.0,9,139.487044
-10.0,1,139.496821
-10.0,2,139.509405
-10.0,1,139.520677
-10.0,2,139.533054
-10.0,2,139.546469
-10.0,1,139.551786
-10.0,1,139.557913
-10.0,1,139.565022
-10.0,2,139.5739
-10.0,2,139.586055
-10.0,1,139.59302
-10.0,1,139.598983
-10.0,1,139.604563
-10.0,3,139.614943
-10.0,4,139.631981
-10.0,1,139.63911
-10.0,5,139.655521
-10.0,2,139.665213
-10.0,1,139.670206
-10.0,4,139.687737
-10.0,6,139.712842
-10.0,3,139.729761
-10.0,1,139.73763
-10.0,4,139.755917
-10.0,2,139.76688
-10.0,2,139.776752
-10.0,1,139.797127
-10.0,3,139.883911
-10.0,1,139.89377
-10.0,4,139.911991
-10.0,1,139.918975
-10.0,4,139.936498
-10.0,1,139.942898
-10.0,1,139.949131
-10.0,2,139.958883
-10.0,1,139.963836
-10.0,1,139.968675
-10.0,1,139.976154
-10.0,1,140.001629
-10.0,2,140.008431
-10.0,5,140.021748
-10.0,3,140.031301
-10.0,2,140.039024
-10.0,1,140.044702
-10.0,2,140.052426
-10.0,8,143.382177
-10.0,4,143.401395
-10.0,10,143.441897
-10.0,2,143.453349
-10.0,1,143.462399
-10.0,4,143.483845
-10.0,2,143.495823
-10.0,6,143.521749
-10.0,1,143.529123
-10.0,4,143.547444
-10.0,1,143.555114
-10.0,2,143.563429
-10.0,3,143.57462
-10.0,7,143.596666
-10.0,4,143.620225
-10.0,2,143.635211
-10.0,1,143.645704
-10.0,1,143.65593
-10.0,2,143.670331
-10.0,1,143.67984
-10.0,1,143.689159
-10.0,4,143.713723
-10.0,3,143.732483
-10.0,2,143.747121
-10.0,1,143.754747
-10.0,6,143.773916
-10.0,3,143.784081
-10.0,1,143.789944
-10.0,5,143.805501
-10.0,1,143.810771
-10.0,23,143.871696
-10.0,5,143.886959
-10.0,1,143.89226
-10.0,8,143.91554
-10.0,1,143.920666
-10.0,9,143.946187
-10.0,1,143.951574
-10.0,2,143.95934
-10.0,4,143.977649
-10.0,4,143.995291
-10.0,2,144.005427
-10.0,1,144.012209
-10.0,1,144.018183
-10.0,1,144.023708
-10.0,2,144.031414
-10.0,26,144.098493
-10.0,1,144.104358
-10.0,4,144.116817
-10.0,1,144.123718
-10.0,8,144.148216
-10.0,1,144.153519
-10.0,8,144.178519
-10.0,4,144.193016
-10.0,1,144.198408
-10.0,1,144.208571
-10.0,6,144.239222
-10.0,9,144.285698
-10.0,11,144.339241
-10.0,1,144.344845
-10.0,3,144.359107
-10.0,5,144.380993
-10.0,2,144.390349
-10.0,3,144.400771
-10.0,1,144.406803
-10.0,6,144.429408
-10.0,5,144.451344
-10.0,4,144.466308
-10.0,2,144.477071
-10.0,1,144.484271
-10.0,1,144.490548
-10.0,4,144.508095
-10.0,6,144.533572
-10.0,3,144.546062
-10.0,5,144.561645
-10.0,5,144.582534
-10.0,3,144.59625
-10.0,3,144.611543
-10.0,1,144.617769
-10.0,9,144.648599
-10.0,2,144.660373
-10.0,3,144.679392
-10.0,1,144.688586
-10.0,2,144.696809
-10.0,1,144.703259
-10.0,5,144.723503
-10.0,1,144.73173
-10.0,4,144.755732
-10.0,6,144.781008
-10.0,1,144.788147
-10.0,1,144.795386
-10.0,1,144.80135
-10.0,1,144.807922
-10.0,3,144.825292
-10.0,8,144.861583
-10.0,6,144.884895
-10.0,1,144.891907
-10.0,1,144.898432
-10.0,3,144.909349
-10.0,1,144.917157
-10.0,6,144.939812
-10.0,11,144.989292
-10.0,4,145.008768
-10.0,2,145.021469
-10.0,1,145.028204
-10.0,1,145.034879
-10.0,1,145.044246
-10.0,5,145.074069
-10.0,2,145.086348
-10.0,11,145.134835
-10.0,2,145.146309
-10.0,1,145.154326
-10.0,4,145.172636
-10.0,1,145.179529
-10.0,2,145.19193
-10.0,2,145.202968
-10.0,4,145.22672
-10.0,2,145.244753
-10.0,3,145.259703
-10.0,6,145.27903
-10.0,1,145.284695
-10.0,7,145.311615
-10.0,2,145.322542
-10.0,1,145.330401
-10.0,1,145.336928
-10.0,2,145.344642
-10.0,8,145.384088
-10.0,1,145.39312
-10.0,1,145.400895
-10.0,1,145.408612
-10.0,7,145.437811
-10.0,1,145.446651
-10.0,1,145.454388
-10.0,1,145.462171
-10.0,1,145.469011
-10.0,2,145.484632
-10.0,6,145.510302
-10.0,4,145.529318
-10.0,2,145.542394
-10.0,12,145.588871
-10.0,1,145.596244
-10.0,2,145.605479
-10.0,1,145.612829
-10.0,6,145.642282
-10.0,2,145.649928
-10.0,2,145.657876
-10.0,4,145.67654
-10.0,1,145.683375
-10.0,4,145.698951
-10.0,7,145.730804
-10.0,2,145.742464
-10.0,3,145.757851
-10.0,1,145.764831
-10.0,8,145.799707
-10.0,1,145.808312
-10.0,2,145.819446
-10.0,10,145.865371
-10.0,7,145.895507
-10.0,8,145.924591
-10.0,3,145.941424
-10.0,5,145.95829
-10.0,3,145.968334
-10.0,2,145.980962
-10.0,2,145.990839
-10.0,2,145.999289
-10.0,6,146.020087
-10.0,2,146.029033
-10.0,3,146.041812
-10.0,6,146.07495
-10.0,1,146.08708
-10.0,2,146.103645
-10.0,3,146.119548
-10.0,8,146.159162
-10.0,4,146.181161
-10.0,4,146.204209
-10.0,4,146.230739
-10.0,3,146.256261
-10.0,1,146.268254
-10.0,2,146.282439
-10.0,2,146.293657
-10.0,1,146.300683
-10.0,1,146.307997
-10.0,4,146.329889
-10.0,1,146.341319
-10.0,3,146.364287
-10.0,3,146.383209
-10.0,4,146.40899
-10.0,1,146.417373
-10.0,3,146.433903
-10.0,8,146.467347
-10.0,2,146.4807
-10.0,4,146.499686
-10.0,1,146.507852
-10.0,6,146.53205
-10.0,4,146.545165
-10.0,3,146.557647
-10.0,3,146.574648
-10.0,2,146.586377
-10.0,2,146.594273
-10.0,1,146.600803
-10.0,1,146.606406
-10.0,4,146.627641
-10.0,9,146.700129
-10.0,1,146.715582
-10.0,7,146.748508
-10.0,1,146.754053
-10.0,1,146.759867
-10.0,2,146.768108
-10.0,2,146.777095
-10.0,3,146.787624
-10.0,1,146.793342
-10.0,4,146.806788
-10.0,1,146.812297
-10.0,2,146.820207
-10.0,7,146.843774
-10.0,1,146.852827
-10.0,3,146.86969
-10.0,3,146.888664
-10.0,1,146.894591
-10.0,1,146.900283
-10.0,2,146.909314
-10.0,4,146.923561
-10.0,6,146.945117
-10.0,6,146.96475
-10.0,4,146.983736
-10.0,3,146.994129
-10.0,1,147.002031
-10.0,1,147.009233
-10.0,2,147.017698
-10.0,13,147.063695
-10.0,2,147.071697
-10.0,6,147.091005
-10.0,1,147.097003
-10.0,5,147.116302
-10.0,1,147.12311
-10.0,1,147.133111
-10.0,1,147.142588
-10.0,1,147.152125
-10.0,5,147.179964
-10.0,9,147.22027
-10.0,5,147.245959
-10.0,7,147.27817
-10.0,1,147.28637
-10.0,11,147.33492
-10.0,1,147.341113
-10.0,2,147.350003
-10.0,2,147.358621
-10.0,3,147.36707
-10.0,1,147.370444
-10.0,3,147.376664
-10.0,4,147.384562
-10.0,3,147.390938
-10.0,7,147.402348
-10.0,5,147.411166
-10.0,1,147.414181
-10.0,12,147.436708
-10.0,1,147.442097
-10.0,1,147.447464
-10.0,2,147.453034
-10.0,1,147.457772
-10.0,1,147.462385
-69.9,4,147.475156
-10.0,2,147.483542
-10.0,2,147.491757
-10.0,4,147.505857
-10.0,3,147.516889
-10.0,11,147.566221
-10.0,4,147.581505
-10.0,6,147.599199
-10.0,7,147.620546
-10.0,1,147.626287
-10.0,2,147.633955
-10.0,2,147.64153
-10.0,1,147.646505
-10.0,7,147.667957
-10.0,2,147.675521
-10.0,2,147.684629
-10.0,1,147.689743
-10.0,7,147.715213
-10.0,5,147.73396
-10.0,2,147.744024
-10.0,13,147.785084
-10.0,5,147.79988
-10.0,1,147.805266
-10.0,3,147.816041
-10.0,7,147.837762
-10.0,2,147.84743
-10.0,1,147.855052
-10.0,5,147.870347
-10.0,1,147.875592
-10.0,1,147.880493
-10.0,1,147.885875
-10.0,2,147.893087
-10.0,1,147.898088
-10.0,1,147.903238
-10.0,3,147.91287
-10.0,2,147.920307
-10.0,1,147.925158
-10.0,4,147.937562
-10.0,4,147.94965
-10.0,4,147.961822
-10.0,13,147.998065
-10.0,1,148.003063
-10.0,2,148.010311
-10.0,3,148.020356
-10.0,1,148.025248
-10.0,3,148.035163
-10.0,1,148.040185
-10.0,1,148.045205
-10.0,7,148.064772
-10.0,3,148.074584
-10.0,2,148.084792
-10.0,3,148.100544
-10.0,2,148.107813
-10.0,1,148.113803
-10.0,2,148.121536
-10.0,2,148.129456
-10.0,3,148.139387
-10.0,12,148.179572
-10.0,2,148.19035
-10.0,7,148.219005
-10.0,9,148.260928
-10.0,7,148.292433
-10.0,2,148.304124
-10.0,1,148.31212
-10.0,1,148.320799
-10.0,5,148.345932
-10.0,1,148.354895
-10.0,3,148.369912
-10.0,1,148.377126
-10.0,3,148.391488
-10.0,2,148.402259
-10.0,9,148.435428
-10.0,2,148.44402
-10.0,3,148.453919
-10.0,1,148.45919
-10.0,5,148.473993
-10.0,1,148.479309
-10.0,1,148.484253
-10.0,4,148.497957
-10.0,1,148.502898
-10.0,2,148.510985
-10.0,3,148.520797
-10.0,4,148.533148
-10.0,8,148.555539
-10.0,2,148.562976
-10.0,1,148.567757
-10.0,1,148.572752
-10.0,1,148.577745
-10.0,5,148.592488
-10.0,3,148.602764
-10.0,7,148.623127
-10.0,2,148.630396
-10.0,2,148.639764
-10.0,3,148.65481
-10.0,2,148.662338
-10.0,7,148.682302
-10.0,1,148.687869
-10.0,2,148.695169
-10.0,5,148.710115
-10.0,2,148.718465
-10.0,15,148.760987
-10.0,4,148.773642
-10.0,2,148.781382
-10.0,1,148.786688
-10.0,13,148.82047
-10.0,1,148.826071
-10.0,1,148.831386
-10.0,3,148.843049
-10.0,3,148.854628
-10.0,5,148.869404
-10.0,1,148.875305
-10.0,4,148.888156
-10.0,3,148.898852
-10.0,2,148.906466
-10.0,3,148.916337
-10.0,9,148.940814
-10.0,3,148.951224
-10.0,1,148.956534
-10.0,4,148.968558
-10.0,1,148.973625
-10.0,2,148.980932
-10.0,1,148.986636
-10.0,2,148.99429
-10.0,2,149.002148
-10.0,2,149.009485
-10.0,5,149.024068
-10.0,1,149.029033
-10.0,2,149.038763
-10.0,3,149.051771
-10.0,4,149.065059
-10.0,3,149.077523
-10.0,4,149.09294
-10.0,2,149.103608
-10.0,1,149.110317
-10.0,9,149.139984
-10.0,3,149.15007
-10.0,3,149.160785
-10.0,4,149.17269
-10.0,4,149.185342
-10.0,3,149.1954
-10.0,1,149.200426
-10.0,4,149.213391
-10.0,7,149.23306
-10.0,6,149.249941
-10.0,1,149.255234
-10.0,1,149.260185
-10.0,2,149.267462
-10.0,15,149.307207
-10.0,9,149.331319
-10.0,7,149.350685
-10.0,1,149.355817
-10.0,4,149.36799
-10.0,1,149.373015
-10.0,4,149.385156
-10.0,15,149.42345
-10.0,1,149.428437
-10.0,3,149.440444
-10.0,2,149.450505
-10.0,3,149.460203
-10.0,6,149.478154
-10.0,3,149.490931
-10.0,3,149.503961
-10.0,1,149.510176
-10.0,5,149.673815
-10.0,1,149.68362
-10.0,1,149.6908
-10.0,4,149.705231
-10.0,3,149.71218
-10.0,2,149.721697
-10.0,1,149.727178
-10.0,4,149.737232
-10.0,1,149.741422
-10.0,2,149.747116
-10.0,1,149.751915
-10.0,9,149.773509
-10.0,1,149.77746
-10.0,5,149.788191
-10.0,1,149.791771
-10.0,2,149.796755
-10.0,1,149.800876
-10.0,6,149.817755
-10.0,10,149.850429
-10.0,2,149.857728
-10.0,1,149.862854
-10.0,1,149.867849
-10.0,1,149.872801
-10.0,3,149.882684
-10.0,2,149.890435
-10.0,11,149.919444
-10.0,1,149.924624
-10.0,6,149.941759
-10.0,1,149.946832
-10.0,1,149.95184
-10.0,1,149.957776
-10.0,5,149.972829
-10.0,2,149.980404
-10.0,1,149.985297
-10.0,2,149.992968
-10.0,1,149.998502
-10.0,3,150.008317
-10.0,1,150.013432
-10.0,5,150.027875
-10.0,10,150.054991
-10.0,2,150.062453
-10.0,4,150.07455
-10.0,2,150.082016
-10.0,11,150.115688
-10.0,2,150.123583
-10.0,2,150.131451
-10.0,1,150.136899
-10.0,2,150.144353
-10.0,4,160.071253
-10.0,3,160.084677
-10.0,1,160.089589
-10.0,3,160.100531
-10.0,3,160.110351
-10.0,2,160.118025
-10.0,1,160.123023
-10.0,6,160.154868
-10.0,8,160.197476
-10.0,4,160.222937
-10.0,5,160.248897
-10.0,1,160.259655
-10.0,4,160.278633
-10.0,6,160.300825
-10.0,4,160.312881
-10.0,3,160.322578
-10.0,1,160.327663
-10.0,1,160.332988
-10.0,5,160.347468
-10.0,6,160.364632
-10.0,9,160.388654
-10.0,4,160.40097
-10.0,2,160.408187
-10.0,2,160.415748
-10.0,2,160.422846
-10.0,1,160.427586
-10.0,1,160.432631
-10.0,1,160.437508
-10.0,2,160.444915
-10.0,1,160.449864
-10.0,2,160.457216
-42.3,2,160.465727
-10.0,4,160.478387
-10.0,2,160.485713
-10.0,5,160.500368
-10.0,5,160.514995
-10.0,1,160.519993
-10.0,3,160.529973
-10.0,1,160.535033
-10.0,4,160.547221
-10.0,2,160.554443
-10.0,1,160.559816
-10.0,2,160.567014
-10.0,4,160.579831
-10.0,7,160.604971
-10.0,2,160.61238
-10.0,4,160.624773
-10.0,3,160.634304
-10.0,2,160.641919
-10.0,4,160.654117
-10.0,1,160.659137
-10.0,2,160.666459
-10.0,1,160.671583
-10.0,7,160.691165
-10.0,1,160.696161
-10.0,6,160.713108
-10.0,10,160.740583
-10.0,1,160.745709
-10.0,1,160.7509
-10.0,2,160.758007
-10.0,3,160.767799
-10.0,3,160.777314
-10.0,1,160.783413
-10.0,1,160.788827
-10.0,2,160.797178
-10.0,2,160.804782
-10.0,1,160.810085
-10.0,3,160.819671
-10.0,4,160.83211
-10.0,3,160.841727
-10.0,1,160.846953
-10.0,1,160.851917
-10.0,1,160.856711
-10.0,4,160.869751
-10.0,1,160.875776
-10.0,3,160.886224
-10.0,1,160.89228
-10.0,5,160.911195
-10.0,4,160.930896
-10.0,1,160.938219
-64.8,3,160.951814
-10.0,5,160.974882
-10.0,2,160.988942
-10.0,3,161.002828
-10.0,1,161.008142
-10.0,3,161.018471
-10.0,1,161.024515
-10.0,7,161.042806
-10.0,1,161.046012
-10.0,4,161.056169
-10.0,3,161.066102
-10.0,3,161.076288
-10.0,1,161.082986
-10.0,3,161.095748
-10.0,2,161.103853
-10.0,11,161.133006
-10.0,1,161.138513
-10.0,3,161.147484
-10.0,9,161.170534
-10.0,1,161.176298
-10.0,1,161.182693
-10.0,7,161.209107
-10.0,1,161.215449
-10.0,2,161.224967
-10.0,1,161.231434
-10.0,3,161.243647
-10.0,3,161.258524
-10.0,6,161.28181
-10.0,10,161.312601
-27.9,15,161.361093
-10.0,1,161.368904
-10.0,2,161.377386
-10.0,2,161.388322
-46.8,1,161.396331
-10.0,1,161.405277
-10.0,4,161.418597
-10.0,5,161.434887
-10.0,8,161.459013
-10.0,4,161.471884
-10.0,1,161.475988
-10.0,1,161.480341
-10.0,2,161.485792
-10.0,2,161.494568
-10.0,3,161.50905
-10.0,5,161.526883
-10.0,1,161.532548
-10.0,1,161.537579
-10.0,1,161.543519
-10.0,1,161.548721
-10.0,4,161.562473
-10.0,1,161.569843
-10.0,6,161.592382
-10.0,3,161.602453
-10.0,1,161.608053
-10.0,2,161.617811
-10.0,2,161.627171
-10.0,2,161.638956
-10.0,6,161.660101
-10.0,3,161.671377
-10.0,5,161.691669
-10.0,3,161.704948
-10.0,5,164.836278
-10.0,4,164.852515
-10.0,8,164.882791
-10.0,1,164.889344
-10.0,3,164.903132
-10.0,2,164.913488
-10.0,5,164.932932
-10.0,10,164.96762
-10.0,1,164.974701
-10.0,8,165.005378
-10.0,2,165.01652
-10.0,7,165.036483
-10.0,1,165.041654
-10.0,12,165.072711
-10.0,3,165.082905
-10.0,2,165.09066
-10.0,20,165.141284
-10.0,9,165.165273
-10.0,3,165.175299
-10.0,2,165.18288
-10.0,1,165.188377
-10.0,2,165.198557
-10.0,4,165.213663
-10.0,12,165.250125
-10.0,2,165.258541
-10.0,12,165.302428
-10.0,1,165.308386
-10.0,5,165.326814
-10.0,1,165.333262
-10.0,3,165.345206
-10.0,4,165.359008
-10.0,4,165.373045
-10.0,4,165.387345
-10.0,2,165.396149
-10.0,1,165.400976
-10.0,3,165.410838
-10.0,1,165.415732
-10.0,3,165.425567
-10.0,15,165.464127
-10.0,2,165.471835
-10.0,7,165.491662
-10.0,4,165.505719
-10.0,1,165.511456
-10.0,1,165.517312
-10.0,5,165.534061
-10.0,4,165.548512
-10.0,2,165.557464
-10.0,1,165.563167
-10.0,1,165.569069
-10.0,2,165.577502
-10.0,12,165.608556
-10.0,4,165.620682
-10.0,2,165.627908
-10.0,6,165.644617
-10.0,5,165.659937
-10.0,2,165.667506
-10.0,20,165.717825
-10.0,2,165.725739
-10.0,18,165.77872
-10.0,2,165.786713
-10.0,11,165.816117
-10.0,12,165.847553
-10.0,1,165.852638
-10.0,3,165.862457
-10.0,7,165.882041
-10.0,7,165.901504
-10.0,15,165.939139
-10.0,2,165.946307
-10.0,5,165.960792
-10.0,3,165.970563
-10.0,4,165.982863
-10.0,2,165.990209
-10.0,1,165.995306
-10.0,11,166.030445
-10.0,2,166.040995
-10.0,1,166.046147
-10.0,3,166.055712
-10.0,18,166.126357
-10.0,6,166.153065
-10.0,3,166.166947
-10.0,1,166.176127
-10.0,1,166.183794
-10.0,3,166.193129
-10.0,3,166.201368
-10.0,3,166.212572
-10.0,10,166.237277
-10.0,2,166.243382
-10.0,3,166.251938
-10.0,15,166.300339
-10.0,2,166.311238
-10.0,18,166.372814
-10.0,5,166.387989
-10.0,1,166.393198
-10.0,1,166.399075
-10.0,6,166.417328
-10.0,3,166.427112
-10.0,4,166.443484
-10.0,4,166.459249
-10.0,5,166.477834
-10.0,1,166.484267
-10.0,5,166.504118
-10.0,6,166.521652
-10.0,1,166.527766
-10.0,2,166.536268
-10.0,8,166.566831
-10.0,4,166.58292
-10.0,5,166.603125
-10.0,3,166.616271
-10.0,3,166.629482
-10.0,2,166.638708
-10.0,5,166.654009
-10.0,4,166.669128
-10.0,9,166.695662
-10.0,2,166.703648
-10.0,4,166.71698
-10.0,1,166.723072
-10.0,4,166.740483
-10.0,8,166.770182
-10.0,6,166.792394
-10.0,1,166.798423
-10.0,9,166.832389
-10.0,1,166.837466
-10.0,1,166.844032
-10.0,5,166.86081
-10.0,3,166.874281
-10.0,1,166.883039
-10.0,2,166.894931
-10.0,2,166.90537
-10.0,16,166.960272
-10.0,8,166.989309
-10.0,8,167.011975
-10.0,23,167.08375
-10.0,2,167.094665
-10.0,2,167.107273
-10.0,2,167.120258
-10.0,7,167.150428
-10.0,2,167.161137
-10.0,3,167.175296
-10.0,3,167.186423
-10.0,2,167.194704
-10.0,1,167.200485
-10.0,1,167.207673
-10.0,4,167.221765
-10.0,4,167.238546
-10.0,16,167.291465
-10.0,1,167.297112
-10.0,4,167.312916
-10.0,3,167.327308
-10.0,1,167.334488
-10.0,2,167.341999
-10.0,15,167.389984
-10.0,8,167.41324
-10.0,3,167.423121
-10.0,12,167.448744
-10.0,6,167.458575
-10.0,2,167.462441
-10.0,8,167.476027
-10.0,2,167.483549
-10.0,2,167.494365
-10.0,3,167.507318
-10.0,1,167.513787
-10.0,1,167.520057
-10.0,11,167.56352
-10.0,7,167.588162
-10.0,13,167.632761
-10.0,6,167.656053
-10.0,8,167.682817
-10.0,11,167.719193
-10.0,9,167.753406
-10.0,4,167.768889
-10.0,3,167.783232
-10.0,10,167.817785
-10.0,1,167.826753
-10.0,6,167.852307
-10.0,1,167.859251
-10.0,7,167.886409
-10.0,2,167.8968
-10.0,1,167.902288
-10.0,3,167.914602
-10.0,1,167.923087
-10.0,3,167.936204
-10.0,4,167.952754
-10.0,9,167.998034
-10.0,3,168.01439
-10.0,5,168.042089
-10.0,6,168.086499
-10.0,4,168.112687
-10.0,5,168.15257
-10.0,7,168.199865
-10.0,1,168.209633
-10.0,17,168.278908
-10.0,4,168.300021
-10.0,1,168.308901
-10.0,3,168.319327
-10.0,4,168.330179
-10.0,2,168.338958
-10.0,8,168.371086
-10.0,5,168.387086
-10.0,4,168.40254
-10.0,2,168.414571
-10.0,24,168.500552
-10.0,3,168.513199
-10.0,3,168.530241
-10.0,5,168.554151
-10.0,7,168.590443
-10.0,3,168.608357
-10.0,1,168.617295
-10.0,17,168.698388
-10.0,4,168.719744
-10.0,2,168.73206
-10.0,3,168.750028
-10.0,5,168.772426
-10.0,6,168.801894
-10.0,5,168.827436
-10.0,4,168.843448
-10.0,3,168.859098
-10.0,2,168.871821
-10.0,1,168.880409
-10.0,7,168.905464
-10.0,7,168.940107
-10.0,6,168.980481
-10.0,1,168.989759
-10.0,1,169.001148
-10.0,4,169.02975
-10.0,1,169.041922
-10.0,5,169.071343
-10.0,3,169.088725
-10.0,7,169.12252
-10.0,1,169.129848
-10.0,5,169.15345
-10.0,5,169.169783
-10.0,21,169.218688
-10.0,1,169.225478
-10.0,2,169.233438
-10.0,2,169.241556
-10.0,4,169.254085
-10.0,8,169.274621
-10.0,7,169.293184
-10.0,2,169.297768
-10.0,1,169.30082
-10.0,3,169.307151
-10.0,11,169.326864
-10.0,17,169.375098
-10.0,8,169.412746
-10.0,6,169.44235
-10.0,6,169.469206
-10.0,12,169.511683
-10.0,1,169.517187
-10.0,8,169.539091
-10.0,8,169.56294
-10.0,1,169.569454
-10.0,2,169.579735
-10.0,15,169.618299
-10.0,8,169.640743
-10.0,7,169.660222
-10.0,8,169.681891
-10.0,4,169.694359
-10.0,6,169.71155
-10.0,11,169.741521
-10.0,17,169.785294
-10.0,3,169.795147
-10.0,12,169.828785
-10.0,19,169.878914
-10.0,3,169.888831
-10.0,9,169.91321
-10.0,2,169.920544
-10.0,14,169.958257
-10.0,1,169.964667
-10.0,3,169.978161
-10.0,2,169.985666
-10.0,8,170.008422
-10.0,2,170.015971
-10.0,9,170.040617
-10.0,11,170.069993
-10.0,5,170.08538
-10.0,3,170.095115
-10.0,8,170.117198
-10.0,2,170.1247
-10.0,2,170.132094
-10.0,13,170.167847
-10.0,3,170.178306
-10.0,5,170.194251
-10.0,2,170.204408
-10.0,6,170.229828
-10.0,9,170.263514
-10.0,1,170.270446
-10.0,4,170.286292
-10.0,2,170.294276
-10.0,2,170.301775
-10.0,4,170.315613
-10.0,5,170.330406
-10.0,1,170.335443
-10.0,6,170.353484
-10.0,6,170.37623
-10.0,2,170.383626
-10.0,1,170.389942
-10.0,1,170.398657
-10.0,5,170.422117
-10.0,1,170.431674
-10.0,12,170.480119
-10.0,13,170.536248
-10.0,6,179.593235
-10.0,7,179.623647
-10.0,15,179.683326
-10.0,9,179.712203
-10.0,1,179.717456
-10.0,5,179.736146
-10.0,1,179.74159
-10.0,2,179.752352
-10.0,2,179.760244
-10.0,11,179.795745
-10.0,2,179.803581
-10.0,23,179.880976
-10.0,2,179.888997
-10.0,8,179.922055
-10.0,2,179.930561
-10.0,4,179.944878
-10.0,9,179.975848
-10.0,2,179.983842
-10.0,4,179.997891
-10.0,3,180.008202
-10.0,6,180.027356
-10.0,5,180.043918
-10.0,2,180.052309
-10.0,2,180.060481
-10.0,1,180.065594
-10.0,1,180.070714
-10.0,12,180.103472
-10.0,3,180.113612
-10.0,5,180.130398
-10.0,3,180.1411
-10.0,7,180.161965
-10.0,8,180.184659
-10.0,3,180.19618
-10.0,1,180.203537
-10.0,1,180.209347
-10.0,5,180.226404
-10.0,19,180.315382
-10.0,8,180.3584
-10.0,2,180.36601
-10.0,1,180.371703
-10.0,4,180.385236
-10.0,3,180.397214
-10.0,16,180.45456
-10.0,2,180.462923
-10.0,3,180.475499
-10.0,6,180.497339
-10.0,6,180.527169
-10.0,2,180.541296
-10.0,5,180.565698
-10.0,6,180.601386
-10.0,25,180.699079
-10.0,6,180.716877
-10.0,4,180.734304
-10.0,2,180.746444
-10.0,16,180.802952
-10.0,6,180.834683
-10.0,10,180.870183
-10.0,4,180.888224
-10.0,3,180.901135
-10.0,4,180.920565
-10.0,3,180.935287
-10.0,3,180.948304
-10.0,1,180.95683
-10.0,23,181.039757
-10.0,8,181.07014
-10.0,9,181.104392
-10.0,1,181.111617
-10.0,3,181.128685
-10.0,2,181.136742
-10.0,3,181.149466
-10.0,2,181.159604
-10.0,2,181.169018
-10.0,5,181.186224
-10.0,4,181.201401
-10.0,4,181.216586
-10.0,3,181.230273
-10.0,2,181.242431
-10.0,4,181.260996
-10.0,7,181.291739
-10.0,2,181.302291
-10.0,1,181.309144
-10.0,1,181.317364
-10.0,4,181.339077
-10.0,6,181.363605
-10.0,1,181.369631
-10.0,1,181.376757
-10.0,2,181.385731
-10.0,10,181.427588
-10.0,4,181.447238
-10.0,4,181.468359
-10.0,1,181.478671
-10.0,15,184.951887
-10.0,4,184.969294
-10.0,19,185.036827
-10.0,60,185.21156
-10.0,19,185.259763
-10.0,16,185.301336
-10.0,43,185.40694
-10.0,11,185.436092
-10.0,44,185.548044
-10.0,19,185.599791
-10.0,68,185.802041
-10.0,31,185.870573
-10.0,26,185.940608
-10.0,47,186.103375
-10.0,7,186.127998
-10.0,6,186.148942
-10.0,40,186.331346
-10.0,27,186.532566
-10.0,49,186.802354
-10.0,72,187.110422
-10.0,51,187.333538
-10.0,1,187.340983
-10.0,42,187.484677
-10.0,6,187.512791
-10.0,21,187.621573
-10.0,26,187.700328
-10.0,51,187.876501
-10.0,34,188.003993
-10.0,12,188.057395
-10.0,29,188.179579
-10.0,19,188.252877
-10.0,21,188.339237
-10.0,9,188.403939
-10.0,15,188.498431
-10.0,114,189.17252
-10.0,28,189.313179
-10.0,28,189.42198
-10.0,30,189.619806
-10.0,88,189.932807
-10.0,14,189.971179
-10.0,12,190.001796
-10.0,28,190.079193
-10.0,19,190.137919
-10.0,7,190.165367
-10.0,4,190.183255
-10.0,5,190.210977
-10.0,100,190.442005
-10.0,37,190.492914
-10.0,65,195.722737
-10.0,4,195.728111
-10.0,55,195.822881
-10.0,25,195.880941
-10.0,10,195.903241
-10.0,9,195.915887
-10.0,18,195.945625
-10.0,107,196.15907
-10.0,77,196.2835
-10.0,10,196.300553
-10.0,29,196.358529
-10.0,2,196.363884
-10.0,14,196.390312
-10.0,5,196.401056
-10.0,10,196.420329
-10.0,62,196.565503
-10.0,69,196.703762
-10.0,147,198.774157
-10.0,19,198.810536
-10.0,65,198.929421
-10.0,27,198.979891
-10.0,107,199.167789
-10.0,234,199.578567
-50.0,214,199.99294
-50.0,179,200.384471
-10.0,53,200.520189
-10.0,98,200.714603
-10.0,95,200.953659
-10.0,12,200.975959
-10.0,133,201.224792
-10.0,89,201.41074
-10.0,26,212.669619
-10.0,24,212.756624
-10.0,211,213.336515
-10.0,26,213.418344
-10.0,97,213.82391
-10.0,97,214.147606
-10.0,121,218.350635
-10.0,1,218.357477
-10.0,22,218.432625
-10.0,67,218.698726
-10.0,130,219.254173
-10.0,138,219.725078
-10.0,50,219.907049
-10.0,146,220.405332
-10.0,136,220.882247
-10.0,16,220.949233
-10.0,62,221.27418
-10.0,125,221.819131
-10.0,93,222.193906
-10.0,6,222.213344
-10.0,72,222.433873
-10.0,168,222.873046
-10.0,124,223.195045
-10.0,50,223.331198
-10.0,121,233.067621
-10.0,148,233.430188
-10.0,92,233.660058
-10.0,97,233.902772
-10.0,64,234.059744
-10.0,123,237.416049
-10.0,171,237.883186
-10.0,139,238.227942
-1.8,173,238.656243
-10.0,135,239.000099
-10.0,130,239.315361
-10.0,32,239.393641
-10.0,68,239.571421
-10.0,114,239.831749
-10.0,150,240.328741
-10.0,62,240.59936
-10.0,132,241.056151
-10.0,151,250.620993
-10.0,121,251.036309
-10.0,92,251.350086
-10.0,25,251.442128
-10.0,119,251.914186
-10.0,65,252.133601
-10.0,42,252.252054
-10.0,300,256.187786
-10.0,98,256.472091
-10.0,215,257.240674
-10.0,98,257.677936
-10.0,143,258.330742
-10.0,130,258.725696
-10.0,114,259.028727
11.1,194,259.525257
-10.0,106,259.790648
-10.0,127,269.953914
-10.0,112,270.290251
-10.0,168,270.808692
-10.0,78,271.073344
-10.0,126,271.509756
-10.0,119,271.982394
-10.0,183,276.135113
-10.0,192,276.796279
-10.0,186,277.566542
-10.0,143,278.152479
-10.0,38,278.335059
-10.0,186,279.085026
-10.0,101,279.407087
-10.0,128,279.777122
-10.0,210,291.833008
-10.0,151,292.305652
11.4,125,292.649805
-10.0,161,293.231822
-50.0,194,293.787195
-10.0,132,295.763627
6.9,213,295.991704
-1.8,161,296.200345
-10.0,188,296.402319
8.1,264,296.681063
-10.0,132,296.822517
3.6,150,296.979384
-10.0,154,303.073241
11.1,134,303.427604
-10.0,219,304.268009
9.6,199,305.357466
-10.0,252,311.158472
8.1,191,311.825616
10.8,193,312.43977
6.3,129,312.773753
8.4,254,313.308077
6.9,256,313.944966
7.2,205,320.894983
13.5,153,321.206244
-2.4,135,321.455617
1.8,169,321.753438
-10.0,222,322.106651
6.9,248,324.73736
12.0,185,325.324636
-10.0,148,325.734952
12.0,184,326.1901
12.6,199,326.642378
-10.0,202,327.092026
6.6,181,337.637463
12.3,213,338.116484
4.5,128,338.366458
-10.0,127,338.75234
-10.0,275,339.360704
3.0,162,342.833714
13.8,133,343.08674
9.9,184,343.419636
-10.0,178,343.810439
11.1,200,344.722862
8.4,191,345.602831
9.6,183,354.536652
6.6,231,354.906415
6.0,171,355.19085
12.3,145,355.519994
13.2,147,355.933725
13.5,142,356.394656
10.2,184,360.675468
-10.0,167,361.269382
2.4,157,361.764284
12.6,184,362.396844
9.9,153,362.81356
11.1,140,363.176725
9.6,238,369.970116
10.8,141,370.193991
13.2,193,370.447111
3.9,176,370.649044
9.0,145,370.888968
-1.8,154,371.155826
10.2,121,374.783957
-0.3,218,375.15883
9.6,197,375.460376
11.7,184,375.718627
11.4,125,375.926733
-4.8,210,382.041728
10.8,179,382.47768
2.4,171,382.96883
3.3,156,383.374454
4.8,223,383.877037
0.0,263,384.30793
9.6,171,386.859725
10.8,164,387.269366
13.5,209,387.858613
9.3,221,388.565667
11.4,183,389.048963
13.5,226,395.852726
-10.0,262,396.22131
9.6,167,396.456637
-10.0,279,396.980366
-4.5,297,401.691813
-0.9,216,402.314771
-13.2,189,402.876983
9.9,183,403.455265
6.0,183,404.152413
9.0,211,412.836304
-0.9,127,413.220663
-2.1,152,413.674419
7.5,156,414.07798
8.7,142,414.451565
7.8,161,414.862487
9.0,193,415.455275
5.7,179,419.895209
5.1,182,420.502589
2.4,171,421.291637
2.4,151,421.798012
-1.5,144,422.143156
10.5,141,430.867055
2.4,146,431.149672
4.8,129,431.363879
10.5,170,431.703149
-26.7,120,431.971956
5.7,176,432.331081
6.6,180,432.850932
6.9,175,433.256896
