#{"t_start": 1786475270.7516503, "env_id": "None"}
r,l,t
-10.0,1,5.194164
-54.0,1,5.201649
-10.0,2,5.211345
-42.3,1,5.217014
-42.3,1,5.223092
-10.0,1,5.232281
-45.0,1,5.237546
-10.0,2,5.24796
-43.2,1,5.254787
-10.0,1,5.262605
-10.0,1,5.268994
-10.0,1,5.27708
-34.2,2,5.287203
-10.0,2,5.297607
-48.3,2,5.307899
-10.0,1,5.314513
-10.0,2,5.325027
-33.6,1,5.330626
-10.0,1,5.336508
-10.0,1,5.345432
-48.3,2,5.355337
-42.9,1,5.361056
-31.8,2,5.370749
-31.2,1,5.383256
-44.4,1,5.389365
-30.3,2,5.397057
-10.0,2,5.404941
-10.0,1,5.41113
-42.3,2,5.418961
-32.1,1,5.42435
-10.0,3,5.434754
-35.1,1,5.439987
-51.3,1,5.446258
-67.2,1,5.451649
-49.8,1,5.456942
-61.8,3,5.467415
-10.0,3,5.47836
-10.0,1,5.484326
-33.9,2,5.519999
-69.3,2,5.527909
-67.5,1,5.533378
-10.0,1,5.538296
-47.1,1,5.543606
-10.0,1,5.548863
-62.4,1,5.553826
-10.0,1,5.558939
-32.1,1,5.565959
-10.0,1,5.570973
-44.4,1,5.577255
-54.0,1,5.583198
-47.7,1,5.58813
-10.0,2,5.597777
-10.0,1,5.603536
-48.6,2,5.613498
-43.8,2,5.623439
-10.0,1,5.631673
-10.0,2,5.63988
-47.1,2,5.648698
-53.4,1,5.655113
-10.0,1,5.662743
-10.0,2,5.671059
-53.1,2,5.679513
-10.0,1,5.684555
-10.0,2,5.693333
-43.5,1,5.698585
-44.7,1,5.703541
-10.0,3,5.715682
-10.0,1,5.722015
-10.0,1,5.729034
-10.0,2,5.736276
-10.0,1,5.744656
-32.1,1,5.750902
-48.6,2,5.762337
-33.6,1,5.767884
-92.7,3,5.779661
-10.0,2,5.790227
-43.2,1,5.79742
-10.0,1,5.80229
-10.0,2,5.810593
-78.6,1,5.815555
-69.6,1,5.820431
-42.0,2,5.828763
-10.0,1,5.833724
-64.8,1,5.839192
-10.0,2,5.847199
-47.1,1,5.852057
-10.0,3,5.86322
-42.0,1,5.868078
-30.6,2,5.876815
-64.8,1,5.881793
-10.0,1,5.887126
-10.0,2,5.896059
-10.0,1,5.901668
-10.0,1,5.907615
-10.0,1,5.913105
-10.0,5,5.929455
-28.2,3,5.940969
-93.0,2,5.949649
-69.6,1,5.954796
-10.0,2,5.96491
-10.0,1,5.970497
-10.0,1,5.976543
-56.7,1,5.982101
-10.0,1,5.986948
-10.0,2,5.996352
-10.0,1,6.001347
-43.8,3,6.013028
-78.6,1,6.037796
-54.0,1,6.046484
-10.0,2,6.060143
-33.6,3,6.072914
-10.0,2,6.082842
-66.9,2,6.09232
-10.0,4,6.108947
-48.6,1,6.118148
-10.0,1,6.129001
-10.0,1,6.139346
-38.7,1,6.149669
-53.4,2,6.162354
-10.0,1,6.170549
-10.0,1,6.178311
-10.0,1,6.184728
-45.0,2,6.198993
-53.7,2,6.211724
-68.1,1,6.218314
-10.0,1,6.224628
-29.7,1,6.231184
-10.0,2,6.242279
-10.0,3,6.25405
-69.6,1,6.260453
-10.0,2,6.270176
-10.0,1,6.277908
-10.0,1,6.285168
-10.0,1,6.292776
-40.2,1,6.298896
-54.9,1,6.304698
-10.0,1,6.311987
-10.0,1,6.320283
-39.0,1,6.3288
-42.3,1,6.335468
-10.0,1,6.3427
-10.0,1,6.351171
-10.0,1,6.361093
-48.9,3,6.373034
-44.4,2,6.382046
-68.1,1,6.388124
-41.1,2,6.39798
-10.0,1,6.405652
-10.0,3,6.419604
-10.0,1,6.427589
-10.0,3,6.441952
-33.6,1,6.447986
-86.4,3,6.462201
-42.6,2,6.471827
-10.0,3,6.490935
-78.0,3,6.503856
-10.0,1,6.511396
-67.2,1,6.516569
-10.0,2,6.526474
-44.4,1,6.53423
-44.1,3,6.548195
-78.6,1,6.554239
-10.0,1,6.563308
-49.2,2,6.57473
-10.0,1,6.581537
-48.9,1,6.590236
-10.0,1,6.598017
-10.0,1,6.604896
-42.9,2,6.615373
-38.4,1,6.62293
-10.0,1,6.629712
-10.0,1,6.636542
-54.0,1,6.646242
-10.0,1,6.65677
-10.0,1,6.664573
-48.9,1,6.671941
-10.0,2,6.684284
-67.5,1,6.692777
-10.0,1,6.70111
-10.0,1,6.7096
-62.1,1,6.719748
-10.0,4,6.741662
-43.8,2,6.753108
-25.8,1,6.763947
-44.1,1,6.774565
-32.1,1,6.786474
-10.0,1,6.797062
-22.8,2,6.809624
-28.8,1,6.821226
-54.3,3,6.843983
-93.3,1,6.852415
-10.0,2,6.869285
-40.2,1,6.879871
-10.0,2,6.892169
-10.0,2,6.902499
-45.0,1,6.91244
-39.0,1,6.923011
-35.7,1,6.930966
-10.0,1,6.938513
-10.0,2,6.953789
-10.0,1,6.964469
-10.0,1,6.973363
-44.1,1,6.982983
-25.5,2,6.993075
-10.0,1,7.002151
-10.0,1,7.008065
-10.0,2,7.021411
-10.0,3,7.035193
-10.0,1,7.041293
-54.0,1,7.048333
-10.0,1,7.056662
-10.0,1,7.064072
-44.4,1,7.071698
-31.8,2,7.081975
-34.5,1,7.088873
-34.2,1,7.095224
-10.0,1,7.101647
-10.0,4,7.121241
-10.0,1,7.129435
-10.0,2,7.137877
-10.0,1,7.146864
-10.0,2,7.160113
-47.1,1,7.168809
-43.2,1,7.176484
-10.0,1,7.181958
-54.9,1,7.187112
-56.7,1,7.193187
-28.8,1,7.198515
-10.0,1,7.204916
-43.2,1,7.211446
-10.0,1,7.219572
-68.1,1,7.22699
-70.8,1,7.232688
-10.0,1,7.240569
-10.0,1,7.246923
-10.0,1,7.253438
-78.6,1,7.259488
-42.0,2,7.269009
-10.0,1,7.276747
-10.0,1,7.282221
-46.5,2,7.291957
-53.7,2,7.302525
-10.0,1,7.308009
-30.6,1,7.313019
-36.9,1,7.318269
-10.0,1,7.323365
-47.7,1,7.328836
-43.5,1,7.335271
-44.4,1,7.342001
-65.4,1,7.348075
-10.0,2,7.357497
-43.5,3,7.371624
-10.0,1,7.377636
-44.1,3,7.391531
-78.6,1,7.416447
-10.0,1,7.422899
-44.4,1,7.431308
-56.7,1,7.437089
-10.0,3,7.447408
-54.0,1,7.452469
-39.9,2,7.46083
-10.0,1,7.466431
-42.9,1,7.475407
-30.0,5,7.497691
-40.2,1,7.504492
-53.7,2,7.516008
-32.1,1,7.524903
-10.0,1,7.533724
-38.4,2,7.547152
-36.3,1,7.553668
-10.0,2,7.566544
-10.0,1,7.571975
-47.4,1,7.577184
-85.5,1,7.582213
-10.0,3,7.595978
-10.0,2,7.609257
-10.0,2,7.621962
-10.0,5,7.640196
-10.0,1,7.649691
-45.0,1,7.655803
-34.2,1,7.664867
-10.0,1,7.670906
-44.1,2,7.679405
-44.1,1,7.685035
-32.1,1,7.690564
-61.8,2,7.69913
-67.2,2,7.708204
-28.5,2,7.719383
-42.6,1,7.725941
-54.0,1,7.731632
-56.7,1,7.736961
-31.5,1,7.745985
-85.2,2,7.759715
-43.2,1,7.769331
-42.0,3,7.783551
-42.9,2,7.79637
-10.0,1,7.804609
-10.0,1,7.813317
-10.0,1,7.82267
-38.4,1,7.829916
-35.7,1,7.835532
-10.0,1,7.841992
-42.3,1,7.848523
-10.0,1,7.8564
-10.0,1,7.862783
-10.0,1,7.868168
-10.0,1,7.875009
-10.0,1,7.88028
-42.0,1,7.885545
-56.4,2,7.893874
-10.0,1,7.899127
-44.4,1,7.904832
-10.0,1,7.912212
-33.3,2,7.924212
-53.7,1,7.93275
-45.3,1,7.941922
-10.0,2,7.954786
-10.0,2,7.964858
-62.1,1,7.971971
-30.9,1,7.981172
-44.4,2,7.991495
-10.0,1,7.997359
-38.4,2,8.005234
-87.0,1,8.012245
-10.0,2,8.02042
-10.0,3,8.032042
-10.0,1,8.037234
-40.8,3,8.04899
-46.8,1,8.054167
-67.2,1,8.060722
-10.0,1,8.066009
-10.0,3,8.07939
-10.0,1,8.088279
-72.0,3,8.105945
-48.9,1,8.115002
-10.0,1,8.123848
-10.0,2,8.154147
-10.0,1,8.196395
-42.9,2,8.215756
-10.0,2,8.23408
-69.6,1,8.243463
-42.9,1,8.251615
-36.9,1,8.262883
-10.0,4,8.284316
-25.2,1,8.293652
-44.1,2,8.303833
-10.0,2,8.315475
-10.0,1,8.323266
-32.1,1,8.328386
-10.0,1,8.332738
-10.0,3,8.343112
-65.4,1,8.348879
-42.6,2,8.361982
-42.3,1,8.367928
-10.0,2,8.389371
-10.0,1,8.401523
-47.1,2,8.416306
-10.0,1,8.425
-10.0,1,8.432831
-52.8,3,8.456231
-10.0,1,8.46867
-30.9,1,8.478556
-35.1,1,8.486579
-10.0,2,8.502978
-10.0,2,8.516784
-10.0,2,8.530386
-48.9,1,8.540236
-10.0,1,8.551123
-10.0,3,8.578315
-53.7,2,8.631849
-42.9,2,8.658748
-10.0,2,8.674802
-43.5,1,8.685344
-10.0,1,8.693291
-10.0,1,8.705945
-10.0,1,8.719166
-33.9,3,8.749249
-10.0,2,8.762626
-10.0,1,8.770786
-31.5,1,8.778007
-41.7,3,8.789591
-10.0,1,8.795373
-69.6,1,8.803892
-53.1,3,8.814902
-41.4,1,8.821234
-10.0,1,8.82858
-10.0,1,8.836906
-10.0,1,8.844147
-10.0,1,8.850968
-10.0,4,8.868032
-10.0,7,8.894647
-43.2,1,8.900856
-35.4,2,8.911868
-10.0,1,8.916693
-10.0,2,8.927104
-48.6,1,8.932251
-10.0,2,8.93981
-10.0,1,8.946012
-33.3,2,8.951778
-42.0,1,8.959219
-10.0,1,8.962948
-53.1,4,8.973594
-10.0,2,8.981405
-31.5,1,8.986358
-44.1,1,8.991346
-10.0,1,8.995916
-10.0,2,9.002108
-46.5,2,9.009038
-62.1,1,9.012579
-70.8,1,9.01604
-43.2,1,9.019205
-10.0,1,9.023028
-10.0,1,9.026583
-38.4,2,9.031452
-70.2,3,9.039753
-10.0,1,9.044352
-44.1,5,9.057983
-10.0,1,9.062114
-10.0,2,9.067724
-10.0,1,9.071576
-30.9,2,9.07837
-25.8,1,9.083031
-30.6,2,9.090897
-10.0,3,9.101411
-43.2,2,9.111066
-10.0,3,9.121307
-10.0,3,9.131893
-10.0,1,9.13692
-10.0,1,9.142899
-48.6,1,9.149063
-10.0,1,9.157054
-10.0,3,9.175403
-10.0,2,9.184314
-38.4,2,9.195324
-10.0,1,9.201185
-10.0,2,9.210815
-10.0,2,9.220449
-31.2,1,9.226903
-44.7,2,9.235469
-40.8,2,9.24545
-10.0,1,9.250759
-54.9,1,9.260061
-10.0,3,9.276848
-10.0,1,9.283667
-10.0,1,9.289515
-10.0,2,9.298685
-42.0,1,9.30385
-85.5,1,9.310539
-10.0,1,9.316801
-10.0,1,9.322197
-45.0,2,9.332016
-10.0,1,9.337181
-10.0,1,9.344825
-10.0,1,9.349901
-36.0,2,9.359324
-10.0,1,9.364598
-46.5,2,9.374631
-69.6,1,9.378964
-41.1,1,9.383153
-10.0,2,9.390862
-48.6,1,9.395954
-46.8,1,9.401363
-52.8,3,9.414195
-10.0,1,9.419928
-10.0,1,9.427394
-45.0,2,9.436422
-10.0,2,9.446532
-36.3,1,9.451998
-31.8,2,9.462434
-62.1,1,9.46814
-34.5,1,9.475114
-10.0,1,9.480949
-42.3,1,9.486836
-10.0,2,9.496599
-10.0,1,9.502437
-10.0,1,9.508788
-41.1,1,9.514666
-70.2,3,9.52687
-78.3,2,9.535487
-10.0,3,9.5477
-10.0,1,9.553544
-72.6,1,9.560724
-10.0,3,9.570843
-10.0,1,9.578836
-10.0,3,9.589665
-10.0,3,9.600797
-10.0,2,9.61071
-61.8,1,9.616026
-10.0,1,9.622835
-10.0,1,9.629786
-62.1,1,9.634884
-10.0,2,9.64345
-47.7,1,9.648586
-40.2,1,9.653666
-10.0,1,9.659583
-43.2,2,9.667005
-10.0,1,9.673635
-42.6,2,9.681446
-10.0,1,9.687813
-46.8,1,9.695508
-35.7,1,9.700738
-10.0,1,9.707996
-10.0,1,9.713826
-38.1,1,9.719764
-34.2,1,9.726125
-10.0,1,9.731357
-10.0,1,9.736653
-53.7,1,9.743794
-10.0,1,9.749222
-10.0,1,9.754452
-10.0,1,9.760821
-53.1,2,9.768493
-10.0,2,9.778198
-48.6,2,9.785661
-85.2,2,9.79452
-56.1,3,9.805124
-49.8,1,9.811141
-62.4,1,9.816551
-53.7,2,9.826669
-10.0,2,9.8344
-10.0,1,9.841339
-46.8,1,9.846955
-10.0,1,9.852568
-10.0,1,9.859492
-10.0,1,9.864776
-10.0,1,9.870326
-10.0,1,9.877092
-46.8,1,9.882969
-10.0,2,9.893812
-10.0,1,9.899724
-10.0,1,9.90571
-66.9,3,9.917331
-10.0,3,9.929205
-10.0,1,9.934407
-28.8,1,9.940514
-10.0,1,9.946812
-60.9,3,9.961203
-10.0,2,9.969629
-10.0,5,9.987457
-10.0,1,9.99637
-46.8,2,10.004142
-41.1,1,10.012331
-10.0,1,10.018113
-10.0,2,10.028304
-64.8,1,10.034085
-10.0,3,10.046566
-10.0,2,10.055448
-36.3,1,10.061036
-10.0,2,10.070418
-10.0,1,10.078827
-10.0,1,10.084238
-10.0,1,10.090857
-10.0,3,10.101574
-10.0,1,10.109102
-40.2,1,10.137053
-48.6,1,10.143235
-10.0,1,10.148258
-48.3,2,10.158109
-40.2,1,10.163526
-67.8,2,10.172103
-61.8,1,10.178783
-65.4,1,10.184696
-44.1,1,10.191994
-10.0,1,10.19727
-10.0,2,10.206207
-28.8,1,10.211787
-33.6,6,10.230632
-10.0,2,10.241309
-30.6,1,10.246529
-10.0,2,10.254405
-69.3,2,10.263253
-43.5,1,10.268616
-33.6,1,10.27479
-10.0,1,10.280033
-42.3,1,10.284906
-10.0,1,10.292685
-10.0,1,10.297875
-10.0,2,10.306695
-10.0,1,10.312482
-10.0,1,10.317487
-10.0,1,10.324035
-10.0,1,10.329306
-10.0,2,10.337611
-10.0,1,10.344693
-49.5,1,10.349778
-10.0,2,10.359331
-10.0,1,10.364863
-10.0,1,10.370309
-10.0,1,10.376428
-10.0,1,10.38149
-10.0,2,10.390394
-10.0,3,10.400413
-28.8,1,10.406259
-10.0,2,10.413972
-10.0,1,10.419222
-10.0,1,10.425564
-28.5,2,10.433365
-54.0,1,10.438861
-10.0,1,10.444325
-10.0,1,10.448785
-36.9,7,10.468086
-10.0,1,10.475995
-10.0,2,10.484011
-38.7,1,10.490499
-72.6,1,10.49608
-10.0,2,10.504083
-10.0,1,10.51033
-10.0,2,10.517836
-45.3,1,10.524455
-10.0,1,10.530409
-64.8,1,10.535899
-48.0,4,10.550855
-10.0,3,10.563414
-10.0,2,10.573252
-93.3,1,10.579049
-10.0,2,10.588979
-10.0,1,10.594953
-10.0,4,10.60987
-10.0,2,10.617904
-38.7,1,10.625454
-41.7,3,10.639134
-54.0,1,10.644896
-67.5,1,10.650374
-10.0,1,10.657061
-40.2,1,10.662423
-10.0,2,10.670413
-10.0,1,10.676918
-10.0,2,10.684866
-48.6,1,10.692322
-10.0,5,10.709133
-34.5,1,10.714463
-10.0,1,10.719745
-42.3,1,10.7277
-10.0,2,10.735384
-10.0,4,10.747221
-10.0,1,10.750967
-10.0,1,10.75599
-42.6,2,10.762876
-39.3,4,10.776072
-69.3,2,10.784555
-10.0,1,10.790293
-87.0,1,10.79624
-67.8,2,10.804
-49.2,1,10.809394
-10.0,1,10.814506
-44.7,1,10.819614
-10.0,1,10.825026
-10.0,1,10.830092
-45.0,2,10.838394
-10.0,1,10.842931
-48.3,4,10.851983
-45.0,2,10.857615
-10.0,1,10.860936
-10.0,1,10.863987
-67.2,1,10.867002
-61.2,3,10.874841
-30.0,4,10.882212
-10.0,1,10.885448
-29.7,1,10.888931
-10.0,1,10.892161
-42.9,2,10.896597
-34.5,1,10.899606
-10.0,1,10.902714
-10.0,2,10.907533
-36.3,1,10.910518
-25.5,2,10.914739
-48.6,1,10.917783
-10.0,2,10.923188
-10.0,3,10.929089
-10.0,1,10.932118
-10.0,1,10.934905
-10.0,1,10.93816
-69.3,2,10.942694
-51.3,1,10.945678
-36.9,1,10.948483
-48.6,1,10.951336
-54.0,1,10.954342
-44.7,2,10.958892
-10.0,1,10.961847
-10.0,1,10.96458
-48.6,1,10.967334
-38.4,2,10.971935
-85.2,2,10.976421
-10.0,2,10.98051
-10.0,1,10.983181
-10.0,1,10.986095
-49.5,1,10.989594
-36.0,2,10.993843
-10.0,1,10.99656
-44.4,1,10.999343
-10.0,1,11.002746
-10.0,1,11.006031
-10.0,2,11.010354
-10.0,3,11.015519
-51.3,1,11.018227
-44.1,2,11.023091
-48.6,1,11.02613
-10.0,2,11.030045
-10.0,2,11.033989
-10.0,1,11.036659
-10.0,2,11.041492
-38.7,1,11.044354
-67.2,2,11.048617
-10.0,2,11.053257
-33.3,2,11.058384
-25.8,1,11.06143
-41.7,3,11.068074
-10.0,1,11.071677
-54.0,1,11.075136
-10.0,1,11.078072
-10.0,1,11.081043
-43.2,1,11.083926
-10.0,1,11.086752
-10.0,2,11.091788
-31.2,1,11.094962
-39.9,2,11.100374
-10.0,1,11.103326
-44.1,1,11.106588
-28.5,2,11.110893
-36.0,2,11.114938
-10.0,2,11.118953
-10.0,1,11.122244
-40.8,2,11.126634
-10.0,1,11.12934
-10.0,1,11.132047
-10.0,1,11.134714
-10.0,1,11.138782
-45.0,1,11.141807
-48.9,2,11.145817
-45.3,1,11.1485
-10.0,1,11.151191
-43.5,1,11.155077
-10.0,1,11.15905
-54.0,1,11.162183
-42.9,2,11.167516
-10.0,1,11.171446
-10.0,1,11.175901
-43.2,1,11.18012
-10.0,3,11.190643
-10.0,3,11.200663
-48.9,1,11.206583
-30.6,2,11.214223
-10.0,1,11.219536
-10.0,1,11.224944
-40.2,1,11.230083
-35.4,2,11.238979
-10.0,1,11.244404
-10.0,1,11.249492
-10.0,3,11.258324
-10.0,1,11.262389
-44.7,3,11.269804
-46.5,2,11.274575
-44.1,4,11.281662
-62.1,1,11.284799
-67.2,1,11.288191
-42.0,2,11.292368
-34.5,1,11.295036
-10.0,1,11.297813
-33.6,1,11.300484
-48.6,1,11.303208
-42.9,2,11.307264
-66.9,2,11.311165
-69.6,1,11.313863
-62.1,1,11.316477
-10.0,1,11.319141
-10.0,1,11.321984
-38.7,1,11.32461
-54.0,1,11.327357
-10.0,1,11.330537
-42.9,1,11.333305
-44.7,3,11.338792
-40.2,1,11.341646
-42.3,1,11.344144
-48.6,1,11.3467
-41.1,1,11.349333
-10.0,1,11.351905
-10.0,1,11.35506
-10.0,1,11.358051
-34.2,1,11.360707
-68.1,1,11.363653
-10.0,1,11.366709
-69.6,1,11.370065
-33.6,1,11.374226
-10.0,2,11.379543
-10.0,2,11.385478
-54.0,1,11.389592
-10.0,1,11.393725
-10.0,3,11.401708
-42.6,1,11.40616
-70.5,2,11.41226
-51.3,1,11.416525
-10.0,1,11.420932
-10.0,1,11.4253
-72.6,1,11.429447
-10.0,1,11.433681
-42.9,1,11.437943
-10.0,3,11.446077
-10.0,1,11.450531
-42.0,1,11.45428
-10.0,1,11.457897
-70.8,1,11.461087
-10.0,1,11.463935
-48.3,2,11.469766
-87.0,1,11.497095
-34.5,1,11.502833
-44.1,2,11.511405
-10.0,2,11.519316
-34.8,4,11.535944
-41.1,1,11.542991
-10.0,1,11.54824
-10.0,2,11.557218
-10.0,1,11.562361
-10.0,1,11.567575
-10.0,1,11.574351
-53.1,4,11.586924
-64.8,1,11.592495
-10.0,1,11.597722
-10.0,1,11.602937
-10.0,3,11.613768
-44.7,1,11.617964
-38.1,2,11.626162
-10.0,1,11.631275
-38.4,2,11.641137
-10.0,1,11.646487
-36.9,1,11.651771
-10.0,1,11.657272
-93.0,2,11.665084
-30.9,1,11.670657
-10.0,2,11.678667
-37.8,3,11.689023
-53.7,1,11.694563
-53.7,1,11.698659
-10.0,1,11.702889
-46.8,1,11.706706
-10.0,6,11.717087
-54.0,1,11.719973
-10.0,3,11.725739
-54.6,2,11.729811
-70.8,1,11.732538
-86.7,2,11.737778
-33.6,1,11.741853
-10.0,2,11.746299
-24.9,2,11.750469
-10.0,2,11.755409
-42.3,1,11.758511
-10.0,1,11.761491
-10.0,1,11.764393
-41.1,1,11.767281
-10.0,1,11.770408
-40.2,1,11.773706
-10.0,1,11.776714
-10.0,2,11.780849
-45.3,1,11.784632
-28.5,2,11.789059
-32.7,4,11.795862
-41.1,1,11.79862
-10.0,1,11.801358
-41.1,1,11.804337
-78.6,1,11.807419
-56.7,1,11.810273
-10.0,1,11.81325
-10.0,1,11.816113
-10.0,1,11.818898
-54.0,1,11.82193
-10.0,1,11.82514
-10.0,1,11.827991
-48.9,1,11.831285
-10.0,3,11.837789
-32.1,1,11.841711
-10.0,1,11.845565
-61.5,1,11.849736
-43.2,1,11.855162
-35.4,2,11.861808
-10.0,2,11.869117
-25.8,1,11.874463
-48.6,1,11.879205
-61.5,2,11.887846
-10.0,2,11.895505
-10.0,1,11.901377
-69.6,1,11.907481
-10.0,3,11.917624
-10.0,1,11.923764
-32.1,1,11.928962
-47.4,1,11.934112
-10.0,1,11.939732
-34.5,1,11.944731
-10.0,1,11.949573
-54.9,1,11.954885
-10.0,1,11.960137
-10.0,1,11.96515
-51.3,1,11.970157
-10.0,4,11.982256
-10.0,1,11.98633
-10.0,1,11.990398
-10.0,1,11.993949
-38.7,1,11.997123
-10.0,2,12.001849
-10.0,1,12.004733
-10.0,1,12.007609
-10.0,1,12.010322
-10.0,1,12.012935
-65.1,2,12.017732
-10.0,2,12.023062
-49.8,1,12.026811
-61.5,1,12.031246
-10.0,1,12.035594
-10.0,2,12.043184
-43.2,1,12.04843
-42.9,1,12.053524
-51.0,2,12.061249
-53.4,3,12.072379
-32.1,1,12.078039
-10.0,2,12.085961
-10.0,1,12.09139
-36.3,1,12.096813
-60.9,3,12.107351
-42.6,1,12.1118
-10.0,1,12.115944
-43.8,3,12.123062
-69.3,2,12.128057
-48.6,1,12.131083
-28.5,2,12.13527
-32.1,1,12.138333
-10.0,3,12.144592
-53.7,1,12.148028
-68.7,4,12.155766
-42.0,3,12.161727
-10.0,1,12.164724
-43.5,1,12.167522
-10.0,1,12.17059
-10.0,1,12.174204
-10.0,1,12.177412
-44.4,1,12.180461
-10.0,1,12.183328
-10.0,1,12.186281
-10.0,2,12.191133
-10.0,1,12.194141
-46.8,1,12.196958
-47.1,7,12.208695
-48.3,2,12.212837
-25.2,3,12.218414
-49.5,1,12.22165
-10.0,1,12.224632
-10.0,1,12.227469
-33.3,2,12.231717
-10.0,1,12.234497
-10.0,1,12.237559
-38.7,1,12.240662
-69.0,3,12.245834
-10.0,2,12.249754
-10.0,1,12.252362
-54.9,1,12.255421
-38.7,1,12.25831
-46.8,1,12.260935
-10.0,4,12.267189
-10.0,2,12.271484
-10.0,1,12.274297
-69.6,1,12.276818
-31.2,2,12.280606
-10.0,1,12.283156
-10.0,2,12.287653
-48.6,4,12.294771
-41.1,1,12.297352
-10.0,2,12.301055
-10.0,2,12.305294
-54.0,1,12.308009
-10.0,1,12.310685
-41.4,3,12.315594
-10.0,2,12.319364
-41.4,1,12.322203
-42.9,1,12.324784
-10.0,1,12.327361
-53.7,2,12.331062
-54.0,1,12.333657
-46.8,1,12.336252
-10.0,1,12.338902
-51.3,1,12.34161
-10.0,2,12.345238
-10.0,1,12.347622
-10.0,1,12.350212
-54.0,1,12.352881
-47.1,1,12.355546
-42.6,1,12.358228
-10.0,1,12.360742
-10.0,3,12.365642
-10.0,4,12.371845
-38.1,3,12.377026
-10.0,2,12.380871
-10.0,1,12.384058
-44.4,1,12.38706
-10.0,1,12.390165
-42.3,2,12.394106
-10.0,1,12.396826
-42.0,2,12.401283
-43.2,1,12.404611
-36.9,1,12.407527
-10.0,1,12.410239
-10.0,2,12.414211
-10.0,1,12.417132
-10.0,1,12.420029
-56.4,2,12.424349
-10.0,1,12.4272
-10.0,4,12.435208
-49.2,3,12.440893
-10.0,1,12.443781
-30.9,2,12.448302
-10.0,1,12.451283
-48.6,1,12.454312
-34.2,2,12.458904
-42.6,3,12.464612
-10.0,1,12.46745
-10.0,1,12.470721
-53.4,2,12.475884
-10.0,1,12.479265
-48.6,1,12.482455
-10.0,1,12.485561
-23.1,1,12.489815
-10.0,2,12.494529
-10.0,2,12.499688
-10.0,1,12.503811
-10.0,1,12.507563
-29.7,1,12.511111
-10.0,1,12.51437
-10.0,1,12.517734
-10.0,1,12.521376
-41.1,1,12.524728
-29.1,3,12.530608
-10.0,1,12.533766
-10.0,1,12.537228
-10.0,2,12.54214
-49.2,1,12.545263
-10.0,1,12.548376
-10.0,1,12.551568
-10.0,1,12.554859
-10.0,1,12.558132
-10.0,2,12.562644
-25.2,1,12.565772
-10.0,1,12.568835
-41.4,4,12.575732
-10.0,1,12.578519
-46.5,3,12.584123
-68.1,1,12.587175
-10.0,1,12.590269
-42.9,1,12.592997
-10.0,1,12.595932
-47.4,1,12.598665
-28.5,2,12.602794
-10.0,1,12.60596
-78.3,2,12.610255
-35.7,1,12.613041
-10.0,1,12.615654
-35.7,1,12.618562
-10.0,1,12.622001
-85.5,1,12.62499
-10.0,1,12.627993
-10.0,1,12.630692
-10.0,1,12.633645
-54.0,1,12.636508
-46.8,1,12.639617
-42.0,1,12.64264
-54.0,1,12.645432
-93.3,1,12.648243
-46.8,1,12.651166
-10.0,3,12.657418
-47.7,1,12.660256
-10.0,1,12.662907
-31.2,1,12.665908
-30.6,1,12.668676
-43.2,1,12.671785
-10.0,1,12.674759
-44.1,2,12.678801
-10.0,1,12.6818
-47.4,2,12.685709
-42.9,2,12.690856
-48.9,1,12.693643
-67.5,1,12.696602
-48.3,2,12.700632
-67.5,1,12.70354
-43.5,1,12.706677
-64.8,1,12.709422
-31.2,1,12.712509
-40.2,1,12.715538
-10.0,1,12.718522
-10.0,2,12.723063
-10.0,1,12.726024
-10.0,1,12.728938
-56.7,1,12.731627
-44.7,1,12.734549
-10.0,1,12.737623
-46.8,1,12.740629
-10.0,3,12.745898
-31.8,2,12.75042
-10.0,1,12.753357
-41.1,1,12.756769
-10.0,1,12.759626
-10.0,2,12.763556
-10.0,2,12.767732
-47.4,2,12.772426
-65.1,2,12.776602
-10.0,1,12.77935
-10.0,1,12.782301
-10.0,3,12.787831
-87.0,1,12.790832
-10.0,1,12.793539
-54.6,2,12.798492
-10.0,1,12.801481
-10.0,1,12.804565
-25.2,1,12.807357
-10.0,1,12.810008
-65.4,1,12.812937
-69.6,1,12.815737
-10.0,1,12.818397
-54.9,1,12.821259
-10.0,3,12.826562
-10.0,2,12.834126
-43.8,2,12.863097
-10.0,1,12.868222
-10.0,1,12.873448
-48.6,1,12.880109
-44.1,1,12.886539
-70.8,1,12.893203
-45.0,1,12.89977
-31.5,1,12.906223
-53.7,1,12.913532
-10.0,1,12.920112
-41.1,1,12.927335
-10.0,2,12.936796
-10.0,1,12.943644
-67.2,1,12.949978
-10.0,2,12.960629
-10.0,2,12.971628
-44.4,1,12.979438
-40.2,1,12.987197
-10.0,1,12.995003
-38.4,2,13.006736
-10.0,3,13.023112
-48.3,2,13.034017
-35.7,1,13.042458
-53.4,1,13.049895
-61.8,1,13.057973
-10.0,2,13.068576
-43.2,1,13.076225
-62.1,1,13.083624
-10.0,2,13.096652
-10.0,1,13.104501
-48.9,2,13.116065
-60.6,5,13.137595
-10.0,2,13.148737
-93.3,1,13.15717
-68.1,1,13.163478
-35.7,1,13.168728
-48.6,1,13.174971
-42.3,1,13.179963
-25.2,1,13.185102
-54.9,1,13.190736
-10.0,1,13.19572
-33.6,1,13.200736
-10.0,5,13.215973
-23.1,1,13.221663
-10.0,2,13.229147
-10.0,1,13.234574
-10.0,1,13.239654
-10.0,2,13.246988
-10.0,1,13.251797
-10.0,1,13.255794
-56.7,1,13.25969
-10.0,2,13.264692
-10.0,1,13.267871
-44.7,1,13.270968
-10.0,2,13.275153
-36.9,1,13.277972
-69.3,2,13.28194
-10.0,2,13.285774
-42.6,3,13.29104
-41.7,3,13.29613
-10.0,1,13.298724
-42.0,1,13.301226
-10.0,2,13.305061
-10.0,2,13.308904
-38.4,1,13.311436
-10.0,1,13.313888
-31.2,1,13.316288
-25.8,1,13.318722
-10.0,2,13.322512
-10.0,2,13.326352
-54.9,1,13.328875
-46.8,1,13.331328
-36.3,1,13.333776
-25.8,1,13.336183
-42.3,1,13.33883
-10.0,2,13.342628
-33.9,2,13.346267
-43.2,1,13.348716
-10.0,1,13.351168
-10.0,1,13.353655
-69.3,2,13.357599
-48.6,1,13.36011
-10.0,1,13.36255
-56.7,1,13.365055
-10.0,1,13.367466
-10.0,2,13.371237
-10.0,1,13.373885
-10.0,3,13.378623
-10.0,2,13.382155
-10.0,3,13.386827
-10.0,1,13.389674
-48.6,1,13.392184
-10.0,1,13.394647
-33.6,1,13.397062
-10.0,2,13.400479
-10.0,3,13.40549
-44.1,2,13.409185
-48.9,1,13.411598
-10.0,2,13.415014
-29.7,1,13.417405
-35.4,2,13.421316
-10.0,2,13.42501
-34.5,1,13.427492
-10.0,1,13.429908
-10.0,2,13.433375
-30.6,1,13.436251
-10.0,1,13.439431
-45.3,1,13.442123
-10.0,1,13.444626
-10.0,1,13.44709
-10.0,1,13.449583
-56.7,1,13.452894
-10.0,1,13.455944
-47.4,1,13.45856
-10.0,1,13.461016
-72.3,2,13.464689
-34.2,2,13.470066
-10.0,1,13.473217
-10.0,1,13.475985
-69.6,1,13.478553
-38.7,2,13.482262
-42.3,1,13.485315
-33.6,1,13.488118
-42.9,1,13.490783
-10.0,2,13.494524
-10.0,1,13.496989
-10.0,1,13.50011
-10.0,1,13.503187
-49.2,1,13.506044
-10.0,1,13.508732
-10.0,1,13.511281
-10.0,1,13.513862
-48.6,2,13.51807
-10.0,1,13.52078
-31.2,2,13.524636
-10.0,1,13.527123
-43.5,1,13.529591
-29.1,3,13.534779
-10.0,2,13.538774
-10.0,1,13.541372
-44.7,2,13.545033
-35.1,1,13.547765
-10.0,1,13.550385
-10.0,1,13.552837
-10.0,1,13.555536
-10.0,2,13.559285
-10.0,1,13.561724
-10.0,2,13.56549
-72.6,1,13.567971
-10.0,1,13.570518
-41.4,1,13.573128
-41.1,1,13.575569
-42.9,1,13.578044
-10.0,1,13.580553
-10.0,1,13.583007
-10.0,4,13.589019
-10.0,1,13.591572
-62.1,1,13.594237
-10.0,1,13.596809
-30.9,1,13.599247
-48.6,1,13.601677
-10.0,1,13.604246
-54.0,1,13.606822
-42.3,1,13.609332
-10.0,2,13.614333
-33.9,3,13.619596
-34.5,1,13.622338
-10.0,1,13.624848
-10.0,1,13.62759
-22.2,4,13.633628
-64.8,3,13.638744
-25.2,1,13.641464
-10.0,1,13.64414
-56.7,1,13.646697
-10.0,1,13.64918
-28.5,2,13.652881
-68.1,1,13.655661
-31.8,2,13.659539
-42.3,1,13.662059
-10.0,7,13.671402
-10.0,1,13.674153
-10.0,1,13.676679
-44.4,1,13.679131
-10.0,1,13.681558
-10.0,2,13.6851
-10.0,1,13.687621
-10.0,2,13.691704
-25.5,2,13.695351
-10.0,1,13.697836
-38.7,1,13.700281
-10.0,1,13.702653
-44.4,1,13.705376
-10.0,1,13.707902
-10.0,1,13.710341
-68.1,1,13.712834
-43.2,1,13.715218
-39.0,1,13.717559
-10.0,1,13.720139
-68.1,1,13.722986
-25.2,1,13.725466
-42.9,1,13.727908
-10.0,1,13.730361
-36.3,1,13.732733
-10.0,2,13.736767
-40.5,3,13.744454
-35.4,2,13.752738
-10.0,1,13.758489
-10.0,1,13.7629
-49.2,3,13.771136
-38.1,1,13.775111
-10.0,1,13.779892
-10.0,1,13.783971
-10.0,1,13.787706
-10.0,1,13.791612
-38.7,2,13.80004
-10.0,1,13.805707
-10.0,1,13.809525
-10.0,3,13.816252
-10.0,1,13.819547
-10.0,1,13.823119
-44.7,1,13.82702
-69.0,3,13.835483
-42.9,1,13.839475
-10.0,1,13.843039
-10.0,1,14.035224
-61.8,1,14.040665
-10.0,2,14.047912
-10.0,1,14.054371
-28.8,1,14.062106
-10.0,1,14.068319
-44.7,1,14.074906
-10.0,1,14.082283
-47.1,1,14.089661
-10.0,1,14.101631
-36.0,2,14.117152
-10.0,3,14.13563
-10.0,1,14.144876
-10.0,1,14.153976
-87.0,1,14.163549
-10.0,1,14.172566
-44.1,1,14.181948
-39.0,1,14.192097
-38.7,1,14.202855
-56.7,1,14.212362
-10.0,1,14.221872
-44.7,2,14.235731
-10.0,1,14.245257
-32.1,1,14.256313
-10.0,4,14.281701
-66.9,2,14.302134
-10.0,2,14.32252
-10.0,1,14.334796
-10.0,1,14.344238
-45.3,1,14.350816
-69.6,1,14.357551
-10.0,3,14.372323
-39.0,1,14.379562
-32.1,1,14.384685
-10.0,4,16.198419
-10.0,5,16.207884
-10.0,2,16.212118
-10.0,3,16.21861
-47.4,2,16.226239
-10.0,1,16.230412
-10.0,1,16.234429
-39.0,5,16.244926
-10.0,1,16.24751
-38.7,2,16.253264
-10.0,1,16.257963
-22.8,2,16.264826
-10.0,1,16.2702
-25.5,2,16.277209
-10.0,1,16.281946
-30.9,1,16.287436
-25.2,1,16.292471
-54.9,1,16.297115
-10.0,2,16.303349
-10.0,2,16.309215
-10.0,1,16.313268
-45.3,1,16.317293
-10.0,2,16.323538
-10.0,1,16.326942
-10.0,1,16.331413
-10.0,2,16.338093
-10.0,2,16.345259
-10.0,1,16.349227
-53.4,2,16.355082
-42.9,1,16.357881
-10.0,3,16.363557
-10.0,1,16.366711
-10.0,4,16.378322
-10.0,1,16.38155
-10.0,2,16.386744
-10.0,1,16.391089
-10.0,2,16.396868
-10.0,3,16.404848
-25.2,3,16.411572
-10.0,2,16.418007
-10.0,1,16.422362
-53.1,4,16.431252
-44.4,1,16.435581
-68.4,5,16.446407
-42.3,1,16.451326
-10.0,1,16.4553
-10.0,2,16.46016
-69.3,2,16.464974
-10.0,3,16.472695
-10.0,1,16.476306
-10.0,2,16.482143
-44.4,1,16.485935
-10.0,1,16.489643
-10.0,1,16.493372
-10.0,1,16.497096
-10.0,1,16.500928
-10.0,1,16.504713
-10.0,2,16.510037
-32.1,1,16.514138
-10.0,1,16.517836
-25.5,2,16.523686
-42.0,1,16.527436
-56.4,2,16.533589
-10.0,1,16.537357
-45.3,1,16.540784
-42.0,1,16.544152
-85.2,2,16.549701
-10.0,1,16.553158
-48.3,2,16.558417
-62.1,1,16.562044
-10.0,2,16.567666
-10.0,1,16.571404
-41.4,1,16.57484
-10.0,2,16.581047
-85.5,1,16.585987
-10.0,2,16.591634
-56.7,1,16.595447
-42.9,1,16.599084
-10.0,3,16.606058
-40.8,2,16.611104
-10.0,1,16.614722
-10.0,2,16.620794
-10.0,1,16.624486
-10.0,1,16.627744
-10.0,2,16.63224
-10.0,2,16.637416
-10.0,1,16.641476
-39.9,2,16.646976
-10.0,1,16.652621
-10.0,1,16.656027
-10.0,2,16.660854
-10.0,1,16.663906
-35.7,1,16.666806
-10.0,1,16.669916
-10.0,1,16.672898
-10.0,2,16.678542
-62.1,2,16.684758
-10.0,2,16.691246
-10.0,2,16.698085
-31.8,2,16.704194
-42.6,3,16.713606
-31.5,1,16.719265
-54.6,2,16.728396
-10.0,2,16.737447
-41.1,1,16.743783
-10.0,2,16.753223
-43.5,1,16.76162
-10.0,1,16.772571
-10.0,2,16.782168
-10.0,1,16.790209
-10.0,1,16.796998
-10.0,4,16.815757
-10.0,1,16.827045
-10.0,2,16.836486
-10.0,1,16.842465
-10.0,1,16.848305
-10.0,1,16.857888
-33.0,5,16.876746
-10.0,3,16.89312
-38.1,2,16.905411
-42.3,4,16.921108
-43.5,1,16.947911
-42.0,2,16.957687
-10.0,1,16.964111
-10.0,2,16.973449
-10.0,1,16.979514
-10.0,2,16.989089
-10.0,2,17.000685
-31.2,2,17.012766
-10.0,1,17.019204
-10.0,1,17.025684
-10.0,1,17.031932
-53.7,1,17.038562
-10.0,2,17.047865
-10.0,1,17.054387
-38.1,1,17.061354
-10.0,1,17.067701
-10.0,2,17.075191
-10.0,4,17.08478
-10.0,1,17.089891
-10.0,2,17.09574
-53.7,1,17.10537
-10.0,1,17.115964
-47.1,8,17.208144
-65.4,1,17.217348
-10.0,1,17.226264
-48.9,1,17.235527
-10.0,2,17.250418
-10.0,1,17.258192
-54.9,1,17.267949
-47.1,2,17.279589
-39.9,2,17.290219
-10.0,2,17.297272
-10.0,1,17.301727
-38.7,1,17.31035
-10.0,2,17.319685
-10.0,3,17.329609
-44.7,2,17.335215
-42.0,2,17.34127
-10.0,1,17.348706
-10.0,1,17.35498
-10.0,1,17.361995
-10.0,2,17.37348
-46.5,4,17.394228
-10.0,2,17.429448
-10.0,2,17.487457
-10.0,2,17.497222
-10.0,1,17.504608
-53.7,1,17.513186
-45.0,1,17.520668
-10.0,1,17.524935
-10.0,1,17.529678
-36.3,1,17.535069
-10.0,2,17.546933
-10.0,2,17.55818
-10.0,2,17.57083
-41.7,3,17.581507
-33.6,1,17.587979
-68.1,1,17.593314
-10.0,2,17.602207
-38.7,1,17.611028
-10.0,1,17.621356
-10.0,1,17.633197
-30.6,2,17.650658
-10.0,1,17.658282
-10.0,3,17.679752
-10.0,1,17.69589
-10.0,1,17.710734
-10.0,2,17.730389
-10.0,1,17.746317
-10.0,1,17.762254
-67.2,1,17.777994
-10.0,1,17.792238
-10.0,1,17.806317
-10.0,1,17.822762
-25.2,1,17.852682
-10.0,1,17.867199
-10.0,2,17.890192
-35.7,1,17.908951
-10.0,4,17.937138
-48.9,1,17.946308
-10.0,1,17.955645
-10.0,5,17.980734
-10.0,1,17.991016
-10.0,1,17.998664
-35.7,1,18.005208
-39.9,2,18.015774
-10.0,1,18.021817
-45.0,2,18.031193
-10.0,1,18.038336
-43.5,1,18.047109
-10.0,3,18.063494
-10.0,2,18.075433
-10.0,4,18.092552
-29.4,2,18.103296
-10.0,1,18.113308
-38.4,1,18.12393
-10.0,3,18.144228
-10.0,1,18.150256
-10.0,1,18.158237
-10.0,1,18.163525
-10.0,1,18.167499
-10.0,7,18.192057
-45.3,1,18.197738
-10.0,1,18.203073
-40.8,2,18.208397
-10.0,1,18.211883
-54.9,1,18.215181
-10.0,3,18.223431
-10.0,1,18.228879
-10.0,3,18.23927
-10.0,2,18.246689
-10.0,1,18.251653
-10.0,1,18.256995
-10.0,3,18.267445
-10.0,1,18.273932
-33.0,3,18.289228
-54.0,1,18.296257
-10.0,1,18.303961
-43.5,4,18.327526
-10.0,1,18.335568
-10.0,1,18.346966
-42.6,3,18.3638
-40.2,1,18.372094
-10.0,1,18.381087
-10.0,3,18.399509
-10.0,5,18.423267
-31.5,1,18.430024
-10.0,1,18.43853
-10.0,2,18.449227
-10.0,1,18.456844
-10.0,1,18.465635
-10.0,1,18.474979
-10.0,3,18.488629
-10.0,1,18.494026
-22.8,2,18.501545
-10.0,3,18.514139
-10.0,1,18.519705
-10.0,1,18.525595
-51.3,1,18.531005
-49.2,3,18.541013
-10.0,1,18.545891
-61.2,3,18.556224
-67.5,1,18.561171
-36.6,2,18.568461
-32.1,1,18.573457
-10.0,1,18.578369
-48.3,2,18.585888
-41.1,1,18.591238
-10.0,1,18.597245
-10.0,1,18.605726
-10.0,1,18.615862
-41.1,7,18.661186
-10.0,1,18.665701
-78.6,1,18.672129
-10.0,2,18.67944
-10.0,1,18.683344
-10.0,1,18.688396
-10.0,2,18.69505
-40.8,2,18.706811
-10.0,1,18.715625
-10.0,1,18.731569
-10.0,3,18.750904
-10.0,1,18.75829
-48.6,1,18.763397
-64.8,1,18.767976
-43.8,3,18.777115
-38.7,1,18.782123
-38.1,3,18.794829
-10.0,2,18.802835
-66.9,2,18.810912
-10.0,1,18.816297
-10.0,3,18.828337
-10.0,1,18.834358
-10.0,2,18.842265
-10.0,1,18.849883
-10.0,2,18.858159
-10.0,1,18.86524
-10.0,2,18.873199
-10.0,5,18.888108
-47.7,1,18.893541
-10.0,4,18.906494
-10.0,1,18.914009
-10.0,1,18.919366
-10.0,1,18.925088
-10.0,1,18.931334
-10.0,2,18.941193
-69.6,1,18.946465
-70.5,2,18.954866
-10.0,2,18.96393
-10.0,2,18.973946
-10.0,2,18.984112
-10.0,1,18.991003
-10.0,3,19.00482
-10.0,2,19.014489
-62.1,1,19.021151
-51.3,1,19.027107
-10.0,1,19.035347
-10.0,3,19.048938
-10.0,3,19.0632
-40.5,3,19.075063
-67.5,1,19.080603
-10.0,1,19.086232
-10.0,2,19.094862
-10.0,3,19.108392
-10.0,2,19.116049
-10.0,1,19.125581
-10.0,3,19.139963
-10.0,1,19.146772
-10.0,2,19.156776
-54.0,4,19.172462
-10.0,2,19.183461
-10.0,1,19.189265
-39.9,2,19.196585
-86.7,2,19.205173
-10.0,1,19.21022
-10.0,1,19.215356
-38.7,2,19.223005
-10.0,1,19.227956
-48.3,2,19.236025
-10.0,2,19.243364
-30.6,1,19.250167
-48.3,2,19.260102
-10.0,3,19.271488
-10.0,4,19.285582
-10.0,1,19.29158
-10.0,1,19.297414
-10.0,1,19.302655
-10.0,1,19.308058
-10.0,5,19.323959
-10.0,3,19.33416
-61.5,2,19.342807
-10.0,3,19.353001
-69.6,1,19.358794
-10.0,1,19.363902
-32.1,1,19.369119
-10.0,2,19.377522
-10.0,1,19.382729
-10.0,1,19.388852
-25.8,1,19.394322
-10.0,1,19.399463
-38.1,1,19.405066
-39.3,4,19.417712
-48.6,1,19.423319
-51.0,2,19.431013
-10.0,2,19.43916
-10.0,2,19.446818
-42.3,1,19.452007
-10.0,1,19.457135
-10.0,1,19.46196
-10.0,2,19.46978
-10.0,3,19.479483
-31.2,2,19.487586
-39.9,2,19.494593
-10.0,1,19.500577
-10.0,1,19.507159
-48.6,1,19.512278
-61.5,3,19.523345
-10.0,2,19.53134
-36.9,1,19.537155
-10.0,1,19.542385
-10.0,1,19.547646
-10.0,3,19.557964
-39.0,1,19.563468
-10.0,5,19.578748
-28.8,1,19.584049
-10.0,1,19.589532
-10.0,1,19.595113
-49.5,1,19.600629
-10.0,2,19.608629
-10.0,1,19.61403
-10.0,1,19.619376
-61.8,2,19.627667
-10.0,3,19.638263
-48.6,2,19.647756
-10.0,2,19.67899
-10.0,5,19.696414
-43.2,1,19.70509
-42.6,2,19.713613
-10.0,2,19.721525
-10.0,1,19.727001
-10.0,2,19.734412
-38.7,1,19.740104
-10.0,1,19.745714
-10.0,1,19.750693
-10.0,1,19.756391
-10.0,3,19.766453
-65.4,1,19.772044
-10.0,1,19.777395
-10.0,1,19.782398
-10.0,1,19.787873
-10.0,1,19.793265
-53.1,3,19.804008
-10.0,3,19.814253
-50.4,4,19.827447
-54.0,1,19.832596
-10.0,1,19.838174
-10.0,1,19.84345
-10.0,1,19.848362
-10.0,2,19.857103
-10.0,1,19.862221
-53.7,2,19.870269
-10.0,2,19.877464
-31.5,1,19.882491
-10.0,2,19.890018
-10.0,1,19.89495
-10.0,1,19.900955
-10.0,1,19.906208
-10.0,1,19.911035
-10.0,1,19.916488
-10.0,1,19.922085
-10.0,3,19.932019
-10.0,3,19.941939
-10.0,2,19.949538
-10.0,1,19.95498
-10.0,3,19.965058
-85.5,1,19.971464
-10.0,2,19.984355
-45.0,2,19.994133
-10.0,3,20.006751
-10.0,1,20.012289
-49.5,2,20.020117
-10.0,1,20.02554
-10.0,1,20.030582
-44.1,2,20.038813
-10.0,1,20.045143
-42.3,3,20.055294
-10.0,1,20.060885
-30.6,2,20.068413
-10.0,4,20.081109
-48.6,1,20.086446
-10.0,1,20.091924
-25.2,1,20.09697
-10.0,1,20.102126
-10.0,1,20.107844
-10.0,1,20.114212
-39.9,2,20.123402
-10.0,5,20.14089
-10.0,1,20.146165
-10.0,1,20.151511
-29.4,2,20.1595
-42.9,3,20.169972
-10.0,5,20.188976
-10.0,1,20.195565
-10.0,1,20.200923
-10.0,1,20.206527
-10.0,4,20.222923
-46.8,1,20.232137
-10.0,3,20.245481
-10.0,1,20.250578
-10.0,1,20.257665
-10.0,2,20.266278
-38.7,1,20.272828
-10.0,1,20.278869
-10.0,2,20.287536
-42.9,2,20.296703
-66.9,3,20.310201
-10.0,3,20.32194
-44.4,1,20.328153
-60.9,3,20.339499
-67.5,1,20.345458
-56.1,3,20.361271
-10.0,1,20.370984
-10.0,1,20.378924
-10.0,1,20.383876
-10.0,1,20.391956
-10.0,1,20.397542
-10.0,5,20.415082
-10.0,2,20.426409
-41.1,1,20.431794
-10.0,3,20.445651
-10.0,1,20.452981
-49.5,1,20.460088
-35.7,1,20.465374
-10.0,1,20.471357
-10.0,4,20.486184
-10.0,3,20.497976
-65.4,1,20.505584
-43.2,1,20.512742
-40.2,1,20.519078
-69.3,2,20.527339
-49.5,1,20.532454
-10.0,1,20.53823
-10.0,2,20.547127
-10.0,1,20.553435
-48.6,1,20.5602
-10.0,2,20.568457
-10.0,1,20.577944
-31.5,1,20.583581
-42.9,2,20.596265
-10.0,1,20.601709
-10.0,1,20.610366
-10.0,1,20.615471
-10.0,2,20.624065
-10.0,1,20.629712
-10.0,1,20.635582
-31.5,3,20.647448
-32.1,1,20.653672
-53.4,2,20.662455
-48.6,1,20.668013
-48.6,1,20.674663
-38.7,1,20.680323
-10.0,1,20.686938
-10.0,1,20.693357
-10.0,2,20.701327
-10.0,3,20.7148
-42.0,5,20.734943
-10.0,1,20.744049
-60.9,4,20.7631
-48.3,2,20.772269
-10.0,2,20.780944
-10.0,1,20.78743
-10.0,2,20.796276
-42.9,1,20.803965
-10.0,1,20.811376
-41.4,1,20.816578
-10.0,1,20.824241
-10.0,3,20.836687
-10.0,1,20.844293
-10.0,2,20.854913
-53.7,2,20.863019
-44.4,2,20.871153
-48.3,2,20.880212
-33.6,1,20.88638
-10.0,1,20.893754
-10.0,1,20.89959
-43.2,1,20.907921
-41.1,1,20.916294
-61.2,3,20.931249
-71.4,5,20.950986
-10.0,1,20.958246
-35.7,1,20.963743
-10.0,4,20.978971
-10.0,3,20.993153
-10.0,3,21.00551
-10.0,3,21.049365
-85.2,2,21.06593
-45.0,1,21.078685
-49.2,1,21.089919
-10.0,2,21.105843
-10.0,1,21.116952
-10.0,2,21.133414
-10.0,2,21.1488
-10.0,1,21.162416
-10.0,3,21.186299
-85.5,1,21.198515
-10.0,1,21.21304
-10.0,1,21.2273
-44.4,1,21.240312
-10.0,1,21.249944
-10.0,2,21.263506
-10.0,3,21.283898
-10.0,2,21.295863
-47.4,1,21.303018
-10.0,3,21.316143
-10.0,1,21.326641
-10.0,1,21.332383
-10.0,2,21.345363
-10.0,2,21.354732
-10.0,2,21.364247
-48.9,1,21.372674
-10.0,1,21.378934
-10.0,1,21.385877
-42.9,2,21.396587
-10.0,1,21.403519
-78.6,1,21.410523
-10.0,4,21.426513
-10.0,1,21.43219
-10.0,1,21.439975
-10.0,2,21.448901
-48.9,1,21.456825
-48.6,2,21.465508
-52.8,3,21.481745
-10.0,2,21.492222
-48.9,1,21.497612
-64.8,1,21.504991
-10.0,1,21.512003
-72.6,1,21.517876
-31.2,1,21.526702
-10.0,2,21.538298
-10.0,2,21.548986
-10.0,1,21.55892
-10.0,2,21.566843
-10.0,2,21.578746
-10.0,1,21.584788
-40.5,3,21.598366
-10.0,7,21.628797
-10.0,1,21.639287
-10.0,1,21.647219
-10.0,1,21.657407
-10.0,1,21.664848
-10.0,1,21.675756
-10.0,1,21.688382
-10.0,1,21.697621
-10.0,1,21.707147
-10.0,1,21.714371
-10.0,1,21.725962
-10.0,3,21.74371
-10.0,1,21.751145
-33.3,2,21.765587
-10.0,2,21.777896
-10.0,1,21.785088
-10.0,1,21.792125
-66.9,2,21.803118
-10.0,1,21.81015
-10.0,1,21.816766
-10.0,1,21.823455
-48.0,3,21.834914
-10.0,1,21.840409
-41.1,1,21.845571
-61.5,1,21.851019
-10.0,1,21.856296
-10.0,2,21.863842
-10.0,1,21.870347
-10.0,1,21.87536
-44.4,1,21.880588
-10.0,1,21.886504
-43.8,2,21.894001
-10.0,1,21.899099
-47.1,2,21.907249
-10.0,4,21.921005
-10.0,2,21.929525
-10.0,3,21.943068
-42.9,3,21.955466
-48.6,1,21.960331
-10.0,1,21.965568
-10.0,1,21.972605
-54.0,4,21.988205
-45.0,2,21.996585
-45.3,1,22.003816
-10.0,2,22.012929
-10.0,2,22.022162
-10.0,3,22.033242
-38.4,2,22.043291
-10.0,1,22.049273
-10.0,1,22.055655
-10.0,1,22.061474
-67.2,1,22.066911
-10.0,1,22.074138
-51.0,2,22.08426
-10.0,2,22.092425
-10.0,1,22.097779
-10.0,2,22.106757
-54.0,1,22.111768
-64.8,3,22.123279
-10.0,1,22.130176
-10.0,1,22.140812
-10.0,1,22.146922
-10.0,2,22.157326
-10.0,1,22.163618
-10.0,1,22.17338
-33.6,3,22.188302
-10.0,1,22.193328
-10.0,5,22.209465
-10.0,1,22.214499
-10.0,1,22.219679
-10.0,1,22.224724
-43.2,1,22.22992
-10.0,1,22.234832
-10.0,1,22.239779
-10.0,1,22.244354
-10.0,2,22.251666
-10.0,2,22.258985
-10.0,1,22.265142
-10.0,1,22.273206
-10.0,1,22.27789
-10.0,1,22.282694
-10.0,1,22.289684
-25.8,1,22.295522
-46.8,1,22.300959
-48.0,3,22.311271
-53.7,2,22.323589
-47.7,4,22.341412
-10.0,1,22.350014
-25.2,1,22.358536
-43.2,1,22.364273
-10.0,1,22.371052
-32.1,1,22.400428
-10.0,1,22.408154
-49.2,2,22.418348
-39.0,1,22.425856
-10.0,1,22.431011
-10.0,1,22.438365
-10.0,1,22.445283
-10.0,2,22.458881
-44.4,1,22.465338
-10.0,2,22.477577
-10.0,1,22.485735
-10.0,2,22.495147
-10.0,1,22.504827
-78.6,1,22.5116
-38.7,1,22.51785
-10.0,1,22.524025
-10.0,2,22.531485
-78.6,1,22.537889
-54.9,1,22.542151
-70.8,1,22.546164
-10.0,1,22.551592
-10.0,3,22.563377
-56.7,1,22.568543
-54.9,1,22.575859
-10.0,3,22.588438
-10.0,3,22.59815
-10.0,1,22.604096
-10.0,3,22.614544
-10.0,3,22.62596
-10.0,1,22.63106
-87.0,1,22.641673
-10.0,2,22.655734
-43.2,1,22.661041
-10.0,1,22.667086
-48.3,2,22.685545
-10.0,1,22.697974
-10.0,2,22.760323
-10.0,1,22.803399
-10.0,1,22.812767
-10.0,1,22.817431
-10.0,1,22.823557
-44.4,1,22.828138
-10.0,3,22.837059
-10.0,3,22.851275
-10.0,4,22.866049
-42.9,2,22.875205
-45.3,1,22.882066
-10.0,1,22.887992
-10.0,1,22.893322
-10.0,2,22.902657
-10.0,3,22.915743
-10.0,2,22.925656
-10.0,1,22.930745
-38.7,1,22.936679
-53.4,1,22.941988
-44.1,2,22.949701
-10.0,2,22.95924
-36.9,1,22.966992
-61.8,3,22.979573
-44.4,2,22.990316
-10.0,1,22.998894
-10.0,1,23.008628
-48.3,2,23.026717
-41.1,1,23.040022
-10.0,3,23.056433
-93.3,1,23.064807
-10.0,1,23.071028
-10.0,3,23.081243
-10.0,3,23.094383
-48.6,4,23.106519
-10.0,1,23.113876
-10.0,1,23.118816
-10.0,1,23.126494
-38.7,1,23.131822
-10.0,1,23.139852
-10.0,4,23.160033
-43.2,1,23.168296
-10.0,6,23.196704
-40.8,2,23.208895
-10.0,1,23.216513
-44.7,1,23.225018
-44.4,2,23.235689
-67.2,4,23.254019
-42.6,1,23.262169
-10.0,1,23.272712
-10.0,2,23.282593
-31.5,3,23.298111
-10.0,1,23.306343
-48.6,2,23.314484
-10.0,2,23.325492
-56.4,2,23.335016
-53.7,1,23.346735
-10.0,3,23.361853
-10.0,2,23.372905
-85.2,2,23.382374
-31.2,1,23.389558
-41.7,2,23.3968
-41.1,1,23.406964
-10.0,1,23.411138
-10.0,1,23.415378
-38.4,1,23.421266
-10.0,1,23.427806
-10.0,1,23.434454
-10.0,1,23.440203
-10.0,1,23.444308
-10.0,1,23.448938
-10.0,1,23.458481
-10.0,2,23.47171
-36.0,4,23.488276
-10.0,3,23.501444
-10.0,1,23.505929
-10.0,1,23.510255
-40.2,1,23.514686
-30.6,1,23.520259
-10.0,1,23.528395
-33.6,1,23.536902
-54.3,3,23.547776
-44.4,1,23.555354
-10.0,1,23.56151
-10.0,1,23.569856
-35.7,1,23.575128
-10.0,1,23.580277
-10.0,1,23.588353
-10.0,5,23.615109
-10.0,1,23.622126
-10.0,2,23.630904
-10.0,4,23.649324
-10.0,2,23.658777
-28.8,1,23.666041
-10.0,1,23.677503
-34.8,4,23.692136
-10.0,5,23.713231
-10.0,1,23.723164
-43.2,1,23.760101
-10.0,2,23.770589
-10.0,3,23.786361
-38.7,1,23.792886
-10.0,3,23.805631
-10.0,1,23.810978
-10.0,1,23.817777
-10.0,1,23.826065
-54.0,1,23.831262
-39.9,2,23.845317
-10.0,2,23.85601
-10.0,2,23.866672
-10.0,1,23.879795
-61.5,1,23.890771
-44.7,1,23.896624
-10.0,2,23.906907
-10.0,1,23.913583
-69.6,1,23.924395
-47.4,1,23.930171
-38.1,2,23.940645
-10.0,2,23.954476
-10.0,1,23.959742
-38.7,1,23.964861
-48.3,2,23.974886
-10.0,1,23.981879
-10.0,2,23.993065
-10.0,1,23.99862
-68.7,4,24.019966
-10.0,1,24.025857
-10.0,1,24.031731
-10.0,1,24.045992
-10.0,1,24.076801
-10.0,1,24.284521
-53.7,1,24.293921
-10.0,1,24.309693
-10.0,1,24.320747
-49.8,1,24.32806
-10.0,1,24.333039
-10.0,2,24.34066
-61.2,2,24.354275
-10.0,1,24.358804
-48.6,1,24.363249
-64.8,1,24.37143
-10.0,1,24.384034
-10.0,10,24.434767
-10.0,1,24.43995
-46.5,2,24.447664
-10.0,1,24.456117
-10.0,2,24.46187
-10.0,1,24.465823
-10.0,2,24.475417
-10.0,1,24.481123
-93.0,2,24.490362
-10.0,2,24.497181
-10.0,1,24.504571
-10.0,1,24.508569
-10.0,1,24.512252
-10.0,2,24.522409
-10.0,1,24.529492
-41.4,1,24.539928
-10.0,1,24.545836
-10.0,2,24.55619
-10.0,1,24.562998
-93.0,2,24.572837
-10.0,1,24.577148
-35.1,3,24.590334
-10.0,1,24.594915
-10.0,1,24.601722
-42.0,1,24.608548
-42.0,4,24.622013
-10.0,3,24.633994
-43.2,1,24.63959
-10.0,1,24.644076
-43.2,1,24.649949
-10.0,4,24.664321
-10.0,1,24.670173
-44.4,1,24.674577
-30.9,1,24.679163
-10.0,2,24.690837
-44.7,1,24.695071
-10.0,1,24.699033
-92.7,3,24.709146
-63.9,4,24.724317
-10.0,1,24.728982
-10.0,1,24.735175
-62.1,1,24.743293
-43.5,1,24.751786
-41.1,1,24.757217
-10.0,2,24.765872
-28.8,1,24.773273
-53.1,2,24.784167
-10.0,4,24.798112
-10.0,1,24.808801
-10.0,3,24.823797
-10.0,3,24.838315
-10.0,1,24.84458
-30.9,1,24.853094
-10.0,3,24.864623
-10.0,4,24.88175
-10.0,1,24.892354
-48.6,1,24.897856
-86.4,3,24.91179
-51.3,1,24.920677
-44.7,1,24.925363
-10.0,1,24.931784
-10.0,1,24.940789
-10.0,2,24.950062
-33.6,1,24.955291
-62.4,1,24.959462
-10.0,3,24.9713
-10.0,1,24.978876
-10.0,1,24.984246
-42.0,2,24.991838
-44.7,2,25.004909
-10.0,2,25.012202
-10.0,1,25.018063
-54.0,1,25.02396
-51.3,1,25.029971
-10.0,1,25.04121
-43.2,1,25.045771
-10.0,2,25.056016
-53.1,2,25.06626
-10.0,4,25.09117
-10.0,1,25.123784
-10.0,2,25.132196
-10.0,1,25.141824
-10.0,1,25.147491
-62.4,1,25.155517
-10.0,2,25.164376
-10.0,1,25.172777
-10.0,1,25.17852
-67.2,1,25.185935
-10.0,1,25.197893
-61.2,2,25.216111
-10.0,1,25.223117
-10.0,4,25.238184
-10.0,1,25.246198
-46.5,2,25.259696
-10.0,1,25.271437
-42.0,3,25.305626
-10.0,4,25.341002
-10.0,2,25.35908
-44.4,1,25.373445
-10.0,3,25.398303
-10.0,1,25.420324
-10.0,2,25.467485
-10.0,2,25.503662
-10.0,2,25.528116
-10.0,3,25.561886
-10.0,1,25.590598
-10.0,1,25.607356
-10.0,1,25.614138
-35.7,1,25.622568
-10.0,1,25.629829
-10.0,1,25.638059
-36.9,1,25.655152
-43.2,1,25.662128
-30.6,1,25.667261
-10.0,10,25.696774
-10.0,3,25.712128
-34.8,4,25.727309
-10.0,2,25.738642
-10.0,1,25.745152
-10.0,1,25.750949
-10.0,1,25.756895
-10.0,1,25.762113
-42.9,2,25.771246
-10.0,1,25.780096
-72.6,1,25.788264
-62.4,1,25.793901
-41.1,1,25.802604
-10.0,1,25.809093
-10.0,2,25.818899
-10.0,2,25.827935
-10.0,1,25.835463
-10.0,1,25.841799
-10.0,1,25.848534
-10.0,1,25.860967
-32.1,1,25.866939
-10.0,1,25.874469
-10.0,1,25.880398
-10.0,1,25.892971
-10.0,3,25.910811
-10.0,4,25.939753
-10.0,3,25.958686
-10.0,2,25.967638
-10.0,1,25.976171
-61.2,2,25.987635
-10.0,1,25.997087
-10.0,3,26.02238
-34.5,3,26.039682
-10.0,1,26.045021
-10.0,2,26.053394
-10.0,1,26.059334
-10.0,2,26.066748
-10.0,1,26.076076
-10.0,1,26.081235
-10.0,3,26.09831
-10.0,1,26.110553
-10.0,1,26.117026
-10.0,1,26.128774
-23.1,1,26.143578
-10.0,1,26.14997
-10.0,1,26.158783
-10.0,3,26.173598
-48.3,3,26.185851
-10.0,1,26.194914
-60.9,4,26.213312
-65.4,1,26.219477
-10.0,1,26.225718
-10.0,1,26.230218
-10.0,2,26.238516
-49.2,1,26.243343
-38.4,2,26.251959
-10.0,1,26.261599
-10.0,2,26.287558
-10.0,1,26.298035
-10.0,2,26.328993
-47.7,1,26.36047
-10.0,1,26.375837
-10.0,1,26.392372
-10.0,1,26.409469
-25.8,1,26.421219
-10.0,1,26.434109
-23.1,1,26.443314
-10.0,3,26.4663
-33.6,3,26.481713
-10.0,3,26.495735
-10.0,3,26.509428
-10.0,1,26.513838
-42.0,1,26.520849
-10.0,1,26.526949
-10.0,2,26.540293
-69.6,1,26.547868
-10.0,1,26.555424
-10.0,4,26.571241
-10.0,1,26.576636
-35.4,2,26.584706
-10.0,1,26.593375
-10.0,4,26.614428
-10.0,1,26.622496
-10.0,3,26.635296
-10.0,1,26.643525
-54.0,1,26.650843
-30.3,2,26.661675
-10.0,1,26.67011
-42.9,2,26.680526
-10.0,1,26.693225
-30.9,1,26.699007
-10.0,2,26.71329
-10.0,6,26.757607
-10.0,2,26.772942
-10.0,2,26.789862
-10.0,1,26.806049
-10.0,1,26.81734
-10.0,4,26.844446
-10.0,2,26.861316
-39.0,1,26.872537
-10.0,1,26.88725
-10.0,1,26.902884
-10.0,2,26.917995
-10.0,1,26.927986
-54.6,2,26.944891
-10.0,2,26.960774
-10.0,1,26.970698
-10.0,1,26.978566
-45.3,1,26.985206
-30.9,1,26.994965
-10.0,1,27.007915
-10.0,3,27.02949
-43.2,1,27.04112
-56.7,1,27.057094
-46.8,1,27.070212
-10.0,1,27.080106
-10.0,2,27.098447
-29.1,3,27.123915
-10.0,2,27.13876
-10.0,1,27.145793
-10.0,5,27.171354
-31.8,2,27.179389
-10.0,1,27.185681
-10.0,1,27.194894
-10.0,1,27.204437
-53.7,1,27.212018
-41.1,1,27.219113
-10.0,2,27.230679
-31.8,2,27.241718
-10.0,2,27.25244
-10.0,1,27.259663
-10.0,1,27.264058
-10.0,2,27.279091
-10.0,1,27.288031
-43.2,1,27.294454
-10.0,2,27.308726
-49.5,2,27.315567
-10.0,1,27.325566
-10.0,3,27.342941
-25.8,1,27.349085
-51.0,2,27.363438
-10.0,3,27.38046
-56.7,1,27.39415
-41.1,1,27.404948
-10.0,1,27.412246
-61.5,1,27.41956
-38.4,2,27.428516
-10.0,1,27.433566
-10.0,1,27.44083
-10.0,3,27.462953
-10.0,3,27.477752
-10.0,1,27.482895
-46.5,5,27.506599
-10.0,1,27.51252
-10.0,2,27.525887
-10.0,1,27.530667
-10.0,2,27.544661
-10.0,3,27.559499
-44.4,2,27.568279
-32.1,1,27.575579
-10.0,1,27.581684
-42.6,3,27.779171
-10.0,1,27.790949
-10.0,1,27.795788
-44.7,1,27.805296
-47.7,5,27.830686
-10.0,3,27.86036
-10.0,6,27.890224
-10.0,1,27.896059
-10.0,1,27.903009
-56.7,1,27.908399
-10.0,2,27.919092
-43.2,1,27.925181
-56.7,1,27.932655
-10.0,1,27.940552
-10.0,1,27.946644
-10.0,1,27.953202
-10.0,1,27.958961
-10.0,1,27.96485
-32.7,4,27.979638
-10.0,4,27.992827
-85.5,1,27.998115
-23.1,1,28.00415
-10.0,4,28.020483
-10.0,1,28.025918
-10.0,1,28.031605
-54.0,1,28.03731
-10.0,4,28.051308
-10.0,1,28.056567
-10.0,1,28.061889
-10.0,1,28.06844
-10.0,1,28.07559
-54.9,1,28.081109
-40.2,1,28.087405
-56.1,3,28.101676
-39.9,2,28.11289
-10.0,2,28.119887
-41.4,1,28.123508
-10.0,5,28.13583
-10.0,1,28.141284
-10.0,4,28.15579
-10.0,1,28.159696
-10.0,3,28.16876
-10.0,2,28.174326
-10.0,1,28.178061
-56.4,2,28.184042
-10.0,1,28.187922
-10.0,1,28.191662
-30.3,4,28.20613
-10.0,2,28.214166
-62.1,1,28.220279
-10.0,1,28.224416
-41.1,1,28.22853
-10.0,1,33.913911
-44.7,1,33.921799
-10.0,2,33.93041
-10.0,1,33.938445
-10.0,1,33.946426
-10.0,2,33.958376
-22.8,2,33.971625
-10.0,1,33.98027
-10.0,2,33.993594
-10.0,2,34.003906
-10.0,5,34.028702
-10.0,1,34.038293
-10.0,1,34.047883
-10.0,3,34.069383
-10.0,2,34.083482
-10.0,1,34.093283
-10.0,1,34.103641
-10.0,3,34.123357
-10.0,1,34.1335
-10.0,1,34.144299
-10.0,1,34.154503
-10.0,2,34.172338
-10.0,2,34.187924
-10.0,1,34.198792
-10.0,1,34.216749
-23.1,1,34.235165
-10.0,1,34.25144
-45.3,1,34.271018
-10.0,1,34.281757
-25.2,3,34.344601
-10.0,1,34.376408
-10.0,2,34.471186
-10.0,2,34.518592
-44.4,1,34.542386
-10.0,1,34.570912
-10.0,1,34.588262
-10.0,1,34.604216
-10.0,1,34.624916
-10.0,1,34.649589
-10.0,7,34.725155
-55.8,4,34.794866
-78.3,2,34.820205
-10.0,2,34.838584
-10.0,1,34.850041
-10.0,1,34.86012
-69.6,1,34.872134
-10.0,4,34.900829
-10.0,5,34.939051
-56.4,2,34.955968
-10.0,2,34.973656
-10.0,1,34.986849
-10.0,1,34.9974
-10.0,1,35.007887
-10.0,2,35.02318
-10.0,2,35.040765
-10.0,2,35.054599
-10.0,2,35.071578
-10.0,1,35.079656
-87.0,1,35.090406
-24.9,4,35.118451
-10.0,2,35.135322
-10.0,1,35.151413
-10.0,4,35.197291
-10.0,2,35.223237
-10.0,5,35.266863
-10.0,1,35.281455
-10.0,1,35.291783
-10.0,1,35.301807
-42.9,2,35.31625
-10.0,1,35.326909
-60.6,4,35.34936
-10.0,2,35.362944
-10.0,1,35.371969
-10.0,1,35.379585
-10.0,1,35.388131
-10.0,1,35.39904
-10.0,1,35.407298
-10.0,1,35.415617
-10.0,1,35.423363
-10.0,1,35.430839
-10.0,2,35.444196
-10.0,3,35.460814
-10.0,1,35.47016
-10.0,2,35.482824
-10.0,1,35.490208
-10.0,2,35.504227
-10.0,1,35.5124
-10.0,3,35.527887
-10.0,2,35.545142
-10.0,2,35.560349
-10.0,2,35.571776
-10.0,1,35.579753
-10.0,1,35.587758
-10.0,1,35.595466
-10.0,1,35.602689
-45.0,2,35.614468
-40.2,1,35.621588
-10.0,1,35.630493
-10.0,2,35.643537
-10.0,1,35.651083
-10.0,1,35.658565
-10.0,2,35.66966
-10.0,1,35.676462
-10.0,1,35.683175
-28.8,1,35.690386
-42.9,1,35.697576
-10.0,1,35.704167
-10.0,2,35.714515
-10.0,1,35.721125
-10.0,2,35.73203
-10.0,1,35.739164
-10.0,2,35.749386
-10.0,1,35.756462
-10.0,1,35.763681
-10.0,2,35.775111
-10.0,1,35.782441
-10.0,1,35.789453
-10.0,1,35.796215
-10.0,2,35.807948
-10.0,1,35.814969
-10.0,1,35.822863
-10.0,2,35.834476
-10.0,2,35.844364
-10.0,2,35.854619
-10.0,2,35.864934
-10.0,3,35.877891
-49.8,1,35.884965
-10.0,1,35.8914
-10.0,1,35.898422
-10.0,1,35.90503
-10.0,2,35.915753
-10.0,2,35.928107
-10.0,4,35.947475
-54.3,3,35.963257
-10.0,1,35.970883
-10.0,2,35.982839
-10.0,1,35.991003
-10.0,1,35.998928
-10.0,1,36.005649
-42.6,3,36.025576
-10.0,2,36.0427
-10.0,1,36.055647
-10.0,1,36.065273
-10.0,3,36.089936
-10.0,2,36.104035
-10.0,4,36.126673
-10.0,2,36.139308
-78.6,1,36.149489
-10.0,1,36.160801
-10.0,2,36.175454
-10.0,5,36.202213
-10.0,1,36.209847
-10.0,1,36.220361
-10.0,1,36.229881
-10.0,2,36.244375
-10.0,1,36.253229
-10.0,2,36.264579
-10.0,2,36.275336
-61.8,2,36.28643
-45.0,2,36.297343
-10.0,1,36.304366
-10.0,1,36.312414
-10.0,1,36.319751
-32.1,1,36.327178
-10.0,3,36.343765
-10.0,1,36.352607
-10.0,1,36.360957
-10.0,1,36.369211
-10.0,1,36.377347
-10.0,1,36.385566
-54.9,1,36.393617
-10.0,1,36.401759
-35.1,1,36.410087
-10.0,1,36.418617
-10.0,2,36.428485
-30.9,3,36.439311
-10.0,1,36.444497
-10.0,1,36.450037
-10.0,1,36.455373
-10.0,1,36.460435
-44.7,1,36.46599
-10.0,1,36.471862
-10.0,1,36.476861
-10.0,1,36.482721
-10.0,2,36.490269
-10.0,2,36.498515
-10.0,1,36.503558
-10.0,2,36.510787
-10.0,2,36.51897
-10.0,4,36.532149
-10.0,1,36.537545
-10.0,5,36.554367
-10.0,4,36.570341
-10.0,1,36.57588
-53.7,2,36.585279
-10.0,1,36.591279
-10.0,1,36.597491
-10.0,1,36.607223
-10.0,1,36.614016
-10.0,1,36.619798
-42.3,2,36.62738
-10.0,2,36.638148
-10.0,1,36.643493
-10.0,2,36.651482
-10.0,2,36.659232
-10.0,1,36.664419
-10.0,3,36.67452
-62.1,1,36.679923
-10.0,3,36.69047
-10.0,1,36.695833
-10.0,3,36.707636
-35.4,2,36.715318
-10.0,3,36.725038
-10.0,1,36.731794
-10.0,1,36.739088
-10.0,2,36.748155
-10.0,2,36.757254
-10.0,1,36.763896
-10.0,1,36.771548
-10.0,1,36.777106
-10.0,1,36.784545
-10.0,1,36.791769
-10.0,1,36.799916
-10.0,1,36.806749
-10.0,1,36.812536
-10.0,4,36.826652
-10.0,2,36.837713
-10.0,1,36.843214
-10.0,1,36.84961
-10.0,1,36.854642
-10.0,1,36.859653
-10.0,1,36.867026
-10.0,3,36.878703
-10.0,2,36.887599
-10.0,1,36.892612
-10.0,2,36.901576
-48.3,2,36.90949
-10.0,2,36.918388
-10.0,1,36.923596
-10.0,2,36.932767
-10.0,2,36.940823
-51.0,2,36.950126
-44.4,1,36.955661
-10.0,2,36.965371
-10.0,2,36.974705
-10.0,1,36.981232
-10.0,2,36.991291
-64.8,1,36.998143
-10.0,2,37.008908
-31.5,1,37.015754
-10.0,1,37.023333
-10.0,2,37.032579
-10.0,4,37.050517
-10.0,1,37.058631
-10.0,1,37.067307
-10.0,1,37.074265
-10.0,1,37.080792
-10.0,4,37.103344
-10.0,1,37.11069
-10.0,2,37.124886
-10.0,2,37.138055
-10.0,2,37.14685
-10.0,3,37.162274
-10.0,2,37.17314
-10.0,6,37.195091
-10.0,3,37.209316
-10.0,1,37.215881
-10.0,2,37.223414
-30.9,1,37.231116
-10.0,1,37.240516
-10.0,1,37.251586
-10.0,2,37.271781
-10.0,2,37.288457
-10.0,1,37.2992
-10.0,1,37.309379
-10.0,1,37.322979
-10.0,1,37.336947
-10.0,1,37.350576
-10.0,1,37.36601
-10.0,2,37.3996
-10.0,1,37.41575
-10.0,1,37.428029
-25.5,2,37.453004
-10.0,1,37.469163
-10.0,1,37.482795
-10.0,1,37.492115
-10.0,1,37.508873
-10.0,4,37.548848
-64.2,3,37.581309
-10.0,1,37.59772
-10.0,3,37.619065
-10.0,1,37.629789
-41.7,2,37.648391
-10.0,1,37.662512
-10.0,2,37.681525
-10.0,1,37.691363
-10.0,1,37.703448
-31.2,2,37.718367
-10.0,2,37.732909
-10.0,1,37.742997
-10.0,1,37.752447
-10.0,5,37.783452
-78.3,2,37.800938
-61.8,2,37.815998
-10.0,1,37.82562
-10.0,2,37.840991
-10.0,1,37.854434
-10.0,3,37.874839
-25.5,2,37.888861
-10.0,1,37.898505
-10.0,1,37.907538
-10.0,6,37.937761
-10.0,2,37.946913
-10.0,2,37.95442
-10.0,1,37.95957
-54.9,1,37.964699
-46.8,1,37.969804
-10.0,1,37.975003
-10.0,1,37.98011
-86.7,2,37.987859
-10.0,1,37.992915
-10.0,2,38.000459
-10.0,1,38.006708
-36.9,1,38.01188
-10.0,3,38.02212
-10.0,3,38.032033
-10.0,1,38.037651
-10.0,4,38.050644
-38.1,1,38.05571
-10.0,1,38.060656
-10.0,1,38.065864
-10.0,1,38.071186
-10.0,2,38.078493
-10.0,1,38.08394
-10.0,1,38.08901
-10.0,1,38.093913
-10.0,1,38.099589
-51.3,1,38.104794
-53.7,2,38.112114
-10.0,1,38.117524
-10.0,2,38.124932
-10.0,1,38.129974
-10.0,1,38.135475
-69.3,2,38.142965
-41.1,1,38.148783
-10.0,2,38.157058
-44.7,1,38.162764
-10.0,1,38.16762
-10.0,2,38.173812
-10.0,1,38.179433
-10.0,1,38.18526
-10.0,2,38.192632
-10.0,1,38.198068
-10.0,1,38.203057
-10.0,3,38.213681
-44.4,4,38.225929
-10.0,2,38.233784
-10.0,1,38.238742
-10.0,1,38.244149
-10.0,2,38.25182
-10.0,1,38.256793
-10.0,1,38.26222
-30.6,2,38.269643
-47.7,4,38.282032
-10.0,2,38.289313
-10.0,2,38.297478
-47.7,4,38.310405
-10.0,1,38.315699
-10.0,1,38.320638
-10.0,2,38.328528
-10.0,1,38.333887
-10.0,1,38.340028
-10.0,1,38.345055
-10.0,1,38.350074
-10.0,1,38.355255
-10.0,1,38.360407
-10.0,1,38.365844
-10.0,2,38.373741
-10.0,1,38.37889
-10.0,2,38.386752
-10.0,1,38.391891
-10.0,1,38.397067
-51.3,1,38.402581
-10.0,1,38.407782
-10.0,1,38.412985
-10.0,1,38.418407
-10.0,2,38.425909
-10.0,2,38.43391
-30.9,3,38.443882
-10.0,2,38.452094
-10.0,1,38.457293
-10.0,6,38.476367
-10.0,1,38.48405
-10.0,2,38.492394
-10.0,4,38.507652
-10.0,1,38.513769
-38.7,1,38.520801
-40.8,2,38.530231
-10.0,1,38.536141
-10.0,1,38.540656
-70.5,2,38.551313
-10.0,1,38.555951
-10.0,1,38.56091
-10.0,2,38.570567
-10.0,1,38.57604
-53.7,2,38.588978
-10.0,2,38.600353
-10.0,5,38.619849
-56.7,1,38.624561
-72.3,2,38.636142
-10.0,1,38.645055
-10.0,5,38.670988
-10.0,2,38.680137
-44.1,2,38.691526
-10.0,2,38.701528
-10.0,2,38.709564
-10.0,1,38.715213
-10.0,1,38.721416
-10.0,1,38.72717
-10.0,1,38.735025
-10.0,1,38.741483
-10.0,1,38.746854
-10.0,1,38.752577
-10.0,1,38.757778
-10.0,2,38.767018
-10.0,2,38.77474
-10.0,1,38.779886
-10.0,1,38.785351
-10.0,4,38.796893
-45.3,1,38.806037
-10.0,1,38.811794
-10.0,4,38.830867
-10.0,1,38.836585
-10.0,3,38.845749
-10.0,2,38.853864
-10.0,1,38.858113
-35.7,1,38.863641
-10.0,1,38.869486
-10.0,1,38.875089
-10.0,1,38.880763
-10.0,1,38.888429
-10.0,1,38.893829
-10.0,1,38.900808
-10.0,2,38.909347
-35.7,3,38.921457
-10.0,5,38.937284
-39.0,1,38.943182
-37.5,5,38.959594
-10.0,2,38.970448
-10.0,1,38.976042
-10.0,3,38.987608
-36.3,3,39.000161
-10.0,2,39.008741
-10.0,3,39.023027
-10.0,1,39.029112
-10.0,3,39.042392
-34.2,2,39.053197
-10.0,2,39.0633
-10.0,5,39.082031
-10.0,1,39.088352
-51.3,1,39.094615
-10.0,1,39.102051
-10.0,1,39.108456
-47.4,1,39.115165
-10.0,1,39.120413
-10.0,1,39.125396
-10.0,2,39.133292
-10.0,1,39.138438
-10.0,1,39.143361
-10.0,2,39.151219
-10.0,1,39.15622
-10.0,1,39.161737
-10.0,1,39.166982
-10.0,1,39.171807
-10.0,1,39.177352
-10.0,2,39.185356
-10.0,2,39.1936
-43.2,1,39.198991
-10.0,3,39.20922
-10.0,3,39.219585
-44.1,2,39.227175
-10.0,1,39.232468
-10.0,1,39.237546
-10.0,5,39.249234
-10.0,1,39.252791
-10.0,1,39.256219
-10.0,2,39.263187
-10.0,4,39.272744
-10.0,1,39.277795
-10.0,2,39.285257
-46.2,4,39.297918
-10.0,1,39.303022
-10.0,1,39.308593
-10.0,3,39.318565
-46.8,1,39.323873
-10.0,1,39.329159
-10.0,1,39.334328
-10.0,3,39.345348
-53.7,1,39.350468
-44.4,1,39.355714
-10.0,3,39.365654
-10.0,2,39.373596
-10.0,2,39.38275
-10.0,2,39.390806
-10.0,1,39.397843
-10.0,3,39.412857
-10.0,4,39.432766
-10.0,1,39.44158
-33.9,2,39.452869
-10.0,1,39.462182
-10.0,2,39.477141
-10.0,2,39.492141
-31.5,3,39.511767
-10.0,1,39.52361
-10.0,3,39.560559
-10.0,3,39.588417
-10.0,4,39.613753
-10.0,1,39.625756
-48.6,1,39.635888
-10.0,4,39.656631
-10.0,1,39.664124
-10.0,1,39.671799
-10.0,3,39.692088
-10.0,1,39.701851
-10.0,1,39.71387
-10.0,1,39.725802
-35.4,2,39.746927
-10.0,2,39.762179
-10.0,2,39.776061
-10.0,2,39.78838
-10.0,1,39.796836
-10.0,2,39.813899
-10.0,2,39.830935
-10.0,1,39.842865
-24.9,2,39.851881
-10.0,1,39.856858
-10.0,10,39.897871
-10.0,1,39.909047
-10.0,1,39.920325
-10.0,2,39.937214
-35.7,1,39.943866
-10.0,1,39.954073
-10.0,3,39.971237
-10.0,1,39.979013
-10.0,3,40.002894
-10.0,1,40.014247
-10.0,2,40.030053
-10.0,2,40.047312
-10.0,4,40.072446
-10.0,2,40.086341
-10.0,3,40.105064
-10.0,3,40.123939
-10.0,2,40.13829
-10.0,1,40.150101
-48.3,2,40.164989
-10.0,3,40.18756
-10.0,3,40.207988
-48.9,1,40.2184
-10.0,1,40.228678
-10.0,3,40.250388
-10.0,1,40.262466
-10.0,1,40.269846
-10.0,1,40.276748
-54.0,1,40.285786
-10.0,1,40.296283
-10.0,1,40.305418
-10.0,1,40.315734
-49.2,2,40.331317
-10.0,2,40.345883
-10.0,3,40.359732
-30.9,1,40.366988
-10.0,2,40.38
-30.3,2,40.39155
-64.2,3,40.409626
-10.0,1,40.416393
-10.0,2,40.42665
-10.0,1,40.433976
-10.0,1,40.442918
-10.0,2,40.458131
-10.0,2,40.473034
-10.0,1,40.483076
-10.0,1,40.49313
-10.0,3,40.507078
-10.0,1,40.512203
-10.0,2,40.519883
-10.0,2,40.527523
-10.0,1,40.532964
-10.0,1,40.538179
-10.0,1,40.543193
-10.0,1,40.548372
-10.0,1,40.553807
-10.0,1,40.55884
-10.0,1,40.56407
-10.0,2,40.571883
-10.0,2,40.57945
-10.0,1,40.585107
-10.0,4,40.597538
-10.0,1,40.602911
-10.0,1,40.608091
-10.0,1,40.614356
-10.0,4,40.626337
-10.0,1,40.6312
-38.7,1,40.635246
-10.0,2,40.642424
-45.3,1,40.649204
-10.0,1,40.654243
-10.0,1,40.659302
-54.6,2,40.667341
-10.0,2,40.675044
-41.1,1,40.680493
-10.0,2,40.687977
-10.0,1,40.693255
-10.0,4,40.705671
-10.0,2,40.713886
-10.0,3,40.724551
-10.0,1,40.730733
-10.0,3,40.742551
-10.0,1,40.748978
-10.0,3,40.762288
-10.0,1,40.769826
-10.0,2,40.782107
-10.0,3,40.794905
-10.0,2,40.805455
-10.0,6,40.824857
-10.0,3,40.837616
-31.5,1,40.842009
-10.0,1,40.847851
-10.0,2,40.854927
-10.0,2,40.861174
-10.0,1,40.868606
-10.0,1,40.873065
-10.0,1,40.879164
-10.0,1,40.887052
-10.0,2,40.89541
-10.0,1,40.900732
-10.0,1,40.905097
-10.0,2,40.91524
-33.9,2,40.924432
-39.0,1,40.931906
-10.0,1,40.937231
-10.0,1,40.942357
-10.0,2,40.952836
-10.0,3,40.962661
-10.0,1,40.969411
-10.0,1,40.973804
-10.0,1,40.980318
-10.0,1,40.986511
-10.0,2,40.993011
-10.0,2,41.002507
-10.0,1,41.007603
-10.0,2,41.019934
-10.0,1,41.025462
-10.0,1,41.033888
-10.0,1,41.040089
-10.0,1,41.047085
-10.0,1,41.05439
-10.0,1,41.059748
-10.0,1,41.068036
-10.0,2,41.076641
-10.0,1,41.086234
-10.0,1,41.091875
-10.0,2,41.104742
-10.0,2,41.11574
-10.0,1,41.121205
-10.0,1,41.126707
-10.0,2,41.137045
-10.0,5,41.157107
-42.3,4,41.173083
-10.0,2,41.184551
-10.0,1,41.190882
-10.0,1,41.198698
-10.0,1,41.205903
-30.9,1,41.214025
-10.0,2,41.223747
-46.5,2,41.234674
-10.0,2,41.242885
-10.0,1,41.251133
-53.1,2,41.259233
-10.0,1,41.265497
-10.0,5,41.285416
-27.3,6,41.309769
-10.0,1,41.316139
-10.0,5,41.331561
-10.0,1,41.336829
-10.0,1,41.342184
-10.0,2,41.352772
-10.0,1,41.359526
-10.0,4,41.37873
-10.0,1,41.38607
-38.1,1,41.393645
-10.0,1,41.399094
-10.0,1,41.404109
-34.5,1,41.40984
-10.0,1,41.415774
-10.0,1,41.421096
-10.0,2,41.429887
-10.0,1,41.435482
-10.0,2,41.443269
-10.0,2,41.451773
-10.0,2,41.460446
-10.0,1,41.466813
-10.0,2,41.477065
-10.0,1,41.484638
-10.0,1,41.492111
-10.0,1,41.499549
-10.0,1,41.506603
-44.4,3,41.520722
-10.0,4,41.537583
-45.0,2,41.547607
-10.0,2,41.557488
-10.0,4,41.573421
-10.0,1,41.578652
-38.7,1,41.584088
-10.0,2,41.591946
-10.0,1,41.597356
-10.0,1,41.603039
-10.0,3,41.613561
-10.0,2,41.622325
-10.0,2,41.630342
-10.0,1,41.636357
-10.0,1,41.641865
-10.0,1,41.6474
-10.0,2,41.656054
-10.0,2,41.663958
-10.0,5,41.679175
-10.0,1,41.684941
-69.0,3,41.695548
-10.0,2,41.703539
-39.6,3,41.714183
-10.0,1,41.719939
-10.0,5,41.737871
-10.0,1,41.743708
-10.0,1,41.750027
-10.0,1,41.755449
-10.0,2,41.763673
-10.0,2,41.771864
-10.0,1,41.777996
-10.0,1,41.785895
-10.0,1,41.791877
-10.0,1,41.801031
-49.5,1,41.807241
-41.1,1,41.815103
-10.0,2,41.830117
-10.0,1,41.839511
-10.0,1,41.84512
-10.0,1,41.852996
-10.0,1,41.858931
-10.0,2,41.872934
-10.0,1,41.881835
-10.0,1,41.891156
-10.0,1,41.898172
-10.0,1,41.905721
-10.0,1,41.912982
-10.0,3,41.924959
-10.0,3,41.938287
-10.0,1,41.944214
-10.0,1,41.95109
-10.0,4,41.964987
-10.0,1,41.971392
-10.0,1,41.97748
-10.0,5,41.996753
-10.0,1,42.004112
-10.0,3,42.016792
-10.0,3,42.030071
-10.0,1,42.037454
-10.0,1,42.044374
-10.0,3,42.058385
-10.0,2,42.070722
-10.0,1,42.076791
-10.0,1,42.085315
-61.5,2,42.096081
-47.7,1,42.102278
-10.0,3,42.114318
-10.0,2,42.124275
-10.0,1,42.131545
-44.4,1,42.138301
-10.0,1,42.144158
-10.0,3,42.157321
-10.0,1,42.164984
-10.0,4,42.179062
-10.0,3,42.191205
-10.0,2,42.202521
-10.0,1,42.2083
-48.6,1,42.215716
-10.0,2,42.225659
-10.0,1,42.23601
-10.0,3,42.254081
-10.0,3,42.271286
-10.0,3,42.28826
-10.0,1,42.296794
-10.0,1,42.304519
-10.0,2,42.317492
-10.0,1,42.325821
-33.6,1,42.336616
-10.0,1,42.345931
-35.7,1,42.35898
-10.0,1,42.372213
-10.0,3,42.392242
-10.0,1,42.401143
-10.0,1,42.408522
-10.0,1,42.418582
-10.0,1,42.428659
-10.0,2,42.439507
-10.0,1,42.446759
-10.0,2,42.456704
-10.0,1,42.46404
-10.0,1,42.470872
-10.0,1,42.479289
-10.0,1,42.487798
-10.0,2,42.500792
-10.0,1,42.50756
-10.0,1,42.514267
-10.0,1,42.521859
-34.2,2,42.53531
-10.0,1,42.543883
-10.0,1,42.553454
-44.4,1,42.562653
-10.0,5,42.602175
-10.0,1,42.616472
-10.0,1,42.630244
-10.0,1,42.643521
-10.0,1,42.655711
-60.9,3,42.680712
-10.0,2,42.700944
-10.0,1,42.713908
-48.6,1,42.724917
-10.0,3,42.745499
-10.0,1,42.755038
-10.0,1,42.764931
-10.0,1,42.774293
-10.0,1,42.78425
-10.0,2,42.800806
-10.0,2,42.81521
-10.0,1,42.825129
-45.3,1,42.837924
-10.0,1,42.84904
-10.0,1,42.859129
-10.0,4,42.894593
-10.0,2,42.914612
-10.0,2,42.939811
-10.0,1,42.95179
-43.5,1,42.961777
-10.0,5,42.997862
-10.0,2,43.006744
-10.0,1,43.012611
-33.3,2,43.020772
-10.0,1,43.025904
-10.0,5,43.041844
-10.0,1,43.048108
-10.0,1,43.054416
-10.0,2,43.064079
-10.0,1,43.073014
-10.0,1,43.07837
-49.8,1,43.08637
-54.0,1,43.091369
-10.0,1,43.097337
-10.0,1,43.105037
-54.0,1,43.11156
-10.0,2,43.122545
-10.0,2,43.131851
-10.0,1,43.138523
-10.0,1,43.144973
-42.6,2,43.155905
-10.0,3,43.176868
-10.0,1,43.184513
-10.0,1,43.191334
-10.0,4,43.208385
-10.0,1,43.214906
-10.0,1,43.222016
-33.3,7,43.251685
-86.7,2,43.26165
-10.0,1,43.268049
-10.0,5,43.292198
-10.0,1,43.302776
-10.0,1,43.310227
-10.0,4,43.330266
-10.0,1,43.338395
-40.2,4,43.355649
-10.0,1,43.36377
-10.0,6,43.389079
-10.0,1,43.39741
-10.0,1,43.404453
-10.0,1,43.411934
-10.0,1,43.422956
-10.0,4,43.443277
-10.0,3,43.456015
-43.2,2,43.46658
-10.0,1,43.473548
-10.0,2,43.485045
-10.0,1,43.491853
-31.8,2,43.503208
-10.0,1,43.50905
-10.0,1,43.517134
-10.0,1,43.525111
-43.2,1,43.534013
-10.0,1,43.540329
-10.0,1,43.54571
-10.0,1,43.552321
-10.0,1,43.557451
-10.0,1,43.563026
-10.0,1,43.569931
-10.0,1,43.575378
-42.6,1,43.581914
-10.0,1,43.589008
-10.0,1,43.594934
-10.0,3,43.60765
-10.0,1,43.614677
-10.0,1,43.621575
-10.0,2,43.631329
-28.8,1,43.638679
-10.0,1,43.644758
-10.0,1,43.650355
-10.0,2,43.65857
-85.5,1,43.666368
-10.0,1,43.671502
-10.0,2,43.680563
-10.0,1,43.685431
-10.0,2,43.696058
-10.0,1,43.702803
-10.0,3,43.71924
-10.0,1,43.72488
-10.0,1,43.736094
-56.4,2,43.747679
-10.0,1,43.753756
-10.0,2,43.76505
-10.0,1,43.772226
-10.0,1,43.782007
-10.0,1,43.788265
-42.0,1,43.801428
-42.9,2,43.8093
-10.0,2,43.820877
-10.0,1,43.941029
-10.0,1,44.023597
-10.0,1,44.034389
-10.0,2,44.044627
-10.0,2,44.061569
-10.0,3,44.095188
-10.0,1,44.099937
-10.0,1,44.105843
-10.0,1,44.112687
-10.0,1,44.119117
-10.0,1,44.126647
-10.0,1,44.134599
-10.0,1,44.141516
-10.0,2,44.148864
-10.0,2,44.156013
-72.3,2,44.163245
-10.0,1,44.167509
-10.0,3,44.175725
-10.0,1,44.181694
-10.0,1,44.186631
-10.0,1,44.191587
-38.1,3,44.201738
-10.0,1,44.206789
-10.0,1,44.213338
-10.0,3,44.223305
-10.0,2,44.231153
-29.4,2,44.239229
-10.0,1,44.245344
-10.0,1,44.252073
-10.0,1,44.259116
-10.0,1,44.264506
-10.0,3,44.274544
-38.7,1,44.280024
-10.0,1,44.285349
-72.6,1,44.290436
-34.2,2,44.298488
-10.0,1,44.304415
-10.0,3,44.315319
-10.0,1,44.320519
-41.1,2,44.328623
-10.0,2,44.33658
-10.0,2,44.344857
-10.0,3,44.356475
-10.0,1,44.36263
-10.0,3,44.374063
-42.3,1,44.379925
-10.0,1,44.385667
-10.0,1,44.394561
-10.0,1,44.401716
-10.0,2,44.411373
-31.2,4,44.433822
-10.0,1,44.442096
-10.0,2,44.450783
-10.0,4,44.464384
-10.0,1,44.469384
-62.1,2,44.477226
-10.0,1,44.483513
-10.0,1,44.489182
-10.0,2,44.496947
-10.0,1,44.501975
-10.0,2,44.511068
-10.0,1,44.519226
-10.0,3,44.530237
-10.0,2,44.540021
-10.0,1,44.54865
-10.0,5,44.567932
-10.0,1,44.573425
-10.0,1,44.582967
-10.0,1,44.588475
-10.0,3,44.603207
-10.0,1,44.60832
-10.0,3,44.621216
-10.0,1,44.629085
-10.0,1,44.637082
-29.7,1,44.653471
-10.0,1,44.669414
-10.0,1,44.682645
-10.0,1,44.692604
-10.0,1,44.706192
-10.0,3,44.728338
-10.0,5,44.760736
-10.0,2,44.775971
-10.0,4,44.806255
-10.0,2,44.824019
-10.0,1,44.835288
-35.7,1,44.849193
-10.0,2,44.867629
-10.0,1,44.879823
-10.0,2,44.897304
-10.0,1,44.907295
-33.0,3,44.931538
-10.0,2,44.948126
-67.2,1,44.960973
-10.0,1,44.970761
-10.0,2,44.988943
-10.0,3,45.012807
-10.0,1,45.030507
-10.0,2,45.047652
-36.6,2,45.063416
-10.0,1,45.081301
-10.0,1,45.09582
-10.0,2,45.114625
-10.0,1,45.124093
-10.0,2,45.140536
-10.0,1,45.151591
-10.0,1,45.164649
-93.3,1,45.174277
-10.0,1,45.186474
-10.0,2,45.203498
-47.7,1,45.214744
-10.0,1,45.225145
-10.0,2,45.245297
-10.0,2,45.26497
-10.0,1,45.275903
-10.0,1,45.28639
-43.5,5,45.318028
-10.0,2,45.33447
-10.0,1,45.343651
-10.0,1,45.355483
-10.0,6,45.392238
-10.0,1,45.400273
-10.0,1,45.406633
-10.0,1,45.412108
-10.0,1,45.418141
-10.0,1,45.422894
-10.0,1,45.431201
-10.0,1,45.437251
-10.0,1,45.442566
-10.0,2,45.451365
-10.0,2,45.460267
-53.4,3,45.473278
-10.0,1,45.48069
-10.0,1,45.485819
-10.0,2,45.494593
-10.0,1,45.500503
-10.0,3,45.51151
-10.0,1,45.517356
-31.2,1,45.522825
-10.0,2,45.53169
-10.0,2,45.540116
-43.2,1,45.575585
-10.0,2,45.596105
-10.0,1,45.61103
-44.7,1,45.63126
-10.0,1,45.643664
-10.0,1,45.664365
-10.0,1,45.681849
-10.0,1,45.697451
-48.6,1,45.710147
-10.0,1,45.723511
-10.0,1,45.7376
-10.0,1,45.749509
-10.0,1,45.760491
-10.0,1,45.771242
-10.0,2,45.7826
-10.0,1,45.788818
-10.0,1,45.794108
-10.0,2,45.80186
-10.0,2,45.812171
-10.0,2,45.824265
-10.0,1,45.83226
-10.0,1,45.838474
-10.0,2,45.849145
-10.0,2,45.857997
-43.5,7,45.883067
-10.0,4,45.897198
-51.3,1,45.902366
-10.0,1,45.909035
-10.0,2,45.917676
-10.0,2,45.928737
-10.0,1,45.940265
-10.0,2,45.961047
-10.0,1,45.973197
-10.0,1,45.986016
-10.0,1,45.999273
-10.0,1,46.010517
-10.0,1,46.023751
-44.7,3,46.057668
-10.0,1,46.069283
-10.0,1,46.082497
-10.0,1,46.093519
-10.0,2,46.11083
-10.0,3,46.13887
-10.0,1,46.15531
-10.0,1,46.164555
-10.0,1,46.174602
-36.9,1,46.184313
-10.0,1,46.198747
-10.0,1,46.214499
-10.0,2,46.464374
-10.0,1,46.470842
-10.0,2,46.480664
-10.0,1,46.485754
-10.0,1,46.490623
-10.0,1,46.497113
-47.4,1,46.502347
-10.0,5,46.52046
-10.0,1,46.528714
-10.0,1,46.537153
-10.0,1,46.544887
-10.0,1,46.551962
-10.0,1,46.559451
-10.0,3,46.573057
-10.0,1,46.580068
-10.0,1,46.587124
-10.0,1,46.594782
-10.0,2,46.604847
-10.0,2,46.615133
-10.0,1,46.621396
-10.0,1,46.628251
-10.0,2,46.637478
-10.0,2,46.647333
-44.1,2,46.657454
-93.0,2,46.668289
-10.0,1,46.675782
-10.0,1,46.683624
-10.0,2,46.693838
-10.0,1,46.701023
-10.0,1,46.708859
-10.0,2,46.719537
-10.0,4,46.735075
-10.0,2,46.744658
-10.0,1,46.751189
-10.0,1,46.757577
-10.0,1,46.764354
-10.0,1,46.771329
-10.0,1,46.777235
-10.0,1,46.782278
-62.1,1,46.790076
-10.0,2,46.797847
-10.0,3,46.807961
-10.0,1,46.81369
-10.0,1,46.821412
-10.0,1,46.826413
-10.0,1,46.831841
-10.0,2,46.839453
-10.0,1,46.844527
-10.0,2,46.852282
-10.0,2,46.859653
-10.0,3,46.869828
-10.0,3,46.879919
-10.0,2,46.887206
-39.6,3,46.897838
-10.0,1,46.902956
-10.0,1,46.907825
-10.0,1,46.914469
-10.0,1,46.945645
-10.0,2,46.953073
-10.0,1,46.958046
-10.0,1,46.964147
-10.0,1,46.973946
-10.0,1,46.984334
-10.0,1,46.994009
-10.0,1,47.002993
-10.0,1,47.013275
-10.0,4,47.035983
-48.0,3,47.051328
-28.5,2,47.060041
-10.0,1,47.0653
-10.0,1,47.070425
-10.0,1,47.076171
-10.0,1,47.081586
-10.0,1,47.086763
-10.0,1,47.093313
-10.0,1,47.098533
-10.0,2,47.106164
-10.0,1,47.110664
-10.0,1,47.114658
-10.0,1,47.119539
-41.7,3,47.129876
-10.0,2,47.137302
-61.8,1,47.142813
-68.1,1,47.148474
-40.2,1,47.153525
-10.0,1,47.15925
-41.1,1,47.165409
-10.0,1,47.170358
-56.1,3,47.182182
-10.0,1,47.18753
-40.2,1,47.193944
-67.2,1,47.199154
-10.0,5,47.215985
-10.0,2,50.497363
-10.0,3,50.512332
-10.0,2,50.524395
-10.0,1,50.532241
-10.0,2,50.544443
-10.0,1,50.552325
-10.0,1,50.558052
-10.0,2,50.567693
-10.0,3,50.582371
-10.0,1,50.589786
-10.0,2,50.598249
-10.0,1,50.604034
-10.0,3,50.614075
-10.0,1,50.618676
-10.0,1,50.62455
-10.0,1,50.630478
-10.0,3,50.642334
-10.0,1,50.650198
-10.0,1,50.658187
-10.0,2,50.668203
-10.0,1,50.676329
-10.0,7,50.700457
-10.0,1,50.705774
-10.0,2,50.714786
-10.0,1,50.722015
-10.0,1,50.728864
-10.0,1,50.735625
-10.0,1,50.742093
-10.0,2,50.751896
-10.0,1,50.758335
-10.0,2,50.768151
-10.0,1,50.774591
-10.0,1,50.781152
-10.0,1,50.787739
-10.0,1,50.794177
-10.0,1,50.801276
-10.0,1,50.809887
-10.0,2,50.819276
-10.0,2,50.826762
-10.0,2,50.834552
-10.0,3,50.844413
-10.0,1,50.851054
-10.0,1,50.856133
-10.0,1,50.861279
-10.0,1,50.866998
-10.0,1,50.872061
-10.0,1,50.877222
-10.0,1,50.882432
-10.0,2,50.889697
-10.0,2,50.897404
-10.0,1,50.902475
-10.0,1,50.907507
-10.0,1,50.912997
-10.0,1,50.918083
-10.0,1,50.922977
-10.0,1,50.928507
-10.0,1,50.933571
-10.0,2,50.940894
-10.0,1,50.946214
-10.0,1,50.951152
-10.0,1,50.956183
-10.0,2,50.96383
-10.0,1,50.968826
-10.0,2,50.976369
-10.0,1,50.981394
-10.0,1,50.986366
-10.0,1,50.993276
-10.0,1,51.023931
-10.0,1,51.029331
-10.0,1,51.03427
-10.0,1,51.039874
-10.0,1,51.045187
-10.0,1,51.050212
-10.0,3,51.060219
-10.0,1,51.06527
-10.0,1,51.070448
-10.0,1,51.075583
-10.0,2,51.083094
-10.0,1,51.088337
-10.0,1,51.093466
-10.0,1,51.098411
-10.0,1,51.104232
-10.0,1,51.109698
-10.0,1,51.115216
-10.0,3,51.126421
-10.0,1,51.13151
-10.0,2,51.139307
-10.0,6,51.156272
-10.0,1,51.161468
-25.8,1,51.166634
-10.0,1,51.171639
-10.0,1,51.176687
-10.0,1,51.181868
-10.0,1,51.186885
-10.0,2,51.19437
-10.0,2,51.202947
-10.0,1,51.20758
-10.0,1,51.212728
-43.2,2,51.220451
-10.0,1,51.225773
-10.0,2,51.233525
-10.0,1,51.238477
-10.0,3,51.248592
-10.0,6,51.265776
-10.0,1,51.270859
-10.0,1,51.27586
-10.0,2,51.283712
-10.0,3,51.293713
-10.0,1,51.298669
-10.0,1,51.303575
-10.0,1,51.308835
-54.9,1,51.313852
-10.0,2,51.321059
-10.0,2,51.329229
-10.0,1,51.334338
-10.0,1,51.339232
-10.0,1,51.345234
-10.0,1,51.350209
-10.0,1,51.355037
-10.0,1,51.36038
-10.0,2,51.367661
-10.0,2,51.375237
-10.0,1,51.380285
-10.0,1,51.38517
-10.0,1,51.390753
-10.0,2,51.398679
-10.0,1,51.404407
-44.4,1,51.40974
-10.0,1,51.414735
-10.0,1,51.419805
-10.0,1,51.425137
-10.0,1,51.430186
-10.0,1,51.435148
-10.0,1,51.441842
-10.0,1,51.448184
-10.0,2,51.457994
-10.0,1,51.46437
-10.0,1,51.470994
-10.0,1,51.477358
-10.0,1,51.483684
-10.0,1,51.490711
-10.0,1,51.497762
-10.0,1,51.505107
-10.0,2,51.515337
-10.0,2,51.526084
-10.0,1,51.533396
-10.0,1,51.540467
-10.0,1,51.547095
-10.0,1,51.554133
-10.0,4,51.571209
-10.0,1,51.578093
-10.0,1,51.585158
-48.6,1,51.591459
-10.0,1,51.597035
-10.0,1,51.602541
-30.9,2,51.610552
-10.0,1,51.616149
-10.0,2,51.623547
-10.0,1,51.628959
-10.0,2,51.636458
-10.0,1,51.641519
-10.0,2,51.649254
-10.0,1,51.654305
-10.0,2,51.661966
-10.0,2,51.669328
-10.0,1,51.674394
-10.0,2,51.68201
-10.0,1,51.686989
-10.0,1,51.692285
-43.2,1,51.6977
-10.0,2,51.705156
-10.0,4,51.717318
-10.0,1,51.722316
-10.0,1,51.727708
-10.0,1,51.732751
-10.0,1,51.737685
-10.0,1,51.742987
-10.0,1,51.748
-68.1,1,51.753031
-10.0,1,51.758458
-10.0,1,51.76352
-10.0,3,51.773293
-10.0,1,51.77843
-10.0,1,51.783635
-10.0,1,51.788718
-10.0,1,51.793927
-10.0,1,51.798889
-10.0,1,51.803832
-10.0,2,51.811473
-10.0,2,51.818824
-10.0,1,51.824099
-10.0,1,51.829193
-10.0,2,51.836455
-10.0,2,51.844825
-10.0,1,51.849784
-10.0,1,51.855645
-10.0,1,51.860917
-10.0,2,51.868333
-10.0,1,51.873807
-10.0,3,51.8836
-10.0,1,51.888927
-10.0,3,51.898877
-10.0,2,51.906487
-10.0,3,51.916319
-10.0,2,51.923963
-46.8,1,51.929048
-10.0,1,51.934319
-10.0,2,51.941774
-10.0,1,51.946994
-10.0,1,51.952257
-10.0,1,51.957244
-10.0,1,51.962324
-10.0,1,51.967561
-10.0,1,51.972554
-10.0,1,51.977627
-10.0,1,51.982853
-10.0,1,51.987808
-10.0,3,51.997814
-10.0,2,52.005294
-10.0,1,52.010408
-10.0,1,52.015576
-32.1,1,52.020461
-10.0,1,52.025521
-10.0,1,52.030763
-10.0,1,52.035777
-10.0,3,52.045809
-10.0,1,52.050879
-10.0,1,52.055796
-10.0,2,52.063484
-10.0,2,52.070825
-10.0,1,52.075912
-10.0,1,52.081538
-10.0,1,52.086706
-10.0,2,52.09444
-10.0,5,52.109251
-10.0,1,52.114445
-10.0,1,52.119274
-10.0,1,52.12432
-10.0,1,52.13035
-10.0,1,52.135332
-10.0,4,52.147743
-10.0,1,52.152675
-10.0,1,52.157895
-10.0,2,52.165269
-10.0,5,52.179965
-10.0,1,52.184958
-10.0,1,52.190103
-10.0,2,52.197501
-10.0,1,52.202525
-93.3,1,52.208097
-10.0,1,52.213118
-10.0,3,52.222958
-10.0,1,52.228092
-10.0,2,52.235419
-10.0,1,52.241419
-10.0,1,52.246514
-10.0,1,52.251565
-10.0,1,52.257293
-10.0,1,52.262525
-10.0,1,52.267616
-10.0,1,52.272669
-10.0,1,52.277791
-10.0,1,52.282792
-10.0,2,52.290315
-10.0,3,52.3005
-10.0,2,52.307954
-10.0,1,52.312983
-41.7,3,52.322701
-10.0,2,52.330221
-10.0,2,52.337927
-10.0,2,52.345409
-10.0,1,52.352474
-10.0,2,52.364777
-10.0,1,52.395766
-10.0,1,52.400792
-10.0,1,52.405803
-10.0,3,52.415839
-10.0,2,52.423194
-10.0,1,52.428561
-10.0,1,52.433641
-10.0,2,52.441092
-34.5,1,52.446481
-10.0,1,52.451666
-10.0,1,52.456659
-10.0,1,52.462164
-10.0,1,52.469666
-10.0,1,52.478507
-10.0,2,52.488819
-10.0,1,52.49629
-10.0,1,52.501724
-10.0,1,52.507117
-10.0,3,52.517943
-10.0,1,52.525681
-10.0,1,52.531522
-10.0,1,52.536556
-10.0,1,52.542001
-10.0,1,52.547116
-10.0,2,52.554504
-10.0,2,52.562306
-10.0,2,52.569665
-10.0,1,52.575071
-10.0,1,52.580108
-10.0,1,52.585071
-10.0,2,52.592739
-10.0,1,52.597778
-10.0,2,52.605416
-10.0,1,52.610565
-10.0,1,52.615582
-10.0,1,52.620873
-10.0,1,52.626053
-10.0,2,52.633406
-10.0,2,52.641332
-10.0,1,52.646341
-10.0,2,52.654089
-10.0,1,52.660456
-10.0,4,52.678821
-10.0,1,52.687705
-10.0,1,52.696427
-10.0,2,52.709343
-10.0,1,52.718273
-10.0,1,52.727125
-10.0,1,52.73588
-10.0,1,52.744566
-10.0,1,52.753348
-10.0,4,52.774364
-10.0,1,52.783091
-10.0,1,52.792114
-10.0,3,52.804179
-10.0,1,52.80981
-10.0,1,52.81514
-10.0,1,52.820136
-10.0,2,52.827806
-10.0,1,52.832856
-10.0,1,52.837934
-10.0,1,52.843137
-10.0,2,52.850748
-10.0,1,52.855689
-10.0,1,52.861465
-10.0,1,52.866598
-10.0,2,52.87403
-10.0,3,52.884793
-10.0,1,52.889829
-10.0,1,52.895153
-10.0,1,52.900079
-10.0,1,52.905098
-10.0,1,52.910392
-10.0,1,52.915444
-10.0,1,52.920356
-10.0,1,52.925668
-10.0,1,52.930686
-10.0,1,52.935683
-10.0,3,52.945816
-10.0,1,52.950849
-10.0,1,52.956094
-10.0,2,52.963643
-10.0,3,52.973645
-10.0,1,52.978794
-10.0,2,52.986141
-10.0,2,52.993755
-10.0,1,52.998892
-10.0,1,53.004101
-38.1,1,53.009288
-10.0,2,53.016615
-10.0,1,53.021878
-10.0,1,53.02701
-10.0,2,53.034379
-10.0,1,53.039486
-10.0,2,53.046953
-10.0,1,53.052448
-10.0,4,53.064624
-10.0,1,53.069825
-10.0,2,53.077284
-10.0,2,53.085064
-10.0,2,53.093091
-10.0,3,53.103404
-10.0,2,53.110837
-10.0,1,53.115984
-10.0,1,53.121015
-10.0,1,53.126088
-10.0,1,53.132235
-31.2,4,53.14466
-10.0,1,53.150076
-10.0,3,53.159862
-10.0,1,53.165126
-10.0,3,53.174832
-10.0,1,53.18013
-10.0,1,53.185174
-10.0,1,53.190106
-10.0,2,53.198457
-10.0,1,53.204658
-10.0,1,53.210722
-10.0,1,53.216089
-10.0,4,53.229576
-10.0,1,53.234673
-10.0,1,53.239534
-10.0,1,53.244903
-10.0,3,53.258792
-10.0,2,53.273457
-10.0,1,53.283281
-10.0,1,53.292783
-10.0,1,53.300246
-10.0,3,53.317554
-10.0,1,53.323925
-10.0,1,53.330815
-10.0,1,53.339451
-10.0,1,53.346616
-41.1,2,53.357182
-10.0,1,53.36162
-10.0,1,53.365858
-10.0,1,53.370376
-10.0,2,53.377717
-10.0,1,53.384381
-10.0,2,53.394951
-10.0,1,53.401861
-10.0,3,53.412307
-10.0,1,53.418664
-10.0,1,53.424278
-10.0,1,53.430325
-10.0,1,53.43563
-10.0,1,53.439771
-10.0,2,53.445936
-10.0,2,53.452426
-10.0,3,53.461508
-10.0,2,53.46847
-10.0,1,53.473166
-10.0,2,53.478723
-10.0,1,53.482106
-10.0,1,53.485471
-10.0,3,53.493365
-10.0,1,53.498553
-39.0,1,53.503376
-10.0,1,53.509594
-10.0,1,53.514955
-10.0,3,53.523995
-10.0,1,53.528782
-10.0,1,53.532962
-10.0,3,53.541849
-10.0,1,53.546745
-10.0,1,53.552866
-10.0,3,53.563617
-10.0,1,53.567433
-10.0,1,53.570739
-10.0,1,53.573937
-10.0,1,53.576881
-10.0,1,53.579981
-10.0,1,53.583701
-31.5,1,53.587315
-10.0,1,53.591823
-10.0,1,53.596203
-10.0,2,53.605015
-10.0,1,53.611121
-10.0,1,53.616596
-10.0,1,53.624713
-10.0,3,53.638007
-10.0,2,53.648321
-10.0,4,53.667698
-10.0,3,53.683942
-10.0,1,53.693204
-34.2,1,53.701068
-10.0,2,53.711355
-10.0,1,53.720809
-10.0,1,53.753022
-10.0,2,53.767302
-10.0,1,53.777176
-10.0,1,53.785381
-10.0,1,53.794637
-10.0,1,53.802392
-10.0,1,53.811918
-10.0,1,53.820014
-10.0,1,53.828349
-10.0,2,53.839451
-10.0,1,53.848528
-10.0,1,53.855796
-10.0,1,53.863859
-10.0,1,53.875283
-42.9,1,53.892699
-10.0,1,53.90291
-36.3,1,53.915168
-10.0,1,53.930525
-10.0,1,53.943183
-10.0,1,53.952953
-10.0,1,53.963088
-10.0,1,53.975919
-10.0,1,53.988936
-10.0,1,54.000784
-62.1,1,54.011207
-10.0,2,54.029431
-10.0,2,54.042831
-10.0,1,54.051766
-10.0,1,54.061734
-10.0,1,54.073475
-10.0,1,54.084049
-41.1,1,54.096659
-54.0,1,54.107545
-10.0,1,54.118045
-10.0,1,54.128625
-10.0,1,54.140431
-10.0,1,54.153425
-10.0,1,54.164752
-10.0,1,54.175778
-10.0,2,54.192796
-10.0,1,54.204672
-10.0,1,54.216715
-10.0,1,54.232696
-31.2,1,54.246707
-10.0,1,54.258098
-10.0,1,54.271759
-10.0,1,54.28678
-10.0,1,54.301039
-10.0,1,54.314533
-10.0,1,54.327112
-10.0,1,54.340145
-10.0,5,54.371032
-10.0,2,54.384496
-10.0,1,54.392796
-10.0,1,54.400312
-10.0,1,54.406569
-10.0,2,54.418989
-10.0,1,54.425643
-10.0,3,54.442871
-10.0,2,54.453659
-10.0,2,54.461878
-10.0,1,54.468356
-10.0,1,54.477541
-10.0,1,54.485517
-10.0,1,54.494261
-10.0,2,54.507186
-10.0,1,54.516498
-33.3,4,54.537257
-10.0,1,54.543819
-10.0,3,54.557476
-10.0,1,54.563641
-10.0,3,54.581327
-10.0,1,54.589923
-10.0,1,54.595624
-10.0,4,54.614939
-10.0,2,54.623237
-10.0,1,54.630918
-10.0,1,54.636258
-10.0,1,54.641848
-10.0,1,54.647647
-10.0,1,54.653541
-10.0,1,54.661328
-10.0,1,54.670378
-10.0,1,54.67948
-10.0,1,54.687844
-10.0,1,54.693941
-10.0,1,54.703049
-10.0,1,54.712171
-10.0,1,54.721236
-10.0,1,54.7293
-10.0,1,54.73842
-10.0,1,54.746286
-10.0,1,54.752157
-10.0,3,54.764125
-10.0,1,54.770863
-10.0,4,54.788401
-10.0,1,54.793602
-10.0,1,54.799059
-10.0,3,54.809821
-10.0,1,54.816075
-10.0,1,54.825608
-10.0,1,54.834857
-10.0,1,54.843897
-10.0,1,54.853008
-10.0,1,54.862022
-10.0,2,54.875194
-10.0,1,54.883692
-10.0,1,54.892497
-10.0,1,54.899596
-10.0,2,54.907969
-10.0,1,54.913814
-10.0,3,54.92443
-10.0,1,54.929977
-10.0,1,54.93531
-10.0,1,54.940837
-10.0,1,54.948524
-10.0,1,54.956887
-10.0,4,54.975224
-10.0,3,54.985402
-10.0,1,54.990844
-10.0,1,54.997458
-10.0,1,55.002596
-10.0,1,55.008971
-10.0,2,55.022772
-10.0,1,55.031952
-10.0,1,55.040845
-10.0,1,55.048854
-10.0,1,55.057927
-41.7,2,55.076549
-10.0,2,55.087988
-10.0,1,55.098544
-10.0,1,55.107768
-10.0,5,55.143463
-10.0,4,55.17153
-32.1,1,55.178767
-10.0,2,55.189707
-10.0,2,55.20073
-10.0,1,55.208041
-10.0,2,55.218772
-10.0,2,55.233389
-10.0,1,55.240884
-10.0,3,55.254358
-10.0,2,55.265448
-10.0,1,55.274119
-10.0,1,55.289836
-10.0,1,55.300421
-10.0,1,55.311762
-10.0,2,55.323741
-10.0,1,55.332191
-10.0,1,55.342027
-10.0,8,55.381042
-10.0,2,55.39477
-10.0,1,55.404302
-10.0,1,55.413195
-10.0,1,55.422163
-10.0,1,55.432274
-10.0,1,55.439668
-10.0,1,55.447704
-10.0,2,55.460202
-10.0,1,55.465946
-10.0,1,55.471274
-10.0,1,55.477436
-10.0,1,55.483055
-10.0,1,55.49126
-10.0,3,55.503688
-48.6,1,55.508778
-10.0,1,55.513633
-10.0,2,55.52041
-10.0,1,55.525154
-10.0,1,55.530561
-10.0,1,55.534554
-10.0,1,55.537413
-10.0,1,55.540274
-10.0,3,55.545549
-10.0,1,55.548833
-10.0,1,55.552593
-10.0,3,55.558079
-10.0,1,55.560941
-10.0,1,55.563926
-10.0,1,55.566773
-10.0,1,55.569449
-10.0,1,55.572226
-10.0,2,55.576375
-10.0,1,55.579389
-10.0,2,55.5837
-10.0,2,55.58801
-10.0,1,55.59095
-10.0,1,55.593763
-10.0,1,55.596596
-10.0,1,55.599561
-10.0,1,55.602412
-10.0,3,55.607983
-10.0,1,55.61143
-10.0,1,55.615697
-10.0,1,55.620142
-10.0,1,55.625752
-34.5,1,55.631538
-10.0,1,55.636878
-10.0,1,55.642392
-10.0,1,55.647459
-10.0,3,55.659609
-10.0,1,55.665227
-10.0,3,55.677006
-43.8,3,55.690012
-10.0,1,55.698189
-10.0,3,55.711292
-10.0,1,55.720803
-10.0,1,55.729671
-10.0,2,55.741764
-10.0,1,55.747273
-10.0,1,55.755895
-10.0,1,55.764645
-10.0,2,55.777811
-10.0,2,55.790425
-10.0,2,55.799009
-45.3,1,55.804753
-10.0,2,55.814223
-10.0,1,55.823549
-10.0,1,55.83004
-10.0,1,55.836854
-10.0,3,55.850567
-10.0,1,55.857112
-10.0,2,55.867451
-10.0,1,55.873896
-10.0,1,55.880598
-10.0,1,55.88622
-10.0,1,55.891345
-10.0,1,55.896911
-10.0,3,55.907939
-10.0,3,55.918555
-10.0,4,55.932068
-61.8,1,55.937628
-10.0,3,55.948407
-10.0,1,55.953713
-64.8,1,55.959152
-10.0,1,55.964864
-10.0,1,55.970063
-10.0,1,55.975535
-10.0,2,55.983544
-10.0,1,55.98904
-10.0,1,55.994909
-10.0,1,56.0004
-10.0,2,56.008588
-10.0,1,56.014068
-10.0,1,56.019344
-10.0,1,56.024805
-10.0,2,56.03273
-10.0,1,56.037971
-10.0,1,56.043967
-10.0,3,56.053709
-10.0,1,56.05916
-10.0,2,56.066561
-10.0,1,56.07146
-10.0,1,56.077607
-10.0,1,56.082594
-10.0,1,56.087618
-10.0,2,56.095304
-42.0,4,56.107719
-10.0,1,56.112732
-10.0,2,56.120052
-10.0,1,56.125463
-10.0,3,56.135086
-10.0,3,56.14715
-10.0,3,56.157912
-10.0,1,56.163125
-10.0,1,56.169537
-10.0,1,56.174857
-10.0,1,56.179857
-10.0,1,56.185135
-10.0,2,56.192712
-10.0,1,56.197763
-10.0,1,56.203902
-10.0,1,56.209121
-10.0,2,56.216958
-10.0,1,56.224232
-10.0,1,56.229316
-10.0,1,56.235733
-10.0,4,56.248219
-10.0,1,56.253326
-10.0,2,56.260813
-10.0,1,56.265993
-10.0,1,56.271034
-10.0,2,56.278447
-10.0,1,56.284028
-10.0,1,56.289044
-10.0,1,56.294129
-10.0,1,56.299426
-10.0,1,56.304352
-10.0,1,56.309457
-10.0,1,56.314806
-10.0,2,56.322216
-10.0,2,56.330036
-10.0,2,56.337409
-10.0,2,56.34512
-10.0,1,56.350126
-10.0,1,56.355065
-10.0,1,56.360394
-10.0,2,56.36782
-10.0,3,56.37809
-10.0,1,56.38314
-10.0,1,56.388076
-10.0,1,56.393373
-10.0,6,56.410506
-10.0,1,56.415642
-51.3,1,56.420616
-10.0,1,56.426
-10.0,1,56.430942
-10.0,1,56.435789
-47.4,1,56.441318
-10.0,1,56.472864
-10.0,1,56.478423
-10.0,1,56.483366
-10.0,1,56.488435
-46.8,1,56.493574
-10.0,2,56.500835
-10.0,1,56.506605
-10.0,1,56.511858
-10.0,1,56.516808
-10.0,1,56.521976
-10.0,2,56.529372
-10.0,2,56.537127
-10.0,1,56.542278
-10.0,1,56.547203
-10.0,2,56.554641
-10.0,1,56.559802
-10.0,3,56.570066
-10.0,1,56.575282
-10.0,1,56.580184
-10.0,1,56.585338
-10.0,1,56.590409
-10.0,1,56.595379
-10.0,1,56.600392
-10.0,1,56.605345
-10.0,1,56.610382
-10.0,3,56.622766
-10.0,1,56.627891
-10.0,1,56.633291
-38.7,1,56.638407
-10.0,4,56.651028
-10.0,1,56.656183
-10.0,1,56.661162
-10.0,1,56.666381
-10.0,1,56.671291
-10.0,1,56.676375
-10.0,3,56.687272
-10.0,1,56.69286
-10.0,1,56.699355
-10.0,1,56.706276
-10.0,3,56.719291
-10.0,1,56.726613
-10.0,3,56.740191
-10.0,1,56.746665
-10.0,2,56.755723
-10.0,1,56.762357
-10.0,1,56.768223
-10.0,1,56.774382
-10.0,1,56.78026
-10.0,1,56.785354
-10.0,1,56.790984
-10.0,1,56.795933
-10.0,3,56.805939
-10.0,2,56.813319
-10.0,1,56.818089
-10.0,1,56.824193
-10.0,1,56.832916
-10.0,2,56.845263
-10.0,1,56.85288
-10.0,1,56.862169
-42.9,1,56.870435
-10.0,2,56.885414
-10.0,1,56.893636
-10.0,1,56.902724
-37.2,6,56.932727
-10.0,1,56.938489
-10.0,1,56.948401
-10.0,1,56.953976
-10.0,1,56.961878
-10.0,1,56.972963
-10.0,1,56.985497
-10.0,1,56.99932
-10.0,2,57.018847
-10.0,2,57.040571
-10.0,2,57.057067
-10.0,1,57.070077
-10.0,3,57.087236
-10.0,2,57.10179
-10.0,3,57.121647
-10.0,1,57.131862
-72.6,1,57.136505
-10.0,2,57.149907
-10.0,1,57.158782
-10.0,3,57.171307
-10.0,1,57.179055
-10.0,1,57.185109
-10.0,1,57.190672
-10.0,1,57.195863
-10.0,1,57.201071
-10.0,1,57.207141
-10.0,1,57.212793
-10.0,2,57.222811
-10.0,1,57.228968
-10.0,1,57.233984
-10.0,3,57.245527
-10.0,2,57.252948
-10.0,1,57.258627
-10.0,1,57.26372
-10.0,1,57.268653
-10.0,1,57.274291
-10.0,3,57.284237
-10.0,1,57.290493
-10.0,3,57.303058
-10.0,1,57.311171
-10.0,1,57.316635
-10.0,1,57.322881
-10.0,1,57.332826
-10.0,1,57.340608
-10.0,1,57.350138
-10.0,1,57.356177
-10.0,1,57.367955
-10.0,1,57.375799
-10.0,3,57.393689
-10.0,1,57.400854
-10.0,1,57.407051
-10.0,1,57.413551
-10.0,2,57.420587
-10.0,1,57.429843
-10.0,1,57.435151
-10.0,1,57.442601
-10.0,1,57.462695
-10.0,1,57.479993
-45.3,1,57.495439
-10.0,2,57.532709
-10.0,1,57.549877
-10.0,2,57.578568
-10.0,1,57.58383
-10.0,1,57.591677
-10.0,1,57.601639
-10.0,3,57.62084
-69.6,1,57.627216
-10.0,2,57.634697
-42.3,1,57.64272
-10.0,1,57.647738
-10.0,4,57.664003
-10.0,2,57.67435
-10.0,2,57.68315
-10.0,1,57.689133
-10.0,1,57.694727
-10.0,1,57.699793
-10.0,1,57.706814
-10.0,1,57.713326
-10.0,1,57.72012
-10.0,3,57.73989
-10.0,1,57.752668
-10.0,1,57.765377
-10.0,1,57.773398
-10.0,2,57.784044
-10.0,1,57.790927
-10.0,2,57.800504
-10.0,1,57.808164
-10.0,3,57.850288
-10.0,1,57.859687
-10.0,1,57.87036
-10.0,1,57.879604
-10.0,1,57.888232
-10.0,1,57.89631
-10.0,2,57.908528
-10.0,1,57.916825
-10.0,3,57.933722
-10.0,2,57.946459
-10.0,1,57.954723
-10.0,1,57.962669
-10.0,2,57.975098
-10.0,1,57.983466
-10.0,1,57.99153
-10.0,3,58.007159
-10.0,1,58.015611
-10.0,1,58.02303
-54.0,1,58.030693
-10.0,2,58.041365
-10.0,1,58.048944
-10.0,7,58.076457
-10.0,1,58.084648
-10.0,1,58.093293
-10.0,2,58.102324
-10.0,1,58.109303
-10.0,1,58.118696
-10.0,2,58.129491
-10.0,2,58.138687
-10.0,2,58.148573
-10.0,1,58.154061
-10.0,1,58.160214
-10.0,1,58.164898
-10.0,1,58.170273
-10.0,2,58.18095
-10.0,1,58.187142
-10.0,1,58.196048
-10.0,1,58.201586
-10.0,3,58.215191
-10.0,3,58.228857
-10.0,1,58.236583
-10.0,1,58.244298
-10.0,1,58.249869
-10.0,1,58.256585
-10.0,1,58.264493
-10.0,1,58.271957
-10.0,1,58.280397
-10.0,1,58.285672
-10.0,1,58.292263
-10.0,3,58.302448
-10.0,1,58.309289
-10.0,1,58.314948
-10.0,1,58.320729
-10.0,2,58.330149
-10.0,3,58.341797
-10.0,1,58.347936
-10.0,3,58.360077
-10.0,1,58.365586
-10.0,1,58.371324
-10.0,2,58.381731
-10.0,1,58.387639
-10.0,1,58.394383
-10.0,1,58.40136
-10.0,1,58.409188
-10.0,1,58.418086
-10.0,1,58.426687
-10.0,2,58.437285
-10.0,1,58.447832
-10.0,4,58.475239
-10.0,1,58.485939
-10.0,1,58.494906
-10.0,1,58.503716
-10.0,1,58.51093
-10.0,1,58.516634
-10.0,1,58.523188
-10.0,2,58.536063
-10.0,1,58.541921
-10.0,3,58.551904
-10.0,3,58.563586
-10.0,1,58.57041
-10.0,1,58.577677
-10.0,1,58.58475
-10.0,1,58.594486
-10.0,2,58.61361
-10.0,1,58.622638
-10.0,1,58.628065
-10.0,2,58.647799
-10.0,1,58.657051
-10.0,1,58.662367
-10.0,2,58.673431
-10.0,1,58.680872
-10.0,1,58.686868
-10.0,1,58.694786
-10.0,3,58.713763
-10.0,1,58.721552
-10.0,2,58.73156
-10.0,1,58.737206
-10.0,1,58.746955
-10.0,2,58.756699
-10.0,1,58.763873
-10.0,2,58.773224
-10.0,3,58.784644
-10.0,1,58.791392
-10.0,2,58.799959
-10.0,2,58.810462
-10.0,1,58.81589
-10.0,2,58.826069
-10.0,1,58.83179
-10.0,2,58.842626
-10.0,1,58.849097
-10.0,2,58.857963
-10.0,1,58.864794
-10.0,1,58.87014
-10.0,2,58.88096
-10.0,1,58.886881
-10.0,1,58.893846
-10.0,1,58.901161
-10.0,2,58.911465
-10.0,2,58.919925
-10.0,2,58.930368
-10.0,1,58.935472
-86.4,3,58.94887
-10.0,1,58.956822
-10.0,1,58.965217
-56.7,1,58.975156
-10.0,2,58.991546
-10.0,4,59.019554
-10.0,3,59.046539
-10.0,1,59.05676
-10.0,1,59.066488
-10.0,1,59.076453
-10.0,1,59.086751
-10.0,1,59.095657
-10.0,1,59.104755
-10.0,1,59.113459
-10.0,1,59.127608
-10.0,2,59.142221
-10.0,1,59.15052
-10.0,3,59.166606
-10.0,1,59.17959
-10.0,1,59.21599
-10.0,3,59.244027
-10.0,2,59.264872
-10.0,1,59.27584
-10.0,1,59.2848
-10.0,1,59.29147
-10.0,4,59.306203
-41.1,1,59.314974
-10.0,1,59.324027
-40.5,3,59.339678
-10.0,1,59.345719
-10.0,1,59.351286
-10.0,1,59.356695
-10.0,1,59.362013
-10.0,1,59.367474
-10.0,1,59.372907
-10.0,1,59.378196
-48.3,2,59.386554
-10.0,3,59.396249
-10.0,1,59.401591
-10.0,1,59.406719
-10.0,1,59.411659
-10.0,1,59.417088
-10.0,1,59.422387
-10.0,2,59.430259
-10.0,3,59.441215
-10.0,1,59.446784
-10.0,1,59.452924
-10.0,2,59.460603
-10.0,1,59.466118
-10.0,1,59.471272
-10.0,3,59.481902
-10.0,1,59.487209
-10.0,1,59.492571
-10.0,1,59.499304
-10.0,1,59.504953
-10.0,2,59.515249
-10.0,1,59.520675
-10.0,1,59.526298
-10.0,2,59.534132
-10.0,2,59.542385
-10.0,2,59.550317
-10.0,1,59.555907
-10.0,1,59.561442
-10.0,3,59.572196
-10.0,1,59.578519
-10.0,1,59.583745
-10.0,2,59.591691
-10.0,3,59.602794
-10.0,1,59.611369
-10.0,2,59.61949
-10.0,2,59.633947
-10.0,1,59.644254
-10.0,1,59.652531
-10.0,1,59.664077
-10.0,1,59.670868
-10.0,1,59.678705
-10.0,3,59.690085
-10.0,1,59.696743
-10.0,3,59.711936
-10.0,2,59.721498
-10.0,2,59.731953
-10.0,1,59.738459
-10.0,1,59.746699
-10.0,3,59.763149
-10.0,1,59.768958
-10.0,1,59.775619
-10.0,1,59.781584
-10.0,2,59.790565
-10.0,2,59.800186
-10.0,1,59.806055
-41.1,1,59.812681
-10.0,1,59.818445
-10.0,1,59.825113
-48.6,1,59.832527
-10.0,4,59.848607
-10.0,1,59.855114
-10.0,1,59.864362
-10.0,1,59.870728
-10.0,1,59.8785
-10.0,2,59.886624
-10.0,1,59.894533
-10.0,4,59.911034
-10.0,1,59.916901
-10.0,2,59.927687
-10.0,1,59.93608
-10.0,1,59.944359
-10.0,1,59.951494
-35.7,3,59.963875
-10.0,3,59.976501
-10.0,1,59.982204
-10.0,2,59.990134
-10.0,1,59.995199
-10.0,1,60.000187
-10.0,1,60.006117
-10.0,2,60.013545
-10.0,1,60.018445
-10.0,1,60.024033
-10.0,4,60.036048
-10.0,1,60.041746
-10.0,1,60.046776
-10.0,1,60.051654
-10.0,2,60.059778
-10.0,2,60.06729
-10.0,2,60.07548
-10.0,4,60.088201
-10.0,2,60.095663
-10.0,1,60.10084
-10.0,2,60.108689
-10.0,1,60.113842
-42.3,3,60.125995
-10.0,1,60.131263
-10.0,1,60.13652
-10.0,1,60.141655
-10.0,1,60.146512
-10.0,1,60.152013
-28.2,3,60.161863
-10.0,1,60.169329
-10.0,2,60.182095
-35.1,1,60.187284
-10.0,3,60.198466
-10.0,1,60.203625
-10.0,3,60.214127
-10.0,1,60.219168
-10.0,5,60.234103
-10.0,2,60.241748
-10.0,1,60.24811
-10.0,1,60.253365
-10.0,2,60.262746
-10.0,1,60.268708
-10.0,1,60.275416
-10.0,1,60.280822
-10.0,1,60.285948
-10.0,1,60.291804
-10.0,3,60.302242
-10.0,1,60.308389
-10.0,1,60.314023
-10.0,1,60.319043
-10.0,1,60.324947
-10.0,1,60.330282
-10.0,1,60.335553
-10.0,1,60.341998
-10.0,1,60.347314
-10.0,2,60.356147
-10.0,1,60.3617
-10.0,1,60.367158
-10.0,3,60.379494
-10.0,1,60.384993
-10.0,1,60.391342
-10.0,3,60.400354
-10.0,3,60.409013
-10.0,3,60.416602
-10.0,1,60.421066
-10.0,1,60.425014
-10.0,2,60.430919
-10.0,1,60.435721
-10.0,1,60.441029
-10.0,1,60.44496
-10.0,2,60.450746
-10.0,1,60.454889
-10.0,1,60.458744
-10.0,1,60.462606
-10.0,1,60.466697
-10.0,4,60.476017
-10.0,1,60.479686
-10.0,1,60.483737
-10.0,2,60.489538
-10.0,3,60.497432
-10.0,1,60.501454
-10.0,1,60.505445
-10.0,1,60.509413
-10.0,3,60.518368
-10.0,2,60.52595
-10.0,1,60.531607
-10.0,1,60.563009
-10.0,1,60.567484
-10.0,2,60.576707
-10.0,2,60.58344
-10.0,1,60.589776
-10.0,1,60.595979
-10.0,1,60.600475
-10.0,1,60.605737
-10.0,1,60.611926
-10.0,3,60.621357
-10.0,2,60.630306
-10.0,3,60.641225
-10.0,1,60.647905
-10.0,1,60.653532
-10.0,1,60.791722
-10.0,1,60.801294
-10.0,1,60.810054
-10.0,3,60.831952
-10.0,1,60.83908
-10.0,1,60.84642
-10.0,2,60.856173
-10.0,1,60.866083
-25.8,1,60.873611
-10.0,1,60.881178
-35.4,2,60.892667
-10.0,3,60.910111
-10.0,1,60.916379
-10.0,1,60.923947
-10.0,1,60.931156
-10.0,1,60.936822
-10.0,1,60.943052
-10.0,2,60.951239
-10.0,1,60.957389
-10.0,1,60.962572
-10.0,1,60.968091
-69.3,2,60.976686
-10.0,2,60.985004
-44.1,2,60.993553
-10.0,2,61.001555
-10.0,1,61.006919
-10.0,1,61.012524
-38.7,1,61.019119
-10.0,2,61.030643
-10.0,2,61.041397
-10.0,3,61.056722
-10.0,4,61.069379
-10.0,2,61.077671
-10.0,1,61.082765
-85.5,1,61.087982
-10.0,1,61.093323
-10.0,2,61.101937
-10.0,2,61.111019
-10.0,1,61.11617
-10.0,2,61.126104
-10.0,2,61.134587
-10.0,2,61.38294
-10.0,1,61.395983
-10.0,1,61.403467
-10.0,1,61.409582
-10.0,2,61.415604
-10.0,1,61.426594
-10.0,1,61.432892
-10.0,1,61.440928
-10.0,1,61.455859
-10.0,2,61.495248
-10.0,2,61.50297
-10.0,1,61.50824
-10.0,1,61.513192
-10.0,1,61.518345
-10.0,2,61.526963
-10.0,2,61.537395
-10.0,1,61.544066
-10.0,1,61.549932
-10.0,2,61.55931
-10.0,1,61.565156
-10.0,1,61.573815
-10.0,3,61.582493
-10.0,1,61.587674
-10.0,1,61.594241
-10.0,3,61.606829
-10.0,2,61.615344
-10.0,1,61.622751
-10.0,1,61.628398
-10.0,2,61.63607
-10.0,1,61.642608
-10.0,1,61.647574
-10.0,1,61.652272
-10.0,1,61.658795
-10.0,2,61.664886
-10.0,3,61.678987
-10.0,1,61.68853
-10.0,2,61.699625
-10.0,1,61.706951
-10.0,2,61.715232
-10.0,1,61.722564
-10.0,2,61.73321
-10.0,1,61.74156
-10.0,1,61.747851
-10.0,2,61.760536
-10.0,1,61.766847
-10.0,1,61.77629
-10.0,1,61.785016
-10.0,1,61.797736
-10.0,1,61.808766
-10.0,1,61.81698
-10.0,1,61.829737
-10.0,2,61.841752
-10.0,1,61.849906
-10.0,2,61.862092
-10.0,1,61.867558
-10.0,2,61.879197
-10.0,3,61.89553
-10.0,2,61.906482
-10.0,1,61.91266
-10.0,1,61.916936
-10.0,1,61.92399
-10.0,1,61.928613
-10.0,1,61.933564
-10.0,2,61.942243
-10.0,1,61.949594
-10.0,1,61.95682
-10.0,2,61.964877
-10.0,1,61.971544
-10.0,1,61.976983
-10.0,1,61.982211
-10.0,2,61.990985
-10.0,1,61.996326
-10.0,2,62.00735
-10.0,2,62.015721
-10.0,2,62.02497
-10.0,1,62.030514
-10.0,1,62.037949
-10.0,3,62.048329
-10.0,4,62.062219
-10.0,1,62.068439
-10.0,4,62.083142
-10.0,4,62.097529
-10.0,1,62.103039
-10.0,2,62.112434
-10.0,2,67.665745
-10.0,1,67.674824
-10.0,1,67.684317
-10.0,1,67.693442
-10.0,1,67.704622
-10.0,1,67.71303
-10.0,2,67.726729
-10.0,1,67.738369
-10.0,1,67.745981
-10.0,1,67.754263
-10.0,3,67.77327
-10.0,2,67.787449
-10.0,1,67.795452
-10.0,2,67.806455
-10.0,1,67.814687
-10.0,1,67.823884
-10.0,1,67.832278
-10.0,1,67.841478
-10.0,1,67.849524
-10.0,3,67.863169
-10.0,1,67.871286
-10.0,1,67.877043
-10.0,1,67.885205
-10.0,2,67.90021
-10.0,1,67.91259
-10.0,1,67.922863
-10.0,1,67.932889
-10.0,1,67.94258
-10.0,1,67.952645
-10.0,1,67.963076
-10.0,1,67.972859
-10.0,1,67.982755
-10.0,1,67.993161
-10.0,1,68.003175
-10.0,1,68.013953
-10.0,1,68.025885
-10.0,2,68.03585
-10.0,1,68.043149
-10.0,2,68.054094
-10.0,1,68.060715
-10.0,1,68.066544
-10.0,1,68.075254
-10.0,1,68.081083
-10.0,2,68.091666
-10.0,1,68.098907
-10.0,1,68.106006
-10.0,1,68.113382
-10.0,2,68.125544
-10.0,1,68.132534
-10.0,1,68.141527
-10.0,1,68.148049
-10.0,1,68.154437
-10.0,1,68.161141
-10.0,1,68.16688
-10.0,1,68.17326
-10.0,1,68.179255
-10.0,1,68.187612
-10.0,1,68.19426
-10.0,2,68.20338
-10.0,1,68.210725
-10.0,1,68.219609
-10.0,1,68.227182
-10.0,2,68.240329
-10.0,1,68.248852
-10.0,1,68.258914
-10.0,1,68.266627
-10.0,1,68.279947
-10.0,1,68.289078
-10.0,1,68.297506
-10.0,2,68.313101
-10.0,2,68.325907
-10.0,1,68.333578
-10.0,1,68.343984
-10.0,1,68.352354
-10.0,1,68.360824
-10.0,1,68.368418
-10.0,1,68.376117
-10.0,1,68.383669
-10.0,2,68.397548
-10.0,1,68.406439
-10.0,1,68.414203
-10.0,1,68.426651
-10.0,2,68.440417
-10.0,1,68.448549
-10.0,1,68.456432
-10.0,1,68.463904
-10.0,1,68.472975
-10.0,1,68.480333
-10.0,1,68.489983
-10.0,2,68.502337
-10.0,1,68.510942
-10.0,2,68.522294
-10.0,3,68.542359
-10.0,2,68.553302
-10.0,1,68.559957
-10.0,2,68.56975
-10.0,2,68.578691
-10.0,2,68.591405
-10.0,1,68.598843
-10.0,2,68.609595
-10.0,1,68.617146
-10.0,2,68.62971
-10.0,2,68.641426
-10.0,2,68.650774
-10.0,1,68.657839
-10.0,3,68.677543
-10.0,1,68.688131
-10.0,1,68.696049
-10.0,1,68.706255
-10.0,2,68.723258
-10.0,1,68.73036
-10.0,1,68.7461
-10.0,1,68.757091
-10.0,1,68.768122
-10.0,1,68.776557
-10.0,1,68.783211
-10.0,1,68.792392
-10.0,1,68.799328
-10.0,1,68.807756
-10.0,1,68.818288
-10.0,2,68.835959
-10.0,1,68.845165
-10.0,2,68.856426
-10.0,1,68.863339
-10.0,1,68.874219
-10.0,1,68.882447
-10.0,1,68.891526
-10.0,3,68.909402
-10.0,1,68.917227
-10.0,2,68.92848
-10.0,2,68.939929
-10.0,2,68.950118
-10.0,1,68.958038
-10.0,3,68.972165
-10.0,1,68.978618
-10.0,1,68.98965
-10.0,3,69.006573
-10.0,2,69.016726
-10.0,1,69.028956
-10.0,1,69.036309
-10.0,1,69.043295
-10.0,1,69.04991
-10.0,2,69.062363
-10.0,1,69.072812
-10.0,1,69.084612
-10.0,2,69.09712
-10.0,1,69.108842
-10.0,1,69.123124
-10.0,1,69.143156
-10.0,1,69.412109
-10.0,1,69.426173
-10.0,1,69.443813
-10.0,1,69.506955
-10.0,1,69.517644
-10.0,1,69.52751
-10.0,1,69.536204
-10.0,1,69.544573
-10.0,1,69.557811
-10.0,1,69.5662
-10.0,1,69.573643
-10.0,1,69.581265
-10.0,2,69.595771
-10.0,1,69.603206
-10.0,1,69.612064
-10.0,1,69.62136
-10.0,2,69.633785
-10.0,1,69.64396
-10.0,1,69.65256
-10.0,2,69.661371
-10.0,1,69.667046
-10.0,2,69.682332
-10.0,1,69.6911
-10.0,2,69.703712
-10.0,1,69.709398
-10.0,2,69.717636
-10.0,1,69.72429
-10.0,1,69.729709
-10.0,2,69.740271
-10.0,1,69.745971
-10.0,2,69.755839
-10.0,1,69.762067
-10.0,1,69.767636
-10.0,1,69.773141
-10.0,1,69.779243
-10.0,2,69.788863
-10.0,2,69.797262
-10.0,6,69.819853
-10.0,1,69.825318
-10.0,1,69.830606
-10.0,2,69.839849
-10.0,1,69.845328
-10.0,1,69.850779
-10.0,1,69.856176
-10.0,1,69.861833
-10.0,1,69.867311
-10.0,1,69.873298
-10.0,1,69.878967
-10.0,1,69.885048
-10.0,1,69.891633
-10.0,1,69.89712
-10.0,2,69.907624
-10.0,1,69.913601
-10.0,1,69.920744
-10.0,1,69.926531
-10.0,2,69.938617
-10.0,2,69.94649
-10.0,2,69.955431
-10.0,2,69.963753
-10.0,2,69.972528
-10.0,2,69.980681
-10.0,1,69.987026
-10.0,2,69.994959
-10.0,1,70.000114
-10.0,1,70.006612
-10.0,2,70.015859
-10.0,1,70.022206
-10.0,2,70.031321
-10.0,1,70.037719
-10.0,1,70.044622
-10.0,1,70.051753
-10.0,1,70.057803
-10.0,1,70.064044
-10.0,2,70.076226
-10.0,1,70.08253
-10.0,1,70.091994
-10.0,1,70.102555
-10.0,1,70.112751
-10.0,1,70.122391
-10.0,1,70.128625
-10.0,1,70.135551
-10.0,2,70.144361
-10.0,1,70.152776
-10.0,1,70.162969
-10.0,1,70.171302
-10.0,1,70.181608
-10.0,1,70.194263
-10.0,1,70.205919
-10.0,1,70.212309
-10.0,1,70.219127
-10.0,2,70.229076
-10.0,1,70.23617
-10.0,2,70.245929
-10.0,5,70.285319
-10.0,1,70.30365
-10.0,1,70.313225
-10.0,1,70.321834
-10.0,1,70.328531
-10.0,1,70.337711
-10.0,2,70.352116
-10.0,1,70.359572
-10.0,1,70.367271
-10.0,1,70.374267
-10.0,1,70.385258
-10.0,2,70.401936
-10.0,2,70.427103
-10.0,1,70.439157
-10.0,1,70.449504
-10.0,1,70.466655
-10.0,1,70.486149
-10.0,1,70.495998
-10.0,3,70.522752
-10.0,1,70.530031
-10.0,4,70.556945
-10.0,2,70.594008
-10.0,2,70.627745
-10.0,1,70.643621
-10.0,2,70.667213
-10.0,1,70.68843
-10.0,1,70.70249
-10.0,1,70.711759
-10.0,1,70.722144
-10.0,1,70.738042
-10.0,1,70.748923
-10.0,1,70.764353
-10.0,2,70.787141
-10.0,1,70.799129
-10.0,1,70.81172
-10.0,1,70.82507
-10.0,1,70.831301
-10.0,1,70.842503
-10.0,2,70.86282
-10.0,1,70.875293
-10.0,2,70.894624
-10.0,1,70.909777
-10.0,1,70.921177
-10.0,2,70.938529
-10.0,1,70.949863
-10.0,2,70.968634
-10.0,1,70.979544
-10.0,1,70.992751
-10.0,2,71.01185
-10.0,1,71.027923
-10.0,1,71.041337
-10.0,1,71.054385
-10.0,2,71.073754
-10.0,1,71.082472
-10.0,3,71.105462
-10.0,1,71.114477
-10.0,1,71.126639
-10.0,1,71.137386
-10.0,1,71.146552
-10.0,1,71.15905
-10.0,1,71.169116
-10.0,3,71.191613
-10.0,1,71.200564
-10.0,1,71.213321
-10.0,1,71.228929
-10.0,1,71.239679
-10.0,1,71.246639
-10.0,1,71.257015
-10.0,1,71.264585
-10.0,1,71.274024
-10.0,1,71.281998
-10.0,1,71.292112
-10.0,1,71.29943
-10.0,1,71.311468
-10.0,2,71.324197
-10.0,1,71.33063
-10.0,3,71.34564
-10.0,1,71.356325
-10.0,1,71.3632
-10.0,1,71.372561
-10.0,1,71.379416
-10.0,1,71.392862
-10.0,2,71.406112
-10.0,1,71.412977
-10.0,2,71.426481
-10.0,2,71.438355
-10.0,1,71.445182
-10.0,1,71.456057
-10.0,1,71.483257
-10.0,1,71.494595
-10.0,1,71.502413
-10.0,1,71.510572
-10.0,2,71.524228
-10.0,1,71.530703
-10.0,1,71.540068
-10.0,1,71.546668
-10.0,1,71.555177
-10.0,1,71.561929
-10.0,1,71.569875
-10.0,1,71.577877
-10.0,3,71.599321
-10.0,1,71.610993
-10.0,2,71.624844
-10.0,3,71.640676
-10.0,2,71.656288
-10.0,1,71.663683
-10.0,2,71.677755
-10.0,1,71.688951
-10.0,1,71.696557
-10.0,2,71.714192
-10.0,2,71.733571
-10.0,1,71.743417
-10.0,1,71.750132
-10.0,1,71.762291
-10.0,1,71.771281
-10.0,1,71.780376
-10.0,4,71.804374
-10.0,1,71.811635
-10.0,3,71.82759
-10.0,1,71.837068
-10.0,1,71.868201
-10.0,1,71.901263
-10.0,1,71.924248
-10.0,2,71.94698
-10.0,1,71.971183
-10.0,1,71.982
-10.0,1,71.995463
-10.0,1,72.006497
-10.0,1,72.012731
-10.0,2,72.026145
-10.0,1,72.032413
-10.0,1,72.043948
-10.0,1,72.052315
-10.0,1,72.063193
-10.0,3,72.090514
-10.0,2,72.112837
-10.0,3,72.139411
-10.0,1,72.147837
-10.0,1,72.163949
-10.0,1,72.177628
-10.0,1,72.187689
-10.0,3,72.206917
-10.0,3,72.227984
-10.0,2,72.241953
-10.0,1,72.249781
-10.0,1,72.263662
-10.0,2,72.284953
-10.0,1,72.300601
-10.0,1,72.314429
-10.0,1,72.33008
-10.0,1,72.344751
-10.0,1,72.361198
-10.0,1,72.379102
-10.0,1,72.399755
-10.0,1,72.415223
-10.0,1,72.429077
-10.0,1,72.440057
-10.0,1,72.446453
-10.0,2,72.465436
-10.0,1,72.48056
-10.0,3,72.507238
-10.0,1,72.516425
-10.0,1,72.534841
-10.0,1,72.560383
-10.0,1,72.577928
-10.0,1,72.598627
-10.0,1,72.62085
-10.0,1,72.634092
-10.0,2,72.656026
-10.0,1,72.67206
-10.0,1,72.682421
-10.0,1,72.693783
-10.0,1,72.707313
-10.0,1,72.719832
-10.0,1,72.731238
-10.0,1,72.745374
-10.0,1,72.760623
-10.0,2,72.777433
-10.0,1,72.790714
-10.0,1,72.802772
-10.0,1,72.81309
-10.0,1,72.826047
-10.0,2,72.842931
-10.0,1,72.855523
-10.0,1,72.869143
-10.0,2,72.893323
-10.0,1,72.910089
-10.0,2,72.937544
-10.0,2,72.963524
-10.0,1,72.973247
-10.0,1,72.982236
-10.0,3,73.004501
-10.0,1,73.013398
-10.0,1,73.024456
-10.0,2,73.03402
-10.0,1,73.041861
-10.0,1,73.047826
-10.0,1,73.058273
-10.0,1,73.067992
-10.0,2,73.085471
-10.0,1,73.098107
-10.0,3,73.122645
-10.0,1,73.132754
-10.0,1,73.147751
-10.0,2,73.166167
-10.0,1,73.176581
-10.0,1,73.184133
-10.0,1,73.19495
-10.0,2,73.210509
-10.0,1,73.223357
-10.0,1,73.230666
-10.0,1,73.239073
-10.0,1,73.245207
-10.0,4,73.266523
-10.0,1,73.278111
-10.0,1,73.288831
-10.0,1,73.299509
-10.0,1,73.313443
-10.0,1,73.329999
-10.0,1,73.341345
-10.0,2,73.368886
-10.0,1,73.389863
-10.0,5,73.43153
-10.0,3,73.455611
-10.0,4,73.491422
-10.0,1,73.503382
-10.0,4,73.533262
-10.0,1,73.545665
-10.0,2,73.563492
-10.0,1,73.574684
-10.0,1,73.588752
-10.0,1,73.599523
-10.0,3,73.628519
-10.0,1,73.640844
-10.0,1,73.657142
-10.0,1,73.671238
-10.0,1,73.679642
-10.0,1,73.688917
-10.0,1,73.696824
-10.0,2,73.711279
-10.0,1,73.722043
-10.0,1,73.731931
-10.0,1,73.742983
-10.0,1,73.75552
-10.0,1,73.767095
-10.0,1,73.778416
-10.0,1,73.788764
-10.0,1,73.79861
-10.0,1,73.808552
-10.0,1,73.815782
-10.0,3,73.832035
-10.0,1,73.841065
-10.0,1,73.848201
-10.0,2,73.866276
-10.0,1,73.87526
-10.0,1,73.882879
-10.0,1,73.89434
-10.0,1,73.90321
-10.0,4,73.923668
-10.0,1,73.93425
-10.0,1,73.942865
-10.0,2,73.957148
-10.0,4,73.976777
-10.0,1,73.986048
-10.0,2,73.99831
-10.0,1,74.006065
-10.0,1,74.01346
-10.0,1,74.020671
-10.0,1,74.028492
-10.0,1,74.038764
-10.0,2,74.052159
-10.0,1,74.063334
-10.0,1,74.077039
-10.0,1,74.085626
-10.0,1,74.094056
-10.0,1,74.104596
-10.0,1,74.112431
-10.0,1,74.121736
-10.0,1,74.131507
-10.0,1,74.143415
-10.0,1,74.151759
-10.0,1,74.160489
-10.0,1,74.200641
-10.0,1,74.210383
-10.0,3,74.227175
-10.0,1,74.237447
-10.0,1,74.24528
-10.0,2,74.259012
-10.0,2,74.276376
-10.0,1,74.284466
-10.0,1,74.292724
-10.0,3,74.31546
-10.0,2,74.337861
-10.0,4,74.358178
-10.0,3,74.377778
-10.0,3,74.397328
-10.0,1,74.413858
-10.0,1,74.426195
-10.0,2,74.441697
-10.0,1,74.453003
-10.0,1,74.470986
-10.0,1,74.481734
-10.0,1,74.495172
-10.0,1,74.509783
-10.0,1,74.519937
-10.0,1,74.531694
-10.0,1,74.541414
-10.0,1,74.547171
-10.0,1,74.555064
-10.0,2,74.565773
-10.0,1,74.575442
-10.0,3,74.596742
-10.0,1,74.608746
-10.0,2,74.623057
-10.0,1,74.631405
-10.0,1,74.640051
-10.0,1,74.647393
-10.0,1,74.657387
-10.0,1,74.664808
-10.0,1,74.674582
-10.0,1,74.680332
-10.0,1,74.687186
-10.0,1,74.692602
-10.0,1,74.697726
-10.0,2,74.710886
-10.0,2,74.723723
-10.0,1,74.73118
-10.0,1,74.740382
-10.0,1,74.745846
-10.0,1,74.752752
-10.0,1,74.758218
-10.0,1,74.763796
-10.0,1,74.771013
-10.0,1,74.776437
-10.0,1,74.781736
-10.0,1,74.789207
-10.0,1,74.799856
-10.0,3,74.812748
-10.0,1,74.81953
-10.0,1,74.824751
-10.0,1,74.829705
-10.0,1,74.836701
-10.0,1,74.842211
-10.0,3,74.855218
-10.0,1,74.862635
-10.0,1,74.87195
-10.0,1,74.877375
-10.0,1,74.883612
-10.0,1,74.889837
-10.0,1,74.894968
-10.0,2,74.907251
-10.0,1,74.912644
-10.0,1,74.919554
-10.0,2,74.930993
-10.0,1,74.938826
-10.0,1,74.944593
-10.0,1,74.949958
-10.0,1,74.956638
-10.0,2,74.965089
-10.0,1,74.972608
-10.0,1,74.978014
-10.0,1,74.984369
-10.0,1,74.991496
-10.0,1,74.998208
-10.0,2,75.009734
-10.0,1,75.014987
-10.0,1,75.021162
-10.0,1,75.026215
-10.0,1,75.031537
-10.0,1,75.039097
-10.0,1,75.044329
-10.0,2,75.054554
-10.0,3,75.069237
-10.0,1,75.075569
-10.0,1,75.081489
-10.0,1,75.087935
-10.0,2,75.095796
-10.0,1,75.102878
-10.0,1,75.109202
-10.0,1,75.114664
-10.0,1,75.121947
-10.0,2,75.131617
-10.0,1,75.140302
-10.0,1,75.145513
-10.0,1,75.152243
-10.0,1,75.157553
-10.0,2,75.16513
-10.0,1,75.173964
-10.0,1,75.17898
-10.0,2,75.189014
-10.0,1,75.196716
-10.0,1,75.205162
-10.0,1,75.210959
-10.0,1,75.217664
-10.0,1,75.223667
-10.0,1,75.228849
-10.0,1,75.237434
-10.0,1,75.245538
-10.0,1,75.253039
-10.0,1,75.260501
-10.0,1,75.268293
-10.0,2,75.278094
-10.0,2,75.287823
-10.0,1,75.292959
-10.0,1,75.298178
-10.0,2,75.30821
-10.0,1,75.313264
-10.0,2,75.325153
-10.0,2,75.346981
-10.0,1,75.358053
-10.0,2,75.376793
-10.0,1,75.387403
-10.0,1,75.398555
-10.0,1,75.417525
-10.0,1,75.427183
-10.0,1,75.439206
-10.0,1,75.44872
-10.0,3,75.475933
-10.0,2,75.493718
-10.0,1,75.504534
-10.0,2,75.521476
-10.0,1,75.536479
-10.0,1,75.573638
-10.0,1,75.58416
-10.0,1,75.595031
-10.0,1,75.608846
-10.0,1,75.618824
-10.0,2,75.636007
-10.0,4,75.665354
-10.0,2,75.682358
-10.0,1,75.694009
-10.0,1,75.707251
-10.0,1,75.717248
-10.0,1,75.728326
-10.0,3,75.758858
-10.0,1,75.773702
-10.0,1,75.784195
-10.0,1,75.797304
-10.0,1,75.811691
-10.0,1,75.82254
-10.0,1,75.83225
-10.0,1,75.843619
-10.0,1,75.854152
-10.0,1,75.865334
-10.0,1,75.878739
-10.0,1,75.891357
-10.0,1,75.905031
-10.0,1,75.917149
-10.0,1,75.931928
-10.0,1,75.942914
-10.0,1,75.95352
-92.7,3,75.975931
-10.0,1,75.988319
-10.0,2,76.010752
-10.0,1,76.023278
-10.0,1,76.036448
-10.0,1,76.050245
-10.0,1,76.064236
-10.0,1,76.081139
-10.0,1,76.09502
-10.0,1,76.106303
-10.0,1,76.11755
-10.0,2,76.141272
-10.0,1,76.154938
-10.0,1,76.165868
-10.0,1,76.180285
-10.0,1,76.193496
-10.0,2,76.216266
-10.0,3,76.24226
-10.0,1,76.254619
-10.0,2,76.274355
-10.0,1,76.288719
-10.0,2,76.310927
-10.0,1,76.32192
-10.0,1,76.334211
-10.0,1,76.345889
-10.0,1,76.359596
-10.0,1,76.375902
-10.0,5,76.427316
-10.0,1,76.438827
-10.0,1,76.451038
-10.0,1,76.465474
-10.0,3,76.497514
-10.0,1,76.519989
-10.0,1,76.545577
-10.0,1,76.563084
-10.0,1,76.573941
-10.0,2,76.591063
-10.0,2,76.607501
-10.0,2,76.630683
-10.0,1,76.647272
-10.0,1,76.657197
-10.0,2,76.671337
-10.0,1,76.6856
-10.0,1,76.698051
-10.0,1,76.713442
-10.0,1,76.725912
-10.0,1,76.730928
-10.0,1,76.745095
-10.0,1,76.754044
-10.0,2,76.773459
-10.0,1,76.788486
-10.0,3,76.817249
-10.0,1,76.832485
-10.0,1,76.845523
-10.0,1,76.85584
-10.0,1,76.862992
-10.0,2,76.878828
-10.0,1,76.888231
-43.2,1,76.893015
-10.0,1,76.898118
-10.0,1,76.909576
-10.0,1,76.916459
-10.0,5,76.937093
-10.0,1,76.942083
-10.0,1,76.946706
-10.0,2,76.956419
-10.0,1,76.961468
-10.0,1,76.969013
-10.0,1,76.97828
-10.0,1,76.986204
-10.0,1,76.994239
-10.0,1,77.001363
-10.0,1,77.011272
-10.0,1,77.016107
-10.0,1,77.026783
-10.0,1,77.033248
-10.0,1,77.04333
-10.0,1,77.048124
-10.0,1,77.058143
-10.0,1,77.063079
-10.0,1,77.07124
-10.0,1,77.078714
-10.0,2,77.090411
-10.0,1,77.096786
-10.0,1,77.108889
-10.0,1,77.114252
-10.0,2,77.127221
-10.0,1,77.133346
-10.0,4,77.155637
-10.0,1,77.160957
-10.0,1,77.168952
-10.0,2,77.177731
-10.0,1,77.185808
-10.0,1,77.194479
-10.0,1,77.205901
-10.0,1,77.218625
-10.0,3,77.246979
-10.0,1,77.26076
-10.0,4,77.295657
-10.0,1,77.312728
-10.0,1,77.326397
-10.0,4,77.353382
-10.0,1,77.360934
-10.0,1,77.372212
-10.0,1,77.380692
-10.0,1,77.389036
-10.0,1,77.395717
-10.0,1,77.407675
-10.0,2,77.421189
-10.0,1,77.428243
-10.0,1,77.437997
-10.0,2,77.448088
-10.0,1,77.456158
-10.0,3,77.472319
-10.0,1,77.479456
-10.0,3,77.495439
-10.0,1,77.503798
-10.0,1,77.511801
-10.0,1,77.517373
-10.0,1,77.526287
-10.0,1,77.530932
-10.0,3,77.546377
-10.0,1,77.554102
-10.0,1,77.55874
-10.0,1,77.563612
-10.0,1,77.573355
-10.0,2,77.582918
-10.0,1,77.593988
-10.0,2,77.609198
-10.0,1,77.615715
-10.0,2,77.628489
-10.0,2,77.644579
-10.0,2,77.655371
-10.0,2,77.670323
-10.0,1,77.678296
-10.0,1,77.686805
-10.0,1,77.695013
-10.0,1,77.70348
-10.0,1,77.712187
-10.0,2,77.72523
-10.0,1,77.730456
-10.0,2,77.743485
-10.0,1,77.748701
-10.0,2,77.759262
-10.0,1,77.766491
-10.0,1,77.776174
-10.0,1,77.781343
-10.0,1,77.790766
-10.0,1,77.796875
-10.0,3,77.814841
-10.0,1,77.825818
-10.0,1,77.831663
-10.0,1,77.840255
-10.0,1,77.847214
-10.0,1,77.855676
-10.0,1,77.863517
-10.0,1,77.873301
-10.0,1,77.880905
-10.0,1,77.894037
-10.0,3,77.913113
-10.0,1,77.921406
-10.0,1,77.928321
-10.0,4,77.946609
-10.0,1,77.954506
-10.0,1,77.959783
-10.0,1,77.968181
-10.0,1,77.977016
-10.0,1,77.982893
-10.0,1,77.993348
-10.0,2,78.005339
-10.0,3,78.020797
-10.0,2,78.030362
-10.0,1,78.044553
-10.0,1,78.053456
-10.0,2,78.064097
-10.0,1,78.074137
-10.0,1,78.08019
-10.0,1,78.088183
-10.0,2,78.097775
-10.0,1,78.109838
-10.0,2,78.120898
-10.0,2,78.130999
-10.0,4,78.147524
-10.0,1,78.155135
-10.0,2,78.162449
-10.0,1,78.171878
-10.0,2,78.181431
-10.0,6,78.211109
-10.0,2,78.222684
-32.1,1,78.230507
-10.0,1,78.242266
-10.0,1,78.248317
-10.0,1,78.259973
-10.0,2,78.272504
-10.0,3,78.310153
-10.0,1,78.316472
-10.0,1,78.325812
-43.2,2,78.337551
-10.0,1,78.344041
-10.0,1,78.349591
-10.0,1,78.356733
-10.0,1,78.362027
-10.0,1,78.370625
-10.0,1,78.380502
-10.0,1,78.392776
-10.0,3,78.415549
-10.0,1,78.427281
-10.0,1,78.4356
-10.0,1,78.443891
-10.0,1,78.449935
-10.0,1,78.459217
-10.0,2,78.471913
-10.0,2,78.485553
-10.0,1,78.494154
-10.0,3,78.511939
-10.0,1,78.520272
-10.0,1,78.528419
-10.0,1,78.537775
-10.0,1,78.544644
-10.0,1,78.552836
-10.0,1,78.558056
-10.0,1,78.562984
-10.0,1,78.571567
-10.0,1,78.578622
-10.0,1,78.586894
-10.0,1,78.594559
-10.0,2,78.607836
-10.0,1,78.614048
-10.0,1,78.62388
-10.0,2,78.63782
-10.0,1,78.646829
-10.0,1,78.654947
-10.0,6,78.686713
-10.0,1,78.695088
-10.0,5,78.720458
-10.0,1,78.729027
-10.0,2,78.744263
-10.0,1,78.752963
-10.0,1,78.758643
-10.0,1,78.764168
-10.0,2,78.779475
-10.0,1,78.788126
-10.0,1,78.79577
-10.0,1,78.805277
-10.0,1,78.813721
-10.0,1,78.822091
-10.0,1,78.830066
-10.0,1,78.840342
-10.0,1,78.847327
-10.0,1,78.857125
-10.0,1,78.864136
-10.0,1,78.877503
-10.0,1,78.887956
-10.0,1,78.903938
-10.0,1,78.913002
-10.0,1,78.926435
-10.0,1,78.94061
-10.0,1,78.952427
-10.0,1,78.961359
-10.0,1,78.975191
-10.0,1,78.9871
-10.0,2,79.000389
-10.0,1,79.013334
-10.0,1,79.025433
-10.0,1,79.037503
-10.0,2,79.04909
-10.0,1,79.062885
-10.0,2,79.079463
-10.0,2,79.092963
-10.0,1,79.103262
-10.0,2,79.114504
-10.0,1,79.1251
-10.0,1,79.130029
-10.0,1,79.139956
-10.0,3,79.152133
-10.0,1,79.157321
-10.0,1,79.162008
-10.0,2,79.176266
-10.0,1,79.181425
-10.0,3,79.196964
-10.0,3,79.213896
-10.0,3,79.229033
-10.0,1,79.238771
-10.0,1,79.246189
-10.0,1,79.254433
-10.0,2,79.267139
-10.0,1,79.2768
-10.0,2,79.287303
-10.0,1,79.294978
-10.0,3,79.312172
-10.0,1,79.320026
-10.0,1,79.328036
-10.0,1,79.337624
-10.0,1,79.34411
-10.0,1,79.350499
-51.3,1,79.357028
-10.0,1,79.361806
-10.0,1,79.372782
-10.0,4,79.393126
-10.0,1,79.404359
-10.0,1,79.412302
-10.0,1,79.420264
-10.0,1,79.427789
-10.0,1,79.435932
-10.0,1,79.445023
-10.0,2,79.456429
-10.0,1,79.466052
-10.0,1,79.478251
-10.0,1,79.485844
-10.0,2,79.495847
-10.0,1,79.50565
-10.0,1,79.513035
-10.0,1,79.521449
-10.0,1,79.528519
-10.0,1,79.538761
-10.0,1,79.545526
-10.0,1,79.554008
-10.0,2,79.562479
-10.0,1,79.570647
-10.0,1,79.578289
-10.0,2,79.592231
-10.0,1,79.600319
-10.0,1,79.610499
-10.0,2,79.624419
-10.0,1,79.65447
-10.0,1,79.673901
-10.0,1,79.689075
-10.0,2,79.703859
-10.0,1,79.712261
-10.0,2,79.726789
-10.0,1,79.736693
-10.0,1,79.743648
-10.0,1,79.753644
-10.0,1,79.75942
-10.0,2,79.777314
-10.0,1,79.792299
-10.0,2,79.810206
-10.0,4,79.844686
-10.0,1,79.855559
-10.0,1,79.86921
-10.0,1,79.882668
-10.0,1,79.901461
-10.0,1,79.914499
-10.0,1,79.929447
-10.0,1,79.94341
-10.0,1,79.955384
-10.0,1,79.967977
-10.0,1,79.979647
-10.0,1,79.99428
-10.0,1,80.008289
-10.0,2,80.026163
-10.0,1,80.040201
-10.0,1,80.053737
-10.0,1,80.063287
-30.9,1,80.076546
-10.0,2,80.094698
-10.0,1,80.109907
-10.0,2,80.129347
-10.0,1,80.143987
-10.0,2,80.162918
-10.0,1,80.179928
-10.0,1,80.195735
-10.0,1,80.214834
-10.0,2,80.244934
-10.0,1,80.262678
-10.0,1,80.279328
-10.0,2,80.305735
-10.0,1,80.322575
-10.0,1,80.342922
-10.0,2,80.368009
-10.0,1,80.386194
-10.0,1,80.410629
-10.0,1,80.427814
-10.0,1,80.445762
-10.0,1,80.460209
-10.0,2,80.487794
-10.0,1,80.504659
-10.0,2,80.533315
-10.0,1,80.548088
-10.0,1,80.558041
-10.0,1,80.569049
-10.0,1,80.587703
-10.0,1,80.605494
-10.0,2,80.626724
-10.0,1,80.64351
-10.0,2,80.661738
-10.0,1,80.679488
-10.0,1,80.695487
-10.0,3,80.722023
-10.0,4,80.747421
-10.0,1,80.756572
-10.0,1,80.764109
-10.0,2,80.785189
-10.0,1,80.796022
-10.0,1,80.808115
-10.0,2,80.821612
-10.0,1,80.833673
-10.0,1,80.846446
-10.0,1,80.857728
-10.0,1,80.868886
-10.0,1,80.875655
-10.0,1,80.884099
-10.0,1,80.891119
-10.0,1,80.902373
-10.0,1,80.912025
-10.0,1,80.92236
-10.0,1,80.929808
-10.0,1,80.94133
-10.0,1,80.953725
-10.0,2,80.967767
-10.0,1,80.980463
-10.0,1,81.01463
-10.0,1,81.023614
-10.0,1,81.030842
-10.0,2,81.054602
-10.0,1,81.072819
-10.0,1,81.086134
-10.0,1,81.102555
-10.0,3,81.136298
-10.0,1,81.151762
-10.0,1,81.168262
-10.0,1,81.184762
-10.0,1,81.200237
-10.0,3,81.228314
-10.0,1,81.24202
-10.0,1,81.253923
-10.0,2,81.273137
-10.0,1,81.28394
-10.0,1,81.293867
-10.0,1,81.31051
-10.0,1,81.323305
-10.0,1,81.337326
-10.0,2,81.355661
-10.0,2,81.374637
-10.0,1,81.386826
-10.0,1,81.394349
-10.0,2,81.415925
-10.0,2,81.42853
-10.0,3,81.453757
-10.0,1,81.466154
-10.0,1,81.484908
-10.0,2,81.499833
-10.0,1,81.515875
-10.0,1,81.524408
-10.0,1,81.537388
-10.0,2,81.554409
-10.0,1,81.563378
-10.0,1,81.582291
-10.0,1,81.597723
-10.0,1,81.611216
-10.0,2,81.626632
-10.0,1,81.639588
-10.0,1,81.653023
-10.0,3,81.676755
-10.0,3,81.695535
-10.0,2,81.7149
-10.0,1,81.72473
-10.0,1,81.735874
-10.0,3,81.757324
-10.0,1,81.767867
-10.0,1,81.777733
-10.0,1,81.792648
-10.0,2,81.810446
-10.0,1,81.822254
-10.0,1,81.832008
-10.0,2,81.85228
-10.0,1,81.86356
-10.0,1,81.877717
-10.0,1,81.887486
-10.0,1,81.897821
-10.0,1,81.909826
-10.0,1,81.919691
-10.0,1,81.926343
-10.0,1,81.936518
-10.0,1,81.947673
-10.0,1,81.959151
-10.0,1,81.97183
-10.0,1,81.982075
-10.0,1,81.989159
-10.0,1,81.998326
-10.0,1,82.008557
-10.0,1,82.018244
-10.0,1,82.025026
-10.0,2,82.037452
-10.0,1,82.044073
-10.0,1,82.054253
-10.0,1,82.069812
-10.0,1,82.077916
-10.0,1,82.0868
-10.0,2,82.098785
-10.0,1,82.107005
-10.0,1,82.117051
-10.0,1,82.128472
-10.0,1,82.141002
-10.0,1,82.153599
-10.0,1,82.160563
-10.0,2,82.174332
-10.0,1,82.186318
-10.0,1,82.196214
-10.0,1,82.205228
-10.0,2,82.218415
-10.0,2,82.232415
-10.0,2,82.242545
-10.0,2,82.255151
-10.0,1,82.264379
-10.0,1,82.272162
-10.0,2,82.281297
-10.0,1,82.287019
-10.0,1,82.291905
-10.0,1,82.296759
-10.0,1,82.30417
-10.0,1,82.310249
-10.0,1,82.316611
-10.0,1,82.322459
-10.0,1,82.327866
-10.0,1,82.336978
-10.0,1,82.345265
-10.0,1,82.353681
-10.0,2,82.383116
-10.0,2,82.392126
-10.0,1,82.402721
-10.0,2,82.413205
-10.0,1,82.4199
-10.0,1,82.426108
-10.0,1,82.434765
-10.0,1,82.442179
-10.0,1,82.451246
-10.0,1,82.457901
-10.0,1,82.467973
-10.0,1,82.478809
-10.0,1,82.487649
-10.0,1,82.495731
-10.0,1,82.506051
-10.0,1,82.513896
-10.0,3,82.528327
-10.0,1,82.538394
-10.0,1,82.547666
-10.0,1,82.556132
-10.0,1,82.563292
-10.0,1,82.572388
-10.0,1,82.579102
-10.0,1,82.587911
-10.0,1,82.594666
-10.0,1,82.605412
-10.0,1,82.615138
-10.0,3,82.629113
-10.0,1,82.64094
-10.0,1,82.652108
-10.0,1,82.658672
-10.0,1,82.668519
-10.0,1,82.67754
-10.0,2,82.689328
-10.0,1,82.696065
-10.0,1,82.706174
-10.0,1,82.713488
-10.0,2,82.724866
-10.0,1,82.734049
-10.0,3,82.752424
-10.0,3,82.769843
-10.0,1,82.776805
-10.0,1,82.786242
-10.0,1,82.792738
-10.0,2,82.806746
-10.0,1,82.815651
-10.0,2,82.826286
-10.0,1,82.835183
-10.0,1,82.842679
-10.0,3,82.857561
-10.0,1,82.866709
-10.0,1,82.875907
-10.0,1,82.883545
-10.0,3,82.903064
-10.0,2,82.913648
-10.0,1,82.921266
-10.0,2,82.932247
-10.0,1,82.940095
-10.0,1,82.949329
-10.0,1,82.957045
-10.0,1,82.965342
-10.0,1,82.974137
-10.0,1,82.982957
-10.0,3,83.000492
-10.0,1,83.010185
-10.0,1,83.019407
-10.0,1,83.026102
-10.0,1,83.036775
-10.0,2,83.048114
-10.0,1,83.056249
-10.0,1,83.06464
-10.0,1,83.073979
-10.0,1,83.084015
-10.0,1,83.092119
-10.0,1,83.102235
-10.0,1,83.109375
-10.0,1,83.119524
-10.0,1,83.126132
-10.0,1,83.136338
-10.0,1,83.145965
-10.0,1,83.153886
-10.0,1,83.162056
-10.0,2,83.17889
-10.0,1,83.187474
-10.0,1,83.194316
-10.0,2,83.207588
-10.0,1,83.216793
-10.0,1,83.223971
-10.0,1,83.233093
-10.0,3,83.2501
-10.0,1,83.257308
-10.0,1,83.265843
-10.0,1,83.276962
-10.0,1,83.285872
-10.0,1,83.293126
-10.0,2,83.307077
-10.0,1,83.315413
-10.0,1,83.325009
-10.0,1,83.336644
-10.0,1,83.349463
-10.0,2,83.361048
-10.0,2,83.37823
-10.0,1,83.390181
-10.0,2,83.41237
-10.0,1,83.421386
-10.0,2,83.435949
-10.0,1,83.44487
-10.0,1,83.454659
-10.0,1,83.464698
-10.0,1,83.471452
-10.0,3,83.489551
-10.0,1,83.494965
-10.0,4,83.512168
-10.0,1,83.518187
-10.0,1,83.523174
-10.0,2,83.533863
-10.0,1,83.539749
-10.0,2,83.547883
-10.0,1,83.553223
-10.0,1,83.557345
-10.0,1,83.561711
-10.0,1,83.567612
-10.0,2,83.573957
-10.0,2,83.690535
-10.0,1,83.698817
-10.0,1,83.705823
-10.0,1,83.711654
-10.0,1,83.719244
-10.0,1,83.723166
-10.0,1,83.726759
-10.0,2,83.73695
-10.0,2,83.747723
-10.0,1,83.753451
-10.0,2,83.76218
-10.0,1,83.769329
-10.0,1,83.773484
-10.0,1,83.777228
-10.0,1,83.783585
-10.0,1,83.787513
-10.0,1,83.792268
-10.0,1,83.797865
-10.0,1,83.802808
-10.0,1,83.80894
-10.0,1,83.81412
-10.0,3,83.824005
-10.0,1,83.827987
-10.0,1,83.833454
-10.0,2,83.839773
-10.0,2,83.84553
-10.0,1,83.852019
-10.0,1,83.857972
-10.0,1,83.863852
-10.0,1,83.869062
-10.0,3,83.88349
-10.0,1,83.889082
-10.0,3,83.904725
-10.0,1,83.91015
-10.0,1,83.916756
-10.0,1,83.92262
-10.0,1,83.929512
-10.0,4,83.953345
-10.0,1,83.960529
-10.0,1,83.971886
-10.0,1,83.978623
-10.0,1,83.986926
-10.0,2,83.998276
-10.0,1,84.007778
-10.0,2,84.022835
-10.0,1,84.03104
-10.0,1,84.040105
-10.0,2,84.055228
-10.0,1,84.06189
-10.0,4,84.087163
-10.0,1,84.093995
-10.0,1,84.104362
-10.0,2,84.115749
-10.0,3,84.128919
-10.0,1,84.139554
-10.0,1,84.149954
-10.0,1,84.156698
-10.0,2,84.170534
-10.0,2,84.18077
-10.0,1,84.188868
-10.0,1,84.195551
-10.0,1,84.209477
-10.0,1,84.223506
-10.0,1,84.232984
-10.0,1,84.240429
-10.0,1,84.248916
-10.0,2,84.259896
-10.0,2,84.276206
-10.0,1,84.286103
-10.0,1,84.293493
-10.0,1,84.303759
-10.0,2,84.316595
-10.0,1,84.323636
-10.0,1,84.334197
-10.0,1,84.343794
-10.0,1,84.353457
-10.0,1,84.36021
-10.0,1,84.371944
-10.0,1,84.379313
-10.0,1,84.387984
-10.0,1,84.394608
-10.0,1,84.411115
-10.0,1,84.420421
-10.0,2,84.433259
-10.0,1,84.440885
-10.0,2,84.453409
-10.0,2,84.466528
-10.0,1,84.475991
-10.0,1,84.485909
-10.0,2,84.501164
-10.0,1,84.512891
-10.0,1,84.522929
-10.0,1,84.53565
-10.0,2,84.552614
-10.0,1,84.559167
-10.0,1,84.568347
-10.0,1,84.576119
-10.0,1,84.585361
-10.0,4,84.618266
-10.0,1,84.638197
-10.0,2,84.685144
-10.0,1,84.703384
-10.0,1,84.717438
-10.0,1,84.726841
-10.0,1,84.751117
-10.0,2,84.774261
-10.0,1,84.789251
-10.0,1,84.801577
-10.0,2,84.819665
-10.0,1,84.829868
-10.0,1,84.841787
-10.0,1,84.854112
-10.0,1,84.860085
-10.0,1,84.869897
-10.0,1,84.882447
-10.0,1,84.889479
-10.0,1,84.894468
-10.0,1,84.904985
-10.0,2,84.914958
-10.0,2,84.923079
-10.0,1,84.929249
-10.0,1,84.939054
-10.0,1,84.947388
-10.0,2,84.956796
-10.0,2,84.972603
-10.0,1,84.980128
-10.0,1,84.986708
-10.0,1,84.991801
-10.0,1,84.998875
-10.0,1,85.008868
-10.0,1,85.016008
-10.0,1,85.023139
-10.0,3,85.039256
-10.0,1,85.045083
-10.0,1,85.053533
-10.0,1,85.059839
-10.0,1,85.066983
-10.0,1,85.077701
-10.0,1,85.109796
-10.0,1,85.115682
-10.0,1,85.119907
-10.0,1,85.124305
-10.0,1,85.128407
-10.0,3,85.142593
-10.0,1,85.149147
-10.0,2,85.157075
-10.0,1,85.164342
-10.0,3,85.175635
-10.0,1,85.183099
-10.0,1,85.189497
-10.0,1,85.194896
-10.0,1,85.201768
-10.0,2,85.214723
-10.0,3,85.226469
-10.0,1,85.234007
-10.0,3,85.246719
-10.0,3,85.261643
-10.0,1,85.272459
-10.0,1,85.277192
-10.0,1,85.283554
-10.0,2,85.290875
-10.0,1,85.295941
-10.0,2,85.307288
-10.0,2,85.317177
-10.0,1,85.321555
-10.0,1,85.325865
-10.0,1,85.331706
-10.0,1,85.338574
-10.0,1,85.344069
-10.0,1,85.352084
-10.0,1,85.360179
-10.0,1,85.372719
-10.0,1,85.378892
-10.0,2,85.390919
-10.0,1,85.402254
-10.0,4,85.425708
-10.0,1,95.727068
-10.0,2,95.736982
-10.0,1,95.744948
-10.0,3,95.764995
-10.0,1,95.776047
-10.0,1,95.786367
-10.0,1,95.796458
-10.0,1,95.807398
-10.0,1,95.815573
-10.0,1,95.823793
-10.0,1,95.832394
-10.0,1,95.839762
-10.0,1,95.84838
-10.0,2,95.858133
-10.0,1,95.866069
-10.0,1,95.872687
-10.0,1,95.880696
-10.0,1,95.8882
-10.0,2,95.90015
-10.0,1,95.906966
-10.0,2,95.918586
-10.0,1,95.924833
-10.0,2,95.936256
-10.0,1,95.943731
-10.0,1,95.950485
-10.0,1,95.956821
-10.0,1,95.963922
-10.0,1,95.970021
-10.0,1,95.976787
-10.0,1,95.98278
-10.0,2,95.993983
-10.0,2,96.00582
-10.0,1,96.012486
-10.0,1,96.017588
-10.0,1,96.022675
-10.0,1,96.028786
-10.0,1,96.034461
-10.0,2,96.042952
-10.0,2,96.050692
-10.0,2,96.060074
-10.0,1,96.065637
-10.0,1,96.071096
-10.0,1,96.077338
-10.0,1,96.082613
-10.0,1,96.087664
-10.0,1,96.093972
-10.0,1,96.099095
-10.0,1,96.104225
-10.0,1,96.110787
-10.0,1,96.141934
-10.0,1,96.147705
-10.0,1,96.15342
-10.0,1,96.159568
-10.0,2,96.168322
-10.0,2,96.180583
-10.0,2,96.191845
-10.0,2,96.204203
-10.0,1,96.212623
-10.0,1,96.219268
-10.0,1,96.226907
-10.0,1,96.234327
-10.0,1,96.240983
-10.0,1,96.250339
-10.0,2,96.262176
-10.0,1,96.269075
-10.0,1,96.27728
-10.0,1,96.284777
-10.0,1,96.293061
-10.0,1,96.30045
-10.0,1,96.307788
-10.0,1,96.314687
-10.0,1,96.321453
-10.0,1,96.328181
-10.0,1,96.334646
-10.0,1,96.341411
-10.0,2,96.351604
-10.0,1,96.358615
-10.0,3,96.372002
-10.0,1,96.379768
-10.0,1,96.38614
-10.0,1,96.391239
-10.0,1,96.396645
-10.0,2,96.403705
-10.0,1,96.408437
-10.0,5,96.422623
-10.0,1,96.4277
-10.0,2,96.434956
-10.0,1,96.439487
-10.0,1,96.445065
-10.0,1,96.449918
-10.0,2,96.456875
-10.0,1,96.461845
-10.0,4,96.474362
-10.0,1,96.480778
-10.0,3,96.490614
-10.0,2,96.4988
-10.0,2,96.506326
-10.0,1,96.512065
-10.0,1,96.516583
-10.0,1,96.521024
-10.0,1,96.527281
-10.0,1,96.534406
-10.0,1,96.539777
-10.0,1,96.545548
-10.0,2,96.55334
-10.0,1,96.558853
-10.0,5,96.575247
-10.0,1,96.580349
-10.0,1,96.585392
-10.0,1,96.591251
-10.0,1,96.596758
-10.0,1,96.601875
-10.0,3,96.611925
-10.0,1,96.616924
-10.0,1,96.622273
-10.0,1,96.627451
-10.0,1,96.632643
-10.0,1,96.640696
-10.0,2,96.652197
-10.0,3,96.664305
-10.0,1,96.668759
-10.0,5,96.682269
-10.0,2,96.688837
-10.0,2,96.696368
-10.0,1,96.700817
-10.0,1,96.705386
-10.0,2,96.712822
-10.0,1,96.717449
-10.0,1,96.722205
-10.0,1,96.72699
-10.0,2,96.734655
-10.0,1,96.739239
-10.0,2,96.746945
-10.0,1,96.752059
-10.0,3,96.761507
-10.0,1,96.765985
-10.0,1,96.770854
-10.0,1,96.775786
-10.0,1,96.781912
-10.0,1,96.786618
-10.0,2,96.793784
-10.0,1,96.798398
-10.0,2,96.805297
-10.0,1,96.810512
-10.0,1,96.815408
-10.0,5,96.828962
-10.0,2,96.835646
-10.0,3,96.844932
-10.0,1,96.849417
-10.0,1,96.853953
-10.0,1,96.858575
-10.0,1,96.863172
-10.0,1,96.867686
-10.0,3,96.87684
-10.0,2,96.883564
-10.0,1,96.88857
-10.0,1,96.894136
-10.0,2,96.902543
-10.0,1,96.906901
-10.0,1,96.911253
-10.0,4,96.92182
-10.0,1,96.92626
-10.0,1,96.930614
-10.0,2,96.93772
-10.0,5,96.950472
-10.0,1,96.954898
-10.0,1,96.959192
-10.0,2,96.965798
-10.0,1,96.970301
-10.0,2,96.976809
-10.0,1,96.981185
-10.0,1,96.986145
-10.0,3,96.994863
-10.0,1,96.999396
-10.0,1,97.003733
-10.0,1,97.007999
-10.0,1,97.012425
-10.0,1,97.016977
-10.0,2,97.02343
-10.0,1,97.027828
-10.0,1,97.032338
-10.0,2,97.038728
-10.0,3,97.047348
-10.0,1,97.051811
-10.0,1,97.056115
-10.0,1,97.060517
-10.0,1,97.065123
-10.0,1,97.069202
-10.0,2,97.075314
-10.0,2,97.082007
-10.0,1,97.086238
-10.0,1,97.090245
-10.0,1,97.094714
-10.0,3,97.102764
-10.0,2,97.108821
-10.0,2,97.115163
-10.0,1,97.119191
-10.0,2,97.125395
-10.0,1,97.129846
-10.0,2,97.135892
-10.0,1,97.140571
-10.0,1,97.14541
-10.0,1,97.149583
-10.0,2,97.155735
-10.0,2,97.163066
-10.0,1,97.167517
-10.0,1,97.172531
-10.0,2,97.180635
-10.0,2,97.188175
-10.0,1,97.194381
-10.0,1,97.199514
-10.0,1,97.204521
-10.0,1,97.209958
-10.0,1,97.21505
-10.0,1,97.220117
-10.0,1,97.225744
-10.0,1,97.231369
-10.0,2,97.239015
-10.0,1,97.245039
-10.0,1,97.250191
-10.0,1,97.255321
-10.0,1,97.261185
-10.0,3,97.271143
-10.0,1,97.277157
-10.0,1,97.282252
-10.0,3,97.290465
-10.0,2,97.296686
-10.0,2,97.302425
-10.0,1,97.306346
-10.0,1,97.311091
-10.0,1,97.315182
-10.0,1,97.318987
-10.0,1,97.322906
-10.0,2,97.330034
-10.0,1,97.334089
-10.0,1,97.338017
-10.0,1,97.342667
-10.0,1,97.346737
-10.0,1,97.350819
-10.0,2,97.356687
-10.0,1,97.360988
-10.0,1,97.36488
-10.0,1,97.368427
-10.0,1,97.372364
-10.0,3,97.380654
-10.0,2,97.386122
-10.0,3,97.394495
-10.0,1,97.398322
-10.0,1,97.402251
-10.0,1,97.40615
-10.0,1,97.410556
-10.0,1,97.414326
-10.0,2,97.419578
-10.0,1,97.423265
-10.0,1,97.4279
-10.0,2,97.433329
-10.0,1,97.43733
-10.0,2,97.443582
-10.0,1,97.447341
-10.0,1,97.451119
-10.0,1,97.454862
-10.0,1,97.459394
-10.0,1,97.463787
-10.0,1,97.468784
-10.0,1,97.475318
-10.0,3,97.506593
-10.0,1,97.51148
-10.0,2,97.517931
-10.0,5,97.533924
-10.0,2,97.547767
-10.0,1,97.55662
-10.0,1,97.567053
-10.0,1,97.576432
-10.0,2,97.589516
-10.0,1,97.599491
-10.0,2,97.613883
-10.0,3,97.627328
-10.0,1,97.632139
-10.0,1,97.637058
-10.0,1,97.642422
-10.0,1,97.647723
-10.0,1,97.652834
-10.0,1,97.657822
-10.0,1,97.663752
-10.0,1,97.668686
-10.0,2,97.676859
-10.0,1,97.682195
-10.0,1,97.687253
-10.0,1,97.692973
-10.0,2,97.700657
-10.0,1,97.705705
-10.0,2,97.713965
-10.0,1,97.718984
-10.0,1,97.724176
-10.0,1,97.731525
-10.0,1,97.737556
-10.0,1,97.74383
-10.0,1,97.747955
-10.0,1,97.752192
-10.0,2,97.758668
-10.0,2,97.765099
-10.0,1,97.769152
-10.0,1,97.773329
-10.0,3,97.781985
-10.0,2,97.787844
-10.0,1,97.79282
-10.0,1,97.796886
-10.0,1,97.801066
-10.0,3,97.808803
-10.0,2,97.814249
-10.0,1,97.817524
-10.0,4,97.827283
-10.0,2,97.832727
-10.0,1,97.837218
-10.0,2,97.844353
-10.0,1,97.848105
-10.0,3,97.855471
-10.0,4,97.865271
-10.0,2,97.870801
-10.0,3,97.878823
-10.0,1,97.882602
-10.0,2,97.887974
-10.0,1,97.892583
-10.0,2,97.898224
-10.0,1,97.901915
-10.0,2,97.907368
-10.0,1,97.911526
-10.0,2,97.91632
-10.0,1,97.919452
-10.0,3,97.926705
-10.0,2,97.931528
-10.0,1,97.934733
-10.0,1,97.937995
-10.0,4,97.946635
-10.0,1,97.949893
-10.0,2,97.954722
-10.0,1,97.958511
-10.0,1,97.962283
-10.0,1,97.965502
-10.0,4,97.973189
-10.0,3,97.980208
-10.0,2,97.985002
-10.0,2,97.989788
-10.0,1,97.9939
-10.0,1,97.997143
-10.0,1,98.000285
-10.0,1,98.00353
-10.0,5,98.013931
-10.0,1,98.017244
-10.0,1,98.020287
-10.0,1,98.023431
-10.0,1,98.027481
-10.0,3,98.033526
-10.0,1,98.036763
-10.0,1,98.039992
-10.0,1,98.043932
-10.0,2,98.048495
-10.0,1,98.051646
-10.0,1,98.054726
-10.0,1,98.058053
-10.0,1,98.061936
-10.0,2,98.066494
-10.0,1,98.069546
-10.0,3,98.07657
-10.0,1,98.079754
-10.0,1,98.082846
-10.0,1,98.085863
-10.0,1,98.088828
-10.0,1,98.093121
-10.0,1,98.096253
-10.0,1,98.099318
-10.0,1,98.102371
-10.0,1,98.105455
-10.0,2,98.111119
-10.0,1,98.11428
-10.0,1,98.11731
-10.0,1,98.120363
-10.0,2,98.125677
-10.0,1,98.128961
-10.0,2,98.133556
-10.0,1,98.136956
-10.0,1,98.14034
-10.0,3,98.146815
-10.0,1,98.149922
-10.0,1,98.153005
-10.0,1,98.156145
-10.0,1,98.161185
-10.0,3,98.167492
-10.0,2,98.172201
-10.0,3,98.179249
-10.0,1,98.182438
-10.0,1,98.185457
-10.0,2,98.190112
-10.0,1,98.194142
-10.0,1,98.197211
-10.0,2,98.201723
-10.0,4,98.20988
-10.0,1,98.213228
-10.0,2,98.21772
-10.0,1,98.22086
-10.0,1,98.225293
-10.0,1,98.228792
-10.0,3,98.234766
-10.0,1,98.237887
-10.0,1,98.241684
-10.0,1,98.245301
-10.0,1,98.248384
-10.0,3,98.254427
-10.0,2,98.25991
-10.0,2,98.264695
-10.0,1,98.26771
-10.0,2,98.272256
-10.0,1,98.276128
-10.0,1,98.279385
-10.0,1,98.28251
-10.0,2,98.287009
-10.0,1,98.290127
-10.0,1,98.294105
-10.0,1,98.29724
-10.0,1,98.300277
-10.0,1,98.303397
-10.0,1,98.306589
-10.0,1,98.31048
-10.0,1,98.313681
-10.0,1,98.316661
-10.0,1,98.319674
-10.0,1,98.322898
-10.0,1,98.326644
-10.0,1,98.32984
-10.0,1,98.332939
-10.0,1,98.336009
-10.0,1,98.339146
-10.0,1,98.343202
-10.0,1,98.346433
-10.0,1,98.349925
-10.0,1,98.353201
-10.0,1,98.356271
-10.0,1,98.359951
-10.0,2,98.364593
-10.0,1,98.367587
-10.0,1,98.370869
-10.0,1,98.374035
-10.0,1,98.378076
-10.0,3,98.384063
-10.0,2,98.388677
-10.0,1,98.39264
-10.0,1,98.395892
-10.0,1,98.398872
-10.0,2,98.403553
-10.0,1,98.406631
-10.0,1,98.410676
-10.0,2,98.415906
-10.0,2,98.421494
-10.0,1,98.426222
-10.0,1,98.430993
-10.0,1,98.435895
-10.0,1,98.441062
-10.0,2,98.448718
-10.0,2,98.455972
-10.0,1,98.46158
-10.0,2,98.468854
-10.0,1,98.474204
-10.0,1,98.47995
-10.0,1,98.484873
-10.0,3,98.495363
-10.0,1,98.500245
-10.0,1,98.505145
-10.0,1,98.510309
-10.0,1,98.514358
-10.0,2,98.519649
-10.0,1,98.522941
-10.0,3,98.529535
-10.0,1,98.532534
-10.0,1,98.535391
-10.0,1,98.538548
-10.0,2,98.543839
-10.0,1,98.546809
-10.0,3,98.553239
-10.0,1,98.556189
-10.0,2,98.561118
-10.0,6,98.570883
-10.0,1,98.5739
-10.0,2,98.578864
-10.0,1,98.581911
-10.0,2,98.586175
-10.0,1,98.58924
-10.0,1,98.592945
-10.0,1,98.595987
-10.0,1,98.598992
-10.0,1,98.601887
-10.0,1,98.604856
-10.0,1,98.608162
-10.0,1,98.611699
-10.0,1,98.614617
-10.0,1,98.61743
-10.0,1,98.620393
-10.0,1,98.623521
-10.0,1,98.627136
-10.0,1,98.630056
-10.0,4,98.637078
-10.0,1,98.64026
-10.0,1,98.643996
-10.0,2,98.648276
-10.0,1,98.651232
-10.0,1,98.654176
-10.0,2,98.659143
-10.0,1,98.662147
-10.0,2,98.666253
-10.0,1,98.669008
-10.0,1,98.672071
-10.0,1,98.675561
-10.0,1,98.678592
-10.0,1,98.681521
-10.0,1,98.68431
-10.0,1,98.687049
-10.0,1,98.690031
-10.0,1,98.694231
-10.0,1,98.697606
-10.0,1,98.701567
-10.0,1,98.705545
-10.0,1,98.710594
-10.0,1,98.715321
-10.0,1,98.719771
-10.0,1,98.724932
-10.0,3,98.734412
-10.0,2,98.742583
-10.0,2,98.749388
-10.0,1,98.754191
-10.0,1,98.760067
-10.0,1,98.764998
-10.0,1,98.769644
-10.0,1,98.775056
-10.0,1,98.779881
-10.0,1,98.784886
-10.0,2,98.791202
-10.0,1,98.795357
-10.0,1,98.798679
-10.0,1,98.802377
-10.0,3,98.808903
-10.0,1,98.812157
-10.0,3,98.817708
-10.0,1,98.820918
-10.0,2,98.826001
-10.0,1,98.829102
-10.0,2,98.833444
-10.0,1,98.837605
-10.0,1,98.86744
-10.0,1,98.872423
-10.0,2,98.880265
-10.0,1,98.885186
-10.0,1,98.890027
-10.0,1,98.89555
-10.0,1,98.900428
-10.0,2,98.909309
-10.0,1,98.915047
-10.0,3,98.9258
-10.0,1,98.931149
-10.0,2,98.938697
-10.0,1,98.945289
-10.0,1,98.95051
-10.0,1,98.95568
-10.0,1,98.961409
-10.0,1,98.966451
-10.0,1,98.971709
-32.1,1,98.977182
-10.0,1,98.982305
-10.0,1,98.987596
-10.0,1,98.994065
-10.0,3,99.00428
-10.0,2,99.011967
-10.0,1,99.01621
-10.0,1,99.020655
-10.0,1,99.024564
-10.0,1,99.027953
-10.0,1,99.031191
-10.0,2,99.035479
-10.0,1,99.038397
-10.0,1,99.041683
-10.0,4,99.048734
-10.0,1,99.051538
-10.0,1,99.054319
-10.0,1,99.056908
-10.0,1,99.060332
-10.0,2,99.064456
-10.0,1,99.067091
-10.0,2,99.070945
-10.0,2,99.075282
-10.0,1,99.078068
-10.0,2,99.081912
-10.0,4,99.088473
-10.0,1,99.091583
-10.0,1,99.094458
-10.0,1,99.097037
-10.0,1,99.099939
-10.0,1,99.102819
-10.0,1,99.105386
-10.0,1,99.108143
-10.0,1,99.11088
-10.0,1,99.113498
-10.0,2,99.117375
-10.0,1,99.120062
-10.0,1,99.122703
-10.0,1,99.125943
-10.0,2,99.129938
-10.0,1,99.132527
-10.0,1,99.13504
-10.0,1,99.138968
-10.0,1,99.142298
-10.0,1,99.145026
-10.0,1,99.147542
-10.0,1,99.150209
-10.0,1,99.152968
-10.0,1,99.15549
-10.0,1,99.158471
-10.0,2,99.162417
-10.0,1,99.164961
-10.0,1,99.167578
-10.0,1,99.170138
-10.0,2,99.174055
-10.0,2,99.178232
-10.0,1,99.180905
-10.0,1,99.183609
-10.0,3,99.188567
-10.0,2,99.192883
-10.0,3,99.198034
-10.0,1,99.200838
-10.0,1,99.20434
-10.0,1,99.207325
-10.0,1,99.21044
-10.0,1,99.213116
-10.0,1,99.21574
-10.0,1,99.218384
-10.0,1,99.220982
-10.0,1,99.22358
-10.0,1,99.226689
-10.0,1,99.229429
-10.0,1,99.232387
-10.0,1,99.235017
-10.0,1,99.237534
-10.0,1,99.240041
-10.0,2,99.244533
-10.0,1,99.247538
-10.0,2,99.251389
-10.0,2,99.255108
-10.0,1,99.257971
-10.0,1,99.260824
-10.0,2,99.264727
-10.0,1,99.267292
-10.0,1,99.26981
-41.1,1,99.272309
-10.0,1,99.276165
-10.0,1,99.27897
-87.0,1,99.281523
-10.0,1,99.284032
-10.0,1,99.286625
-10.0,1,99.28913
-10.0,2,99.293479
-10.0,2,99.297371
-10.0,1,99.299896
-10.0,2,99.303702
-10.0,1,99.306215
-10.0,1,99.310064
-10.0,3,99.316457
-10.0,2,99.321743
-10.0,1,99.325882
-10.0,2,99.332351
-10.0,1,99.336907
-10.0,1,99.341776
-10.0,1,99.346509
-10.0,2,99.353297
-10.0,1,99.357925
-10.0,1,99.362679
-10.0,2,99.369469
-10.0,1,99.374143
-10.0,2,99.381117
-10.0,1,99.386254
-10.0,1,99.391319
-10.0,1,99.39609
-10.0,1,99.400796
-10.0,1,99.405265
-10.0,1,99.409722
-10.0,1,99.413545
-10.0,1,99.41736
-10.0,1,99.420356
-10.0,1,99.423258
-10.0,1,99.426677
-10.0,1,99.429337
-10.0,2,99.433335
-10.0,3,99.43827
-10.0,1,99.441022
-10.0,2,99.445122
-10.0,1,99.448016
-10.0,3,99.45297
-10.0,1,99.455471
-10.0,1,99.4583
-10.0,2,99.462434
-10.0,1,99.465024
-10.0,1,99.467513
-10.0,1,99.470013
-10.0,1,99.472478
-10.0,1,99.475349
-10.0,1,99.478285
-10.0,2,99.482676
-10.0,1,99.485353
-10.0,1,99.487867
-10.0,2,99.491821
-10.0,1,99.494619
-10.0,1,99.497168
-10.0,3,99.502024
-10.0,1,99.504486
-10.0,1,99.507032
-10.0,2,99.511261
-10.0,1,99.513844
-10.0,1,99.51634
-10.0,1,99.518811
-10.0,1,99.521296
-10.0,1,99.523854
-10.0,1,99.527479
-10.0,1,99.530061
-10.0,2,99.533743
-10.0,1,99.536267
-10.0,1,99.538923
-10.0,1,99.542053
-10.0,1,99.54477
-10.0,1,99.547294
-10.0,1,99.54993
-10.0,1,99.552564
-10.0,1,99.555124
-10.0,3,99.561249
-10.0,1,99.563953
-10.0,3,99.568855
-10.0,1,99.571366
-10.0,1,99.574167
-10.0,1,99.577176
-10.0,1,99.579759
-10.0,1,99.582262
-10.0,1,99.584852
-10.0,1,99.587419
-10.0,1,99.590019
-10.0,3,99.595241
-10.0,1,99.597809
-10.0,1,99.600304
-10.0,1,99.602799
-10.0,2,99.606676
-10.0,1,99.609554
-10.0,1,99.612128
-10.0,2,99.615827
-10.0,2,99.619493
-10.0,1,99.622103
-10.0,1,99.624886
-10.0,3,99.629914
-10.0,6,99.638562
-10.0,1,99.641316
-10.0,1,99.643983
-10.0,1,99.646512
-10.0,2,99.650191
-10.0,1,99.65267
-10.0,1,99.655244
-10.0,1,99.657928
-10.0,2,99.661778
-10.0,3,99.666652
-10.0,1,99.669158
-10.0,3,99.674346
-10.0,1,99.677017
-10.0,1,99.679543
-10.0,4,99.685727
-10.0,1,99.688371
-10.0,1,99.69104
-10.0,2,99.694901
-10.0,1,99.697415
-10.0,4,99.704484
-10.0,1,99.708413
-10.0,2,99.712889
-10.0,1,99.716007
-10.0,1,99.71942
-10.0,1,99.722888
-10.0,1,99.726063
-10.0,1,99.729057
-10.0,1,99.731963
-10.0,1,99.735349
-10.0,1,99.738716
-10.0,1,99.742042
-10.0,1,99.745383
-10.0,1,99.74859
-10.0,1,99.752293
-10.0,2,99.757125
-10.0,1,99.760469
-10.0,1,99.763683
-10.0,1,99.767153
-10.0,1,99.770745
-10.0,1,99.77404
-10.0,1,99.777395
-10.0,1,99.780586
-10.0,1,99.784005
-10.0,1,99.787256
-10.0,2,99.792127
-10.0,1,99.79546
-10.0,2,99.80031
-10.0,1,99.803552
-10.0,1,99.806453
-10.0,1,99.809347
-10.0,1,99.812126
-10.0,2,99.816678
-10.0,1,99.819204
-10.0,2,99.822805
-10.0,2,99.826783
-10.0,1,99.829341
-10.0,1,99.831836
-10.0,1,99.834565
-10.0,1,99.837041
-10.0,1,99.839517
-10.0,1,99.842509
-10.0,1,99.845141
-10.0,1,99.847618
-10.0,3,99.852388
-10.0,1,99.85484
-10.0,3,99.85991
-10.0,4,99.865919
-10.0,2,99.869536
-10.0,1,99.87209
-10.0,1,99.874952
-10.0,1,99.877474
-10.0,2,99.881083
-10.0,1,99.883483
-10.0,1,99.885933
-10.0,1,99.889005
-10.0,1,99.892437
-10.0,1,99.895177
-10.0,1,99.897737
-10.0,4,99.903816
-10.0,2,99.907725
-10.0,1,99.910359
-10.0,1,99.91281
-10.0,4,99.918673
-10.0,2,99.922503
-10.0,1,99.925147
-10.0,1,99.927685
-10.0,1,99.930129
-10.0,1,99.93257
-10.0,1,99.935204
-10.0,1,99.937868
-10.0,1,99.94043
-10.0,1,99.943091
-10.0,1,99.945564
-10.0,1,99.947984
-10.0,1,99.9504
-10.0,2,99.954308
-10.0,1,99.956828
-10.0,2,99.960654
-10.0,1,99.963111
-10.0,2,99.966804
-10.0,1,99.969434
-10.0,1,99.971917
-10.0,1,99.974485
-10.0,3,99.97936
-10.0,1,99.981808
-10.0,1,99.98484
-10.0,2,99.988765
-10.0,1,99.991711
-10.0,1,99.994397
-10.0,2,99.998083
-10.0,1,100.00101
-10.0,1,100.003604
-10.0,1,100.00609
-10.0,2,100.009915
-10.0,1,100.012455
-10.0,1,100.015018
-10.0,1,100.01764
-10.0,1,100.020843
-10.0,1,100.023905
-10.0,1,100.026714
-10.0,1,100.029194
-10.0,1,100.031831
-10.0,3,100.036689
-10.0,1,100.039166
-10.0,1,100.041796
-10.0,1,100.044343
-10.0,1,100.04736
-10.0,1,100.050513
-10.0,5,100.057649
-10.0,1,100.060167
-10.0,2,100.064109
-10.0,1,100.066637
-10.0,1,100.069064
-10.0,1,100.071465
-10.0,2,100.075204
-10.0,1,100.07777
-10.0,1,100.0804
-10.0,1,100.08289
-10.0,1,100.085308
-10.0,1,100.087742
-10.0,1,100.090174
-10.0,1,100.092792
-10.0,2,100.096877
-10.0,2,100.10051
-10.0,1,100.102972
-10.0,2,100.106546
-10.0,1,100.109202
-10.0,1,100.112231
-10.0,2,100.115918
-10.0,1,100.118364
-10.0,1,100.120793
-10.0,1,100.123227
-10.0,1,100.126086
-10.0,2,100.130046
-10.0,1,100.132531
-10.0,1,100.134949
-10.0,1,100.137384
-10.0,1,100.13983
-10.0,1,100.143647
-10.0,1,100.146994
-10.0,2,100.153254
-10.0,1,100.15926
-10.0,1,100.163437
-10.0,4,100.172412
-10.0,1,100.176938
-10.0,1,100.18046
-10.0,2,100.186232
-10.0,3,100.194581
-10.0,1,100.198851
-10.0,2,100.20573
-10.0,3,100.211917
-10.0,1,100.214742
-10.0,3,100.221206
-10.0,1,100.224652
-10.0,1,100.228226
-10.0,3,100.234605
-10.0,2,100.240113
-10.0,1,100.244155
-10.0,1,100.247891
-10.0,3,100.256814
-10.0,1,100.260638
-10.0,1,100.264385
-10.0,2,100.271493
-10.0,1,100.275618
-10.0,1,100.28089
-10.0,1,100.285923
-10.0,2,100.293113
-10.0,1,100.297384
-10.0,1,100.301262
-10.0,1,100.304588
-10.0,3,100.310557
-10.0,2,100.315371
-10.0,1,100.318504
-10.0,1,100.321826
-10.0,1,100.325257
-10.0,1,100.330188
-10.0,1,100.335336
-10.0,1,100.339554
-10.0,1,100.343597
-10.0,1,100.346651
-10.0,1,100.349459
-10.0,2,100.353605
-10.0,6,100.364627
-10.0,1,100.367644
-10.0,1,100.370455
-10.0,1,100.373277
-10.0,1,100.376532
-10.0,1,100.379396
-10.0,1,100.382179
-10.0,1,100.384966
-10.0,3,100.39107
-10.0,2,100.395713
-10.0,2,100.399956
-10.0,2,100.404222
-10.0,1,100.407755
-10.0,1,100.410744
-10.0,2,100.414977
-10.0,2,100.419113
-10.0,2,100.423486
-10.0,1,100.426589
-10.0,1,100.429446
-10.0,1,100.432212
-10.0,3,100.438053
-10.0,1,100.443063
-10.0,1,100.446748
-10.0,1,100.449789
-10.0,3,100.455218
-10.0,1,100.458724
-10.0,1,100.462079
-10.0,1,100.466017
-10.0,1,100.468889
-10.0,2,100.472673
-10.0,3,100.479656
-10.0,4,100.487949
-10.0,2,100.494315
-10.0,2,100.500995
-10.0,2,100.508979
-10.0,2,100.516628
-10.0,2,100.524995
-10.0,2,100.534053
-10.0,1,100.540346
-10.0,1,100.546671
-10.0,1,100.552835
-10.0,4,100.567961
-10.0,1,100.573642
-10.0,1,100.579593
-10.0,1,100.585299
-10.0,2,100.593616
-10.0,1,100.598847
-10.0,1,100.603044
-10.0,2,100.608661
-10.0,2,100.613934
-10.0,2,100.618304
-10.0,1,100.62114
-10.0,1,100.624004
-10.0,1,100.626964
-10.0,1,100.629582
-10.0,1,100.632025
-10.0,1,100.634433
-10.0,1,100.636843
-10.0,2,100.640553
-10.0,1,100.64356
-10.0,1,100.646094
-10.0,1,100.648551
-10.0,3,100.65329
-10.0,1,100.655697
-10.0,1,100.659662
-10.0,1,100.66424
-10.0,1,100.667619
-10.0,1,100.670554
-10.0,1,100.673978
-10.0,1,100.678525
-10.0,2,100.684591
-10.0,1,100.687635
-10.0,2,100.69292
-10.0,1,100.696017
-10.0,1,100.699064
-10.0,3,100.705755
-10.0,1,100.709913
-10.0,1,100.713449
-10.0,1,100.716741
-10.0,1,100.719788
-10.0,2,100.72498
-10.0,1,100.727959
-10.0,1,100.731054
-10.0,1,100.734173
-10.0,1,100.738127
-10.0,2,100.744125
-10.0,1,100.747276
-10.0,1,100.75002
-10.0,2,100.755141
-10.0,3,100.764316
-10.0,1,100.767309
-10.0,1,100.770079
-10.0,2,100.774336
-10.0,1,100.777338
-10.0,1,100.779986
-10.0,1,100.782656
-10.0,1,100.785308
-10.0,1,100.788007
-10.0,1,100.791314
-10.0,3,100.796828
-10.0,2,100.800796
-10.0,2,100.804745
-10.0,1,100.807699
-10.0,1,100.810475
-10.0,1,100.813108
-10.0,2,100.817041
-10.0,1,100.81967
-10.0,1,100.822275
-10.0,1,100.825037
-10.0,1,100.827723
-10.0,1,100.831043
-10.0,1,100.834486
-10.0,1,100.837904
-10.0,2,100.843772
-10.0,1,100.84784
-10.0,1,100.852605
-10.0,1,100.857473
-10.0,1,100.86245
-10.0,4,100.874317
-10.0,1,100.879447
-10.0,2,100.886846
-10.0,1,100.892989
-10.0,1,100.898911
-10.0,1,100.903773
-10.0,1,100.909199
-10.0,2,100.916487
-10.0,1,100.92122
-10.0,3,100.931043
-10.0,1,100.935887
-10.0,2,100.944218
-10.0,1,100.949104
-10.0,1,100.953843
-10.0,2,100.961998
-10.0,1,100.966875
-10.0,2,100.974158
-10.0,3,100.981758
-10.0,3,100.988624
-10.0,1,100.991947
-10.0,1,100.994697
-10.0,1,100.997311
-10.0,1,100.999905
-10.0,1,101.002904
-10.0,3,101.008224
-10.0,1,101.010885
-10.0,1,101.013433
-10.0,2,101.017127
-10.0,1,101.020997
-10.0,1,101.024726
-10.0,1,101.028129
-10.0,1,101.0314
-10.0,1,101.034681
-10.0,2,101.041161
-10.0,2,101.047992
-10.0,1,101.053276
-10.0,1,101.058374
-10.0,2,101.06551
-10.0,4,101.078048
-10.0,1,101.083042
-10.0,1,101.0879
-10.0,1,101.09286
-10.0,3,101.10237
-10.0,1,101.107342
-10.0,1,101.112193
-10.0,1,101.117368
-10.0,2,101.123506
-10.0,1,101.127489
-10.0,1,101.131433
-10.0,1,101.136194
-10.0,1,101.141125
-10.0,2,101.148168
-10.0,1,101.153452
-10.0,2,101.161264
-10.0,1,101.166793
-10.0,1,101.172019
-10.0,2,101.180009
-10.0,2,101.187226
-10.0,1,101.192112
-10.0,1,101.197131
-10.0,2,101.204137
-10.0,4,101.21587
-10.0,1,101.220684
-10.0,1,101.225507
-10.0,1,101.229705
-10.0,1,101.233409
-10.0,1,101.236857
-10.0,1,101.239909
-10.0,1,101.243216
-10.0,1,101.246127
-10.0,2,101.249975
-10.0,3,101.254926
-10.0,1,101.257555
-10.0,2,101.261631
-10.0,1,101.264126
-10.0,1,101.266555
-10.0,4,101.272354
-10.0,1,101.275116
-10.0,1,101.277672
-10.0,1,101.280091
-10.0,2,101.283642
-10.0,1,101.286038
-10.0,1,101.288456
-10.0,3,101.293685
-10.0,1,101.296191
-10.0,1,101.298599
-10.0,2,101.302121
-10.0,1,101.30456
-10.0,1,101.307273
-10.0,1,101.309879
-10.0,2,101.313479
-10.0,1,101.315894
-10.0,1,101.318289
-10.0,1,101.320684
-10.0,2,101.32455
-10.0,1,101.327085
-10.0,2,101.330675
-10.0,2,101.334229
-10.0,1,101.336629
-10.0,5,101.343966
-10.0,2,101.347652
-10.0,1,101.350073
-10.0,1,101.352438
-10.0,3,101.357368
-10.0,3,101.36224
-10.0,1,101.364671
-10.0,2,101.368189
-10.0,1,101.370712
-10.0,1,101.373234
-10.0,1,101.375862
-10.0,1,101.3783
-10.0,1,101.380717
-10.0,1,101.383125
-10.0,1,101.38551
-10.0,1,101.388109
-10.0,1,101.390698
-10.0,2,101.394374
-10.0,1,101.396794
-10.0,2,101.400312
-10.0,1,101.40355
-10.0,1,101.406597
-10.0,1,101.409319
-10.0,1,101.411795
-10.0,1,101.414183
-10.0,3,101.41891
-10.0,1,101.421379
-10.0,1,101.424055
-10.0,1,101.426674
-10.0,1,101.429116
-10.0,1,101.431517
-10.0,1,101.433966
-10.0,1,101.436634
-10.0,1,101.439108
-10.0,1,101.441704
-10.0,1,101.444192
-10.0,1,101.446604
-10.0,1,101.449028
-10.0,1,101.451827
-10.0,1,101.454301
-10.0,2,101.457955
-10.0,1,101.460423
-10.0,2,101.464012
-10.0,1,101.466613
-10.0,1,101.469117
-10.0,2,101.472677
-10.0,1,101.475307
-10.0,1,101.477818
-10.0,1,101.480251
-10.0,1,101.482916
-10.0,1,101.485496
-10.0,3,101.490258
-10.0,3,101.495052
-10.0,1,101.497611
-10.0,1,101.500242
-10.0,1,101.502724
-10.0,1,101.505119
-10.0,1,101.507677
-10.0,1,101.510206
-10.0,2,101.513827
-10.0,1,101.516314
-10.0,1,101.518729
-10.0,1,101.521118
-10.0,1,101.523648
-10.0,2,101.527385
-10.0,1,101.5301
-10.0,1,101.586188
-10.0,1,101.591584
-10.0,1,101.594728
-10.0,1,101.598794
-10.0,1,101.602115
-10.0,1,101.605223
-10.0,1,101.609719
-10.0,1,101.613099
-10.0,1,101.616601
-10.0,1,101.620467
-10.0,1,101.624706
-10.0,2,101.630713
-10.0,1,101.634297
-10.0,1,101.638024
-10.0,1,101.64279
-10.0,1,101.647027
-10.0,3,101.656796
-10.0,1,101.663444
-10.0,1,101.668409
-10.0,1,101.673174
-10.0,1,101.678622
-10.0,1,101.683455
-10.0,3,101.693184
-10.0,1,101.698174
-10.0,3,101.708401
-10.0,3,101.717967
-10.0,2,101.725392
-10.0,1,101.730319
-10.0,1,101.735096
-10.0,1,101.740277
-10.0,1,101.744262
-10.0,2,101.749581
-10.0,1,101.752655
-10.0,2,101.757888
-10.0,1,101.760754
-10.0,2,101.764663
-10.0,3,101.769645
-10.0,1,101.772384
-10.0,1,101.775089
-10.0,1,101.777627
-10.0,1,101.780046
-10.0,1,101.782464
-10.0,2,101.786252
-10.0,1,101.788791
-10.0,1,101.791401
-10.0,1,101.793931
-10.0,1,101.796372
-10.0,2,101.799934
-10.0,1,101.802536
-10.0,1,101.805024
-10.0,1,101.807666
-10.0,3,101.812545
-10.0,1,101.815029
-10.0,1,101.817494
-10.0,1,101.81998
-10.0,2,101.823672
-10.0,1,101.82625
-10.0,1,101.828696
-10.0,2,101.83226
-10.0,1,101.835028
-10.0,1,101.837527
-10.0,1,101.840039
-10.0,1,101.842658
-10.0,1,101.845115
-10.0,1,101.847532
-10.0,1,101.850175
-10.0,1,101.852717
-10.0,1,101.855141
-10.0,1,101.857697
-10.0,1,101.860224
-10.0,1,101.862686
-10.0,4,101.868757
-10.0,1,101.871244
-10.0,1,101.873781
-10.0,1,101.876348
-10.0,1,101.878791
-10.0,1,101.881361
-10.0,1,101.883883
-10.0,1,101.886331
-10.0,1,101.88878
-10.0,1,101.891353
-10.0,1,101.893855
-10.0,1,101.896326
-10.0,1,101.898905
-10.0,1,101.901367
-10.0,1,101.903801
-10.0,1,101.906283
-10.0,1,101.908925
-10.0,1,101.911393
-10.0,1,101.915066
-10.0,1,101.917955
-10.0,1,101.920548
-10.0,1,101.923116
-10.0,1,101.925756
-10.0,2,101.92955
-10.0,1,101.932069
-10.0,1,101.934478
-10.0,2,101.938023
-10.0,1,101.940689
-10.0,1,101.943289
-10.0,1,101.946352
-10.0,1,101.948972
-10.0,1,101.951431
-10.0,2,101.955025
-10.0,1,101.957945
-10.0,2,101.961699
-10.0,2,101.965317
-10.0,3,101.970073
-10.0,1,101.972498
-10.0,1,101.975696
-10.0,1,101.978246
-10.0,1,101.980699
-10.0,1,101.983141
-10.0,1,101.98556
-10.0,1,101.987957
-10.0,2,101.99182
-10.0,1,101.99438
-10.0,1,101.996821
-10.0,2,102.000414
-10.0,1,102.002838
-10.0,1,102.00549
-10.0,1,102.008272
-10.0,1,102.010808
-10.0,1,102.013239
-10.0,1,102.015654
-10.0,1,102.018077
-10.0,1,102.020546
-10.0,1,102.023381
-10.0,2,102.027225
-10.0,1,102.029696
-10.0,2,102.033283
-10.0,4,102.039536
-10.0,1,102.042292
-10.0,2,102.045954
-10.0,1,102.048373
-10.0,1,102.050779
-10.0,2,102.054557
-10.0,3,102.059573
-10.0,1,102.062094
-10.0,1,102.064524
-10.0,1,102.066936
-10.0,1,102.069502
-10.0,1,102.071955
-10.0,1,102.074531
-10.0,2,102.078212
-10.0,1,102.080654
-10.0,1,102.083062
-10.0,1,102.085798
-10.0,1,102.08832
-10.0,1,102.090937
-10.0,1,102.093498
-10.0,1,102.095952
-10.0,1,102.098358
-10.0,2,102.102166
-10.0,2,102.105835
-10.0,1,102.108521
-10.0,1,102.111022
-10.0,1,102.113446
-10.0,1,102.11618
-10.0,1,102.11896
-10.0,2,102.122586
-10.0,3,102.127481
-10.0,3,102.13249
-10.0,1,102.13507
-10.0,1,102.137518
-10.0,1,102.140041
-10.0,1,102.142657
-10.0,1,102.145118
-10.0,2,102.149242
-10.0,2,102.153018
-10.0,1,102.155484
-10.0,1,102.158047
-10.0,1,102.16054
-10.0,1,102.16307
-10.0,1,102.165653
-10.0,1,102.16811
-10.0,3,102.172838
-10.0,3,102.177732
-10.0,1,102.180342
-10.0,1,102.182823
-10.0,3,102.187575
-10.0,1,102.190129
-10.0,1,102.192709
-10.0,1,102.195328
-10.0,1,102.197893
-10.0,1,102.200347
-10.0,2,102.203951
-10.0,1,102.20643
-10.0,1,102.209045
-10.0,1,102.211648
-10.0,2,102.215324
-10.0,1,102.21775
-10.0,2,102.22133
-10.0,1,102.223869
-10.0,3,102.22883
-10.0,2,102.232502
-10.0,1,102.234913
-10.0,5,102.242218
-10.0,1,102.244832
-10.0,1,102.247275
-10.0,1,102.24969
-10.0,1,102.252085
-10.0,1,102.254527
-10.0,1,102.257065
-10.0,3,102.262135
-10.0,1,102.26464
-10.0,1,102.267054
-10.0,1,102.269468
-10.0,1,102.271881
-10.0,1,102.27464
-10.0,1,102.277205
-10.0,2,102.280802
-10.0,1,102.283216
-10.0,2,102.286809
-10.0,1,102.28926
-10.0,1,102.291998
-10.0,3,104.738633
-10.0,1,104.746244
-10.0,1,104.753338
-10.0,1,104.76136
-10.0,2,104.769293
-10.0,4,104.78256
-10.0,1,104.787726
-10.0,1,104.793549
-10.0,2,104.801021
-10.0,1,104.807143
-10.0,1,104.814387
-10.0,1,104.821825
-10.0,1,104.829204
-10.0,1,104.836392
-10.0,2,104.847282
-10.0,1,104.854803
-10.0,1,104.862094
-10.0,2,104.872512
-10.0,2,104.883015
-10.0,1,104.889205
-10.0,1,104.894338
-10.0,1,104.899284
-10.0,1,104.904704
-10.0,2,104.912276
-10.0,2,104.919877
-10.0,2,104.92744
-10.0,2,104.935059
-10.0,1,104.940344
-10.0,1,104.945139
-10.0,2,104.953793
-10.0,3,104.963951
-10.0,6,104.981328
-10.0,1,104.98638
-10.0,2,104.993771
-10.0,1,104.999674
-10.0,1,105.005107
-10.0,2,105.013546
-10.0,1,105.019201
-10.0,1,105.034497
-10.0,1,105.04338
-10.0,2,105.056753
-10.0,2,105.06719
-10.0,1,105.073678
-10.0,1,105.079771
-10.0,1,105.085459
-10.0,1,105.09165
-10.0,2,105.099491
-10.0,1,105.104305
-10.0,2,105.113963
-10.0,2,105.121966
-10.0,1,105.128103
-10.0,1,105.133072
-10.0,2,105.141549
-10.0,3,105.151675
-10.0,1,105.157317
-10.0,1,105.162403
-10.0,2,105.170123
-10.0,1,105.177334
-10.0,1,105.182753
-10.0,4,105.202023
-10.0,2,105.214423
-10.0,1,105.219938
-10.0,1,105.22609
-10.0,2,105.23439
-10.0,2,105.242159
-10.0,1,105.246584
-10.0,1,105.251488
-10.0,1,105.256724
-10.0,1,105.261578
-10.0,1,105.265975
-10.0,3,105.274632
-10.0,2,105.280697
-10.0,1,105.2851
-10.0,1,105.28935
-10.0,3,105.2974
-10.0,3,105.306573
-10.0,1,105.310743
-10.0,2,105.316793
-10.0,1,105.320895
-10.0,1,105.325223
-10.0,1,105.32937
-10.0,1,105.333621
-10.0,1,105.337708
-10.0,1,105.342017
-10.0,1,105.346882
-10.0,1,105.353703
-10.0,1,105.360998
-10.0,1,105.370593
-10.0,1,105.378089
-10.0,1,105.386972
-10.0,1,105.394791
-10.0,1,105.402229
-10.0,1,105.409327
-10.0,2,105.420697
-10.0,1,105.428329
-10.0,1,105.435891
-10.0,2,105.44877
-10.0,1,105.459115
-10.0,1,105.467732
-10.0,1,105.47813
-10.0,1,105.488878
-10.0,2,105.502244
-10.0,2,105.518938
-10.0,2,105.53171
-10.0,1,105.544117
-10.0,1,105.555538
-10.0,1,105.567477
-10.0,2,105.58132
-10.0,1,105.587738
-10.0,1,105.59551
-10.0,1,105.604049
-10.0,2,105.613982
-10.0,1,105.620897
-10.0,1,105.630583
-10.0,1,105.638742
-10.0,2,105.651361
-10.0,2,105.659524
-10.0,2,105.669527
-10.0,3,105.683915
-10.0,1,105.691321
-10.0,1,105.698768
-10.0,1,105.706114
-10.0,1,105.713216
-10.0,2,105.723745
-10.0,1,105.728756
-10.0,1,105.733531
-10.0,2,105.742159
-10.0,1,105.747118
-10.0,1,105.751888
-10.0,1,105.7574
-10.0,2,105.764653
-10.0,1,105.770377
-10.0,2,105.78015
-10.0,1,105.785247
-10.0,1,105.790277
-10.0,2,105.79744
-10.0,2,105.80476
-10.0,1,105.80965
-10.0,1,105.814187
-10.0,1,105.821614
-10.0,1,105.827759
-10.0,2,105.834774
-10.0,1,105.839549
-10.0,2,105.846629
-10.0,3,105.856046
-10.0,1,105.861374
-10.0,2,105.868525
-10.0,1,105.873518
-10.0,2,105.880703
-10.0,1,105.885669
-10.0,1,105.890665
-10.0,3,105.900335
-10.0,2,105.907722
-10.0,3,105.918137
-10.0,1,105.923193
-10.0,1,105.928067
-10.0,3,105.937597
-10.0,1,105.942601
-10.0,1,105.948739
-10.0,1,105.953894
-10.0,4,105.966926
-10.0,2,105.974336
-10.0,1,105.979397
-10.0,1,105.984267
-10.0,3,105.994027
-10.0,1,105.998914
-10.0,4,106.010845
-10.0,2,106.018068
-10.0,1,106.023002
-10.0,2,106.031628
-10.0,1,106.038012
-10.0,1,106.043936
-10.0,2,106.052272
-10.0,1,106.059814
-10.0,1,106.065312
-10.0,1,106.070992
-10.0,3,106.084489
-10.0,1,106.091157
-10.0,1,106.096617
-10.0,1,106.102062
-10.0,1,106.107646
-10.0,6,106.127788
-10.0,1,106.133008
-10.0,2,106.141262
-10.0,3,106.150925
-10.0,1,106.156725
-10.0,1,106.162212
-10.0,1,106.168802
-10.0,3,106.180744
-10.0,2,106.188629
-10.0,1,106.193818
-10.0,1,106.199179
-10.0,2,106.20718
-10.0,1,106.212364
-10.0,3,106.223201
-10.0,1,106.228745
-10.0,2,106.236759
-10.0,3,106.246661
-10.0,1,106.251592
-10.0,3,106.260569
-10.0,1,106.264781
-10.0,1,106.268741
-10.0,3,106.27652
-10.0,1,106.280879
-10.0,2,106.286796
-10.0,1,106.290855
-10.0,1,106.294967
-10.0,1,106.298999
-10.0,1,106.302884
-10.0,2,106.30879
-10.0,2,106.314684
-10.0,1,106.318624
-10.0,2,106.324513
-10.0,1,106.328874
-10.0,1,106.332811
-10.0,1,106.336701
-10.0,1,106.34072
-10.0,1,106.345041
-10.0,1,106.348835
-10.0,1,106.352503
-10.0,1,106.356289
-10.0,2,106.362804
-10.0,2,106.368418
-10.0,2,106.374061
-10.0,2,106.379744
-10.0,2,106.3852
-10.0,4,106.39494
-10.0,1,106.398808
-10.0,2,106.404255
-10.0,2,106.40999
-10.0,3,106.417298
-10.0,1,106.420973
-10.0,1,106.425102
-10.0,1,106.428856
-10.0,1,106.43254
-10.0,1,106.4362
-10.0,1,106.44011
-10.0,1,106.443918
-10.0,1,106.447683
-10.0,2,106.453188
-10.0,1,106.458293
-10.0,2,106.465448
-10.0,3,106.475605
-10.0,3,106.484964
-10.0,3,106.494613
-10.0,1,106.4994
-10.0,1,106.504224
-10.0,1,106.509261
-10.0,1,106.514007
-10.0,1,106.518702
-10.0,2,106.526254
-10.0,2,106.533309
-10.0,1,106.538593
-10.0,1,106.543585
-10.0,2,106.550591
-10.0,3,106.560251
-10.0,2,106.567421
-10.0,1,106.572323
-10.0,4,106.581535
-10.0,1,106.585335
-10.0,2,106.590558
-10.0,3,106.597196
-10.0,1,106.601073
-10.0,1,106.604837
-10.0,1,106.608413
-10.0,1,106.611809
-10.0,2,106.618585
-10.0,1,106.623712
-10.0,1,106.628599
-10.0,1,106.633585
-10.0,1,106.638609
-10.0,3,106.64853
-51.3,1,106.653419
-10.0,1,106.658467
-10.0,1,106.663393
-10.0,1,106.668289
-10.0,1,106.673242
-10.0,3,106.683063
-10.0,1,106.688053
-10.0,1,106.692989
-10.0,1,106.698185
-10.0,3,106.707834
-10.0,1,106.713324
-10.0,3,106.721754
-10.0,1,106.725758
-10.0,3,106.732166
-10.0,1,106.735436
-10.0,6,106.746835
-10.0,2,106.751718
-10.0,1,106.755622
-10.0,1,106.759251
-10.0,2,106.764022
-10.0,1,106.767145
-10.0,1,106.770301
-10.0,3,106.776649
-10.0,1,106.779747
-10.0,4,106.787313
-10.0,1,106.790754
-10.0,1,106.793869
-10.0,1,106.796917
-10.0,1,106.799941
-10.0,1,106.803409
-10.0,1,106.807329
-10.0,1,106.811523
-10.0,2,106.817938
-10.0,1,106.822845
-10.0,1,106.827693
-10.0,2,106.834807
-10.0,3,106.844453
-10.0,1,106.849231
-10.0,2,106.856512
-10.0,1,106.86133
-10.0,3,106.87076
-10.0,1,106.875706
-10.0,2,106.882748
-10.0,2,106.890017
-10.0,1,106.894852
-10.0,2,106.90208
-10.0,1,106.906737
-10.0,1,106.910511
-10.0,1,106.914185
-10.0,2,106.918876
-10.0,1,106.922049
-10.0,1,106.925199
-10.0,2,106.929494
-10.0,1,106.933249
-10.0,2,106.939492
-10.0,1,106.944095
-10.0,1,106.949044
-10.0,1,106.953947
-10.0,1,106.958965
-10.0,2,106.966192
-10.0,1,106.970989
-10.0,1,106.975921
-10.0,1,106.981087
-10.0,1,106.986089
-10.0,1,106.990953
-10.0,2,106.998458
-10.0,1,107.003311
-10.0,3,107.013576
-10.0,1,107.043615
-10.0,1,107.048529
-10.0,1,107.05399
-10.0,2,107.063273
-10.0,3,107.075477
-10.0,1,107.081993
-10.0,1,107.087748
-10.0,1,107.093694
-10.0,1,107.099314
-10.0,1,107.104856
-10.0,4,107.12
-10.0,2,107.128782
-10.0,1,107.134413
-10.0,2,107.143209
-10.0,1,107.148929
-10.0,3,107.160556
-10.0,1,107.166151
-10.0,1,107.170888
-10.0,7,107.185467
-10.0,2,107.190125
-10.0,2,107.1944
-10.0,1,107.197082
-10.0,1,107.199669
-10.0,3,107.20552
-10.0,2,107.209559
-10.0,1,107.212199
-10.0,1,107.214804
-10.0,2,107.218744
-10.0,1,107.221476
-10.0,1,107.224269
-10.0,3,107.229392
-10.0,1,107.232013
-10.0,1,107.235364
-10.0,1,107.238322
-10.0,3,107.243724
-10.0,3,107.248986
-10.0,1,107.251678
-10.0,2,107.255978
-10.0,1,107.258783
-10.0,1,107.26142
-10.0,1,107.264016
-10.0,1,107.266734
-10.0,1,107.269384
-10.0,1,107.272107
-10.0,5,107.279849
-10.0,2,107.284262
-10.0,1,107.286908
-10.0,1,107.289627
-10.0,2,107.293534
-10.0,1,107.296149
-10.0,1,107.298901
-10.0,1,107.301559
-10.0,1,107.304144
-10.0,1,107.306938
-10.0,1,107.309619
-10.0,1,107.312375
-10.0,1,107.315095
-10.0,1,107.317688
-10.0,1,107.320263
-10.0,1,107.323053
-10.0,2,107.326981
-10.0,2,107.33108
-10.0,2,107.335006
-10.0,1,107.337631
-10.0,1,107.340426
-10.0,1,107.343098
-10.0,3,107.348594
-10.0,1,107.351315
-10.0,1,107.353931
-10.0,1,107.356713
-10.0,2,107.360746
-10.0,1,107.363433
-10.0,3,107.368352
-10.0,1,107.370872
-10.0,2,107.375014
-10.0,3,107.380161
-10.0,2,107.383871
-10.0,1,107.386408
-10.0,2,107.390266
-10.0,1,107.392997
-10.0,1,107.395578
-10.0,1,107.39809
-10.0,1,107.400571
-10.0,1,107.403075
-10.0,1,107.405727
-10.0,1,107.408575
-10.0,1,107.411171
-10.0,1,107.413689
-10.0,1,107.416194
-10.0,1,107.418703
-10.0,2,107.422614
-10.0,2,107.426533
-10.0,1,107.42909
-10.0,2,107.432833
-10.0,2,107.436541
-10.0,4,107.443049
-10.0,3,107.448118
-10.0,1,107.450675
-10.0,1,107.453171
-10.0,1,107.456019
-10.0,1,107.458649
-10.0,1,107.461163
-10.0,1,107.463661
-10.0,1,107.466175
-10.0,2,107.470148
-10.0,3,107.475389
-10.0,2,107.479196
-10.0,3,107.484112
-10.0,1,107.486776
-10.0,3,107.491961
-10.0,1,107.49453
-10.0,3,107.499413
-10.0,2,107.503351
-10.0,1,107.506118
-10.0,2,107.509924
-10.0,1,107.51245
-10.0,1,107.514931
-10.0,1,107.517487
-10.0,2,107.521314
-10.0,1,107.524044
-10.0,2,107.52777
-10.0,1,107.530304
-10.0,1,107.533056
-10.0,1,107.536223
-10.0,2,107.540739
-10.0,2,107.545054
-10.0,1,107.547777
-10.0,1,107.550456
-10.0,1,107.553012
-10.0,1,107.555709
-10.0,3,107.56075
-10.0,3,107.56579
-10.0,1,107.568373
-10.0,3,107.573458
-10.0,2,107.577271
-10.0,2,107.581182
-10.0,2,107.584984
-10.0,3,107.59008
-10.0,1,107.592725
-10.0,1,107.595246
-10.0,5,107.603804
-10.0,1,107.60666
-10.0,1,107.609331
-10.0,1,107.612316
-10.0,1,107.615454
-10.0,2,107.619318
-10.0,1,107.621939
-10.0,1,107.624554
-10.0,1,107.627076
-10.0,1,107.630358
-10.0,1,107.632921
-10.0,1,107.635419
-10.0,1,107.637985
-10.0,1,107.640703
-10.0,1,107.643338
-10.0,1,107.646007
-10.0,2,107.64981
-10.0,2,107.653537
-10.0,1,107.656214
-10.0,1,107.658847
-10.0,1,107.661559
-10.0,1,107.664142
-10.0,1,107.666656
-10.0,2,107.670343
-10.0,1,107.673034
-10.0,2,107.677019
-10.0,1,107.67961
-10.0,1,107.682127
-10.0,1,107.684612
-10.0,1,107.687122
-10.0,1,107.689792
-10.0,1,107.692637
-10.0,1,107.695316
-10.0,1,107.697843
-10.0,1,107.700333
-10.0,4,107.70658
-10.0,1,107.709751
-10.0,2,107.71358
-10.0,1,107.716106
-10.0,1,107.718622
-10.0,1,107.721197
-10.0,1,107.724074
-10.0,5,107.731556
-10.0,2,107.735297
-10.0,1,107.737887
-10.0,1,107.740823
-10.0,2,107.744661
-10.0,1,107.747204
-10.0,2,107.750933
-10.0,1,107.753474
-10.0,3,107.758797
-10.0,1,107.761427
-10.0,1,107.763952
-10.0,1,107.76646
-10.0,1,107.768961
-10.0,1,107.772639
-10.0,2,107.776893
-10.0,1,107.779463
-10.0,1,107.78197
-10.0,2,107.7857
-10.0,1,107.788684
-10.0,1,107.791448
-10.0,1,107.793955
-10.0,1,107.796509
-10.0,1,107.799042
-10.0,2,107.802771
-10.0,1,107.805987
-10.0,2,107.809886
-10.0,1,107.812443
-10.0,1,107.814928
-10.0,1,107.817434
-10.0,1,107.820078
-10.0,1,107.822923
-10.0,1,107.82555
-10.0,3,107.830452
-10.0,2,107.834158
-10.0,1,107.837085
-10.0,1,107.83983
-10.0,2,107.843582
-10.0,3,107.848517
-10.0,2,107.852359
-10.0,2,107.856313
-10.0,1,107.858975
-10.0,1,107.86149
-10.0,2,107.865188
-10.0,2,107.86903
-10.0,1,107.871711
-10.0,2,107.875592
-10.0,2,107.879315
-10.0,3,107.884356
-10.0,2,107.888236
-10.0,1,107.89089
-10.0,1,107.893422
-10.0,1,107.895945
-10.0,3,107.901031
-10.0,1,107.903609
-10.0,5,107.9111
-10.0,1,107.913699
-10.0,1,107.916419
-10.0,2,107.920165
-10.0,2,107.924077
-10.0,1,107.926659
-10.0,1,107.929158
-10.0,1,107.931909
-10.0,1,107.934474
-10.0,1,107.936985
-10.0,1,107.939679
-10.0,1,107.942259
-10.0,1,107.944759
-10.0,1,107.947665
-10.0,1,107.950321
-10.0,1,107.952879
-10.0,1,107.955523
-10.0,3,107.960556
-10.0,1,107.963242
-10.0,1,107.965845
-10.0,3,107.970773
-10.0,2,107.97473
-10.0,2,107.978605
-10.0,2,107.98241
-10.0,3,107.987311
-10.0,1,107.990034
-10.0,3,107.99534
-10.0,1,107.997951
-10.0,1,108.000475
-10.0,2,108.004183
-10.0,1,108.006896
-10.0,1,108.009578
-10.0,1,108.01221
-10.0,3,108.017102
-10.0,2,108.020796
-10.0,1,108.02353
-10.0,2,108.027522
-10.0,1,108.030095
-10.0,1,108.032609
-10.0,1,108.035109
-10.0,2,108.038979
-10.0,3,108.044278
-10.0,1,108.046862
-10.0,1,108.049454
-10.0,1,108.051973
-10.0,2,108.055906
-10.0,1,108.058618
-10.0,1,108.061148
-10.0,1,108.063659
-10.0,2,108.067388
-10.0,1,108.0699
-10.0,2,108.073879
-10.0,1,108.076488
-10.0,1,108.079021
-10.0,1,108.081512
-10.0,1,108.084004
-10.0,2,108.088055
-10.0,2,108.092037
-10.0,3,108.096972
-10.0,1,108.099482
-10.0,1,108.101967
-10.0,3,108.107411
-10.0,1,108.11008
-10.0,1,108.112618
-10.0,1,108.115141
-10.0,2,108.119146
-10.0,1,108.122391
-10.0,2,108.126343
-10.0,2,108.130084
-10.0,1,108.132619
-10.0,1,108.135396
-10.0,2,108.139451
-10.0,1,108.142065
-10.0,1,108.14462
-10.0,1,108.147131
-10.0,1,108.14975
-10.0,1,108.152462
-10.0,2,108.156404
-10.0,1,108.159043
-10.0,1,108.161564
-10.0,1,108.164065
-10.0,1,108.167041
-10.0,2,108.171134
-10.0,1,108.173874
-10.0,1,108.176382
-10.0,2,108.180076
-10.0,1,108.182711
-10.0,1,108.185366
-10.0,1,108.187985
-10.0,1,108.190666
-10.0,4,108.1968
-10.0,2,108.200823
-10.0,1,108.203398
-10.0,1,108.206068
-10.0,1,108.208659
-10.0,1,108.21118
-10.0,1,108.213743
-10.0,3,108.218721
-10.0,2,108.222615
-10.0,1,108.225227
-10.0,3,108.230287
-10.0,5,108.237709
-10.0,1,108.24046
-10.0,3,108.245508
-10.0,1,108.248147
-10.0,2,108.251893
-10.0,1,108.254449
-10.0,2,108.258384
-10.0,1,108.261047
-10.0,1,108.263667
-10.0,2,108.267386
-10.0,1,108.269894
-10.0,1,108.272538
-10.0,1,108.27516
-10.0,2,108.279121
-10.0,1,108.281751
-10.0,3,108.286659
-10.0,3,108.291762
-10.0,2,108.29628
-10.0,2,108.300132
-10.0,1,108.302667
-10.0,3,108.308905
-10.0,1,108.312505
-10.0,1,108.318075
-10.0,1,108.323656
-10.0,2,108.331552
-10.0,2,108.338641
-10.0,1,108.343008
-10.0,2,108.35057
-10.0,1,108.355757
-10.0,1,108.361819
-10.0,1,108.367108
-10.0,2,108.375756
-10.0,2,108.383742
-10.0,4,108.394263
-10.0,1,108.398229
-10.0,2,108.40663
-10.0,1,108.411445
-10.0,3,108.418511
-10.0,1,108.421876
-10.0,1,108.425459
-10.0,2,108.430288
-10.0,1,108.434258
-10.0,1,108.43933
-10.0,2,108.44514
-10.0,1,108.44903
-10.0,2,108.455226
-10.0,2,108.460457
-10.0,2,108.46551
-10.0,1,108.469035
-10.0,1,108.473698
-10.0,1,108.477164
-10.0,3,108.483406
-10.0,1,108.486498
-10.0,3,108.494766
-10.0,2,108.500225
-10.0,1,108.503985
-10.0,2,108.509533
-10.0,1,108.51333
-10.0,1,108.516929
-10.0,1,108.520473
-10.0,1,108.524026
-10.0,1,108.527802
-10.0,2,108.53315
-10.0,1,108.536571
-10.0,1,108.540007
-10.0,1,108.543362
-10.0,1,108.547016
-10.0,3,108.555237
-10.0,1,108.558839
-10.0,1,108.56311
-10.0,1,108.566333
-10.0,7,108.57984
-10.0,2,108.585783
-10.0,1,108.589963
-10.0,1,108.593761
-10.0,1,108.59753
-10.0,3,108.606103
-10.0,1,108.611253
-10.0,1,108.616499
-10.0,1,108.62137
-10.0,1,108.626582
-10.0,1,108.631733
-10.0,1,108.636462
-10.0,1,108.642422
-10.0,3,108.65176
-10.0,1,108.657128
-10.0,1,108.662533
-10.0,2,108.671574
-10.0,1,108.677512
-10.0,1,108.682576
-10.0,1,108.687616
-10.0,5,108.70296
-10.0,1,108.708664
-10.0,2,108.717053
-10.0,1,108.722979
-10.0,2,108.730826
-10.0,1,108.735974
-10.0,2,108.743573
-10.0,1,108.748443
-10.0,2,108.755883
-10.0,1,108.761441
-10.0,2,108.76953
-10.0,2,108.778064
-10.0,1,108.783608
-10.0,1,108.789428
-10.0,2,108.800952
-10.0,1,108.807009
-10.0,1,108.812269
-10.0,3,108.824417
-10.0,1,108.82975
-10.0,1,108.836944
-10.0,1,108.843324
-10.0,1,108.849889
-10.0,1,108.855483
-10.0,1,108.860759
-10.0,1,108.865733
-10.0,1,108.870639
-10.0,3,108.88095
-10.0,1,108.886338
-10.0,1,108.891685
-10.0,2,108.902792
-10.0,4,108.917842
-10.0,1,108.924494
-10.0,1,108.92979
-10.0,2,108.937008
-10.0,1,108.941964
-10.0,1,108.947108
-10.0,2,108.953215
-10.0,2,108.959024
-10.0,2,108.966393
-10.0,2,108.975883
-10.0,2,108.987852
-10.0,1,108.99544
-10.0,1,109.000999
-10.0,2,109.009378
-10.0,3,109.020012
-10.0,4,109.033482
-10.0,1,109.03958
-10.0,1,109.044861
-10.0,1,109.050066
-10.0,1,109.055833
-10.0,1,109.061271
-10.0,6,109.082107
-10.0,1,109.0874
-10.0,1,109.092613
-10.0,1,109.097576
-10.0,1,109.103026
-10.0,1,109.107456
-10.0,1,109.111577
-10.0,1,109.115007
-10.0,1,109.118812
-10.0,3,109.126318
-10.0,1,109.129373
-10.0,2,109.134407
-10.0,1,109.13843
-10.0,1,109.14177
-10.0,2,109.147512
-10.0,2,109.154122
-10.0,1,109.157776
-10.0,1,109.1611
-10.0,2,109.166274
-10.0,2,109.171548
-10.0,2,109.17652
-10.0,1,109.179878
-10.0,2,109.18541
-10.0,1,109.190141
-10.0,2,109.195248
-10.0,1,109.198616
-10.0,2,109.203165
-10.0,1,109.206343
-10.0,1,109.20954
-10.0,1,109.213313
-10.0,4,109.222576
-10.0,1,109.226182
-10.0,1,109.229962
-10.0,3,109.237103
-10.0,1,109.24063
-10.0,1,109.24419
-10.0,1,109.247679
-10.0,1,109.251788
-10.0,3,109.259711
-10.0,1,109.263662
-10.0,1,109.267604
-10.0,1,109.272375
-10.0,3,109.280158
-10.0,1,109.283713
-10.0,1,109.287221
-10.0,2,109.292643
-10.0,2,109.298313
-10.0,1,109.302409
-10.0,3,109.313345
-10.0,1,109.318669
-10.0,2,109.326284
-10.0,1,109.331142
-10.0,2,109.337697
-10.0,4,109.350964
-10.0,1,109.35583
-10.0,1,109.361883
-10.0,1,109.365834
-10.0,1,109.369834
-10.0,1,109.376551
-10.0,1,109.380699
-10.0,1,109.384763
-10.0,1,109.388969
-10.0,2,109.395203
-10.0,1,109.399367
-10.0,1,109.404006
-10.0,1,109.408715
-10.0,1,109.413684
-10.0,1,109.418952
-10.0,2,109.426057
-10.0,1,109.430811
-10.0,2,109.438861
-10.0,1,109.443125
-10.0,1,109.447124
-10.0,1,109.451178
-10.0,2,109.457438
-10.0,1,109.4615
-10.0,1,109.465469
-10.0,1,109.469749
-10.0,2,109.475935
-10.0,2,109.481872
-10.0,1,109.486053
-10.0,1,109.49034
-10.0,1,109.494394
-10.0,2,109.500731
-10.0,3,109.508877
-10.0,1,109.51307
-10.0,3,109.523244
-10.0,3,109.532988
-10.0,1,109.538084
-10.0,1,109.543065
-10.0,1,109.549263
-10.0,1,109.554364
-10.0,1,109.559399
-10.0,2,109.566943
-10.0,1,109.572053
-10.0,1,109.577062
-10.0,1,109.582238
-10.0,1,109.585876
-10.0,1,109.589581
-10.0,4,109.597687
-10.0,1,109.601005
-10.0,3,109.607595
-10.0,1,109.611216
-10.0,2,109.616249
-10.0,3,109.622837
-10.0,1,109.626127
-10.0,2,109.631472
-10.0,1,109.635267
-10.0,3,109.642415
-10.0,3,109.649789
-10.0,1,109.653218
-10.0,2,109.658361
-10.0,4,109.668983
-10.0,2,109.674042
-10.0,1,109.677556
-10.0,3,109.684151
-10.0,1,109.687794
-10.0,1,109.6915
-10.0,1,109.694957
-10.0,2,109.700042
-10.0,2,109.705082
-10.0,2,109.710161
-10.0,1,109.713536
-10.0,1,109.716768
-10.0,1,109.720245
-10.0,1,109.724077
-10.0,3,109.730831
-10.0,2,109.736151
-10.0,1,109.740723
-10.0,1,109.744831
-10.0,3,109.752796
-10.0,1,109.757756
-10.0,1,109.762688
-10.0,4,109.77648
-10.0,1,109.781793
-10.0,2,109.789751
-10.0,1,109.79474
-10.0,3,109.804856
-10.0,2,109.812212
-10.0,1,109.817157
-10.0,1,109.823294
-10.0,2,109.830714
-10.0,2,109.83912
-10.0,2,109.84652
-10.0,1,109.851068
-10.0,1,109.85649
-10.0,1,109.860138
-10.0,1,109.863353
-10.0,5,109.872983
-10.0,1,109.876302
-10.0,3,109.882544
-10.0,2,109.89109
-10.0,1,109.895336
-10.0,2,109.901182
-10.0,1,109.905892
-10.0,1,109.909372
-10.0,1,109.912892
-10.0,2,109.925866
-10.0,1,109.951315
-10.0,1,109.958421
-10.0,1,109.964561
-10.0,2,109.989092
-10.0,1,109.997376
-10.0,1,110.001607
-10.0,1,110.005793
-10.0,1,110.024928
-10.0,1,110.029578
-10.0,1,110.033619
-10.0,1,110.038088
-10.0,1,110.042236
-10.0,2,110.048135
-10.0,2,110.055053
-10.0,1,110.059268
-10.0,3,110.068588
-10.0,2,110.075599
-10.0,1,110.079776
-10.0,1,110.083685
-10.0,1,110.087985
-10.0,1,110.092344
-10.0,3,110.100172
-10.0,1,110.104365
-10.0,1,110.109191
-10.0,1,110.11337
-10.0,2,110.119274
-10.0,1,110.124584
-10.0,1,110.131381
-10.0,1,110.135767
-10.0,2,110.1425
-10.0,1,110.146252
-10.0,2,110.151597
-10.0,7,110.166486
-10.0,1,110.171482
-10.0,1,110.175766
-10.0,2,110.181334
-10.0,4,110.191892
-10.0,1,110.195616
-10.0,1,110.199342
-10.0,2,110.205131
-10.0,1,110.209072
-10.0,3,110.216295
-10.0,2,110.222001
-10.0,1,110.22574
-10.0,2,110.231126
-10.0,2,110.2378
-10.0,1,110.243259
-10.0,1,110.2493
-10.0,1,110.25561
-10.0,2,110.263431
-10.0,2,110.272575
-10.0,2,110.279225
-10.0,4,110.29116
-10.0,1,110.29583
-10.0,2,110.30346
-10.0,1,110.308291
-10.0,1,110.313651
-10.0,2,110.320899
-10.0,1,110.325253
-10.0,1,110.330785
-10.0,2,110.338331
-10.0,1,110.342724
-10.0,1,110.347172
-10.0,1,110.351485
-10.0,1,110.35632
-10.0,1,110.360478
-10.0,1,110.364509
-10.0,2,110.370039
-10.0,1,110.374039
-10.0,2,110.379911
-10.0,1,110.38365
-10.0,1,110.387377
-10.0,1,110.391553
-10.0,2,110.397823
-10.0,1,110.401736
-10.0,2,110.407659
-10.0,3,110.415096
-10.0,2,110.420586
-10.0,4,110.43053
-10.0,1,110.434306
-10.0,3,110.442016
-10.0,2,110.44767
-10.0,1,110.451349
-10.0,1,110.455519
-10.0,4,110.464705
-10.0,3,110.472055
-10.0,2,110.477605
-10.0,2,110.483273
-10.0,1,110.487018
-10.0,3,110.494539
-10.0,1,110.498352
-10.0,2,110.503799
-10.0,1,110.507453
-10.0,1,110.511195
-10.0,1,110.514786
-10.0,1,110.518266
-10.0,5,110.528623
-10.0,1,110.532249
-10.0,1,110.535728
-10.0,3,110.543067
-10.0,2,110.548544
-10.0,2,110.553795
-10.0,1,110.557465
-10.0,1,110.561159
-10.0,1,110.564689
-10.0,1,110.568125
-10.0,1,110.571709
-10.0,1,110.575411
-10.0,3,110.582368
-10.0,2,110.587601
-10.0,1,110.591943
-10.0,1,110.59578
-10.0,5,110.60635
-10.0,2,110.685779
-10.0,1,110.691357
-10.0,1,110.697225
-10.0,4,110.70967
-10.0,1,110.71397
-10.0,1,110.718155
-10.0,1,110.723472
-10.0,1,110.727855
-10.0,3,110.736469
-10.0,2,110.744583
-10.0,2,110.750892
-10.0,1,110.756278
-10.0,1,110.760517
-10.0,2,110.766694
-10.0,1,110.770887
-10.0,1,110.775154
-10.0,2,110.782101
-10.0,1,110.786444
-10.0,3,110.794831
-10.0,1,110.799073
-10.0,1,110.8032
-10.0,2,110.808431
-10.0,1,110.812268
-10.0,1,110.815652
-10.0,1,110.819002
-10.0,1,110.822437
-10.0,1,110.826082
-10.0,3,110.832756
-10.0,1,110.836065
-10.0,2,110.841405
-10.0,2,110.846745
-10.0,1,110.850255
-10.0,2,110.855388
-10.0,2,110.860537
-10.0,1,110.863866
-10.0,1,110.867192
-10.0,1,110.870586
-10.0,1,110.874175
-10.0,1,110.877613
-10.0,2,110.882512
-10.0,1,110.885834
-10.0,1,110.889849
-10.0,1,110.893744
-10.0,1,110.897122
-10.0,1,110.900393
-10.0,1,110.903654
-10.0,1,110.907203
-10.0,1,110.910414
-10.0,2,110.915087
-10.0,1,110.918238
-10.0,2,110.923373
-10.0,2,110.928164
-10.0,2,110.932836
-10.0,1,110.935999
-10.0,1,110.939845
-10.0,1,110.943098
-10.0,1,110.946254
-10.0,1,110.949503
-10.0,2,110.95574
-10.0,2,110.960574
-10.0,3,110.966905
-10.0,2,110.972594
-10.0,2,110.977447
-10.0,1,110.980858
-10.0,2,110.9856
-10.0,2,110.990892
-10.0,1,110.994163
-10.0,1,110.997328
-10.0,3,111.004247
-10.0,2,111.010035
-10.0,1,111.013324
-10.0,1,111.016517
-10.0,2,111.021537
-10.0,1,111.024891
-10.0,2,111.029567
-10.0,3,111.036207
-10.0,1,111.039929
-10.0,2,111.044704
-10.0,1,111.047829
-10.0,1,111.05109
-10.0,2,111.056271
-10.0,1,111.059593
-10.0,2,111.064286
-10.0,1,111.067554
-10.0,4,111.075455
-10.0,3,111.081485
-10.0,5,111.090731
-10.0,4,111.098259
-10.0,1,111.103468
-10.0,1,111.133181
-10.0,1,111.139063
-10.0,2,111.147809
-10.0,1,111.155946
-10.0,2,111.165206
-10.0,3,111.177405
-10.0,1,111.183925
-10.0,3,111.195947
-10.0,1,111.202509
-10.0,2,111.211924
-10.0,2,111.221769
-10.0,4,111.235861
-10.0,1,111.240921
-10.0,1,111.245903
-10.0,2,111.252999
-10.0,1,111.257943
-10.0,1,111.262905
-10.0,1,111.267684
-10.0,2,111.274747
-10.0,2,111.281898
-10.0,1,111.286663
-10.0,1,111.292035
-10.0,1,111.297019
-10.0,1,111.301776
-10.0,1,111.306705
-10.0,1,111.311726
-10.0,1,111.31653
-10.0,1,111.32134
-10.0,3,111.331965
-10.0,1,111.336841
-10.0,2,111.344362
-10.0,2,111.351502
-10.0,1,111.356737
-10.0,3,111.366193
-10.0,1,111.371207
-10.0,2,111.378437
-10.0,1,111.382377
-10.0,1,111.386038
-10.0,1,111.390027
-10.0,4,111.397592
-10.0,1,111.400317
-10.0,1,111.40337
-10.0,1,111.407215
-10.0,1,111.410013
-10.0,2,111.414076
-10.0,1,111.416847
-10.0,2,111.421092
-10.0,1,111.423935
-10.0,1,111.426699
-10.0,1,111.429407
-10.0,1,111.432095
-10.0,1,111.43488
-10.0,1,111.437801
-10.0,2,111.441939
-10.0,2,111.445954
-10.0,2,111.450215
-10.0,4,111.457106
-10.0,1,111.45992
-10.0,2,111.463936
-10.0,4,111.470901
-10.0,5,111.478616
-10.0,1,111.481313
-10.0,2,111.48707
-10.0,2,111.491313
-10.0,1,111.494066
-10.0,3,111.499593
-10.0,2,111.503837
-10.0,2,111.507957
-10.0,1,111.510598
-10.0,1,111.513214
-10.0,1,111.516084
-10.0,1,111.518751
-10.0,1,111.521532
-10.0,1,111.524219
-10.0,1,111.526831
-10.0,1,111.529822
-10.0,1,111.532759
-10.0,1,111.535448
-10.0,4,111.541947
-10.0,2,111.546461
-10.0,2,111.551151
-10.0,2,111.555233
-10.0,2,111.559227
-10.0,2,111.563194
-10.0,1,111.565884
-10.0,1,111.56849
-10.0,3,111.573761
-10.0,1,111.576431
-10.0,1,111.579221
-10.0,1,111.581865
-10.0,1,111.584487
-10.0,1,111.587287
-10.0,1,111.590015
-10.0,1,111.592644
-10.0,2,111.597029
-10.0,1,111.599664
-10.0,2,111.603607
-10.0,1,111.606352
-10.0,2,111.610328
-10.0,2,111.614271
-10.0,4,111.620761
-10.0,1,111.62348
-10.0,1,111.626266
-10.0,1,111.629009
-10.0,1,111.631616
-10.0,2,111.635472
-10.0,1,111.638231
-10.0,1,111.641018
-10.0,2,111.644988
-10.0,1,111.647648
-10.0,1,111.65026
-10.0,1,111.652881
-10.0,2,111.65774
-10.0,1,111.660537
-10.0,3,111.665612
-10.0,1,111.668236
-10.0,3,111.673593
-10.0,2,111.677633
-10.0,1,111.680281
-10.0,1,111.682881
-10.0,3,111.688231
-10.0,1,114.082557
-10.0,1,114.090073
-10.0,1,114.0977
-10.0,1,114.105182
-10.0,1,114.112657
-10.0,3,114.127963
-10.0,1,114.135488
-10.0,1,114.142158
-10.0,2,114.153417
-10.0,5,114.172717
-10.0,1,114.179375
-10.0,2,114.190273
-10.0,1,114.197992
-10.0,3,114.212576
-10.0,2,114.222032
-10.0,1,114.227092
-10.0,3,114.239817
-10.0,2,114.250192
-10.0,1,114.258256
-10.0,1,114.266107
-10.0,1,114.273812
-10.0,2,114.28404
-10.0,2,114.291678
-10.0,1,114.297008
-10.0,1,114.30202
-10.0,1,114.30712
-10.0,1,114.314535
-10.0,3,114.329387
-10.0,3,114.341973
-10.0,1,114.350465
-10.0,1,114.359349
-10.0,1,114.367356
-10.0,1,114.373083
-10.0,2,114.381249
-10.0,3,114.392345
-10.0,5,114.408758
-10.0,1,114.414047
-10.0,2,114.423018
-10.0,2,114.430927
-10.0,2,114.440759
-10.0,1,114.446885
-10.0,1,114.453628
-10.0,1,114.458824
-10.0,1,114.463866
-10.0,1,114.469068
-10.0,1,114.474154
-10.0,8,114.496956
-10.0,1,114.503237
-10.0,1,114.508582
-10.0,5,114.524335
-10.0,1,114.531725
-10.0,4,114.561027
-10.0,1,114.571009
-10.0,1,114.579759
-10.0,3,114.601954
-10.0,6,114.636488
-10.0,1,114.645063
-10.0,3,114.662788
-10.0,1,114.671872
-10.0,3,114.693396
-10.0,2,114.70569
-10.0,1,114.713404
-10.0,1,114.721732
-10.0,2,114.733536
-10.0,1,114.742435
-10.0,2,114.757497
-10.0,1,114.771156
-10.0,1,114.782781
-10.0,6,114.803362
-10.0,1,114.808007
-10.0,1,114.813091
-10.0,3,114.822838
-10.0,5,114.840162
-10.0,1,114.846063
-10.0,1,114.850719
-10.0,2,114.857313
-10.0,2,114.863993
-10.0,4,114.875531
-10.0,2,114.882807
-10.0,1,114.887558
-10.0,1,114.892552
-10.0,1,114.89724
-10.0,2,114.904912
-10.0,1,114.910551
-10.0,1,114.915738
-10.0,1,114.920703
-10.0,4,114.935253
-10.0,1,114.941304
-10.0,2,114.948094
-10.0,1,114.953146
-10.0,1,114.959545
-10.0,1,114.964121
-10.0,1,114.968653
-10.0,1,114.973122
-10.0,1,114.977459
-10.0,1,114.9818
-10.0,2,114.990151
-10.0,4,115.00758
-10.0,1,115.014259
-10.0,2,115.023317
-10.0,1,115.027599
-10.0,2,115.035213
-10.0,2,115.044696
-10.0,1,115.04946
-10.0,1,115.054095
-10.0,1,115.058615
-10.0,2,115.064982
-10.0,1,115.069628
-10.0,5,115.08196
-10.0,8,115.101092
-10.0,1,115.105726
-10.0,3,115.114209
-10.0,4,115.124829
-10.0,3,115.13317
-10.0,1,115.137552
-10.0,2,115.143671
-10.0,2,115.150241
-10.0,1,115.154593
-10.0,2,115.160943
-10.0,3,115.171156
-10.0,1,115.175336
-10.0,4,115.185723
-10.0,2,115.191987
-10.0,1,115.197825
-10.0,1,115.225695
-10.0,1,115.230658
-10.0,2,115.238478
-10.0,1,115.243472
-10.0,2,115.253536
-10.0,2,115.2637
-10.0,1,115.270841
-10.0,5,115.291936
-10.0,1,115.303209
-10.0,1,115.309837
-10.0,1,115.316676
-10.0,4,115.335954
-10.0,1,115.341732
-10.0,1,115.351245
-10.0,1,115.360128
-10.0,1,115.365692
-10.0,1,115.372388
-10.0,1,115.377934
-10.0,4,115.392461
-10.0,1,115.397851
-10.0,1,115.403801
-10.0,3,115.414958
-10.0,2,115.424031
-10.0,3,115.436197
-10.0,2,115.447175
-10.0,1,115.453523
-10.0,1,115.459645
-10.0,1,115.464961
-10.0,1,115.470912
-10.0,1,115.47637
-10.0,4,115.490756
-10.0,2,115.498352
-10.0,3,115.509572
-10.0,2,115.517579
-10.0,2,115.526484
-10.0,3,115.537433
-10.0,3,115.54592
-10.0,1,115.55088
-10.0,1,115.555755
-10.0,4,115.568668
-10.0,2,115.575333
-10.0,4,115.587005
-10.0,4,115.598176
-10.0,1,115.603242
-10.0,1,115.607799
-10.0,1,115.613445
-10.0,5,115.63123
-10.0,1,115.635804
-10.0,1,115.640349
-10.0,2,115.647249
-10.0,2,115.654505
-10.0,1,115.660697
-10.0,1,115.668702
-10.0,2,115.680142
-10.0,2,115.692536
-10.0,3,115.709096
-10.0,2,115.71672
-10.0,1,115.722363
-10.0,2,115.72954
-10.0,2,115.737885
-10.0,1,115.742714
-10.0,1,115.747627
-10.0,3,115.758587
-10.0,1,115.76334
-10.0,1,115.769539
-10.0,1,115.775239
-10.0,1,115.780335
-10.0,1,115.78595
-10.0,7,115.80562
-10.0,2,115.812492
-10.0,1,115.817221
-10.0,2,115.823949
-10.0,1,115.828152
-10.0,1,115.832599
-10.0,5,115.845034
-10.0,2,115.852679
-10.0,1,115.857653
-10.0,1,115.862713
-10.0,1,115.868575
-10.0,1,115.87447
-10.0,1,115.880768
-10.0,1,115.88717
-10.0,1,115.893311
-10.0,2,115.902601
-10.0,2,115.911817
-10.0,1,115.918098
-10.0,1,115.924305
-10.0,1,115.93042
-10.0,2,115.93812
-10.0,1,115.942794
-10.0,1,115.946921
-10.0,1,115.950655
-10.0,3,115.95813
-10.0,1,115.963542
-10.0,2,115.969357
-10.0,1,115.973222
-10.0,2,115.979226
-10.0,1,115.983059
-10.0,2,115.988792
-10.0,3,115.996478
-10.0,3,116.004065
-10.0,2,116.009988
-10.0,2,116.015645
-10.0,1,116.019647
-10.0,1,116.023582
-10.0,1,116.027449
-10.0,1,116.031175
-10.0,2,116.036853
-10.0,2,116.042628
-10.0,2,116.048213
-10.0,2,116.053938
-10.0,2,116.059768
-10.0,4,116.068537
-10.0,3,116.075696
-10.0,1,116.07925
-10.0,3,116.08632
-10.0,2,116.092587
-10.0,1,116.096197
-10.0,3,116.103508
-10.0,1,116.107832
-10.0,1,116.111559
-10.0,5,116.122217
-10.0,2,116.127521
-10.0,5,116.13814
-10.0,3,116.145138
-10.0,1,116.148718
-10.0,3,116.155989
-10.0,4,116.164667
-10.0,1,116.168521
-10.0,3,116.175553
-10.0,1,116.178951
-10.0,3,116.185927
-10.0,2,116.191079
-10.0,2,116.196027
-10.0,3,116.203464
-10.0,2,116.210787
-10.0,1,116.215629
-10.0,3,116.22517
-10.0,5,116.239888
-10.0,4,116.252866
-10.0,1,116.257868
-10.0,2,116.265204
-10.0,1,116.270667
-10.0,2,116.277989
-10.0,2,116.285272
-10.0,2,116.292569
-10.0,2,116.299749
-10.0,3,116.307837
-10.0,1,116.311809
-10.0,1,116.315128
-10.0,1,116.318371
-10.0,4,116.32646
-10.0,4,116.334375
-10.0,5,116.344095
-10.0,2,116.348943
-10.0,1,116.352252
-10.0,1,116.355597
-10.0,1,116.359745
-10.0,3,116.366327
-10.0,1,116.369727
-10.0,1,116.372894
-10.0,1,116.376545
-10.0,2,116.381407
-10.0,1,116.384523
-10.0,2,116.389212
-10.0,2,116.393958
-10.0,1,116.397067
-10.0,6,116.407762
-10.0,1,116.410974
-10.0,3,116.416984
-10.0,3,116.423459
-10.0,2,116.428121
-10.0,2,116.432676
-10.0,4,116.440377
-10.0,6,116.450878
-10.0,2,116.455832
-10.0,1,116.458961
-10.0,2,116.463542
-10.0,1,116.466587
-10.0,3,116.472898
-10.0,2,116.477559
-10.0,3,116.483577
-10.0,1,116.487061
-10.0,1,116.4903
-10.0,2,116.494867
-10.0,3,116.501071
-10.0,2,116.507299
-10.0,1,116.511219
-10.0,1,116.515349
-10.0,1,116.519823
-10.0,3,116.529134
-10.0,2,116.536235
-10.0,1,116.541156
-10.0,1,116.54587
-10.0,2,116.553832
-10.0,1,116.584138
-10.0,3,116.597311
-10.0,1,116.60374
-10.0,1,116.609906
-10.0,1,116.616172
-10.0,1,116.622535
-10.0,1,116.628646
-10.0,3,116.640201
-10.0,5,116.656776
-10.0,2,116.664688
-10.0,4,116.674435
-10.0,1,116.678374
-10.0,1,116.681801
-10.0,1,116.684678
-10.0,1,116.687765
-10.0,1,116.690606
-10.0,1,116.694335
-10.0,1,116.697232
-10.0,2,116.701279
-10.0,3,116.706796
-10.0,3,116.712334
-10.0,4,116.719039
-10.0,1,116.721891
-10.0,1,116.724801
-10.0,4,116.731469
-10.0,2,116.735568
-10.0,1,116.73842
-10.0,1,116.741472
-10.0,1,116.744293
-10.0,2,116.748295
-10.0,3,116.75373
-10.0,1,116.75721
-10.0,3,116.762874
-10.0,1,116.765633
-10.0,2,116.769796
-10.0,2,116.774897
-10.0,1,116.778184
-10.0,1,116.781555
-10.0,1,116.785444
-10.0,1,116.788573
-10.0,1,116.791345
-10.0,5,116.799332
-10.0,2,116.80421
-10.0,1,116.807572
-10.0,1,116.811084
-10.0,2,116.816419
-10.0,4,116.8272
-10.0,1,116.831997
-10.0,1,116.83708
-10.0,3,116.846492
-10.0,4,116.858421
-10.0,2,116.865686
-10.0,1,116.870733
-10.0,1,116.875568
-10.0,1,116.880268
-10.0,1,116.886062
-10.0,3,116.895714
-10.0,5,116.909865
-10.0,2,116.915565
-10.0,2,116.920431
-10.0,1,116.923616
-10.0,1,116.926282
-10.0,1,116.928864
-10.0,2,116.932833
-10.0,1,116.935662
-10.0,1,116.938375
-10.0,3,116.943474
-10.0,2,116.947468
-10.0,3,116.952772
-10.0,1,116.955514
-10.0,1,116.958118
-10.0,1,116.960714
-10.0,1,116.963431
-10.0,2,116.967336
-10.0,3,116.972688
-10.0,1,116.975362
-10.0,1,116.978157
-10.0,1,116.980976
-10.0,1,116.983579
-10.0,1,116.986325
-10.0,2,116.990242
-10.0,3,116.995774
-10.0,2,116.999804
-10.0,1,117.002608
-10.0,3,117.007753
-10.0,2,117.011766
-10.0,1,117.014477
-10.0,1,117.017097
-10.0,1,117.019913
-10.0,1,117.0226
-10.0,5,117.030327
-10.0,3,117.035571
-10.0,1,117.038232
-10.0,3,117.043253
-10.0,1,117.045879
-10.0,1,117.048396
-10.0,1,117.050925
-10.0,5,117.058507
-10.0,1,117.061172
-10.0,1,117.06374
-10.0,2,117.067427
-10.0,1,117.07016
-10.0,1,117.072736
-10.0,2,117.076702
-10.0,2,117.080487
-10.0,1,117.083004
-10.0,1,117.08568
-10.0,1,117.088335
-10.0,2,117.092163
-10.0,2,117.095933
-10.0,1,117.098448
-10.0,2,117.102291
-10.0,2,117.106232
-10.0,2,117.110061
-10.0,1,117.112581
-10.0,2,117.116282
-10.0,2,117.120177
-10.0,1,117.122885
-10.0,1,117.12546
-10.0,3,117.130406
-10.0,1,117.132925
-10.0,2,117.136826
-10.0,1,117.139514
-10.0,1,117.142138
-10.0,1,117.144656
-10.0,2,117.148329
-10.0,1,117.150863
-10.0,3,117.15669
-10.0,1,117.159339
-10.0,4,117.165457
-10.0,2,117.169393
-10.0,5,117.176897
-10.0,2,117.180637
-10.0,1,117.183136
-10.0,1,117.186053
-10.0,1,117.188877
-10.0,2,117.192622
-10.0,2,117.196312
-10.0,1,117.198836
-10.0,1,117.201714
-10.0,1,117.204713
-10.0,1,117.207282
-10.0,2,117.210997
-10.0,1,117.213507
-10.0,1,117.216008
-10.0,1,117.218901
-10.0,2,117.222804
-10.0,1,117.225341
-10.0,1,117.227851
-10.0,1,117.230396
-10.0,2,117.234701
-10.0,1,117.237539
-10.0,5,117.244833
-10.0,2,117.24857
-10.0,1,117.251515
-10.0,1,117.254256
-10.0,5,117.261545
-10.0,2,117.26541
-10.0,1,117.268218
-10.0,1,117.27096
-10.0,1,117.273487
-10.0,2,117.277189
-10.0,4,117.283419
-10.0,1,117.286264
-10.0,7,117.295985
-10.0,4,117.30411
-10.0,1,117.306753
-10.0,1,117.309258
-10.0,2,117.312971
-10.0,2,117.316825
-10.0,1,117.319747
-10.0,3,117.324774
-10.0,2,117.328525
-10.0,1,117.331141
-10.0,1,117.333711
-10.0,2,117.337678
-10.0,1,117.340245
-10.0,2,117.343968
-10.0,2,117.347824
-10.0,5,117.355346
-10.0,2,117.359141
-10.0,2,117.363563
-10.0,1,117.366763
-10.0,1,117.370129
-10.0,2,117.375201
-10.0,2,117.380836
-10.0,1,117.385087
-10.0,3,117.39496
-10.0,1,117.400299
-10.0,1,117.405348
-10.0,1,117.410284
-10.0,2,117.417519
-10.0,1,117.422474
-10.0,2,117.429877
-10.0,1,117.434693
-10.0,4,117.446624
-10.0,4,117.458612
-10.0,3,117.467105
-10.0,4,117.475926
-10.0,1,117.479089
-10.0,1,117.482063
-10.0,1,117.484839
-10.0,1,117.487601
-10.0,1,117.49062
-10.0,3,117.495501
-10.0,1,117.497992
-10.0,1,117.500427
-10.0,2,117.504298
-10.0,1,117.506906
-10.0,1,117.509351
-10.0,6,117.517588
-10.0,3,117.522861
-10.0,1,117.525424
-10.0,6,117.533622
-10.0,1,117.536433
-10.0,1,117.53906
-10.0,1,117.5416
-10.0,2,117.545193
-10.0,1,117.547661
-10.0,1,117.550084
-10.0,3,117.555732
-10.0,1,117.558249
-10.0,3,117.562997
-10.0,4,117.569158
-10.0,2,117.572922
-10.0,1,117.575394
-10.0,6,117.583679
-10.0,1,117.586489
-10.0,1,117.589041
-10.0,2,117.592649
-10.0,1,117.595087
-10.0,2,117.598655
-10.0,2,117.603534
-10.0,3,117.608746
-10.0,2,117.612565
-10.0,1,117.615355
-10.0,1,117.61817
-10.0,2,117.621928
-10.0,3,117.626668
-10.0,2,117.630265
-10.0,1,117.632941
-10.0,2,117.636785
-10.0,1,117.639321
-10.0,2,117.642908
-10.0,1,117.645311
-10.0,3,117.650311
-10.0,1,117.653038
-10.0,1,117.655568
-10.0,1,117.657991
-10.0,1,117.660414
-10.0,3,117.665687
-10.0,2,117.670019
-10.0,1,117.672842
-10.0,1,117.675513
-10.0,1,117.677978
-10.0,2,117.681838
-10.0,4,117.687975
-10.0,2,117.69165
-10.0,1,117.694487
-10.0,3,117.700857
-10.0,2,117.704686
-10.0,1,117.707141
-10.0,1,117.709561
-10.0,5,117.716727
-10.0,3,117.721687
-10.0,1,117.72428
-10.0,1,117.726844
-10.0,2,117.730556
-10.0,2,117.734194
-10.0,3,117.739179
-10.0,1,117.741796
-10.0,4,117.748092
-10.0,1,117.750954
-10.0,5,117.758574
-10.0,1,117.761091
-10.0,3,117.76594
-10.0,1,117.76855
-10.0,2,117.77285
-10.0,1,117.775685
-10.0,1,117.778246
-10.0,1,117.780737
-10.0,2,117.784591
-10.0,3,117.789896
-10.0,2,117.794138
-10.0,1,117.797091
-10.0,2,117.801491
-10.0,5,117.809614
-10.0,1,117.81228
-10.0,1,117.814927
-10.0,1,117.817475
-10.0,1,117.820205
-10.0,4,117.826617
-10.0,2,117.830393
-10.0,1,117.832932
-10.0,1,117.835566
-10.0,2,117.840208
-10.0,9,117.856923
-10.0,2,117.863197
-10.0,2,117.870034
-10.0,1,117.873903
-10.0,2,117.879406
-10.0,6,117.892437
-10.0,4,117.901816
-10.0,3,117.909305
-10.0,1,117.913036
-10.0,2,117.919234
-10.0,2,117.951878
-10.0,3,117.961569
-10.0,3,117.971281
-10.0,1,117.976125
-10.0,2,117.983419
-10.0,3,117.993011
-10.0,1,117.998178
-10.0,2,118.005456
-10.0,1,118.010279
-10.0,4,118.022358
-10.0,4,118.033444
-10.0,2,118.039222
-10.0,2,118.043976
-10.0,3,118.049803
-10.0,2,118.053833
-10.0,3,118.05906
-10.0,1,118.061712
-10.0,1,118.06418
-10.0,1,118.066566
-10.0,1,118.069069
-10.0,3,118.073784
-10.0,1,118.076296
-10.0,3,118.080944
-10.0,1,118.083297
-10.0,4,118.089161
-10.0,2,118.093752
-10.0,2,118.097398
-10.0,2,118.10089
-10.0,3,118.105642
-10.0,1,118.108151
-10.0,1,118.11053
-10.0,1,118.112931
-10.0,5,118.119827
-10.0,1,118.122431
-10.0,2,118.126015
-10.0,3,118.130597
-10.0,2,118.134096
-10.0,1,118.136678
-10.0,4,118.142625
-10.0,3,118.147308
-10.0,2,118.150825
-10.0,3,118.155833
-10.0,2,118.15943
-10.0,1,118.161828
-10.0,1,118.164219
-10.0,1,118.166573
-10.0,5,118.173647
-10.0,2,118.177232
-10.0,1,118.17961
-10.0,1,118.181952
-10.0,1,118.184371
-10.0,4,118.190725
-10.0,1,118.193138
-10.0,1,118.195491
-10.0,2,118.198969
-10.0,2,118.203323
-10.0,1,118.20578
-10.0,3,118.210339
-10.0,1,118.212709
-10.0,1,118.215054
-10.0,1,118.218026
-10.0,2,118.2218
-10.0,2,118.2253
-10.0,1,118.227623
-10.0,1,118.229973
-10.0,1,118.232393
-10.0,1,118.235056
-10.0,2,118.238705
-10.0,1,118.241066
-10.0,2,118.244524
-10.0,4,118.250832
-10.0,3,118.255736
-10.0,3,118.260316
-10.0,3,118.265333
-10.0,3,118.270239
-10.0,3,118.274921
-10.0,2,118.278414
-10.0,1,118.280958
-10.0,1,118.283424
-10.0,4,118.289333
-10.0,1,118.291739
-10.0,3,118.2965
-10.0,5,118.30355
-10.0,1,118.306007
-10.0,1,118.308362
-10.0,2,118.31196
-10.0,2,118.315951
-10.0,2,118.320209
-10.0,1,118.323041
-10.0,1,118.325719
-10.0,2,118.329633
-10.0,1,118.33211
-10.0,4,118.338029
-10.0,2,118.341594
-10.0,1,118.344497
-10.0,1,118.347081
-10.0,1,118.349438
-10.0,2,118.353014
-10.0,1,118.355427
-10.0,7,118.365196
-10.0,1,118.367792
-10.0,1,118.370326
-10.0,2,118.37381
-10.0,1,118.376212
-10.0,2,118.379817
-10.0,6,118.388412
-10.0,3,118.393285
-10.0,4,118.399188
-10.0,3,118.404539
-10.0,3,118.409353
-10.0,2,118.412961
-10.0,4,118.419184
-10.0,1,118.421761
-10.0,6,118.430094
-10.0,2,118.434518
-10.0,1,118.43732
-10.0,3,118.44214
-10.0,1,118.444566
-10.0,2,118.448395
-10.0,5,118.455741
-10.0,1,118.458257
-10.0,1,118.460712
-10.0,2,118.464457
-10.0,1,118.466966
-10.0,2,118.470786
-10.0,2,118.474441
-10.0,5,118.484468
-10.0,1,118.489302
-10.0,1,118.49273
-10.0,2,118.498091
-10.0,15,118.52752
-10.0,2,118.533202
-10.0,1,118.537201
-10.0,1,118.54097
-10.0,1,118.544888
-10.0,2,118.550406
-10.0,2,118.556234
-10.0,2,118.561856
-10.0,5,118.572875
-10.0,1,118.576787
-10.0,3,118.584028
-10.0,2,118.5896
-10.0,1,118.59298
-10.0,1,118.596067
-10.0,2,118.600132
-10.0,2,118.604192
-10.0,1,118.607409
-10.0,1,118.610199
-10.0,1,118.612716
-10.0,2,118.616408
-10.0,1,118.619108
-10.0,4,118.625502
-10.0,1,118.628093
-10.0,1,118.630588
-10.0,3,118.635584
-10.0,2,118.63947
-10.0,1,118.642061
-10.0,1,118.644566
-10.0,4,118.651885
-10.0,1,118.654906
-10.0,3,118.660886
-10.0,4,118.667926
-10.0,2,118.672288
-10.0,3,118.678081
-10.0,1,118.681254
-10.0,2,118.686016
-10.0,1,118.689052
-10.0,1,118.692254
-10.0,1,118.69502
-10.0,1,118.697604
-10.0,1,118.70015
-10.0,1,118.703975
-10.0,1,118.706632
-10.0,4,118.71291
-10.0,10,118.726802
-10.0,1,118.729484
-10.0,2,118.733969
-10.0,1,118.737447
-10.0,1,118.740445
-10.0,2,118.745235
-10.0,1,118.748592
-10.0,3,118.754967
-10.0,4,118.762121
-10.0,2,118.766493
-10.0,1,118.769644
-10.0,3,118.77539
-10.0,2,118.779683
-10.0,2,118.784806
-10.0,2,118.789349
-10.0,6,118.799476
-10.0,1,118.802656
-10.0,1,118.80566
-10.0,2,118.809962
-10.0,1,118.813002
-10.0,1,118.816105
-10.0,1,118.819236
-10.0,2,118.823625
-10.0,1,118.826525
-10.0,2,118.830882
-10.0,1,118.833549
-10.0,1,118.836291
-10.0,1,118.838866
-10.0,3,118.843767
-10.0,4,118.886029
-10.0,1,118.891201
-10.0,1,118.896848
-10.0,1,118.903217
-10.0,1,118.907405
-10.0,3,118.914212
-10.0,3,118.922772
-10.0,1,118.927862
-10.0,2,118.934008
-10.0,8,118.94732
-10.0,4,118.954792
-10.0,1,119.018671
-10.0,6,119.029105
-10.0,1,119.033239
-10.0,2,119.039533
-10.0,2,119.043713
-10.0,1,119.046725
-10.0,1,119.049527
-10.0,1,119.053323
-10.0,2,119.057488
-10.0,1,119.060228
-10.0,2,119.064369
-10.0,3,119.070258
-10.0,2,119.074514
-10.0,1,119.077683
-10.0,1,119.080561
-10.0,1,119.083395
-10.0,1,119.086951
-10.0,2,119.091143
-10.0,2,119.09525
-10.0,4,119.101945
-10.0,2,119.106044
-10.0,2,119.110298
-10.0,1,119.11309
-10.0,2,119.117089
-10.0,2,119.121299
-10.0,1,119.124114
-10.0,1,119.126941
-10.0,1,119.129661
-10.0,1,119.132353
-10.0,3,119.137787
-10.0,1,119.140837
-10.0,3,119.146218
-10.0,1,119.14894
-10.0,1,119.151778
-10.0,1,119.154576
-10.0,1,119.159002
-10.0,1,119.162211
-10.0,4,119.169073
-10.0,2,119.173245
-10.0,3,119.178579
-10.0,4,119.185289
-10.0,1,119.18829
-10.0,3,119.194032
-10.0,1,119.197099
-10.0,1,119.200407
-10.0,4,119.208124
-10.0,1,119.211045
-10.0,5,119.220074
-10.0,1,119.223186
-10.0,2,119.227419
-10.0,1,119.230283
-10.0,2,119.234782
-10.0,2,119.239052
-10.0,1,119.241796
-10.0,1,119.24449
-10.0,1,119.247185
-10.0,1,119.249919
-10.0,2,119.254915
-10.0,1,119.257696
-10.0,3,119.262964
-10.0,1,119.265788
-10.0,1,119.268774
-10.0,3,119.274199
-10.0,5,119.282459
-10.0,2,119.318494
-10.0,1,119.324256
-10.0,3,119.335227
-10.0,1,119.340873
-10.0,3,119.351981
-10.0,1,119.356669
-10.0,4,119.366039
-10.0,1,119.369643
-10.0,1,119.372855
-10.0,3,119.378455
-10.0,1,119.381349
-10.0,1,119.384068
-10.0,2,119.388151
-10.0,2,119.392036
-10.0,2,119.395999
-10.0,1,119.398655
-10.0,4,119.405139
-10.0,1,119.407843
-10.0,1,119.410552
-10.0,2,119.414595
-10.0,1,119.41734
-10.0,1,119.420181
-10.0,3,119.42537
-10.0,4,119.432162
-10.0,2,119.436442
-10.0,3,119.44166
-10.0,1,119.444782
-10.0,1,119.447689
-10.0,1,119.450422
-10.0,1,119.453293
-10.0,3,119.458405
-10.0,1,119.461037
-10.0,3,119.466183
-10.0,1,119.469056
-10.0,3,119.474228
-10.0,2,119.478064
-10.0,4,119.484843
-10.0,2,119.48888
-10.0,1,119.491484
-10.0,2,119.495325
-10.0,1,119.497909
-10.0,2,119.502244
-10.0,5,119.509906
-10.0,2,119.513782
-10.0,1,119.517116
-10.0,2,119.521209
-10.0,2,119.525085
-10.0,2,119.528946
-10.0,1,119.531681
-10.0,1,119.534491
-10.0,1,119.537263
-10.0,2,119.541139
-10.0,1,119.543722
-10.0,3,119.548871
-10.0,1,119.551663
-10.0,3,119.556923
-10.0,3,119.562185
-10.0,3,119.568283
-10.0,2,119.572315
-10.0,1,119.574934
-10.0,3,119.580049
-10.0,1,119.582744
-10.0,1,119.585542
-10.0,1,119.588226
-10.0,1,119.590846
-10.0,1,119.593604
-10.0,3,119.598912
-10.0,3,119.604208
-10.0,1,119.606886
-10.0,1,119.609499
-10.0,3,119.61467
-10.0,1,119.617379
-10.0,1,119.620141
-10.0,3,119.625348
-10.0,1,119.628182
-10.0,4,119.63467
-10.0,1,119.637403
-10.0,3,119.64258
-10.0,3,119.64775
-10.0,1,119.650433
-10.0,1,119.653273
-10.0,6,119.662252
-10.0,1,119.664995
-10.0,3,119.670286
-10.0,1,119.672986
-10.0,3,119.678356
-10.0,6,119.687347
-10.0,3,119.692592
-10.0,2,119.696507
-10.0,2,119.700386
-10.0,4,119.708805
-10.0,1,119.711701
-10.0,1,119.714289
-10.0,1,119.716893
-10.0,4,119.7235
-10.0,1,119.726148
-10.0,1,119.728795
-10.0,2,119.732638
-10.0,1,119.735424
-10.0,1,119.738373
-10.0,2,119.742793
-10.0,1,119.74579
-10.0,1,119.748723
-10.0,2,119.75332
-10.0,2,119.757551
-10.0,2,119.761482
-10.0,1,119.76415
-10.0,1,119.766845
-10.0,1,119.769724
-10.0,2,119.773678
-10.0,3,119.778752
-10.0,1,119.78135
-10.0,2,119.785801
-10.0,2,119.790043
-10.0,2,119.793941
-10.0,1,119.796526
-10.0,2,119.80066
-10.0,3,119.806079
-10.0,1,119.808697
-10.0,1,119.811296
-10.0,1,119.813889
-10.0,1,119.816622
-10.0,1,119.820029
-10.0,3,119.825435
-10.0,3,119.83081
-10.0,2,119.835101
-10.0,1,119.837866
-10.0,3,119.842956
-10.0,3,119.848049
-10.0,1,119.850986
-10.0,2,119.855035
-10.0,1,119.857664
-10.0,2,119.861494
-10.0,1,119.864178
-10.0,2,119.868307
-10.0,1,119.871023
-10.0,3,119.87613
-10.0,3,119.881337
-10.0,3,123.032453
-10.0,2,123.040668
-10.0,7,123.075412
-10.0,1,123.084342
-10.0,3,123.103251
-10.0,2,123.116911
-10.0,2,123.131611
-10.0,1,123.142599
-10.0,2,123.156397
-10.0,5,123.181707
-10.0,2,123.193788
-10.0,7,123.222692
-10.0,2,123.231463
-10.0,2,123.240296
-10.0,1,123.245895
-10.0,3,123.257061
-10.0,3,123.26789
-10.0,1,123.273019
-10.0,3,123.283993
-10.0,1,123.289214
-10.0,2,123.298283
-10.0,2,123.306034
-10.0,1,123.311343
-10.0,1,123.316799
-10.0,1,123.321815
-10.0,2,123.331687
-10.0,1,123.339264
-10.0,2,123.347205
-10.0,5,123.363045
-10.0,6,123.379964
-10.0,2,123.407192
-10.0,4,123.419092
-10.0,2,123.426176
-10.0,1,123.430909
-10.0,1,123.436339
-10.0,3,123.445604
-10.0,1,123.451185
-10.0,2,123.459399
-10.0,8,123.483377
-10.0,1,123.489631
-10.0,2,123.502169
-10.0,1,123.509409
-10.0,2,123.521486
-10.0,4,123.537622
-10.0,1,123.54326
-10.0,2,123.554952
-10.0,1,123.560986
-10.0,4,123.574699
-10.0,2,123.584288
-10.0,1,123.589567
-10.0,1,123.595274
-10.0,1,123.602091
-10.0,2,123.612146
-10.0,1,123.617653
-10.0,9,123.646201
-10.0,2,123.654213
-10.0,2,123.662807
-10.0,1,123.668152
-10.0,1,123.673299
-10.0,4,123.685837
-10.0,3,123.695782
-10.0,2,123.703443
-10.0,7,123.722215
-10.0,2,123.729335
-10.0,1,123.735246
-10.0,2,123.742467
-10.0,1,123.747027
-10.0,1,123.751378
-10.0,5,123.763925
-10.0,1,123.768371
-10.0,1,123.772627
-10.0,4,123.782924
-10.0,2,123.789277
-10.0,1,123.793417
-10.0,2,123.799846
-10.0,2,123.805783
-10.0,2,123.81209
-10.0,1,123.816575
-10.0,17,123.851255
-10.0,2,123.857225
-10.0,1,123.861326
-10.0,4,123.871105
-10.0,1,123.875247
-10.0,1,123.879288
-10.0,3,123.887172
-10.0,1,123.891257
-10.0,1,123.895218
-10.0,5,123.906473
-10.0,1,123.910413
-10.0,2,123.916041
-10.0,4,123.925258
-10.0,1,123.929004
-10.0,2,123.934636
-10.0,6,123.947504
-10.0,1,123.95146
-10.0,1,123.9556
-10.0,2,123.96124
-10.0,2,123.966823
-10.0,2,123.972651
-10.0,3,123.979988
-10.0,2,123.985653
-10.0,1,123.989512
-10.0,6,124.00233
-10.0,6,124.01458
-10.0,3,124.021794
-10.0,1,124.025421
-10.0,1,124.028925
-10.0,2,124.034395
-10.0,2,124.039763
-10.0,5,124.05032
-10.0,2,124.055952
-10.0,10,124.0754
-10.0,2,124.080832
-10.0,4,124.08973
-10.0,2,124.095023
-10.0,4,124.104149
-10.0,1,124.107798
-10.0,1,124.11129
-10.0,2,124.117505
-10.0,1,124.121247
-10.0,4,124.129545
-10.0,1,124.13306
-10.0,1,124.136581
-10.0,1,124.139936
-10.0,5,124.150094
-10.0,1,124.153633
-10.0,1,124.156987
-10.0,1,124.160356
-10.0,5,124.170382
-10.0,1,124.173802
-44.4,2,124.178936
-10.0,2,124.184106
-10.0,3,124.190781
-10.0,2,124.19632
-10.0,1,124.200098
-10.0,7,124.213304
-10.0,1,124.217005
-10.0,5,124.227142
-10.0,1,124.23061
-10.0,2,124.235717
-10.0,3,124.24251
-10.0,4,124.250835
-10.0,5,124.260434
-10.0,1,124.263705
-10.0,2,124.268573
-10.0,9,124.28437
-10.0,1,124.287753
-10.0,1,124.291057
-10.0,1,124.294281
-10.0,4,124.302165
-10.0,3,124.309471
-10.0,1,124.312802
-42.6,2,124.31768
-10.0,2,124.322675
-10.0,3,124.328995
-10.0,1,124.332265
-10.0,3,124.338885
-10.0,1,124.342153
-10.0,1,124.345366
-10.0,3,124.351775
-10.0,1,124.355121
-10.0,4,124.362911
-10.0,4,124.37098
-10.0,2,124.375817
-10.0,3,124.382277
-10.0,3,124.388871
-10.0,1,124.392022
-10.0,7,124.404011
-10.0,1,124.407192
-10.0,1,124.410249
-10.0,1,124.413322
-10.0,4,124.421003
-10.0,4,124.428567
-10.0,1,124.431708
-10.0,2,124.436491
-10.0,5,124.4454
-10.0,5,124.454618
-10.0,1,124.457775
-10.0,1,124.460868
-10.0,4,124.468468
-10.0,4,124.476042
-10.0,4,124.483888
-10.0,1,124.487067
-10.0,1,124.490178
-10.0,1,124.493213
-10.0,1,124.496381
-10.0,2,124.501109
-10.0,1,124.504279
-10.0,1,124.50732
-10.0,7,124.519361
-10.0,2,124.524018
-10.0,4,124.531503
-10.0,1,124.53483
-10.0,3,124.540743
-10.0,2,124.545257
-10.0,2,124.549746
-10.0,1,124.552794
-10.0,1,124.555747
-10.0,1,124.5587
-10.0,1,124.561672
-10.0,3,124.567552
-10.0,2,124.572061
-10.0,1,124.575091
-10.0,4,124.58229
-10.0,1,124.585407
-10.0,1,124.588376
-10.0,2,124.592864
-10.0,2,124.597227
-10.0,1,124.60032
-10.0,4,124.60771
-10.0,1,124.610727
-10.0,2,124.615049
-10.0,2,124.619618
-10.0,1,124.623085
-10.0,5,124.632247
-10.0,7,124.643823
-10.0,2,124.648253
-10.0,1,124.651403
-10.0,2,124.655979
-10.0,3,124.661771
-10.0,4,124.669053
-10.0,1,124.672153
-10.0,1,124.675117
-10.0,2,124.679466
-10.0,2,124.683955
-10.0,1,124.687139
-10.0,1,124.690121
-10.0,11,124.707152
-10.0,1,124.71019
-10.0,4,124.717538
-10.0,2,124.722053
-10.0,1,124.72502
-10.0,1,124.727926
-10.0,1,124.730759
-10.0,1,124.73638
-10.0,4,124.769602
-10.0,4,124.778991
-10.0,2,124.785283
-10.0,1,124.789337
-10.0,1,124.794019
-10.0,1,124.79909
-10.0,4,124.810827
-10.0,4,124.822897
-10.0,10,124.849295
-10.0,1,124.854207
-10.0,2,124.861284
-24.9,2,124.866949
-10.0,1,124.870723
-10.0,2,124.875252
-10.0,1,124.878356
-10.0,3,124.883964
-10.0,1,124.886748
-10.0,5,124.894826
-10.0,1,124.897681
-10.0,5,124.905693
-10.0,1,124.908548
-10.0,4,124.9152
-10.0,6,124.924605
-10.0,2,124.928758
-10.0,1,124.931467
-10.0,2,124.935628
-10.0,1,124.938355
-10.0,5,124.946397
-10.0,3,124.951859
-10.0,2,124.955971
-10.0,1,124.958775
-10.0,1,124.961481
-10.0,1,124.964144
-10.0,1,124.966982
-10.0,3,124.972307
-10.0,2,124.976338
-10.0,1,124.979001
-10.0,1,124.981708
-10.0,3,124.987166
-10.0,6,124.996404
-10.0,7,125.006631
-10.0,3,125.011836
-10.0,1,125.014432
-10.0,2,125.018426
-10.0,1,125.02119
-10.0,3,125.026306
-10.0,2,125.030145
-10.0,4,125.036593
-10.0,1,125.039281
-10.0,5,125.046787
-10.0,3,125.052236
-10.0,2,125.056335
-10.0,7,125.066392
-10.0,2,125.07056
-10.0,1,125.073238
-10.0,1,125.075834
-10.0,2,125.079616
-10.0,7,125.089809
-10.0,3,125.094972
-10.0,1,125.097556
-10.0,1,125.100486
-10.0,9,125.113003
-10.0,1,125.116134
-10.0,4,125.122591
-10.0,1,125.125201
-10.0,1,125.127752
-10.0,1,125.130321
-10.0,1,125.133656
-10.0,3,125.139123
-10.0,2,125.142991
-10.0,1,125.145573
-10.0,4,125.153799
-10.0,3,125.160904
-10.0,1,125.164948
-10.0,6,125.181058
-10.0,1,125.18609
-10.0,2,125.193197
-10.0,4,125.205669
-10.0,1,125.210668
-10.0,1,125.215661
-10.0,1,125.220544
-10.0,4,125.232307
-10.0,1,125.237261
-10.0,3,125.246747
-10.0,1,125.25102
-10.0,1,125.254766
-10.0,2,125.260492
-10.0,1,125.26374
-10.0,2,125.26826
-10.0,1,125.271049
-10.0,1,125.273754
-10.0,2,125.277642
-10.0,1,125.280172
-10.0,6,125.28915
-10.0,2,125.292974
-10.0,5,125.300661
-10.0,1,125.303324
-10.0,3,125.308232
-10.0,4,125.315011
-10.0,2,125.319181
-10.0,1,125.321717
-10.0,3,125.326651
-10.0,2,125.330679
-10.0,3,125.335973
-10.0,2,125.339799
-10.0,3,125.344731
-10.0,3,125.350138
-10.0,2,125.353989
-10.0,3,125.358902
-10.0,3,125.364251
-10.0,1,125.367066
-10.0,3,125.372142
-10.0,2,125.375875
-10.0,1,125.378457
-10.0,2,125.382324
-10.0,1,125.38498
-10.0,6,125.39366
-10.0,10,125.407141
-10.0,1,125.409846
-10.0,5,125.417289
-10.0,3,125.422284
-10.0,1,125.425153
-10.0,5,125.432718
-10.0,2,125.436587
-10.0,3,125.441605
-10.0,1,125.444216
-10.0,2,125.448023
-10.0,1,125.450735
-10.0,7,125.460594
-10.0,3,125.465623
-10.0,5,125.473126
-10.0,2,125.47694
-10.0,1,125.479458
-10.0,1,125.482116
-10.0,6,125.491002
-10.0,3,125.496034
-10.0,3,125.501095
-10.0,1,125.503781
-10.0,6,125.512367
-10.0,3,125.51743
-10.0,1,125.520209
-10.0,4,125.526368
-10.0,1,125.5289
-10.0,2,125.5327
-10.0,6,125.541581
-10.0,3,125.546596
-10.0,6,125.555606
-10.0,1,125.558295
-10.0,1,125.560832
-10.0,3,125.565828
-10.0,2,125.569934
-10.0,2,125.57394
-10.0,2,125.578152
-10.0,3,125.583396
-10.0,2,125.587286
-10.0,2,125.591045
-10.0,1,125.593562
-10.0,2,125.597283
-10.0,4,125.603791
-10.0,3,125.608796
-10.0,6,125.617522
-10.0,1,125.620167
-10.0,1,125.622701
-10.0,1,125.625196
-10.0,1,125.627714
-10.0,2,125.631647
-10.0,2,125.635636
-10.0,5,125.642928
-10.0,1,125.645529
-10.0,1,125.648769
-10.0,1,125.651603
-10.0,2,125.655387
-10.0,2,125.659088
-10.0,3,125.664149
-10.0,1,125.666924
-10.0,1,125.669548
-10.0,1,125.672104
-10.0,1,125.674645
-10.0,2,125.678444
-10.0,5,125.685982
-10.0,2,125.689774
-10.0,3,125.694858
-10.0,3,125.699948
-10.0,5,125.707322
-10.0,5,125.714789
-10.0,1,125.717585
-10.0,4,125.723717
-10.0,2,125.727646
-10.0,6,125.73626
-10.0,2,125.740059
-10.0,1,125.743648
-10.0,1,125.74627
-10.0,2,125.750186
-10.0,11,125.764796
-10.0,2,125.768805
-10.0,1,125.771406
-10.0,2,125.776101
-10.0,2,125.779884
-10.0,5,125.787303
-10.0,1,125.790616
-10.0,1,125.793274
-10.0,2,125.796978
-10.0,1,125.799712
-10.0,2,125.803512
-10.0,7,125.813282
-10.0,4,125.819988
-10.0,1,125.822632
-10.0,2,125.826366
-10.0,3,125.831338
-10.0,3,125.836563
-10.0,13,125.853746
-10.0,8,125.865329
-10.0,1,125.868109
-10.0,1,125.870641
-10.0,1,125.873232
-10.0,1,125.875726
-10.0,1,125.878325
-10.0,1,125.880876
-10.0,1,125.883587
-10.0,4,125.889763
-10.0,1,125.892296
-10.0,1,125.895
-10.0,2,125.898859
-10.0,5,125.906358
-10.0,2,125.910276
-10.0,4,125.916604
-10.0,1,125.919245
-10.0,1,125.921765
-10.0,2,125.92555
-10.0,2,125.92933
-10.0,1,125.931935
-10.0,2,125.935822
-10.0,1,125.938367
-10.0,5,125.945894
-10.0,9,125.958216
-10.0,5,125.9657
-10.0,1,125.968366
-10.0,1,125.970899
-10.0,3,125.977456
-10.0,4,125.985539
-10.0,2,125.99128
-10.0,2,125.997259
-10.0,2,126.003979
-10.0,4,126.016293
-10.0,3,126.025791
-10.0,2,126.032909
-10.0,2,126.04007
-10.0,1,126.044879
-10.0,1,126.049701
-10.0,3,126.059504
-10.0,2,126.066659
-10.0,5,126.079712
-10.0,6,126.091273
-10.0,2,126.095622
-10.0,4,126.102359
-10.0,1,126.133812
-10.0,4,126.145416
-10.0,3,126.155649
-10.0,2,126.162768
-10.0,2,126.169994
-10.0,1,126.17487
-10.0,1,126.179565
-10.0,2,126.186749
-10.0,4,126.196471
-10.0,4,126.204462
-10.0,1,126.207571
-10.0,2,126.211467
-10.0,2,126.21546
-10.0,5,126.222287
-10.0,1,126.224565
-10.0,1,126.226808
-10.0,5,126.233641
-10.0,2,126.237072
-10.0,11,126.250234
-10.0,2,126.253745
-10.0,1,126.256027
-10.0,2,126.259472
-10.0,1,126.261864
-10.0,1,126.264126
-10.0,1,126.266587
-10.0,1,126.26889
-10.0,1,126.271178
-10.0,5,126.277797
-10.0,3,126.28236
-10.0,2,126.285855
-10.0,6,126.293658
-10.0,4,126.299301
-10.0,4,126.304862
-10.0,2,126.308312
-10.0,2,126.311719
-10.0,3,126.316253
-10.0,2,126.319688
-10.0,4,126.326464
-10.0,1,126.328901
-10.0,2,126.332542
-10.0,2,126.336108
-10.0,1,126.338386
-10.0,2,126.341931
-10.0,1,126.344265
-10.0,1,126.346531
-10.0,5,126.353424
-10.0,3,126.357929
-10.0,2,126.361244
-10.0,3,126.365817
-10.0,1,126.368245
-10.0,3,126.372662
-10.0,2,126.376016
-10.0,1,126.378256
-10.0,2,126.381943
-10.0,3,126.386549
-10.0,2,126.389911
-10.0,3,126.394295
-10.0,3,126.399001
-10.0,4,126.40462
-10.0,2,126.40797
-10.0,1,126.410231
-10.0,2,126.413763
-10.0,3,126.418383
-10.0,3,126.422851
-10.0,2,126.426208
-10.0,2,126.42976
-10.0,4,126.435449
-10.0,5,126.442071
-10.0,2,126.445673
-10.0,10,126.457772
-10.0,2,126.461249
-10.0,2,126.464661
-10.0,1,126.467152
-10.0,1,126.46945
-10.0,7,126.478231
-10.0,1,126.48054
-10.0,2,126.484058
-10.0,1,126.486376
-10.0,7,126.495179
-10.0,2,126.498672
-10.0,1,126.501066
-10.0,1,126.503343
-10.0,1,126.505625
-10.0,1,126.508008
-10.0,2,126.511346
-10.0,4,126.516945
-10.0,4,126.522608
-10.0,6,126.530607
-10.0,1,126.533143
-10.0,1,126.535547
-10.0,2,126.539284
-10.0,5,126.546128
-10.0,2,126.549744
-10.0,1,126.552192
-10.0,1,126.554729
-10.0,1,126.557149
-10.0,1,126.559479
-10.0,5,126.566369
-10.0,3,126.571465
-10.0,1,126.573944
-10.0,2,126.577424
-10.0,4,126.583195
-10.0,4,126.589143
-10.0,4,126.594877
-10.0,6,126.603104
-10.0,1,126.60557
-10.0,3,126.610124
-10.0,1,126.612448
-10.0,2,126.615989
-10.0,1,126.618654
-10.0,8,126.628727
-10.0,2,126.632389
-10.0,2,126.636011
-10.0,6,126.643892
-10.0,6,126.652017
-10.0,2,126.655569
-10.0,4,126.66123
-10.0,2,126.665051
-10.0,2,126.669108
-10.0,1,126.671563
-10.0,2,126.675029
-10.0,3,126.67973
-10.0,1,126.682376
-10.0,2,126.685984
-10.0,4,126.691651
-10.0,4,126.697449
-10.0,2,126.701241
-10.0,1,126.703676
-10.0,3,126.70822
-10.0,1,126.710563
-10.0,1,126.71301
-10.0,4,126.718893
-10.0,1,126.721306
-10.0,4,126.727033
-10.0,1,126.729491
-10.0,2,126.733165
-10.0,7,126.742204
-10.0,1,126.745622
-10.0,1,126.74815
-10.0,8,131.363449
-10.0,4,131.372207
-10.0,2,131.376403
-10.0,3,131.382747
-10.0,3,131.387932
-10.0,3,131.392905
-10.0,3,131.398717
-10.0,1,131.401474
-10.0,1,131.404004
-10.0,5,131.411286
-10.0,2,131.41551
-10.0,3,131.420542
-10.0,3,131.426085
-10.0,2,131.429814
-10.0,1,131.432431
-10.0,2,131.436013
-10.0,1,131.438831
-10.0,2,131.44343
-10.0,6,131.451889
-10.0,2,131.455699
-10.0,2,131.459385
-10.0,2,131.463038
-10.0,1,131.465713
-10.0,1,131.468218
-10.0,1,131.47115
-10.0,4,131.47726
-10.0,4,131.483302
-10.0,1,131.485858
-10.0,2,131.489595
-10.0,1,131.492061
-10.0,1,131.494494
-10.0,2,131.498213
-10.0,2,131.501971
-10.0,2,131.50567
-10.0,2,131.509277
-10.0,6,131.517595
-10.0,4,131.523614
-10.0,4,131.529532
-10.0,8,131.540383
-10.0,8,131.551653
-10.0,4,131.590393
-10.0,3,131.601699
-10.0,2,131.609957
-10.0,4,131.624617
-10.0,1,131.630484
-10.0,6,131.64542
-10.0,3,131.652571
-10.0,1,131.655455
-10.0,6,131.66475
-10.0,1,131.667319
-10.0,3,131.672007
-10.0,2,131.675508
-10.0,3,131.680381
-10.0,1,131.682938
-10.0,2,131.686445
-10.0,2,131.689913
-10.0,1,131.692248
-10.0,2,131.696508
-10.0,1,131.699163
-10.0,1,131.701515
-10.0,3,131.706062
-10.0,4,131.711974
-10.0,2,131.715805
-10.0,1,131.718244
-10.0,2,131.721723
-10.0,1,131.724079
-10.0,3,131.728724
-10.0,1,131.731309
-10.0,2,131.734879
-10.0,14,131.752604
-10.0,1,131.755056
-10.0,3,131.759711
-10.0,1,131.762112
-10.0,2,131.765815
-10.0,2,131.769379
-10.0,3,131.774792
-10.0,6,131.783026
-10.0,1,131.78549
-10.0,3,131.790125
-10.0,2,131.7937
-10.0,1,131.796092
-10.0,1,131.798655
-10.0,3,131.803304
-10.0,1,131.805777
-10.0,1,131.808176
-10.0,2,131.811658
-10.0,1,131.814162
-10.0,3,131.818832
-10.0,1,131.821281
-10.0,2,131.824808
-10.0,3,131.829422
-10.0,1,131.831955
-10.0,1,131.834343
-10.0,1,131.836858
-10.0,1,131.839297
-10.0,3,131.843874
-10.0,3,131.848631
-10.0,1,131.851064
-10.0,2,131.854725
-10.0,3,131.859425
-10.0,7,131.868772
-10.0,4,131.874654
-10.0,2,131.87814
-10.0,3,131.882897
-10.0,1,131.885465
-10.0,5,131.892312
-10.0,2,131.895795
-10.0,3,131.900691
-10.0,2,131.904304
-10.0,2,131.907799
-10.0,8,131.91841
-10.0,1,131.920976
-10.0,1,131.923344
-10.0,9,131.934747
-10.0,2,131.938351
-10.0,1,131.940743
-10.0,1,131.943096
-10.0,1,131.945429
-10.0,3,131.950617
-10.0,2,131.954225
-10.0,1,131.956579
-10.0,1,131.958945
-10.0,1,131.961289
-10.0,2,131.965021
-10.0,3,131.969777
-10.0,1,131.972218
-10.0,2,131.975806
-10.0,3,131.98087
-10.0,2,131.984603
-10.0,1,131.987049
-10.0,1,131.989475
-10.0,1,131.991913
-10.0,3,131.996794
-10.0,1,131.999394
-10.0,2,132.002996
-10.0,3,132.007733
-10.0,1,132.01016
-10.0,1,132.012825
-10.0,3,132.017857
-10.0,2,132.021493
-10.0,1,132.023925
-10.0,2,132.02752
-10.0,3,132.032523
-10.0,1,132.035053
-10.0,3,132.039782
-10.0,3,132.044689
-10.0,2,132.048531
-10.0,2,132.05223
-10.0,2,132.05585
-10.0,1,132.058287
-10.0,1,132.060806
-10.0,2,132.064633
-10.0,1,132.067148
-10.0,3,132.071882
-10.0,1,132.074378
-10.0,1,132.076889
-10.0,1,132.079357
-10.0,4,132.085486
-10.0,1,132.08797
-10.0,4,132.093986
-37.2,7,132.103544
-10.0,2,132.107508
-10.0,1,132.110069
-10.0,6,132.11837
-10.0,1,132.120853
-10.0,2,132.124487
-10.0,1,132.126949
-10.0,1,132.129427
-10.0,3,132.13435
-10.0,2,132.138056
-10.0,3,132.142941
-10.0,2,132.146647
-10.0,2,132.150364
-10.0,1,132.15283
-10.0,2,132.157407
-10.0,4,132.164102
-10.0,2,132.168048
-10.0,6,135.722073
-10.0,9,135.750516
-10.0,1,135.754943
-10.0,5,135.767363
-10.0,1,135.771569
-10.0,6,135.786178
-10.0,4,135.800188
-10.0,1,135.806921
-10.0,2,135.814335
-10.0,2,135.820615
-10.0,7,135.837146
-10.0,4,135.847733
-10.0,1,135.851988
-10.0,4,135.864774
-10.0,3,135.873257
-10.0,2,135.879808
-10.0,1,135.883917
-10.0,2,135.889722
-10.0,6,135.903631
-10.0,2,135.909742
-10.0,4,135.919931
-10.0,3,135.928251
-10.0,1,135.93275
-10.0,9,135.951968
-10.0,1,135.955995
-10.0,2,135.961938
-10.0,8,135.97947
-10.0,2,135.985428
-10.0,7,136.001397
-10.0,2,136.00846
-10.0,7,136.027237
-10.0,4,136.039658
-10.0,2,136.047036
-10.0,7,136.065909
-10.0,1,136.071064
-10.0,2,136.079064
-10.0,3,136.093471
-10.0,1,136.10241
-10.0,3,136.113796
-10.0,1,136.120013
-10.0,3,136.130858
-10.0,1,136.136485
-10.0,2,136.144913
-10.0,2,136.15342
-10.0,3,136.164612
-10.0,8,136.188084
-10.0,1,136.193241
-10.0,2,136.201229
-10.0,11,136.234891
-10.0,15,136.285431
-10.0,6,136.301359
-10.0,4,136.311387
-10.0,1,136.315918
-10.0,4,136.325329
-10.0,2,136.331331
-10.0,1,136.33526
-10.0,5,136.346774
-10.0,1,136.350729
-10.0,1,136.354825
-10.0,6,136.367932
-10.0,4,136.377388
-10.0,1,136.381485
-10.0,3,136.389561
-10.0,1,136.393466
-10.0,2,136.399428
-10.0,5,136.411015
-10.0,2,136.417736
-10.0,10,136.458482
-10.0,2,136.466673
-10.0,2,136.47768
-10.0,4,136.490539
-10.0,1,136.494814
-10.0,2,136.501267
-10.0,1,136.505488
-10.0,4,136.517846
-10.0,3,136.526205
-10.0,1,136.531266
-10.0,3,136.539891
-10.0,2,136.546644
-10.0,2,136.552517
-10.0,3,136.559878
-10.0,2,136.566065
-10.0,3,136.573344
-10.0,5,136.584558
-10.0,1,136.588416
-10.0,2,136.594397
-10.0,6,136.607227
-10.0,2,136.613432
-10.0,3,136.62143
-10.0,6,136.634658
-10.0,4,136.643486
-10.0,1,136.647269
-10.0,1,136.65083
-10.0,3,136.657888
-10.0,2,136.663288
-10.0,15,136.690649
-10.0,3,136.697738
-10.0,3,136.704848
-10.0,4,136.713553
-10.0,2,136.719029
-10.0,1,136.722669
-10.0,2,136.727872
-10.0,6,136.740019
-10.0,2,136.745226
-10.0,4,136.753674
-10.0,1,136.757076
-10.0,5,136.766989
-10.0,10,136.784959
-10.0,2,136.789999
-10.0,1,136.793345
-10.0,7,136.806395
-10.0,2,136.811448
-10.0,1,136.815879
-10.0,1,136.819332
-10.0,1,136.822645
-10.0,2,136.827561
-10.0,5,136.837849
-10.0,9,136.854234
-10.0,1,136.857688
-10.0,3,136.864289
-10.0,4,136.872121
-10.0,3,136.878651
-10.0,6,136.889601
-10.0,1,136.892959
-10.0,2,136.897901
-10.0,2,136.90268
-10.0,4,136.910518
-10.0,7,136.923054
-10.0,3,136.931669
-10.0,2,136.93769
-10.0,3,136.946465
-10.0,1,136.950388
-10.0,4,136.961417
-10.0,1,136.96643
-10.0,1,136.97123
-10.0,2,136.978559
-10.0,2,136.985929
-10.0,4,136.997831
-10.0,1,137.002683
-10.0,6,137.01979
-10.0,9,137.061182
-10.0,2,137.07056
-10.0,2,137.079069
-10.0,3,137.090257
-10.0,1,137.095906
-10.0,10,137.120788
-10.0,2,137.125888
-10.0,1,137.129092
-10.0,5,137.137766
-10.0,4,137.144961
-10.0,1,137.148286
-10.0,5,137.156701
-10.0,6,137.166543
-10.0,5,137.174826
-10.0,5,137.183404
-10.0,1,137.186346
-10.0,2,137.190555
-10.0,1,137.193349
-10.0,1,137.196552
-10.0,1,137.199444
-10.0,1,137.202277
-10.0,1,137.205082
-10.0,3,137.21156
-10.0,1,137.215094
-10.0,2,137.220415
-10.0,1,137.224194
-10.0,6,137.23943
-10.0,2,137.246861
-10.0,4,137.258835
-10.0,2,137.266123
-10.0,8,137.286987
-10.0,6,137.303427
-10.0,2,137.310614
-10.0,3,137.31921
-10.0,10,137.336192
-10.0,5,137.346906
-10.0,6,137.366419
-10.0,4,137.381878
-10.0,5,137.398819
-10.0,5,137.414655
-10.0,3,137.421482
-10.0,3,137.42831
-10.0,2,137.43714
-10.0,1,137.44331
-10.0,3,137.453604
-10.0,3,137.460538
-10.0,2,137.466523
-10.0,3,137.473911
-10.0,4,137.483752
-10.0,3,137.491086
-10.0,1,137.496466
-10.0,4,137.506808
-10.0,3,137.515318
-10.0,5,137.525615
-10.0,3,137.532179
-10.0,1,137.535497
-10.0,2,137.541299
-10.0,3,137.548835
-10.0,3,137.555864
-10.0,3,137.563709
-10.0,1,137.567484
-10.0,3,137.575407
-10.0,2,137.581286
-10.0,9,137.600553
-10.0,7,137.614153
-10.0,1,137.617547
-10.0,10,137.639692
-10.0,4,137.652349
-10.0,3,137.662324
-10.0,2,137.667859
-10.0,1,137.671577
-10.0,6,137.684632
-10.0,3,137.691707
-10.0,5,137.703897
-10.0,4,137.712383
-10.0,2,137.717494
-10.0,1,137.720949
-10.0,3,137.728951
-10.0,1,137.733605
-10.0,2,137.741274
-10.0,7,137.75451
-10.0,5,137.764266
-10.0,2,137.769276
-10.0,3,137.776819
-10.0,3,137.784504
-10.0,7,137.801111
-10.0,4,137.812952
-10.0,4,137.822123
-10.0,1,137.826213
-10.0,2,137.834723
-10.0,1,137.838598
-10.0,4,137.84778
-10.0,2,137.852963
-10.0,12,137.880852
-10.0,3,137.89176
-10.0,2,137.897627
-10.0,1,137.901541
-10.0,3,137.909635
-10.0,10,137.934261
-10.0,8,137.966232
-10.0,2,137.976177
-10.0,12,138.014049
-10.0,3,138.024767
-10.0,6,138.044852
-10.0,2,138.052766
-10.0,3,138.062608
-10.0,5,138.078176
-10.0,2,138.087776
-10.0,8,138.120456
-10.0,4,138.133554
-10.0,2,138.142201
-10.0,3,138.153919
-10.0,3,138.165816
-10.0,3,138.178482
-10.0,1,138.184079
-10.0,2,138.192532
-10.0,3,138.203319
-10.0,2,138.211741
-10.0,6,138.232274
-10.0,1,138.237339
-10.0,1,138.242283
-10.0,2,138.249921
-10.0,7,138.267742
-10.0,9,138.28813
-10.0,1,138.292139
-10.0,7,138.307904
-10.0,2,138.314347
-10.0,3,138.322637
-10.0,3,138.329698
-10.0,6,138.341807
-10.0,2,138.347431
-10.0,2,138.354323
-10.0,1,138.358367
-10.0,3,138.366362
-10.0,1,138.371804
-10.0,1,138.400244
-10.0,4,138.412555
-10.0,2,138.418805
-10.0,3,138.425817
-10.0,4,138.435523
-10.0,1,138.439914
-10.0,9,138.460417
-10.0,5,138.472372
-10.0,6,138.487454
-10.0,3,138.495834
-10.0,2,138.501928
-10.0,1,138.505912
-10.0,1,138.50984
-10.0,2,138.517025
-10.0,3,138.525094
-10.0,1,138.529492
-10.0,3,138.537508
-10.0,1,138.541598
-10.0,2,138.54819
-10.0,6,138.562729
-10.0,3,138.570803
-10.0,8,138.58895
-10.0,2,138.595987
-10.0,1,138.600345
-10.0,1,138.604289
-10.0,1,138.607952
-10.0,1,138.611742
-10.0,4,138.62031
-10.0,2,138.627435
-10.0,7,138.64648
-10.0,4,138.658699
-10.0,3,138.668923
-10.0,5,138.683897
-10.0,1,138.689501
-10.0,1,138.694607
-10.0,1,138.69984
-10.0,6,138.717816
-10.0,2,138.725173
-10.0,1,138.73024
-10.0,1,138.735513
-10.0,4,138.745598
-10.0,1,138.749185
-10.0,2,138.754394
-10.0,3,138.761231
-10.0,4,138.769942
-10.0,1,138.773484
-10.0,2,138.779043
-10.0,22,138.817452
-10.0,1,138.820923
-10.0,4,138.830175
-10.0,5,138.839987
-10.0,2,138.845279
-10.0,9,138.861735
-10.0,7,138.874613
-10.0,3,138.884522
-10.0,1,138.889257
-10.0,1,138.894308
-10.0,8,138.916144
-10.0,2,138.923563
-10.0,7,138.951287
-10.0,1,138.956844
-10.0,3,138.967378
-10.0,6,138.992622
-10.0,4,139.008181
-10.0,4,139.0225
-10.0,11,139.05788
-10.0,1,139.064155
-10.0,2,139.072254
-10.0,1,139.078602
-10.0,5,139.095965
-10.0,3,139.107144
-10.0,8,139.130969
-10.0,11,139.161885
-10.0,1,139.166012
-10.0,13,139.193745
-10.0,4,139.203109
-10.0,2,139.208566
-10.0,1,139.212489
-10.0,3,139.219551
-10.0,12,139.243021
-10.0,2,139.248706
-10.0,1,139.252722
-10.0,1,139.256471
-10.0,6,139.269343
-10.0,10,139.291917
-10.0,7,139.313998
-10.0,1,139.318801
-10.0,1,139.324189
-10.0,1,139.329915
-10.0,4,139.342034
-10.0,2,139.348459
-10.0,4,139.359445
-10.0,1,139.365045
-10.0,4,139.377343
-10.0,1,139.382151
-10.0,2,139.389296
-10.0,12,139.418155
-10.0,4,139.428929
-10.0,1,139.433266
-10.0,2,139.439438
-10.0,5,139.454079
-10.0,1,139.459563
-10.0,1,139.465805
-10.0,5,139.484104
-10.0,5,139.502153
-10.0,2,139.51098
-10.0,4,139.525243
-10.0,1,139.530664
-10.0,1,139.534886
-10.0,4,139.54529
-10.0,2,139.550273
-10.0,1,139.553639
-10.0,1,139.556846
-10.0,2,139.56168
-10.0,3,139.568159
-10.0,2,139.573451
-10.0,8,139.587572
-10.0,1,139.590939
-10.0,2,139.59612
-10.0,3,139.602478
-10.0,3,139.608768
-10.0,1,139.61232
-10.0,4,139.620127
-10.0,2,139.624908
-10.0,2,139.629899
-10.0,2,139.634665
-10.0,3,139.641022
-10.0,10,139.658206
-10.0,3,139.664678
-10.0,6,139.67672
-10.0,8,139.690834
-10.0,2,139.695603
-10.0,1,139.698778
-10.0,4,139.706341
-10.0,2,139.710964
-10.0,2,139.7156
-10.0,2,139.720097
-10.0,3,139.726094
-10.0,1,139.729345
-10.0,3,139.735357
-10.0,4,139.744517
-10.0,4,139.775445
-10.0,1,139.780411
-10.0,7,139.802327
-10.0,1,139.807978
-10.0,3,139.81895
-10.0,4,139.833673
-10.0,1,139.839442
-10.0,1,139.845052
-10.0,2,139.853515
-10.0,3,139.864372
-10.0,6,139.877478
-10.0,1,139.881237
-10.0,8,139.893678
-10.0,1,139.896955
-10.0,7,139.907886
-10.0,3,139.914303
-10.0,2,139.918595
-10.0,2,139.922842
-10.0,10,139.942595
-10.0,2,139.949368
-10.0,3,139.958469
-10.0,4,139.970368
-10.0,1,139.975286
-10.0,1,139.980366
-10.0,1,139.985209
-10.0,2,139.992526
-10.0,2,139.999971
-10.0,2,140.00717
-10.0,1,140.012223
-10.0,3,140.021698
-10.0,11,140.047245
-10.0,7,140.066756
-10.0,13,140.100694
-10.0,7,140.12035
-10.0,3,140.130293
-10.0,2,140.136547
-10.0,2,140.142005
-10.0,4,145.625499
-10.0,1,145.628401
-10.0,1,145.631094
-10.0,1,145.6341
-10.0,3,145.640822
-10.0,2,145.646995
-10.0,4,145.655307
-10.0,1,145.659223
-10.0,2,145.664805
-10.0,7,145.678876
-10.0,2,145.685381
-10.0,3,145.698701
-10.0,5,145.714019
-10.0,1,145.720099
-10.0,2,145.728073
-10.0,1,145.733319
-10.0,2,145.74093
-10.0,1,145.746339
-10.0,7,145.764727
-10.0,2,145.770121
-10.0,2,145.774932
-10.0,6,145.784784
-10.0,4,145.791248
-10.0,3,145.796637
-10.0,1,145.799385
-10.0,4,145.80572
-10.0,4,145.81313
-10.0,2,145.81713
-10.0,5,145.824684
-10.0,3,145.830056
-10.0,7,145.840011
-10.0,8,145.851267
-10.0,6,145.859999
-10.0,4,145.866251
-10.0,4,145.872384
-10.0,3,145.878448
-10.0,6,145.887059
-10.0,2,145.890867
-10.0,7,145.900899
-10.0,2,145.904696
-10.0,12,145.920815
-10.0,9,145.933699
-10.0,5,145.941193
-10.0,3,145.94657
-10.0,3,145.951536
-85.2,2,145.955884
-10.0,2,145.960016
-10.0,3,145.965
-10.0,5,145.972414
-10.0,3,145.977563
-10.0,1,145.980179
-10.0,8,145.992381
-10.0,3,145.997416
-10.0,3,146.003263
-10.0,4,146.009626
-10.0,2,146.013462
-10.0,2,146.017594
-10.0,3,146.023038
-10.0,2,146.026986
-10.0,4,146.033313
-10.0,1,146.036036
-10.0,3,146.040984
-10.0,3,146.046132
-10.0,4,146.052435
-10.0,2,146.056227
-10.0,5,146.063677
-10.0,1,146.066466
-10.0,2,146.070254
-10.0,6,146.079564
-10.0,5,146.087162
-10.0,6,146.095932
-10.0,6,146.104642
-10.0,1,146.107198
-10.0,7,146.117311
-10.0,4,146.123494
-10.0,4,146.129912
-10.0,3,146.134971
-10.0,4,146.141094
-10.0,2,146.145183
-10.0,7,146.155051
-10.0,2,146.158901
-10.0,1,146.16161
-10.0,5,146.168957
-10.0,8,146.180095
-10.0,2,146.183937
-10.0,1,146.186458
-10.0,16,146.207194
-10.0,11,146.222017
-10.0,3,146.227742
-10.0,2,146.231562
-10.0,2,146.235296
-10.0,1,146.237837
-10.0,12,146.254349
-10.0,5,146.262096
-10.0,1,146.264735
-10.0,3,146.269642
-10.0,9,146.282323
-10.0,1,146.28498
-10.0,2,146.288971
-10.0,4,146.295365
-10.0,3,146.300347
-10.0,1,146.302929
-10.0,1,146.305542
-10.0,1,146.308135
-10.0,1,146.310863
-10.0,7,146.320646
-10.0,2,146.324439
-10.0,2,146.328388
-10.0,2,146.332164
-10.0,7,146.342035
-10.0,5,146.349467
-10.0,5,146.356989
-10.0,2,146.360953
-10.0,2,146.364736
-10.0,5,146.372114
-10.0,2,146.37625
-10.0,3,146.381585
-10.0,3,146.386841
-10.0,3,146.391924
-10.0,4,146.39821
-10.0,3,146.403246
-10.0,3,146.408239
-10.0,3,146.413319
-10.0,6,146.421987
-10.0,4,146.428302
-10.0,1,146.431364
-10.0,2,146.435687
-10.0,1,146.438341
-10.0,2,146.442926
-10.0,1,146.445991
-10.0,5,146.453431
-10.0,3,146.458469
-10.0,3,146.463895
-10.0,7,149.225266
-10.0,3,149.235622
-10.0,6,149.255646
-10.0,2,149.26933
-10.0,5,149.317775
-10.0,6,149.335411
-10.0,9,149.36184
-10.0,13,149.402942
-10.0,15,149.44204
-10.0,6,149.459296
-10.0,11,149.492199
-10.0,2,149.500045
-10.0,9,149.52479
-10.0,21,149.594244
-10.0,2,149.605382
-10.0,11,149.662625
-10.0,31,149.802162
-10.0,5,149.825351
-10.0,14,149.885691
-10.0,17,149.952707
-10.0,8,149.993133
-10.0,5,150.018756
-10.0,6,150.055345
-10.0,3,150.069807
-10.0,18,150.133189
-10.0,6,150.153406
-10.0,8,150.179477
-10.0,7,150.199748
-10.0,10,150.229339
-10.0,7,150.248803
-10.0,2,150.256589
-10.0,7,150.275472
-10.0,20,150.322391
-10.0,23,150.374077
-10.0,27,150.43319
-10.0,1,150.437512
-10.0,2,150.443794
-10.0,25,150.49787
-10.0,1,150.502275
-10.0,3,150.510309
-10.0,10,150.53186
-10.0,4,150.541601
-10.0,14,150.576817
-10.0,3,150.586399
-10.0,8,150.608594
-10.0,15,150.648583
-10.0,2,150.678298
-10.0,3,150.691349
-10.0,3,150.70377
-10.0,4,150.719136
-10.0,7,150.742612
-10.0,13,150.778328
-10.0,6,150.790497
-10.0,5,150.800515
-10.0,14,150.825724
-10.0,9,150.84228
-10.0,4,150.850663
-10.0,11,150.8703
-10.0,4,150.87879
-10.0,1,150.882289
-10.0,12,150.90339
-10.0,56,150.992929
-10.0,1,150.996323
-10.0,14,151.020889
-10.0,4,151.02968
-10.0,9,151.045565
-10.0,12,151.069886
-10.0,11,151.097816
-10.0,3,151.107272
-10.0,1,151.112141
-10.0,14,151.146694
-10.0,26,151.191676
-10.0,1,151.194745
-10.0,17,151.22018
-10.0,1,151.223285
-10.0,36,151.276078
-10.0,1,151.279141
-10.0,4,151.286195
-10.0,10,151.301922
-10.0,1,151.305074
-10.0,2,151.30961
-10.0,7,151.320444
-10.0,3,151.326171
-10.0,3,151.331733
-10.0,3,151.337567
-10.0,5,151.345986
-10.0,3,151.351511
-10.0,2,151.355893
-10.0,17,151.380387
-10.0,6,151.390006
-10.0,4,151.39698
-10.0,4,151.404782
-10.0,2,151.409201
-10.0,1,151.412076
-10.0,9,151.425689
-10.0,28,151.464973
-34.8,2,151.469236
-10.0,22,151.500715
-10.0,2,151.505
-10.0,7,151.51608
-10.0,23,151.548963
-10.0,4,151.555916
-10.0,3,151.561661
-10.0,1,151.564477
-10.0,2,151.568474
-10.0,1,151.571141
-10.0,5,151.579293
-10.0,20,151.606768
-10.0,8,151.618693
-10.0,20,151.647865
-10.0,7,151.658736
-10.0,14,151.678252
-10.0,17,151.701764
-10.0,4,151.70858
-10.0,5,151.7165
-10.0,3,151.721861
-10.0,6,151.731178
-10.0,1,151.733933
-10.0,3,151.739338
-10.0,2,151.743575
-10.0,10,151.758564
-10.0,3,151.763947
-10.0,12,151.781016
-10.0,8,151.793004
-10.0,4,151.799711
-10.0,10,151.814116
-10.0,3,151.819621
-10.0,9,151.832742
-10.0,3,151.838149
-10.0,2,151.842332
-10.0,17,151.866127
-10.0,6,151.875454
-10.0,6,151.884641
-10.0,1,151.887377
-10.0,2,151.891514
-10.0,11,151.907232
-10.0,15,151.928839
-10.0,8,151.940624
-10.0,6,151.950807
-10.0,19,151.976879
-10.0,6,151.985777
-10.0,8,151.997419
-10.0,15,152.054568
-10.0,4,152.0667
-10.0,26,152.127536
-10.0,2,152.132626
-10.0,21,152.160983
-10.0,1,152.163656
-10.0,2,152.167519
-10.0,2,152.171309
-10.0,4,152.177569
-10.0,8,152.188839
-10.0,16,152.209793
-10.0,5,152.217289
-10.0,10,152.230818
-10.0,4,152.23705
-10.0,7,152.246936
-10.0,4,152.253156
-10.0,4,152.259411
-10.0,5,152.266884
-10.0,4,152.2732
-10.0,41,152.325361
-10.0,7,152.335212
-10.0,7,152.345598
-10.0,18,152.368855
-10.0,1,152.371546
-10.0,5,152.379068
-10.0,13,152.396174
-10.0,7,152.406185
-10.0,22,152.434947
-10.0,9,152.447316
-10.0,2,152.451447
-10.0,6,152.460189
-10.0,8,152.471259
-10.0,5,152.478795
-10.0,34,157.62533
-10.0,1,157.628
-10.0,19,157.653413
-10.0,4,157.660248
-10.0,24,157.741105
-10.0,11,157.76571
-10.0,1,157.768757
-10.0,1,157.771854
-10.0,4,157.77919
-10.0,8,157.791866
-10.0,24,157.825772
-10.0,27,157.863748
-10.0,6,157.873577
-10.0,7,157.884474
-10.0,1,157.887397
-10.0,6,157.897023
-10.0,32,157.961541
-10.0,3,157.969934
-10.0,5,157.987435
-10.0,4,158.001939
-10.0,8,158.024273
-10.0,24,158.071334
-10.0,6,158.083979
-10.0,10,158.105072
-10.0,2,158.110344
-10.0,22,158.153469
-10.0,7,158.16877
-10.0,2,158.175331
-10.0,5,158.187531
-10.0,2,158.192967
-10.0,8,158.207874
-10.0,2,158.213399
-10.0,9,158.23398
-10.0,1,158.238885
-10.0,9,158.269234
-10.0,10,158.299785
-10.0,13,158.340178
-10.0,3,158.352539
-10.0,5,158.365498
-10.0,5,158.382631
-10.0,2,158.391717
-10.0,2,158.402085
-10.0,2,158.412353
-10.0,8,158.442208
-10.0,3,158.456561
-10.0,7,158.482677
-10.0,10,158.518331
-10.0,11,158.551786
-10.0,8,158.574656
-10.0,6,158.593647
-10.0,10,158.641463
-10.0,4,158.658531
-10.0,5,158.675461
-10.0,15,158.721553
-10.0,1,158.728304
-10.0,12,158.765853
-10.0,5,158.77979
-10.0,2,158.786658
-10.0,4,158.798306
-10.0,7,158.819491
-10.0,5,158.855103
-10.0,7,158.884377
-10.0,4,158.902521
-10.0,13,158.948898
-10.0,5,158.974829
-10.0,6,159.004682
-10.0,1,159.011845
-10.0,1,159.01958
-50.0,192,162.364136
-10.0,7,162.379123
-10.0,121,162.630049
-50.0,192,162.978094
-10.0,6,162.992384
-10.0,140,163.3346
-10.0,12,163.369116
-10.0,16,163.416378
-10.0,133,163.820888
-10.0,78,164.015876
-10.0,37,164.11885
-10.0,64,164.341669
-50.0,170,164.748293
-10.0,120,165.066671
-10.0,62,165.218523
-10.0,132,171.286524
-10.0,45,171.370108
-10.0,16,171.395863
-10.0,122,171.574882
-10.0,131,171.755648
-10.0,23,171.788768
-10.0,171,172.014674
-10.0,129,174.994261
-10.0,182,175.584661
-10.0,138,175.981248
-10.0,162,176.292828
-10.0,83,176.428628
-10.0,101,176.612885
-10.0,39,176.683732
-10.0,124,176.862479
-10.0,37,176.914945
-10.0,40,176.970904
-10.0,123,177.179301
-10.0,37,177.231645
-10.0,66,177.322026
-10.0,133,177.490582
-10.0,106,183.736734
-10.0,130,184.005196
-10.0,88,184.199551
8.7,142,184.60994
-10.0,126,184.927359
-10.0,147,187.851343
-10.0,152,188.152495
-10.0,264,188.625571
-10.0,114,188.852626
-10.0,140,189.143506
-10.0,183,189.564281
-10.0,31,189.655855
-10.0,143,190.013141
-10.0,134,190.288966
-10.0,189,190.772312
-10.0,184,197.329494
6.6,135,197.487385
-10.0,138,197.65019
-10.0,183,197.867741
-10.0,142,200.928629
-10.0,6,200.954648
-10.0,113,201.291003
-10.0,217,201.949267
-10.0,195,202.344878
-10.0,226,202.736043
-10.0,244,203.114486
-10.0,217,203.42918
-10.0,124,208.823814
-10.0,110,208.959325
-10.0,41,209.015302
-10.0,97,209.172515
7.8,123,209.365496
-10.0,120,209.604481
-50.0,201,213.825253
-10.0,226,214.246487
-10.0,200,214.6668
-10.0,329,215.553061
-10.0,213,216.030281
-10.0,150,216.379295
-10.0,123,221.854841
-10.0,224,222.381224
-10.0,96,222.56245
-10.0,187,222.852418
-10.0,147,223.060121
-10.0,84,225.407914
-10.0,162,225.861016
-22.5,237,226.533073
-10.0,219,227.286088
-10.0,142,227.675663
3.0,130,227.947655
2.4,146,228.204646
-10.0,127,228.435561
-10.0,139,233.938746
9.0,165,234.270804
2.7,154,234.455045
7.5,131,234.616576
1.8,169,234.877999
1.2,148,238.438935
-10.0,172,238.799871
4.2,223,239.178245
1.2,142,239.397516
-10.0,198,239.68177
-10.0,148,239.887767
-2.1,226,240.27023
8.4,106,245.708813
1.5,135,246.102579
-10.0,210,246.562543
-2.4,217,247.036187
0.6,181,247.391765
2.4,192,250.132472
-10.0,164,250.514806
-3.9,125,250.821478
8.1,133,251.204577
-12.6,175,251.598101
0.0,163,252.008562
-10.0,178,252.502348
7.2,191,258.202547
3.9,165,258.436333
9.3,128,258.610766
6.3,127,258.779732
6.6,164,258.998904
3.0,123,259.184857
-0.6,217,262.807804
6.6,142,263.216581
1.2,212,263.668656
8.7,164,263.942567
4.2,144,264.172934
4.2,165,264.448593
-0.6,161,270.158452
-10.0,87,270.295639
-10.0,184,270.557661
-10.0,121,270.774484
2.4,153,271.162147
0.3,287,271.928007
-3.9,212,276.251773
6.6,168,276.922035
1.2,104,277.297383
5.7,123,277.786169
0.9,184,278.502959
8.1,105,278.94919
0.6,265,288.320901
-0.3,129,288.756172
4.5,222,289.367731
5.7,147,289.712956
3.0,174,290.10775
3.0,152,290.457741
1.8,124,290.751625
2.1,145,294.76739
3.3,174,295.189507
2.4,128,295.491255
-2.1,123,295.77978
-3.9,299,296.599582
2.7,154,305.487664
8.7,160,305.882159
7.8,161,306.291814
3.9,222,306.885831
3.6,192,307.567013
3.9,154,308.33883
6.3,184,312.215677
-0.3,179,312.853364
9.9,139,313.511222
5.4,160,314.13162
5.7,252,314.958349
3.0,217,323.550656
-10.0,155,324.157736
3.6,132,324.626326
0.3,191,325.324927
7.8,139,325.684918
-4.2,131,325.990645
10.8,139,326.319067
3.3,152,326.6757
-4.8,147,330.691381
10.8,180,331.175061
9.3,137,331.550173
9.6,147,331.909523
9.6,182,332.347925
2.4,225,341.568042
0.0,180,341.988976
10.5,150,342.340773
3.9,299,343.104792
4.8,168,343.559735
1.8,190,344.204154
6.0,148,348.386491
4.8,124,348.701583
2.7,235,349.508701
9.6,140,350.019761
8.4,115,350.398278
4.5,123,350.887436
4.2,174,360.866012
4.8,175,361.486002
5.1,166,362.021767
5.7,191,362.522609
6.6,186,362.959029
11.1,140,363.293942
8.7,135,363.682637
