#{"t_start": 1786829237.1354809, "env_id": "None"}
r,l,t
-10.0,2,0.04009
-10.0,1,0.045795
-10.0,1,0.053805
-10.0,1,0.060885
-43.5,1,0.069102
-10.0,1,0.077953
-61.2,2,0.089386
-51.3,1,0.094289
-10.0,2,0.104015
-39.6,3,0.117935
-48.9,1,0.125095
-10.0,1,0.132317
-44.1,3,0.145808
-10.0,1,0.152704
-10.0,1,0.157698
-10.0,1,0.162606
-10.0,1,0.167519
-10.0,1,0.173862
-10.0,2,0.181104
-10.0,1,0.186874
-54.9,1,0.195514
-10.0,1,0.203472
-10.0,1,0.210435
-47.4,1,0.217412
-53.4,1,0.222452
-10.0,4,0.234354
-10.0,1,0.239291
-10.0,5,0.253882
-69.6,1,0.258851
-10.0,1,0.263852
-10.0,1,0.26878
-10.0,1,0.273711
-10.0,2,0.281162
-10.0,1,0.286082
-38.1,1,0.290932
-93.0,2,0.298464
-23.1,1,0.303378
-10.0,1,0.308231
-41.4,1,0.313788
-10.0,2,0.321729
-10.0,2,0.329538
-10.0,1,0.334865
-10.0,1,0.339932
-10.0,2,0.348393
-25.8,1,0.353502
-10.0,2,0.36141
-10.0,1,0.366795
-54.0,1,0.37192
-10.0,1,0.377308
-10.0,3,0.387442
-10.0,2,0.395114
-10.0,1,0.400209
-10.0,2,0.408043
-10.0,1,0.413213
-10.0,2,0.420876
-25.5,2,0.428975
-47.1,1,0.434217
-10.0,1,0.440043
-10.0,1,0.44609
-10.0,1,0.453356
-10.0,1,0.461185
-43.2,1,0.467369
-10.0,1,0.474795
-10.0,1,0.483128
-43.2,1,0.489794
-10.0,2,0.499135
-43.8,2,0.507397
-10.0,1,0.512771
-36.3,1,0.518344
-30.6,1,0.523875
-10.0,1,0.529217
-49.5,1,0.534823
-10.0,1,0.545274
-10.0,1,0.551011
-10.0,1,0.556464
-36.3,1,0.561576
-10.0,1,0.56706
-10.0,1,0.572242
-10.0,1,0.57733
-10.0,1,0.583027
-10.0,1,0.588959
-10.0,1,0.594751
-31.8,2,0.604249
-10.0,2,0.612485
-10.0,1,0.620956
-10.0,1,0.629482
-10.0,2,0.640507
-10.0,1,0.64613
-10.0,1,0.65163
-10.0,1,0.656742
-69.6,1,0.662061
-43.2,1,0.667692
-30.9,1,0.672882
-10.0,3,0.683247
-10.0,1,0.688581
-45.3,1,0.69375
-44.1,2,0.701522
-56.7,1,0.707114
-48.3,2,0.714425
-41.1,2,0.722012
-42.9,2,0.72937
-10.0,1,0.734585
-10.0,1,0.739582
-10.0,2,0.74691
-10.0,1,0.751976
-30.9,1,0.756979
-10.0,3,0.766859
-10.0,1,0.77193
-32.1,1,0.776876
-22.8,2,0.784619
-25.8,1,0.789593
-10.0,1,0.794623
-44.4,1,0.799703
-36.3,1,0.805674
-56.7,1,0.810699
-10.0,1,0.816509
-44.4,1,0.822675
-10.0,1,0.82818
-35.4,2,0.837781
-54.6,2,0.846032
-39.6,3,0.863917
-42.9,2,0.871998
-10.0,2,0.87975
-31.2,4,0.893096
-10.0,1,0.900259
-10.0,1,0.905318
-47.4,1,0.910378
-10.0,1,0.915991
-10.0,1,0.921669
-70.8,1,0.92713
-68.1,1,0.932859
-64.5,2,0.942182
-42.9,1,0.949749
-10.0,1,0.955606
-34.2,1,0.960971
-10.0,1,0.968834
-61.8,1,0.97461
-49.2,1,0.979918
-10.0,2,0.988397
-36.9,1,0.994975
-10.0,1,1.000615
-48.3,2,1.008212
-10.0,1,1.015188
-10.0,4,1.028649
-10.0,1,1.036029
-46.8,4,1.050936
-10.0,1,1.056363
-10.0,2,1.064786
-10.0,1,1.072671
-38.7,1,1.078308
-10.0,1,1.084546
-48.3,2,1.093211
-10.0,1,1.098623
-45.3,1,1.104856
-10.0,1,1.110485
-10.0,1,1.115232
-10.0,1,1.12044
-93.3,1,1.125404
-10.0,2,1.132387
-67.2,1,1.137417
-10.0,3,1.146527
-10.0,2,1.153975
-44.4,1,1.158733
-42.9,1,1.163361
-49.2,1,1.168335
-30.3,4,1.17966
-10.0,1,1.185289
-44.4,1,1.189834
-45.0,1,1.194279
-70.8,1,1.198924
-41.1,2,1.206008
-10.0,1,1.210658
-48.6,3,1.220324
-42.0,2,1.228419
-38.7,1,1.235788
-10.0,1,1.243365
-48.6,1,1.252745
-10.0,1,1.260333
-10.0,3,1.275537
-10.0,2,1.287499
-48.3,2,1.300731
-40.2,1,1.308652
-10.0,1,1.315794
-10.0,2,1.32392
-44.4,1,1.331008
-41.7,2,1.343785
-28.8,1,1.352445
-10.0,2,1.365197
-34.2,2,1.377794
-23.1,1,1.386487
-10.0,1,1.391984
-35.4,2,1.399852
-10.0,1,1.406396
-43.2,1,1.415165
-10.0,1,1.424012
-42.3,1,1.432801
-37.8,2,1.443293
-46.8,1,1.448493
-10.0,1,1.453965
-10.0,2,1.461593
-30.9,1,1.466858
-10.0,2,1.474568
-53.7,2,1.482269
-10.0,1,1.48765
-10.0,1,1.492846
-38.7,1,1.501525
-10.0,1,1.510052
-10.0,1,1.518741
-10.0,2,1.531397
-10.0,1,1.537848
-48.9,1,1.542878
-10.0,3,1.55584
-33.6,1,1.564292
-10.0,1,1.572856
-93.3,1,1.579072
-43.2,1,1.585757
-10.0,1,1.591318
-25.8,1,1.596992
-10.0,1,1.603975
-10.0,1,1.61043
-10.0,1,1.616069
-62.1,2,1.625862
-64.8,1,1.632434
-32.1,1,1.638442
-45.0,1,1.645118
-10.0,1,1.651709
-35.7,1,1.658354
-10.0,1,1.664141
-10.0,2,1.675074
-24.9,2,1.684116
-31.2,1,1.690536
-10.0,1,1.697395
-10.0,1,1.704486
-39.9,2,1.714524
-10.0,1,1.720947
-10.0,1,1.727598
-10.0,1,1.733193
-31.5,1,1.738644
-10.0,3,1.749574
-10.0,3,1.76039
-10.0,1,1.766799
-44.1,4,1.780365
-10.0,2,1.788732
-44.4,1,1.794365
-29.7,1,1.799769
-36.9,1,1.805957
-10.0,1,1.810675
-10.0,1,1.81548
-48.0,3,1.82507
-31.8,2,1.832008
-35.4,4,1.845195
-56.4,2,1.852268
-49.8,1,1.856961
-72.6,1,1.861596
-47.7,1,1.866346
-10.0,1,1.872465
-10.0,1,1.877448
-40.2,1,1.882352
-10.0,3,1.892966
-49.2,2,1.900977
-10.0,1,1.906324
-10.0,1,1.9113
-10.0,1,1.916489
-40.2,1,1.921455
-65.4,1,1.926409
-45.3,1,1.931559
-10.0,2,1.938872
-65.4,1,1.943804
-42.9,1,1.948943
-49.8,1,1.953941
-10.0,1,1.95885
-10.0,1,1.964029
-35.7,1,1.969073
-10.0,3,1.978912
-36.9,1,1.984132
-10.0,4,1.997211
-54.0,1,2.003306
-42.3,2,2.011302
-67.2,1,2.01662
-33.6,1,2.021749
-48.6,1,2.027595
-56.7,1,2.032779
-10.0,3,2.042466
-42.3,1,2.047676
-37.8,3,2.057309
-25.2,1,2.063444
-10.0,1,2.068493
-43.8,3,2.078326
-10.0,1,2.083266
-43.2,1,2.088202
-46.5,2,2.096215
-10.0,1,2.101173
-31.5,3,2.111046
-10.0,1,2.116006
-43.2,1,2.120912
-48.9,1,2.126334
-61.8,1,2.131298
-35.7,1,2.136247
-35.7,1,2.141498
-45.3,1,2.146431
-10.0,1,2.151361
-10.0,2,2.158902
-10.0,2,2.166224
-10.0,1,2.171377
-42.3,1,2.176308
-10.0,1,2.181217
-40.2,1,2.186242
-10.0,1,2.191204
-10.0,1,2.19612
-25.8,1,2.201014
-10.0,1,2.206512
-45.0,1,2.211366
-48.6,1,2.216278
-48.9,1,2.221846
-10.0,1,2.227018
-10.0,4,2.244589
-10.0,2,2.258806
-10.0,1,2.267485
-10.0,1,2.276326
-25.8,1,2.286231
-54.6,2,2.300331
-10.0,1,2.310186
-10.0,2,2.323521
-53.7,1,2.335198
-10.0,2,2.346252
-47.4,1,2.351779
-31.2,1,2.361836
-39.6,6,2.381394
-35.7,1,2.386349
-25.8,1,2.391225
-38.4,1,2.396649
-10.0,1,2.401566
-41.1,1,2.406505
-10.0,1,2.413676
-10.0,1,2.419256
-10.0,1,2.424141
-10.0,1,2.429397
-10.0,2,2.436707
-10.0,1,2.441907
-31.5,1,2.44683
-43.2,1,2.451686
-10.0,1,2.456693
-53.4,3,2.466331
-10.0,1,2.471165
-61.5,1,2.476624
-10.0,2,2.48394
-48.6,1,2.489665
-45.0,2,2.500411
-10.0,1,2.506994
-85.5,1,2.515824
-10.0,2,2.529299
-10.0,1,2.539107
-10.0,1,2.547218
-48.3,2,2.559652
-72.6,1,2.568432
-44.4,1,2.576785
-45.0,1,2.584777
-10.0,1,2.594809
-10.0,1,2.604467
-87.0,1,2.612276
-10.0,1,2.617741
-10.0,1,2.623709
-10.0,1,2.629599
-49.8,1,2.638617
-56.7,1,2.646581
-10.0,1,2.655262
-10.0,1,2.663071
-54.3,3,2.676152
-43.2,1,2.682799
-10.0,1,2.689195
-10.0,1,2.695117
-10.0,2,2.704836
-42.3,1,2.710762
-45.3,1,2.717373
-47.7,1,2.723442
-70.5,2,2.733742
-10.0,1,2.739668
-10.0,2,2.748408
-93.0,2,2.757931
-48.6,1,2.76592
-42.6,1,2.771687
-25.2,1,2.777783
-45.3,1,2.783167
-10.0,1,2.788472
-10.0,1,2.794018
-48.6,1,2.800609
-28.8,1,2.80699
-10.0,1,2.814154
-39.9,2,2.824003
-29.7,1,2.830428
-10.0,1,2.836384
-53.1,2,2.84604
-10.0,1,2.851701
-65.4,1,2.858855
-48.6,1,2.865099
-25.8,1,2.871822
-42.3,2,2.880639
-10.0,2,2.892641
-54.6,2,2.902795
-49.2,1,2.908394
-10.0,1,2.9139
-10.0,2,2.922278
-30.0,4,2.940266
-10.0,2,2.95237
-44.7,1,2.958782
-10.0,3,2.97423
-10.0,1,2.979741
-32.1,1,2.985678
-31.2,1,2.992594
-10.0,1,3.001571
-10.0,1,3.00777
-52.8,5,3.026706
-54.0,1,3.033072
-10.0,1,3.040954
-10.0,1,3.050218
-39.3,4,3.064293
-10.0,1,3.069456
-10.0,1,3.074493
-31.2,1,3.081256
-10.0,1,3.0876
-28.5,2,3.100123
-10.0,1,3.10774
-10.0,3,3.121758
-39.0,1,3.129322
-29.4,2,3.139427
-10.0,1,3.147127
-25.2,1,3.153697
-34.5,1,3.160882
-10.0,1,3.166948
-31.5,1,3.173136
-51.3,1,3.178652
-70.2,3,3.191036
-10.0,5,3.213598
-10.0,1,3.21925
-28.8,1,3.224385
-10.0,3,3.234532
-10.0,3,3.246212
-10.0,1,3.254472
-33.9,2,3.263618
-10.0,1,3.269773
-10.0,1,3.277215
-10.0,2,3.286457
-33.6,1,3.291825
-36.3,1,3.297511
-10.0,1,3.302882
-10.0,1,3.308221
-10.0,1,3.314206
-10.0,1,3.320406
-72.6,1,3.325891
-10.0,3,3.338684
-39.0,1,3.345912
-53.4,2,3.356192
-10.0,1,3.362753
-10.0,1,3.368866
-10.0,2,3.377724
-42.3,1,3.384469
-43.2,2,3.398723
-10.0,2,3.410747
-33.6,1,3.418687
-10.0,4,3.440198
-10.0,1,3.448472
-67.5,1,3.456447
-10.0,2,3.472648
-32.1,1,3.480133
-10.0,1,3.488115
-44.7,2,3.500684
-10.0,1,3.513029
-47.4,1,3.523039
-10.0,1,3.529833
-65.4,1,3.53862
-10.0,1,3.548072
-10.0,1,3.555705
-10.0,1,3.562727
-10.0,1,3.570819
-47.4,1,3.575863
-53.4,2,3.581602
-10.0,1,3.586785
-42.6,3,3.592879
-10.0,3,3.598702
-10.0,1,3.60178
-10.0,1,3.604651
-10.0,1,3.607492
-38.1,1,3.610233
-62.1,1,3.613912
-28.8,1,3.617811
-10.0,2,3.625832
-10.0,1,3.632777
-30.6,1,3.6382
-67.5,1,3.644504
-10.0,5,3.663233
-54.9,1,3.669102
-10.0,1,3.675455
-10.0,2,3.684304
-10.0,1,3.690302
-10.0,1,3.698294
-10.0,1,3.706095
-30.9,3,3.717373
-44.4,1,3.722405
-69.3,2,3.731228
-47.1,2,3.740124
-30.3,2,3.749797
-10.0,2,3.761639
-41.1,1,3.769658
-54.9,1,3.775799
-93.3,1,3.782389
-72.6,1,3.78869
-32.1,1,3.795313
-10.0,2,3.804906
-10.0,1,3.812101
-10.0,1,3.819467
-10.0,1,3.827141
-10.0,1,3.836579
-10.0,1,3.844056
-10.0,1,3.853462
-35.7,1,3.862061
-10.0,1,3.870056
-43.2,1,3.877767
-40.5,3,3.897909
-25.2,1,3.908283
-10.0,3,3.931099
-35.1,1,3.943833
-43.8,4,3.969499
-10.0,1,3.979102
-32.1,1,3.990736
-10.0,1,4.003535
-10.0,1,4.014038
-10.0,1,4.023623
-31.8,2,4.045074
-69.3,2,4.058871
-10.0,1,4.067841
-44.7,1,4.076584
-40.5,3,4.093379
-10.0,1,4.102717
-10.0,2,4.117631
-10.0,2,4.13387
-35.1,3,4.154282
-10.0,3,4.170181
-45.3,1,4.17789
-10.0,5,4.199869
-45.3,1,4.206555
-10.0,2,4.215472
-10.0,2,4.223886
-10.0,1,4.228687
-10.0,2,4.235936
-10.0,1,4.240767
-54.0,1,4.245481
-33.9,2,4.253068
-10.0,1,4.258897
-10.0,2,4.266197
-10.0,1,4.272514
-49.2,1,4.277398
-10.0,2,4.284757
-70.8,1,4.289632
-41.1,1,4.294418
-10.0,1,4.299819
-42.9,2,4.30747
-49.5,1,4.31233
-44.4,1,4.31732
-10.0,1,4.32213
-42.3,1,4.326901
-42.0,1,4.332391
-35.1,1,4.338566
-10.0,1,4.343494
-10.0,1,4.34838
-70.5,2,4.35553
-54.6,2,4.362768
-10.0,2,4.369946
-69.3,2,4.377065
-54.0,1,4.382186
-56.4,2,4.389283
-38.7,1,4.394397
-10.0,1,4.399726
-70.5,2,4.408951
-10.0,1,4.415996
-44.4,1,4.421434
-10.0,2,4.429942
-47.4,1,4.438434
-10.0,1,4.443297
-10.0,1,4.449233
-10.0,1,4.454968
-65.4,1,4.460651
-10.0,1,4.466176
-44.4,2,4.474569
-10.0,1,4.480219
-39.0,1,4.485569
-10.0,4,4.503181
-61.8,1,4.510957
-10.0,1,4.516054
-10.0,3,4.530049
-48.9,1,4.538976
-85.5,1,4.547743
-10.0,2,4.560721
-45.0,1,4.566772
-67.2,2,4.578153
-10.0,1,4.58413
-33.6,1,4.589672
-10.0,2,4.597203
-48.9,1,4.602143
-10.0,2,4.609123
-10.0,1,4.613694
-10.0,1,4.618707
-42.9,1,4.625203
-10.0,1,4.62963
-41.1,1,4.633772
-10.0,3,4.642065
-10.0,3,4.650563
-10.0,1,4.653546
-40.2,1,4.656131
-36.0,2,4.659817
-10.0,1,4.662513
-10.0,1,4.665203
-10.0,1,4.667898
-10.0,2,4.671776
-48.6,3,4.676924
-44.7,1,4.679756
-45.3,1,4.682612
-42.3,2,4.688292
-42.0,3,4.696565
-41.4,1,4.700921
-42.0,1,4.705221
-45.3,1,4.709395
-61.5,1,4.713583
-31.8,2,4.719557
-10.0,1,4.723648
-10.0,1,4.727854
-10.0,2,4.734822
-10.0,1,4.739084
-10.0,1,4.743505
-43.5,4,4.7535
-48.6,3,4.762609
-31.2,2,4.77103
-10.0,3,4.782278
-39.6,3,4.793806
-10.0,3,4.808892
-10.0,1,4.81748
-38.7,1,4.826693
-10.0,1,4.834438
-10.0,2,4.846991
-10.0,2,4.856839
-86.7,2,4.867252
-45.3,1,4.872864
-48.6,2,4.883006
-10.0,1,4.888381
-38.7,2,4.897565
-10.0,3,4.907362
-10.0,1,4.912574
-10.0,1,4.917531
-10.0,2,4.925041
-54.0,1,4.930051
-41.1,1,4.93493
-33.0,3,4.945994
-54.0,1,4.951659
-10.0,1,4.957466
-67.8,2,4.964884
-10.0,1,4.971128
-30.9,1,4.97632
-10.0,1,4.981778
-10.0,1,4.988441
-25.5,2,4.995846
-10.0,1,5.002733
-38.4,1,5.008718
-45.0,2,5.017305
-10.0,2,5.024715
-10.0,3,5.036264
-42.6,1,5.044874
-56.7,1,5.050881
-10.0,1,5.055824
-35.7,1,5.060878
-10.0,1,5.067632
-10.0,2,5.075881
-10.0,2,5.084881
-44.7,1,5.090601
-54.9,1,5.096799
-51.3,1,5.102814
-32.1,1,5.107949
-10.0,2,5.117306
-10.0,2,5.1248
-10.0,1,5.132143
-10.0,4,5.146228
-48.6,1,5.154621
-10.0,1,5.160237
-43.5,1,5.166296
-10.0,2,5.175374
-44.4,1,5.181481
-47.4,1,5.18672
-41.1,1,5.192113
-72.6,1,5.197622
-42.6,1,5.202648
-10.0,1,5.207735
-44.4,1,5.212832
-48.0,3,5.222758
-33.6,1,5.227689
-68.1,1,5.233052
-10.0,2,5.240587
-10.0,2,5.248023
-10.0,1,5.253056
-47.4,1,5.258355
-54.6,2,5.265858
-10.0,3,5.275731
-35.4,2,5.283189
-10.0,2,5.29145
-38.7,1,5.296877
-10.0,1,5.302271
-38.7,1,5.307705
-34.2,1,5.31323
-31.8,2,5.3216
-10.0,1,5.327057
-10.0,3,5.338166
-10.0,4,5.35208
-10.0,1,5.357541
-36.3,1,5.362961
-60.9,3,5.373864
-48.3,2,5.383232
-10.0,3,5.393653
-67.2,1,5.39964
-10.0,1,5.404571
-10.0,1,5.409663
-48.3,3,5.420348
-10.0,1,5.425513
-10.0,1,5.431772
-72.6,1,5.438299
-10.0,1,5.444757
-53.4,1,5.451988
-10.0,2,5.462113
-10.0,2,5.473964
-56.7,1,5.481399
-10.0,1,5.488811
-38.4,2,5.498553
-41.1,2,5.507851
-10.0,3,5.521035
-40.8,2,5.533054
-10.0,1,5.539503
-10.0,2,5.550039
-10.0,2,5.559768
-72.6,1,5.566111
-49.8,1,5.572347
-48.9,2,5.581753
-31.2,1,5.587966
-69.6,1,5.593742
-10.0,1,5.598713
-48.6,1,5.60363
-67.2,2,5.61224
-10.0,2,5.61961
-10.0,2,5.627259
-10.0,1,5.632235
-43.2,1,5.637388
-43.2,1,5.64248
-10.0,1,5.647425
-35.1,1,5.652317
-56.7,1,5.657446
-64.8,1,5.662891
-45.3,1,5.667895
-10.0,1,5.67322
-40.8,2,5.680783
-39.9,2,5.688297
-48.6,1,5.693333
-44.1,2,5.700876
-42.9,1,5.705858
-42.0,5,5.720605
-10.0,1,5.725764
-10.0,2,5.733232
-34.2,2,5.743167
-10.0,2,5.754109
-36.9,1,5.759267
-10.0,2,5.769496
-10.0,1,5.774829
-40.8,2,5.78591
-10.0,1,5.791094
-10.0,1,5.797441
-10.0,3,5.808605
-10.0,1,5.814642
-25.2,1,5.819889
-47.4,1,5.824884
-10.0,2,5.833583
-10.0,1,5.838692
-10.0,1,5.843686
-10.0,2,5.851776
-10.0,2,5.859337
-49.2,1,5.865072
-10.0,1,5.870384
-31.8,2,5.878292
-10.0,1,5.88395
-10.0,1,5.889078
-10.0,2,5.897202
-10.0,1,5.902391
-38.1,1,5.907404
-49.2,3,5.918654
-53.7,1,5.923652
-53.7,2,5.933382
-87.0,1,5.93844
-85.2,2,5.947666
-10.0,1,5.953185
-10.0,1,5.958893
-10.0,1,5.96501
-10.0,1,5.970492
-44.4,2,5.979411
-10.0,3,5.989512
-44.7,1,5.994532
-30.3,2,6.004345
-10.0,2,6.014172
-10.0,2,6.025226
-34.5,1,6.035304
-10.0,2,6.046958
-38.7,1,6.056758
-10.0,1,6.064597
-92.7,3,6.080488
-53.4,3,6.096472
-10.0,2,6.105466
-30.6,1,6.111152
-10.0,2,6.120573
-10.0,1,6.12596
-44.4,2,6.135038
-10.0,1,6.140424
-25.8,1,6.146505
-67.5,1,6.1524
-10.0,1,6.157858
-67.2,1,6.163747
-10.0,1,6.169444
-67.2,1,6.174725
-10.0,3,6.186224
-29.7,1,6.191244
-53.4,1,6.19726
-10.0,1,6.202421
-38.4,1,6.207346
-46.5,2,6.215555
-10.0,1,6.220557
-31.2,1,6.225622
-45.3,1,6.231
-40.5,3,6.241271
-10.0,3,6.251974
-48.3,2,6.260051
-41.4,4,6.272976
-10.0,1,6.278576
-36.9,1,6.283827
-10.0,1,6.289071
-43.8,3,6.299315
-47.7,4,6.311754
-33.3,4,6.325359
-42.9,1,6.330831
-54.0,1,6.335927
-10.0,3,6.346005
-44.7,3,6.355975
-10.0,1,6.361037
-61.2,2,6.369159
-49.2,2,6.377374
-46.2,3,6.388351
-10.0,1,6.393551
-10.0,1,6.398937
-10.0,1,6.404508
-10.0,4,6.417595
-10.0,1,6.423429
-50.7,3,6.43446
-10.0,4,6.448805
-10.0,1,6.454222
-10.0,1,6.459448
-72.6,1,6.465057
-30.6,1,6.470466
-42.9,1,6.475827
-10.0,1,6.481335
-10.0,3,6.494028
-53.7,2,6.507181
-38.4,1,6.514498
-10.0,2,6.524863
-10.0,2,6.53448
-10.0,2,6.541911
-10.0,3,6.557176
-72.3,2,6.568306
-40.8,2,6.577216
-42.9,2,6.586982
-67.5,1,6.592939
-10.0,1,6.600716
-47.7,1,6.607421
-47.7,1,6.614319
-72.6,1,6.619573
-48.6,1,6.624951
-72.3,2,6.634303
-44.7,1,6.639426
-10.0,1,6.645051
-10.0,1,6.650806
-10.0,2,6.658643
-10.0,1,6.665764
-65.1,2,6.673835
-10.0,1,6.679835
-10.0,1,6.685601
-43.2,4,6.699356
-38.4,1,6.704581
-48.6,1,6.709362
-44.4,3,6.721983
-10.0,1,6.729396
-49.2,2,6.737665
-24.6,3,6.748274
-10.0,1,6.754021
-44.7,2,6.762197
-61.5,1,6.768568
-10.0,1,6.7737
-10.0,2,6.782847
-44.4,1,6.789704
-43.2,1,6.79483
-42.9,1,6.800327
-10.0,4,6.812538
-46.8,2,6.820697
-10.0,2,6.829691
-10.0,1,6.837811
-41.4,1,6.844951
-10.0,2,6.857579
-46.8,1,6.865895
-10.0,1,6.873277
-47.1,1,6.881864
-53.7,1,6.889456
-34.5,1,6.900279
-29.7,1,6.907756
-10.0,2,6.919306
-44.4,2,6.93221
-56.7,1,6.939153
-62.1,1,6.946253
-10.0,3,6.964024
-41.4,1,6.974089
-43.2,1,6.981862
-10.0,1,6.992089
-48.6,1,6.998765
-69.6,1,7.007257
-38.7,1,7.012342
-43.8,2,7.023658
-10.0,1,7.028884
-10.0,1,7.035588
-10.0,1,7.040593
-38.7,2,7.049002
-10.0,2,7.059424
-44.4,1,7.064759
-28.5,2,7.074345
-44.7,1,7.080644
-39.0,1,7.088677
-42.0,3,7.099639
-10.0,2,7.110196
-29.7,1,7.116097
-10.0,1,7.123707
-10.0,1,7.129411
-10.0,2,7.138326
-10.0,1,7.143724
-10.0,2,7.153179
-10.0,1,7.158655
-10.0,1,7.164692
-34.2,1,7.170085
-70.5,2,7.17765
-25.8,1,7.1833
-30.6,2,7.191197
-61.8,3,7.201907
-10.0,2,7.209499
-10.0,3,7.220768
-10.0,1,7.225911
-10.0,3,7.236925
-30.9,2,7.244356
-43.2,1,7.250161
-49.2,2,7.257665
-10.0,1,7.262995
-10.0,1,7.269114
-10.0,1,7.274763
-54.0,1,7.281571
-10.0,1,7.287301
-10.0,1,7.292672
-10.0,1,7.299147
-10.0,1,7.304575
-10.0,1,7.30998
-10.0,1,7.316317
-31.5,1,7.321878
-61.8,2,7.330672
-29.7,4,7.343569
-10.0,4,7.361437
-10.0,3,7.374066
-10.0,3,7.385328
-10.0,2,7.393037
-10.0,2,7.402644
-44.4,1,7.40958
-54.0,1,7.417909
-10.0,2,7.430338
-28.2,3,7.446635
-10.0,1,7.454896
-42.3,1,7.46356
-45.3,1,7.471696
-10.0,2,7.483217
-44.1,2,7.491795
-10.0,1,7.497598
-10.0,1,7.502853
-69.6,1,7.509752
-34.5,1,7.515177
-65.4,1,7.520549
-35.7,1,7.525692
-47.1,1,7.531172
-10.0,3,7.541416
-30.9,1,7.546859
-48.9,1,7.552343
-10.0,1,7.557781
-33.6,1,7.563139
-51.3,1,7.568479
-10.0,1,7.573596
-48.9,1,7.578716
-10.0,1,7.58446
-44.4,2,7.592327
-10.0,1,7.597863
-10.0,1,7.603599
-10.0,1,7.60894
-10.0,2,7.617042
-47.1,2,7.624701
-10.0,1,7.629983
-10.0,1,7.635283
-51.3,1,7.640299
-33.6,1,7.645317
-10.0,3,7.656236
-34.2,1,7.661373
-44.4,1,7.667275
-39.9,2,7.674801
-34.2,1,7.680801
-41.1,1,7.686229
-10.0,1,7.691285
-49.2,1,7.696898
-39.6,3,7.706994
-10.0,2,7.715084
-29.7,1,7.720226
-48.9,1,7.725246
-47.4,1,7.730757
-48.9,1,7.735801
-46.8,1,7.740771
-10.0,1,7.746565
-10.0,1,7.751694
-10.0,1,7.756665
-10.0,1,7.762583
-10.0,1,7.767639
-10.0,1,7.772448
-10.0,1,7.777517
-10.0,1,7.78299
-29.7,1,7.788016
-45.0,2,7.796125
-10.0,1,7.801086
-28.8,1,7.805961
-61.5,3,7.815789
-42.3,1,7.820722
-10.0,2,7.828339
-43.5,1,7.833292
-25.2,1,7.838139
-46.8,1,7.843295
-44.1,2,7.850494
-71.7,4,7.862543
-10.0,1,7.867445
-54.0,1,7.8726
-43.2,2,7.879861
-10.0,1,7.884705
-10.0,3,7.894728
-41.1,2,7.902421
-10.0,1,7.909286
-10.0,1,7.914451
-10.0,1,7.920436
-35.7,1,7.925574
-10.0,2,7.932942
-41.1,1,7.938166
-10.0,1,7.943072
-25.5,2,7.950326
-25.5,2,7.95821
-43.2,1,7.963132
-10.0,1,7.96825
-10.0,1,7.973203
-42.6,1,7.978142
-10.0,1,7.983581
-10.0,1,7.988825
-30.9,1,7.993682
-10.0,1,7.999066
-10.0,4,8.011427
-10.0,2,8.020139
-45.3,1,8.025076
-10.0,2,8.032561
-10.0,3,8.042125
-10.0,1,8.048045
-42.0,1,8.053032
-40.2,1,8.057896
-34.8,2,8.065422
-93.3,1,8.070382
-10.0,1,8.075254
-10.0,1,8.08041
-10.0,1,8.085369
-10.0,1,8.090179
-10.0,2,8.097996
-45.3,1,8.102884
-44.4,1,8.107786
-10.0,1,8.113437
-49.2,1,8.118479
-31.5,1,8.123477
-68.1,1,8.128686
-10.0,1,8.133565
-10.0,1,8.138404
-10.0,1,8.143875
-10.0,1,8.149069
-30.3,2,8.156358
-10.0,1,8.16226
-10.0,1,8.167221
-45.3,1,8.172087
-10.0,1,8.177254
-10.0,1,8.182709
-10.0,2,8.190115
-10.0,1,8.195133
-10.0,1,8.200075
-10.0,1,8.205486
-69.3,2,8.213148
-10.0,1,8.218062
-43.2,1,8.223298
-10.0,4,8.2352
-28.5,2,8.242804
-10.0,3,8.252531
-44.7,1,8.257814
-10.0,3,8.267561
-66.9,3,8.277431
-43.2,1,8.282245
-10.0,1,8.287362
-64.8,1,8.292149
-44.4,1,8.296846
-48.6,1,8.302723
-10.0,1,8.308376
-10.0,1,8.313277
-72.0,3,8.322869
-45.3,1,8.327649
-29.7,1,8.332833
-10.0,1,8.337701
-48.9,1,8.342438
-30.9,1,8.347378
-10.0,2,8.354445
-10.0,1,8.359191
-10.0,1,8.364231
-10.0,2,8.371376
-56.7,1,8.3761
-10.0,4,8.388036
-45.3,1,8.392907
-10.0,1,8.398364
-51.3,1,8.403332
-62.1,2,8.410615
-25.2,3,8.420116
-31.5,1,8.424917
-30.9,1,8.430418
-44.4,1,8.435286
-10.0,3,8.444897
-31.2,4,8.456639
-10.0,1,8.461783
-10.0,1,8.466579
-68.1,1,8.471371
-10.0,2,8.478569
-10.0,1,8.483388
-51.3,1,8.488162
-10.0,2,8.495547
-10.0,2,8.502747
-49.5,2,8.510054
-47.7,1,8.514897
-48.6,1,8.51971
-48.6,1,8.524817
-33.6,1,8.529726
-54.0,1,8.534602
-10.0,2,8.541854
-10.0,1,8.546707
-10.0,1,8.551464
-10.0,2,8.560489
-38.7,2,8.567751
-10.0,4,8.579653
-10.0,2,8.586886
-35.1,3,8.596244
-10.0,2,8.604302
-47.1,1,8.609236
-10.0,1,8.614009
-10.0,2,8.6221
-70.8,1,8.627052
-10.0,3,8.637051
-28.5,2,8.644701
-10.0,1,8.649595
-10.0,1,8.654841
-87.0,1,8.659757
-10.0,2,8.667002
-30.6,2,8.674186
-10.0,3,8.68458
-56.7,1,8.689642
-41.1,1,8.694406
-10.0,2,8.704056
-41.1,1,8.709095
-32.1,1,8.713874
-10.0,3,8.723364
-10.0,4,8.735234
-45.3,1,8.740021
-31.2,1,8.744754
-10.0,1,8.749767
-78.6,1,8.754572
-40.2,1,8.759281
-10.0,1,8.764366
-43.2,1,8.7692
-10.0,1,8.773926
-10.0,2,8.781267
-10.0,1,8.786083
-36.9,1,8.790788
-10.0,1,8.795794
-10.0,1,8.800631
-39.0,1,8.805364
-10.0,1,8.810137
-44.1,1,8.815362
-30.6,1,8.820163
-53.7,1,8.824882
-72.0,3,8.834514
-36.3,1,8.839252
-10.0,1,8.844213
-31.8,2,8.851268
-44.1,1,8.855955
-10.0,1,8.860947
-40.2,1,8.86572
-10.0,1,8.87047
-10.0,3,8.879999
-43.8,6,8.896577
-10.0,1,8.901431
-10.0,1,8.906136
-40.2,1,8.911258
-10.0,1,8.916017
-38.4,1,8.920726
-72.6,1,8.926684
-10.0,1,8.931903
-38.7,1,8.936661
-30.9,1,8.941724
-69.6,1,8.946576
-47.4,1,8.951329
-62.1,1,8.957702
-48.6,1,8.963583
-10.0,1,8.968497
-10.0,1,8.973522
-61.8,1,8.978362
-10.0,1,8.98318
-10.0,1,8.988614
-10.0,1,8.993552
-10.0,1,8.998347
-10.0,1,9.00419
-10.0,1,9.0106
-10.0,2,9.019892
-44.4,1,9.026063
-10.0,1,9.03207
-10.0,1,9.038033
-41.4,1,9.044046
-10.0,1,9.049895
-56.1,3,9.061722
-54.9,1,9.067703
-10.0,1,9.073494
-10.0,1,9.079107
-42.3,1,9.084895
-10.0,2,9.09323
-42.3,1,9.099581
-10.0,1,9.106765
-43.5,3,9.118548
-10.0,2,9.127099
-10.0,1,9.132992
-41.1,1,9.138631
-10.0,2,9.147312
-10.0,1,9.15344
-10.0,1,9.159208
-10.0,2,9.168097
-10.0,1,9.173504
-10.0,1,9.178488
-10.0,1,9.183378
-10.0,2,9.190583
-10.0,2,9.197982
-25.2,1,9.202853
-10.0,5,9.217109
-54.9,1,9.222112
-93.3,1,9.227694
-36.3,1,9.232783
-72.0,3,9.242479
-10.0,1,9.247427
-10.0,2,9.254494
-10.0,1,9.259461
-10.0,1,9.264273
-10.0,1,9.269029
-62.1,1,9.274119
-35.7,1,9.27915
-10.0,1,9.283947
-10.0,2,9.291443
-10.0,1,9.29637
-44.1,1,9.301207
-56.7,1,9.306378
-44.4,1,9.311369
-38.4,1,9.316149
-10.0,2,9.323523
-10.0,2,9.33073
-42.0,1,9.335603
-33.6,1,9.340657
-54.9,1,9.345488
-35.7,1,9.350246
-10.0,1,9.355918
-10.0,1,9.361022
-38.7,1,9.365903
-10.0,1,9.370888
-43.2,1,9.375698
-10.0,1,9.380515
-10.0,2,9.387825
-10.0,2,9.39496
-45.3,1,9.399833
-10.0,6,9.416623
-28.5,2,9.423952
-10.0,1,9.428853
-10.0,2,9.436281
-10.0,3,9.445622
-10.0,1,9.450788
-46.5,3,9.460345
-93.3,1,9.465516
-10.0,1,9.470356
-78.6,1,9.475143
-10.0,1,9.480076
-10.0,1,9.484986
-10.0,1,9.489911
-10.0,3,9.500917
-38.1,1,9.505917
-41.1,1,9.510945
-10.0,2,9.518229
-10.0,2,9.525307
-54.0,1,9.531605
-10.0,1,9.536817
-42.6,2,9.544329
-42.9,2,9.55163
-10.0,2,9.558911
-54.9,1,9.563814
-10.0,2,9.570959
-42.6,2,9.57846
-10.0,3,9.587938
-10.0,1,9.592952
-44.4,1,9.597756
-10.0,1,9.602578
-47.1,2,9.61085
-10.0,1,9.615822
-49.2,1,9.620604
-56.7,1,9.625795
-62.1,1,9.630663
-34.2,4,9.642793
-51.3,1,9.64773
-10.0,2,9.654922
-10.0,2,9.662064
-36.6,2,9.669444
-35.1,1,9.677156
-66.6,3,9.68967
-28.8,1,9.694516
-10.0,1,9.699425
-10.0,2,9.706769
-10.0,1,9.71158
-10.0,2,9.718921
-36.0,4,9.730757
-25.8,1,9.736131
-45.0,2,9.743404
-10.0,3,9.754809
-41.1,1,9.759826
-10.0,2,17.771463
-45.3,1,17.776718
-10.0,1,17.781565
-10.0,3,17.7934
-10.0,3,17.805583
-53.7,1,17.812379
-42.6,2,17.819848
-46.2,4,17.832245
-10.0,2,17.839655
-39.9,2,17.849946
-35.7,1,17.854888
-10.0,1,17.861324
-10.0,1,17.867485
-10.0,1,17.873413
-10.0,1,17.879816
-67.8,2,17.888558
-10.0,1,17.895072
-10.0,1,17.901186
-10.0,1,17.907642
-44.4,1,17.913362
-48.6,1,17.918973
-38.1,3,17.930251
-10.0,1,17.935864
-72.6,1,17.941732
-87.0,1,17.947432
-10.0,1,17.952996
-10.0,1,17.961886
-10.0,1,17.97099
-10.0,1,17.977034
-10.0,4,17.991656
-41.1,1,17.997407
-10.0,2,20.826266
-69.0,3,20.832989
-10.0,1,20.836371
-10.0,2,20.841853
-10.0,1,20.846097
-10.0,1,20.849918
-10.0,1,20.853698
-10.0,3,20.861361
-10.0,2,20.870827
-30.6,1,20.879068
-44.4,1,20.887409
-10.0,1,20.897971
-49.5,1,20.906887
-69.6,1,20.918194
-10.0,1,20.928063
-10.0,1,20.936296
-46.5,2,20.950211
-48.9,1,20.958914
-24.6,5,20.980585
-10.0,1,20.986764
-39.9,2,20.998019
-10.0,1,21.003186
-42.9,1,21.00885
-10.0,5,21.027312
-10.0,4,21.040178
-40.8,2,21.048445
-10.0,2,21.056671
-31.5,1,21.062016
-42.9,1,21.06702
-10.0,1,21.072882
-10.0,1,21.078913
-10.0,2,21.086268
-51.3,1,21.097872
-36.6,2,21.112128
-10.0,2,21.125735
-10.0,2,21.139666
-10.0,1,21.148783
-10.0,2,21.161564
-10.0,1,21.169278
-29.4,2,21.180269
-10.0,1,21.187851
-10.0,1,21.194361
-30.9,1,21.20088
-10.0,1,21.207233
-10.0,1,21.21353
-10.0,2,21.223222
-28.8,1,21.229495
-22.8,2,21.239213
-10.0,1,21.245539
-10.0,1,21.253091
-10.0,3,21.266266
-10.0,1,21.271964
-28.8,1,21.277202
-10.0,3,21.287668
-10.0,2,21.29564
-10.0,3,21.30556
-10.0,4,21.318567
-10.0,1,21.323869
-10.0,2,21.331823
-10.0,1,21.33688
-10.0,1,21.342479
-10.0,1,21.347936
-10.0,1,21.353056
-47.4,1,21.358572
-46.5,2,21.36627
-10.0,1,21.371671
-10.0,1,21.377356
-25.8,1,21.382357
-10.0,4,21.394818
-10.0,1,21.399834
-10.0,1,21.404747
-72.3,2,21.412403
-10.0,3,21.422189
-10.0,2,21.429535
-10.0,1,21.434479
-10.0,1,21.439652
-10.0,2,21.446989
-10.0,3,21.456723
-44.1,2,21.464038
-10.0,1,21.468937
-10.0,1,21.474027
-10.0,1,21.478937
-48.6,1,21.483823
-10.0,2,21.49424
-10.0,1,21.499192
-10.0,1,21.504443
-10.0,1,21.509409
-38.4,1,21.514321
-10.0,2,21.521983
-10.0,1,21.527162
-47.1,1,21.532257
-10.0,1,21.537462
-25.5,2,21.544877
-67.5,1,21.550144
-10.0,1,21.55519
-32.1,1,21.560167
-10.0,2,21.567696
-10.0,1,21.57277
-10.0,1,21.577721
-10.0,2,21.585421
-93.3,1,21.590722
-10.0,1,21.595948
-10.0,4,21.608632
-10.0,5,21.624668
-10.0,1,21.630022
-10.0,1,21.635163
-10.0,1,21.640315
-78.6,1,21.645895
-10.0,1,21.65124
-10.0,3,21.661716
-10.0,1,21.66703
-38.1,1,21.672329
-10.0,1,21.67774
-10.0,1,21.682884
-10.0,1,21.687793
-10.0,1,21.692727
-78.6,1,21.697993
-30.9,1,21.702936
-10.0,2,21.710453
-10.0,3,21.720058
-10.0,1,21.725013
-10.0,1,21.730166
-10.0,1,21.735101
-61.5,2,21.742603
-32.1,1,21.74755
-28.8,1,21.752433
-10.0,1,21.757532
-10.0,3,21.767461
-51.3,1,21.77252
-48.6,1,21.777709
-28.8,1,21.782691
-10.0,8,21.804604
-61.5,2,21.812326
-10.0,2,21.81971
-34.8,2,21.827398
-10.0,3,21.837177
-10.0,2,21.844712
-33.6,3,21.854592
-10.0,1,21.859721
-31.5,1,21.864783
-61.5,1,21.869921
-10.0,1,21.874977
-10.0,1,21.880025
-10.0,1,21.885684
-10.0,1,21.891338
-10.0,1,21.896588
-10.0,2,21.904536
-10.0,3,21.914733
-10.0,1,21.920367
-78.3,2,21.928164
-53.7,2,21.936184
-33.6,1,21.941263
-10.0,1,21.946545
-70.2,3,21.956901
-10.0,1,21.962016
-10.0,1,21.967314
-31.2,4,21.97912
-10.0,3,21.988969
-35.7,1,21.993875
-10.0,3,22.004725
-10.0,1,22.010052
-10.0,1,22.016396
-10.0,2,22.026288
-30.0,3,22.039136
-39.9,5,22.056949
-10.0,1,22.063208
-10.0,1,22.069325
-10.0,2,22.078387
-47.4,1,22.084693
-10.0,1,22.090244
-10.0,1,22.096444
-10.0,1,22.101866
-10.0,1,22.107276
-10.0,4,22.120215
-56.7,1,22.126744
-70.5,2,22.139426
-10.0,1,22.144666
-10.0,4,22.157834
-61.5,1,22.162308
-10.0,3,22.171664
-10.0,2,22.178547
-10.0,2,22.186171
-10.0,1,22.192054
-46.5,3,22.202546
-10.0,2,22.210375
-10.0,1,22.215759
-48.3,2,22.223742
-10.0,2,22.231498
-10.0,2,22.239217
-10.0,1,22.244231
-10.0,3,22.254039
-42.3,1,22.259004
-10.0,1,22.263965
-10.0,1,22.269174
-43.2,1,22.274135
-10.0,2,22.281386
-44.1,4,22.293791
-41.1,1,22.298921
-93.3,1,22.303983
-10.0,1,22.308913
-10.0,1,22.313866
-54.0,1,22.319022
-10.0,1,22.323983
-10.0,4,22.336492
-10.0,1,22.341602
-47.1,1,22.346794
-53.4,1,22.351945
-10.0,1,22.356977
-10.0,3,22.366843
-10.0,1,22.371904
-10.0,1,22.376924
-10.0,2,22.384746
-10.0,2,22.392323
-10.0,2,22.400172
-10.0,3,22.410531
-10.0,1,22.415761
-10.0,1,22.420841
-10.0,1,22.42646
-10.0,2,22.434116
-10.0,3,22.445379
-45.0,2,22.453275
-10.0,2,22.462153
-10.0,1,22.467643
-53.7,1,22.472994
-10.0,2,22.481217
-10.0,1,22.486294
-10.0,1,22.491807
-10.0,2,22.500014
-10.0,1,22.505196
-10.0,1,22.510995
-10.0,1,22.516208
-10.0,2,22.524767
-10.0,1,22.530688
-10.0,1,22.5358
-10.0,2,22.544601
-42.9,1,22.549824
-10.0,2,22.558901
-47.4,1,22.565033
-34.8,4,22.578512
-10.0,3,22.589122
-10.0,3,22.599748
-10.0,1,22.605045
-30.6,2,22.613394
-33.6,1,22.618985
-10.0,3,22.630416
-10.0,1,22.635741
-10.0,2,22.644473
-56.4,2,22.652749
-48.3,2,22.661266
-54.9,1,22.666689
-10.0,1,22.671889
-10.0,1,22.677998
-10.0,1,22.684488
-10.0,1,22.689615
-10.0,1,22.695151
-10.0,1,22.700798
-10.0,3,22.711225
-10.0,1,22.717875
-10.0,2,22.730088
-10.0,1,22.735623
-10.0,1,22.741407
-10.0,1,22.747749
-10.0,1,22.753067
-10.0,2,22.761429
-48.6,2,22.76904
-10.0,1,22.774235
-49.2,1,22.780005
-10.0,3,22.789841
-43.5,1,22.79561
-45.0,2,22.803041
-48.9,1,22.808653
-10.0,1,22.81377
-61.8,1,22.818808
-10.0,1,22.824263
-68.1,1,22.829733
-48.9,1,22.834757
-85.2,2,22.842644
-10.0,1,22.847845
-10.0,2,22.855345
-69.6,1,22.860476
-10.0,1,22.865426
-10.0,1,22.870299
-10.0,2,22.877736
-64.8,1,22.88268
-10.0,1,22.887932
-45.0,2,22.895485
-10.0,1,22.900455
-25.8,1,22.905691
-10.0,1,22.910698
-45.0,1,22.915622
-10.0,2,22.923439
-28.2,3,22.933316
-38.4,2,22.941069
-37.8,2,22.948468
-31.2,1,22.953635
-10.0,2,22.961077
-10.0,1,22.966153
-10.0,2,22.974574
-54.6,2,22.984956
-10.0,2,22.993374
-10.0,1,22.999164
-56.4,2,23.008245
-10.0,1,23.015042
-10.0,2,23.026632
-10.0,2,23.035223
-10.0,1,23.041346
-31.2,1,23.047759
-10.0,2,23.055301
-10.0,4,23.068838
-53.7,2,23.07856
-53.1,2,23.086308
-10.0,1,23.091745
-10.0,1,23.09742
-67.5,3,23.107459
-10.0,1,23.114865
-10.0,1,23.120318
-10.0,2,23.128877
-10.0,1,23.134299
-48.9,1,23.139742
-10.0,1,23.145683
-10.0,4,23.157871
-49.8,1,23.16285
-10.0,1,23.167805
-10.0,2,23.175742
-10.0,1,23.181017
-10.0,1,23.185907
-10.0,1,23.191153
-10.0,1,23.196117
-10.0,2,23.203424
-10.0,1,23.208948
-67.2,1,23.214063
-46.8,4,23.226508
-10.0,2,23.234865
-10.0,3,23.246329
-10.0,1,23.25215
-10.0,2,23.26041
-30.6,1,23.265903
-10.0,2,23.274683
-10.0,1,23.279913
-10.0,4,23.294778
-10.0,2,23.302962
-10.0,3,23.313264
-10.0,1,23.31876
-10.0,1,23.324039
-10.0,1,23.329331
-10.0,2,23.337414
-10.0,1,23.342689
-10.0,1,23.348176
-10.0,1,23.353394
-10.0,1,23.358582
-10.0,4,23.371697
-66.9,2,23.379833
-10.0,1,23.384994
-10.0,2,23.392763
-78.6,1,23.398283
-39.0,1,23.403666
-49.5,1,23.409148
-34.2,1,23.414759
-37.5,3,23.426253
-42.3,4,23.439273
-54.9,1,23.448398
-10.0,1,23.455531
-10.0,1,23.461597
-10.0,1,23.466833
-10.0,3,23.478651
-47.1,2,23.48602
-10.0,1,23.491803
-10.0,1,23.497992
-34.5,5,23.515468
-10.0,2,23.525145
-92.7,3,23.536988
-31.5,1,23.544332
-10.0,4,23.559956
-10.0,2,23.569924
-10.0,1,23.576084
-69.6,1,23.581499
-10.0,2,23.592246
-10.0,2,23.603958
-44.4,1,23.611171
-44.7,1,23.619586
-10.0,2,23.633634
-10.0,3,23.647707
-10.0,1,23.655192
-10.0,1,23.663455
-10.0,1,23.670694
-10.0,1,23.678902
-10.0,1,23.68635
-10.0,1,23.693902
-10.0,1,23.700788
-10.0,1,23.712016
-10.0,1,23.718926
-10.0,3,23.734779
-10.0,1,23.742379
-10.0,2,23.753289
-10.0,1,23.760745
-48.0,3,23.773717
-10.0,1,23.780456
-10.0,1,23.787718
-10.0,1,23.794761
-48.9,1,23.803379
-10.0,4,23.825643
-46.8,2,23.836049
-54.9,1,23.844059
-10.0,2,23.853803
-43.5,1,23.862232
-10.0,2,23.871945
-34.2,1,23.879043
-10.0,2,23.88835
-53.7,2,23.898501
-10.0,2,23.906157
-72.6,1,23.911711
-10.0,1,23.916964
-10.0,1,23.922794
-10.0,1,23.928844
-10.0,2,23.937044
-10.0,5,23.953337
-10.0,1,23.959231
-61.5,1,23.964413
-10.0,2,23.972205
-10.0,2,23.981076
-10.0,1,23.9868
-42.6,2,23.996464
-10.0,1,24.002774
-10.0,1,24.008918
-10.0,2,24.031987
-29.7,1,24.052799
-10.0,1,24.065305
-28.5,2,24.080204
-10.0,1,24.089356
-62.1,1,24.100233
-28.8,1,24.138191
-10.0,1,24.146245
-10.0,1,24.157213
-10.0,3,24.189619
-25.8,1,24.195766
-10.0,1,24.201863
-10.0,1,24.214267
-10.0,2,24.226496
-40.2,1,24.233479
-10.0,3,24.258185
-10.0,1,24.267947
-10.0,1,24.27626
-10.0,3,24.290796
-10.0,1,24.298016
-10.0,1,24.305589
-10.0,1,24.316707
-41.1,1,24.323311
-61.5,1,24.330487
-87.0,1,24.338862
-10.0,1,24.350633
-42.3,1,24.359072
-10.0,4,24.380458
-10.0,3,24.396696
-10.0,1,24.403522
-10.0,1,24.414713
-45.3,1,24.421074
-10.0,1,24.428186
-10.0,1,24.435278
-10.0,1,24.444116
-48.6,1,24.451301
-45.3,1,24.45953
-10.0,3,24.476282
-44.7,1,24.484169
-10.0,2,24.493066
-42.9,1,24.499019
-10.0,1,24.504524
-10.0,1,24.509876
-10.0,2,24.516051
-10.0,1,24.522603
-10.0,3,24.53407
-39.9,2,24.543143
-44.1,1,24.550124
-10.0,1,24.554365
-67.2,1,24.558791
-84.0,6,24.573381
-42.9,1,24.57712
-10.0,1,24.580841
-10.0,2,24.5867
-54.0,1,24.591377
-10.0,1,24.595297
-25.2,1,24.598943
-10.0,2,24.604171
-61.5,1,24.607795
-48.6,1,24.611465
-38.1,1,24.615314
-10.0,1,24.619133
-10.0,2,24.625573
-10.0,1,24.629703
-10.0,1,24.633836
-44.4,3,24.64302
-10.0,1,24.647018
-10.0,2,24.652671
-10.0,1,24.656636
-10.0,2,24.662411
-61.5,1,24.666279
-43.2,1,24.670067
-10.0,4,24.680082
-31.5,3,24.687717
-10.0,1,24.693412
-10.0,4,24.706684
-10.0,5,24.717513
-40.2,1,24.721354
-43.2,1,24.726555
-10.0,1,24.730548
-10.0,1,24.734078
-10.0,1,24.739395
-10.0,3,24.74941
-43.2,1,24.754012
-69.6,1,24.759496
-42.6,2,24.765464
-10.0,2,24.771557
-10.0,2,24.780746
-10.0,4,24.791044
-10.0,1,24.795341
-10.0,3,24.802849
-91.2,8,24.822646
-10.0,1,24.826458
-43.2,1,24.830014
-10.0,2,24.838
-10.0,3,24.850143
-10.0,1,24.854836
-10.0,1,24.859668
-10.0,1,24.865155
-10.0,1,24.870737
-10.0,1,24.877113
-41.4,1,24.883701
-34.5,1,24.889825
-10.0,2,24.898132
-49.2,1,24.902827
-10.0,2,24.910686
-10.0,1,24.914835
-10.0,1,24.918581
-10.0,2,24.925613
-10.0,3,24.932415
-10.0,1,24.937766
-10.0,1,24.942993
-32.1,1,24.947964
-10.0,2,24.955636
-28.5,2,24.964382
-10.0,1,24.968165
-10.0,1,24.973633
-40.2,1,24.980077
-10.0,3,24.990901
-47.1,1,24.99653
-45.3,1,25.00206
-30.9,3,25.013249
-10.0,1,25.018977
-10.0,1,25.024899
-10.0,2,25.033809
-42.9,1,25.038284
-66.9,2,25.045256
-47.1,2,25.052116
-10.0,2,25.060853
-10.0,1,25.067194
-10.0,2,25.07684
-10.0,1,25.081955
-10.0,1,25.087032
-30.3,4,25.100209
-10.0,1,25.105867
-10.0,1,25.110986
-10.0,1,25.115921
-10.0,5,25.132406
-10.0,1,25.136796
-10.0,4,25.153254
-10.0,1,25.159687
-10.0,1,25.16468
-10.0,1,25.169802
-10.0,1,25.174958
-10.0,2,25.182571
-10.0,1,25.187517
-10.0,4,25.199533
-39.0,1,25.205316
-10.0,1,25.211502
-31.5,1,25.216402
-10.0,2,25.225607
-10.0,2,25.233053
-10.0,2,25.240901
-40.8,2,25.249104
-35.1,3,25.260803
-10.0,3,25.271316
-10.0,1,25.276967
-10.0,1,25.28226
-10.0,2,25.290597
-10.0,1,25.297782
-10.0,3,25.308424
-10.0,1,25.313714
-54.9,1,25.319565
-53.7,1,25.326235
-64.2,3,25.338935
-10.0,1,25.34474
-10.0,2,25.352678
-10.0,1,25.358651
-10.0,2,25.36666
-10.0,2,25.377502
-41.4,1,25.384349
-10.0,1,25.392742
-31.8,2,25.404396
-68.1,1,25.411426
-40.8,3,25.42328
-10.0,1,25.4298
-10.0,4,25.447681
-10.0,1,25.453358
-10.0,1,25.460904
-10.0,2,25.469261
-10.0,2,25.477495
-10.0,1,25.481456
-54.9,1,25.486618
-10.0,2,25.493644
-10.0,2,25.498521
-10.0,1,25.503706
-38.4,2,25.515142
-44.1,2,25.524084
-10.0,1,25.528732
-10.0,5,25.540982
-46.8,3,25.547421
-10.0,1,25.550531
-10.0,1,25.553953
-10.0,1,25.557532
-48.6,1,25.560488
-10.0,1,25.563423
-10.0,1,25.5663
-10.0,3,25.57259
-69.3,2,25.577169
-39.0,1,25.580002
-10.0,2,25.584029
-10.0,1,25.587027
-10.0,3,25.593213
-10.0,2,25.5975
-42.0,2,25.601518
-10.0,1,25.604474
-10.0,1,25.607566
-48.6,1,25.610378
-54.6,2,25.614507
-10.0,3,25.620198
-10.0,1,25.623623
-10.0,1,25.626547
-48.3,2,25.630725
-43.2,1,25.633509
-48.3,2,25.637776
-10.0,3,25.643956
-10.0,1,25.646903
-65.1,2,25.651121
-10.0,1,25.653965
-61.8,1,25.657384
-10.0,3,25.663219
-47.4,1,25.666054
-10.0,1,25.668822
-10.0,1,25.671707
-10.0,1,25.67508
-48.6,1,25.677932
-10.0,1,25.680791
-10.0,2,25.684818
-10.0,1,25.687668
-10.0,1,25.692379
-10.0,1,25.695362
-84.9,3,25.700989
-10.0,1,25.703898
-33.6,1,25.707773
-41.7,4,25.714773
-10.0,2,25.719024
-10.0,1,25.722997
-10.0,1,25.72671
-30.6,2,25.731601
-10.0,6,25.746037
-45.0,2,25.753184
-10.0,2,25.761719
-10.0,1,25.768403
-10.0,1,25.775259
-10.0,1,25.780411
-10.0,1,25.785516
-10.0,2,25.793894
-10.0,2,25.801464
-28.8,1,25.807218
-24.9,2,25.814839
-43.2,2,25.82304
-10.0,1,25.828581
-47.1,3,25.838541
-49.8,1,25.843533
-49.8,1,25.847521
-10.0,2,25.852783
-48.6,1,25.856716
-10.0,1,25.860293
-70.5,2,25.865727
-45.0,2,25.87027
-10.0,1,25.873961
-10.0,4,25.881523
-10.0,1,25.884594
-10.0,3,25.891869
-31.5,3,25.899192
-10.0,2,25.906304
-10.0,1,25.912323
-10.0,1,25.917024
-10.0,1,25.921608
-10.0,1,25.930085
-10.0,1,25.938636
-10.0,2,25.947019
-10.0,1,25.952769
-42.9,2,25.961565
-39.9,2,25.96993
-10.0,1,25.977671
-10.0,1,25.983221
-10.0,1,25.990238
-10.0,1,25.996271
-10.0,1,26.0021
-41.1,1,26.009831
-10.0,3,26.020317
-23.1,1,26.025179
-10.0,1,26.028381
-48.3,2,26.032962
-10.0,1,26.036132
-39.0,1,26.039923
-49.2,2,26.044554
-10.0,1,26.047459
-10.0,1,26.050417
-10.0,1,26.053825
-35.1,1,26.05734
-10.0,5,26.065898
-10.0,1,26.068951
-40.2,1,26.071923
-44.4,1,26.075164
-64.8,1,26.078031
-10.0,1,26.080675
-10.0,1,26.083571
-10.0,2,26.08771
-10.0,1,26.091446
-44.4,1,26.094274
-10.0,1,26.097167
-42.6,3,26.102521
-10.0,1,26.106164
-44.4,1,26.109341
-70.8,1,26.112381
-53.7,1,26.116047
-10.0,1,26.11894
-10.0,1,26.122252
-10.0,1,26.12522
-10.0,4,26.131926
-10.0,2,26.135925
-10.0,2,26.141387
-29.7,1,26.144363
-77.7,4,26.151167
-48.3,2,26.156941
-10.0,1,26.160644
-62.1,2,26.165323
-10.0,1,26.168885
-10.0,1,26.172477
-10.0,1,26.175789
-10.0,1,26.178897
-34.8,4,26.187132
-10.0,1,26.190979
-10.0,1,26.195075
-10.0,1,26.200161
-10.0,3,26.212291
-10.0,3,26.224816
-40.2,1,26.230761
-66.9,2,26.238312
-44.7,2,26.24928
-10.0,3,26.260776
-30.9,1,26.264986
-46.8,1,26.269353
-28.8,1,26.273688
-41.1,1,26.277556
-10.0,1,26.281162
-10.0,1,26.285192
-10.0,1,26.289848
-38.1,1,26.294048
-10.0,1,26.297699
-48.3,2,26.303864
-44.4,1,26.307862
-10.0,1,26.311554
-34.5,1,26.315232
-10.0,1,26.319023
-43.2,1,26.323132
-10.0,1,26.326819
-44.7,1,26.329947
-44.7,1,26.333217
-37.2,4,26.340385
-10.0,1,26.343117
-72.0,3,26.348356
-48.6,1,26.351095
-53.7,2,26.355202
-10.0,1,26.3583
-10.0,1,26.361203
-10.0,1,26.363916
-10.0,3,26.370282
-46.8,1,26.373327
-38.1,1,26.376149
-44.1,3,26.381449
-10.0,1,26.384518
-10.0,1,26.387368
-10.0,1,26.39066
-10.0,1,26.393726
-10.0,1,26.39645
-10.0,3,26.401704
-10.0,3,26.407011
-70.8,1,26.40994
-54.9,1,26.412598
-10.0,1,26.415446
-10.0,1,26.41828
-10.0,1,26.420891
-44.7,1,26.423897
-32.1,1,26.426567
-10.0,1,26.429106
-10.0,1,26.433077
-10.0,1,26.438751
-10.0,1,26.442169
-25.5,2,26.448675
-10.0,1,26.455504
-10.0,2,26.465654
-10.0,1,26.470974
-38.1,1,26.476553
-10.0,3,26.486917
-10.0,3,26.497463
-10.0,1,26.502528
-31.8,2,26.510331
-10.0,1,26.515568
-10.0,1,26.520588
-10.0,2,26.528363
-10.0,1,26.533407
-10.0,1,26.538677
-10.0,5,26.553916
-32.1,1,26.56083
-10.0,2,26.567966
-42.6,2,26.575749
-10.0,1,26.582456
-10.0,2,26.590886
-10.0,1,26.59645
-10.0,1,26.6011
-10.0,1,26.606675
-10.0,1,26.611553
-42.6,1,26.616192
-10.0,3,26.626785
-10.0,1,26.631418
-10.0,3,26.639399
-10.0,2,26.644648
-25.2,3,26.650594
-31.5,1,26.65334
-10.0,2,26.658412
-10.0,1,26.6625
-10.0,2,26.668363
-10.0,1,26.673845
-10.0,2,26.681426
-10.0,2,26.688986
-10.0,1,26.694273
-10.0,2,26.702588
-10.0,3,26.712641
-10.0,1,26.717644
-10.0,1,26.723349
-45.3,1,26.728539
-10.0,3,26.738589
-62.1,2,26.746512
-39.6,3,26.757082
-10.0,1,26.762191
-10.0,1,26.767084
-10.0,2,26.774905
-10.0,1,26.779906
-10.0,4,26.792453
-33.9,3,26.802089
-10.0,1,26.808503
-10.0,1,26.813714
-49.2,1,26.818632
-45.0,2,26.8254
-47.4,1,26.829325
-10.0,1,26.832666
-10.0,1,26.835899
-45.3,1,26.839463
-10.0,6,26.848796
-10.0,1,26.851454
-10.0,1,26.854016
-10.0,2,26.858509
-10.0,1,26.861171
-36.0,2,26.864949
-10.0,3,26.86973
-10.0,1,26.872817
-10.0,1,26.875616
-10.0,2,26.87951
-35.1,1,26.882243
-10.0,2,26.885942
-48.9,1,26.889175
-10.0,1,26.89209
-41.1,1,26.894763
-10.0,1,26.897357
-10.0,2,26.901016
-10.0,2,26.905014
-10.0,1,26.907939
-10.0,1,26.910667
-10.0,1,26.913187
-10.0,1,26.915643
-10.0,3,26.92048
-36.0,2,26.924729
-10.0,1,26.927362
-10.0,2,26.93118
-10.0,3,26.9361
-33.6,1,26.93907
-10.0,1,26.941872
-10.0,2,26.945601
-10.0,6,26.954436
-10.0,3,26.959933
-10.0,1,26.962427
-10.0,1,26.964888
-10.0,2,26.968461
-10.0,3,26.973685
-10.0,1,26.976214
-10.0,2,26.979824
-43.2,1,26.982254
-10.0,3,26.987882
-36.3,3,26.993743
-10.0,3,26.999656
-10.0,3,27.006384
-10.0,4,27.015731
-10.0,1,27.019979
-10.0,1,27.02428
-10.0,1,27.028442
-66.9,2,27.034573
-10.0,3,27.043019
-43.2,1,27.047095
-54.6,2,27.053249
-10.0,1,27.058003
-10.0,3,27.065964
-54.0,1,27.070306
-43.5,1,27.074788
-10.0,1,27.078841
-10.0,1,27.082886
-31.5,1,27.087284
-10.0,1,27.091552
-67.5,1,27.094922
-10.0,1,27.098282
-10.0,2,27.103728
-38.1,2,27.107944
-10.0,1,27.110611
-10.0,1,27.113206
-10.0,2,27.117222
-10.0,2,27.121178
-10.0,2,27.124892
-50.7,3,27.129665
-10.0,3,27.134436
-10.0,1,27.13688
-10.0,3,27.141522
-10.0,1,27.143894
-10.0,2,27.147364
-10.0,3,27.153023
-48.6,1,27.155457
-10.0,2,27.158996
-10.0,1,27.161358
-10.0,2,27.165074
-10.0,1,27.167596
-10.0,3,27.172275
-10.0,3,27.176836
-10.0,1,27.179203
-10.0,2,27.183124
-10.0,3,27.187706
-10.0,1,27.190112
-42.6,3,27.194559
-10.0,1,27.19706
-10.0,3,27.201469
-10.0,2,27.20492
-10.0,3,27.209331
-54.0,1,27.212157
-10.0,1,27.214933
-10.0,1,27.217345
-10.0,2,27.220785
-10.0,1,27.22324
-10.0,1,27.225612
-56.7,1,27.22809
-47.4,2,27.231797
-10.0,2,27.236144
-10.0,2,27.239983
-10.0,2,27.243673
-43.2,2,27.247369
-10.0,2,27.251047
-10.0,1,27.253507
-10.0,2,27.257105
-10.0,1,27.25958
-10.0,1,27.261961
-10.0,1,27.2645
-38.7,1,27.266996
-10.0,1,27.2694
-10.0,1,27.271725
-39.9,2,27.275216
-10.0,1,27.277564
-10.0,1,27.280082
-10.0,1,27.282514
-10.0,1,27.28484
-10.0,1,27.287145
-10.0,2,27.290651
-10.0,1,27.292964
-10.0,1,27.295355
-54.9,1,27.297746
-66.9,3,27.302173
-10.0,1,27.304615
-10.0,1,27.306915
-48.0,4,27.312493
-28.5,2,27.315878
-10.0,1,27.318129
-10.0,3,27.322554
-47.7,1,27.324908
-10.0,1,27.327611
-10.0,1,27.33051
-10.0,3,27.335267
-10.0,2,27.338824
-10.0,2,27.342337
-42.3,1,27.344757
-10.0,1,27.34709
-10.0,5,27.353678
-41.7,2,27.35709
-10.0,1,27.360137
-10.0,1,27.362556
-10.0,1,27.364863
-10.0,2,27.368339
-10.0,1,27.370717
-10.0,1,27.373068
-10.0,1,27.375547
-36.9,1,27.377905
-29.7,1,27.380156
-10.0,1,27.382482
-10.0,2,27.38583
-10.0,3,27.390376
-10.0,1,27.392728
-62.4,1,27.395028
-10.0,1,27.397342
-44.4,1,27.399612
-10.0,1,27.40189
-10.0,2,27.405338
-10.0,1,27.407698
-10.0,1,27.409961
-10.0,6,27.417416
-42.9,2,27.420716
-72.3,2,27.42442
-10.0,2,27.427816
-10.0,1,27.430141
-10.0,2,27.433373
-10.0,1,27.435605
-32.1,1,27.437986
-48.6,1,27.440324
-10.0,3,27.444636
-10.0,1,27.446859
-10.0,1,27.449059
-10.0,1,27.451286
-10.0,1,27.453642
-42.3,1,27.456182
-33.6,1,27.458508
-54.3,3,27.46292
-44.4,1,27.465177
-69.0,3,27.469733
-10.0,1,27.47209
-10.0,2,27.475484
-10.0,6,27.482934
-10.0,1,27.485236
-25.2,3,27.489625
-10.0,1,27.491866
-35.7,3,27.496087
-38.4,2,27.499374
-10.0,6,27.508297
-10.0,1,27.51068
-10.0,1,27.512961
-10.0,2,27.516334
-10.0,1,27.518657
-10.0,3,27.523141
-10.0,2,27.526551
-10.0,3,27.531004
-39.0,1,27.533508
-42.9,1,27.535918
-33.0,3,27.540392
-34.5,1,27.542656
-48.6,1,27.545
-46.5,2,27.548362
-32.4,5,27.554984
-56.7,1,27.55726
-10.0,1,27.55949
-10.0,1,27.561726
-41.1,1,27.563906
-10.0,1,27.566156
-10.0,3,27.570501
-10.0,6,27.577877
-10.0,1,27.580108
-10.0,1,27.582428
-10.0,1,27.58467
-10.0,4,27.589945
-10.0,1,27.592197
-10.0,3,27.596418
-10.0,1,27.5988
-10.0,2,27.602077
-10.0,1,27.604268
-41.1,1,27.606514
-10.0,4,27.611777
-28.8,1,27.614159
-10.0,1,27.616395
-39.9,2,27.619605
-62.1,1,27.621915
-10.0,1,27.624111
-10.0,1,27.62638
-10.0,1,27.628612
-10.0,6,27.636125
-10.0,1,27.638427
-10.0,1,27.640649
-37.2,4,27.64594
-43.5,1,27.648211
-43.2,1,27.650393
-33.3,2,27.653725
-10.0,2,27.657533
-10.0,2,27.661117
-10.0,2,27.664541
-10.0,2,27.667907
-10.0,1,27.670203
-10.0,6,27.677738
-10.0,1,27.680057
-44.7,2,27.683325
-10.0,1,27.685536
-10.0,1,27.687756
-10.0,2,27.691029
-31.8,2,27.694491
-10.0,1,27.696751
-46.5,2,27.700016
-10.0,1,27.702309
-10.0,1,27.704554
-10.0,1,27.706823
-32.1,1,27.709118
-10.0,2,27.712529
-54.9,1,27.714869
-62.4,1,27.717151
-10.0,2,27.720426
-28.5,2,27.723879
-54.9,1,27.726818
-42.0,2,27.730288
-10.0,4,27.735697
-10.0,3,27.74023
-10.0,1,27.743067
-10.0,1,27.745559
-10.0,2,27.74893
-32.1,1,27.751182
-35.4,2,27.754832
-10.0,1,27.757938
-53.7,2,27.761455
-10.0,2,27.764879
-10.0,1,27.767164
-10.0,1,27.76949
-61.5,1,27.77206
-10.0,1,27.774553
-41.1,1,27.777041
-10.0,1,27.779462
-10.0,2,27.782909
-10.0,1,27.785328
-23.7,8,27.795333
-25.5,2,27.804419
-10.0,2,27.808327
-10.0,1,27.811091
-10.0,1,27.813881
-10.0,1,27.816598
-10.0,2,27.820583
-34.5,3,27.826379
-49.2,2,27.83192
-10.0,1,27.835447
-44.7,1,27.838752
-40.8,2,27.843181
-43.2,1,27.84621
-10.0,1,27.849228
-10.0,2,27.85351
-10.0,1,27.856622
-54.0,1,27.859731
-40.2,1,27.863002
-10.0,2,27.867366
-10.0,1,27.87038
-10.0,1,27.87339
-10.0,1,27.876399
-43.2,1,27.879496
-10.0,1,27.882422
-10.0,4,27.889546
-93.0,2,27.895295
-10.0,2,27.899658
-40.2,1,27.902483
-10.0,1,27.904983
-10.0,1,27.90766
-56.7,1,27.910349
-10.0,3,27.915101
-10.0,1,27.917729
-44.4,1,27.920167
-25.8,1,27.922748
-10.0,2,27.928008
-10.0,1,27.931156
-10.0,1,27.934451
-42.3,2,27.939883
-10.0,1,27.943834
-10.0,1,28.05799
-10.0,1,28.067505
-52.8,4,28.083683
-10.0,1,28.090405
-44.7,3,28.102122
-10.0,1,28.109293
-62.1,1,28.114515
-10.0,3,28.12677
-44.4,2,28.132608
-41.4,4,28.142534
-10.0,2,28.147215
-25.5,2,28.153384
-10.0,1,28.158221
-10.0,2,28.163605
-10.0,2,28.169633
-10.0,1,28.174719
-10.0,1,28.178233
-10.0,2,28.183343
-43.2,1,28.187025
-36.9,1,28.191639
-48.6,1,28.195218
-10.0,1,28.198612
-10.0,1,28.20323
-42.0,2,28.209528
-10.0,1,28.213051
-10.0,2,28.218853
-10.0,1,28.223365
-10.0,3,28.230325
-10.0,1,28.234209
-53.1,2,28.239677
-10.0,2,28.244372
-10.0,1,28.247544
-10.0,1,28.250864
-10.0,4,28.259423
-45.0,2,28.26383
-10.0,4,28.272265
-10.0,2,28.277701
-10.0,1,28.281677
-10.0,4,28.292157
-36.0,2,28.297971
-10.0,1,28.302301
-10.0,2,28.311192
-10.0,3,28.318815
-46.5,3,28.327734
-64.8,1,28.331949
-10.0,1,28.336173
-10.0,3,28.345934
-54.9,1,28.350428
-10.0,2,28.357571
-10.0,1,28.362641
-10.0,2,28.371759
-10.0,2,28.383952
-10.0,2,30.896152
-10.0,4,30.916896
-10.0,1,30.925236
-10.0,1,30.933833
-31.8,2,30.946288
-10.0,3,30.959642
-10.0,3,30.975783
-10.0,1,30.984497
-10.0,1,30.993325
-10.0,2,31.006282
-10.0,2,31.019063
-10.0,1,31.027543
-28.5,2,31.040317
-10.0,1,31.04896
-10.0,1,31.057912
-48.3,2,31.070949
-10.0,1,31.079649
-10.0,1,31.088324
-10.0,1,31.097017
-10.0,1,31.105878
-30.6,4,31.124796
-10.0,2,31.138304
-10.0,1,31.147147
-10.0,3,31.164936
-25.8,1,31.174021
-10.0,2,31.188233
-10.0,2,31.201722
-10.0,1,31.210852
-61.8,1,31.219649
-10.0,1,31.228823
-10.0,1,31.237551
-10.0,2,31.245821
-46.5,2,31.253351
-10.0,2,31.265576
-10.0,1,31.27648
-10.0,1,31.283588
-10.0,1,31.290518
-10.0,3,31.303409
-78.3,2,31.313173
-10.0,1,31.319878
-10.0,2,31.329469
-72.6,1,31.336223
-10.0,1,31.342772
-10.0,1,31.349242
-10.0,1,31.356808
-10.0,1,31.368219
-10.0,1,31.379467
-31.5,1,31.386064
-10.0,2,31.394001
-10.0,4,31.413346
-46.8,2,31.42205
-10.0,1,31.428101
-10.0,4,31.442339
-10.0,3,31.45593
-10.0,1,31.463905
-48.6,1,31.469327
-10.0,1,31.474829
-10.0,1,31.483998
-10.0,3,31.502326
-10.0,1,31.509345
-10.0,1,31.517232
-10.0,1,31.525575
-10.0,1,31.533333
-10.0,3,31.544984
-10.0,1,31.550092
-10.0,1,31.555529
-10.0,2,31.563089
-10.0,2,31.570225
-10.0,1,31.575167
-33.9,2,31.582111
-44.7,1,31.586727
-10.0,4,31.597165
-10.0,1,31.601717
-56.7,1,31.606067
-10.0,2,31.612513
-10.0,2,31.618584
-10.0,2,31.624958
-10.0,2,31.631248
-10.0,3,31.639451
-10.0,3,31.649253
-10.0,1,31.653789
-10.0,2,31.660327
-10.0,2,31.66705
-10.0,3,31.676558
-67.5,1,31.681416
-31.2,2,31.691518
-10.0,2,31.699756
-10.0,2,31.709395
-10.0,1,31.715419
-10.0,2,31.72298
-10.0,1,31.731876
-10.0,1,31.738571
-54.0,1,31.745523
-56.4,2,31.757295
-10.0,5,31.778634
-10.0,2,31.792118
-10.0,1,31.800715
-48.3,2,31.811648
-10.0,1,31.816962
-25.2,1,31.823445
-10.0,1,31.828711
-10.0,3,31.840389
-10.0,1,31.846443
-10.0,1,31.851483
-10.0,1,31.856912
-10.0,1,31.86162
-10.0,2,31.872097
-10.0,2,31.880131
-48.0,3,31.894999
-10.0,1,31.902465
-10.0,1,31.910017
-48.6,1,31.918107
-10.0,2,31.928628
-61.2,2,31.938729
-10.0,1,31.946156
-10.0,2,31.956619
-10.0,1,31.963005
-45.3,1,31.967988
-10.0,3,31.97765
-42.0,2,31.984908
-10.0,1,31.989799
-10.0,2,31.997964
-10.0,1,32.002948
-10.0,4,32.01521
-10.0,1,32.020264
-10.0,1,32.02545
-10.0,4,32.037437
-10.0,2,32.045072
-10.0,1,32.050019
-10.0,2,32.058366
-10.0,1,32.063437
-30.3,2,32.071294
-10.0,1,32.07636
-10.0,2,32.083622
-39.9,2,32.09163
-10.0,4,32.104101
-10.0,1,32.109064
-10.0,1,32.113629
-10.0,2,32.121902
-10.0,4,32.134622
-10.0,4,32.147225
-10.0,3,32.158201
-10.0,1,32.163362
-93.3,1,32.168788
-10.0,1,32.174165
-10.0,2,32.182741
-25.8,1,32.188494
-10.0,1,32.193836
-10.0,4,32.2066
-10.0,1,32.211627
-10.0,1,32.216902
-10.0,2,32.224349
-10.0,3,32.234334
-10.0,1,32.239283
-10.0,1,32.24432
-10.0,1,32.249871
-10.0,1,32.254799
-10.0,2,32.263355
-10.0,3,32.273206
-10.0,3,32.283153
-38.4,2,32.290398
-10.0,3,32.300247
-10.0,5,32.314795
-10.0,2,32.322045
-10.0,1,32.327447
-10.0,1,32.332426
-10.0,1,32.337423
-10.0,1,32.343186
-10.0,1,32.348164
-10.0,2,32.355346
-10.0,3,32.365463
-10.0,2,32.373209
-10.0,2,32.380666
-10.0,3,32.390709
-61.8,1,32.395689
-10.0,1,32.400766
-10.0,2,32.408627
-10.0,1,32.413662
-10.0,1,32.418638
-10.0,5,32.433271
-10.0,1,32.43856
-10.0,1,32.443539
-45.0,2,32.4511
-10.0,3,32.460987
-10.0,2,32.468651
-10.0,2,32.479697
-10.0,3,32.492477
-10.0,1,32.498037
-10.0,1,32.50346
-10.0,1,32.509701
-10.0,4,32.52624
-10.0,1,32.532931
-10.0,2,32.542335
-10.0,1,32.549078
-10.0,1,32.554749
-10.0,1,32.561153
-10.0,2,32.569356
-10.0,1,32.575128
-10.0,2,32.583715
-40.8,2,32.593189
-10.0,1,32.598447
-10.0,1,32.604939
-10.0,1,32.610932
-49.8,1,32.6165
-10.0,1,32.622269
-10.0,2,32.630889
-10.0,1,32.636153
-10.0,1,32.642669
-10.0,1,32.648274
-10.0,3,32.660671
-42.0,1,32.66574
-10.0,1,32.671919
-10.0,2,32.680013
-10.0,8,32.708418
-49.8,1,32.713186
-10.0,1,32.718192
-10.0,5,32.73349
-10.0,2,32.74222
-10.0,1,32.747228
-10.0,1,32.751864
-10.0,1,32.756644
-10.0,1,32.761332
-10.0,1,32.766516
-10.0,1,32.771215
-10.0,1,32.775966
-10.0,1,32.781368
-10.0,2,32.788807
-10.0,1,32.794209
-35.4,2,32.801157
-40.8,2,32.808325
-10.0,1,32.813669
-10.0,1,32.819632
-10.0,2,32.828412
-10.0,1,32.833641
-10.0,5,32.851721
-10.0,3,32.863395
-10.0,1,32.869449
-40.5,3,32.881634
-10.0,2,32.891518
-10.0,1,32.898144
-40.8,2,32.908009
-10.0,1,32.915037
-10.0,1,32.920908
-10.0,3,32.931716
-10.0,1,32.938546
-10.0,1,32.943627
-25.8,1,32.948956
-10.0,1,32.954606
-10.0,1,32.962786
-10.0,2,32.971081
-10.0,1,32.976916
-10.0,4,32.991839
-10.0,5,33.009529
-10.0,1,33.014612
-10.0,1,33.020132
-32.1,1,33.025433
-10.0,1,33.030451
-10.0,3,33.040393
-10.0,1,33.045393
-10.0,2,33.052703
-10.0,1,33.057893
-10.0,1,33.062665
-10.0,4,33.075768
-10.0,3,33.085356
-10.0,1,33.090225
-62.4,1,33.095076
-10.0,1,33.101159
-10.0,1,33.106409
-10.0,2,33.114568
-10.0,2,33.122373
-10.0,1,33.127634
-10.0,2,33.135236
-10.0,2,33.142546
-10.0,1,33.148606
-10.0,2,33.155948
-10.0,1,33.161091
-10.0,1,33.166087
-44.1,1,33.171049
-10.0,1,33.176322
-10.0,3,33.186033
-10.0,1,33.191069
-10.0,1,33.197114
-10.0,2,33.204882
-10.0,2,33.212269
-10.0,5,33.227389
-10.0,1,33.233201
-10.0,2,33.244055
-10.0,2,33.25181
-54.0,1,33.260783
-10.0,1,33.266284
-10.0,2,33.27573
-10.0,4,33.292499
-10.0,1,33.29787
-10.0,4,33.314861
-10.0,1,33.320331
-35.1,1,33.329245
-10.0,1,33.33519
-10.0,1,33.34094
-10.0,2,33.349593
-10.0,2,33.358767
-61.8,1,33.365367
-10.0,1,33.372419
-10.0,1,33.378259
-10.0,2,33.386307
-10.0,2,33.395199
-10.0,4,33.409239
-10.0,1,33.414358
-10.0,3,33.424754
-10.0,1,33.429794
-10.0,1,33.434944
-10.0,1,33.440311
-10.0,1,33.445334
-10.0,3,33.455425
-10.0,1,33.460418
-53.7,1,33.465801
-10.0,1,33.471293
-10.0,2,33.478931
-87.0,1,33.484542
-10.0,3,33.495176
-10.0,2,33.506386
-29.4,6,33.526576
-10.0,6,33.544239
-10.0,1,33.549724
-28.5,2,33.557474
-10.0,2,33.565333
-34.2,1,33.570535
-44.4,1,33.575604
-40.8,3,33.585751
-10.0,1,33.59087
-10.0,1,33.596195
-10.0,1,33.60127
-10.0,1,33.606384
-10.0,1,33.611654
-10.0,2,33.619207
-10.0,1,33.624236
-39.0,1,33.629681
-10.0,4,33.642254
-10.0,1,33.647329
-10.0,1,33.652174
-10.0,1,33.657328
-10.0,2,33.664699
-10.0,2,33.67195
-10.0,4,33.684725
-10.0,2,33.693769
-10.0,2,33.70308
-10.0,1,33.710804
-10.0,1,33.717578
-10.0,2,33.727424
-10.0,1,33.733668
-10.0,1,33.740159
-10.0,1,33.74638
-10.0,4,33.761838
-10.0,1,33.768172
-48.6,1,33.773636
-32.1,1,33.778553
-10.0,2,33.786284
-10.0,3,33.796061
-10.0,1,33.801168
-10.0,2,33.808564
-10.0,2,33.815866
-37.8,2,33.823409
-10.0,1,33.828366
-10.0,1,33.833565
-10.0,3,33.843349
-10.0,3,33.853411
-10.0,2,33.860746
-10.0,1,33.866418
-10.0,1,33.871548
-10.0,1,33.876627
-10.0,1,33.882154
-10.0,1,33.887285
-36.6,2,33.894594
-10.0,1,33.899829
-10.0,2,33.907156
-10.0,1,33.91223
-67.2,1,33.917273
-10.0,1,33.922191
-10.0,2,33.929717
-22.8,2,33.937071
-10.0,1,33.94202
-10.0,1,33.947197
-10.0,2,33.954551
-56.7,1,33.959515
-10.0,1,33.964601
-10.0,1,33.969609
-10.0,1,33.974517
-10.0,2,33.982074
-54.0,1,33.987102
-10.0,2,33.994793
-10.0,2,34.002379
-10.0,1,34.007439
-10.0,1,34.012416
-10.0,2,34.019753
-10.0,1,34.025123
-10.0,1,34.030491
-10.0,1,34.035515
-10.0,2,34.043059
-10.0,1,34.048061
-35.7,1,34.053043
-10.0,2,34.063876
-10.0,1,34.069349
-47.7,1,34.07469
-56.7,1,34.080537
-10.0,1,34.085572
-10.0,1,34.091043
-51.3,1,34.096063
-10.0,5,34.110659
-10.0,1,34.115631
-10.0,2,34.123133
-10.0,1,34.128054
-10.0,2,34.13564
-10.0,4,34.147762
-10.0,1,34.152987
-10.0,1,34.157954
-35.7,1,34.162866
-10.0,2,34.170411
-10.0,1,34.175391
-10.0,1,34.18032
-10.0,3,34.190122
-10.0,1,34.19514
-10.0,1,34.201074
-10.0,1,34.20622
-10.0,1,34.21117
-10.0,1,34.216311
-10.0,1,34.221322
-38.7,1,34.226259
-10.0,1,34.231268
-10.0,2,34.238612
-53.1,2,34.245904
-10.0,1,34.250982
-10.0,1,34.255919
-10.0,1,34.26078
-46.8,1,34.266042
-10.0,1,34.271084
-10.0,3,34.281112
-10.0,1,34.286108
-10.0,1,34.290991
-10.0,1,34.296143
-10.0,1,34.301135
-10.0,3,34.310858
-10.0,1,34.315887
-10.0,5,34.330427
-10.0,1,34.335427
-10.0,3,34.345256
-42.6,1,34.350332
-10.0,1,34.355518
-30.9,3,34.365492
-10.0,1,34.370487
-35.7,1,34.375756
-10.0,2,34.383112
-10.0,2,34.390567
-10.0,3,34.400294
-10.0,1,34.40535
-10.0,2,34.413117
-67.5,1,34.418169
-10.0,2,34.425769
-10.0,2,34.433304
-10.0,1,34.438267
-10.0,2,34.445978
-10.0,2,34.453216
-43.2,1,34.459071
-10.0,1,34.464815
-10.0,1,34.471113
-10.0,2,34.478565
-38.7,1,34.482919
-10.0,1,34.488708
-10.0,2,34.495883
-10.0,2,34.503892
-10.0,1,34.512166
-54.0,1,34.51791
-10.0,1,34.524382
-10.0,1,34.530796
-10.0,2,34.540079
-41.1,1,34.547528
-54.0,4,34.56557
-10.0,1,34.572587
-10.0,6,34.593673
-10.0,1,34.599275
-10.0,1,34.606711
-10.0,3,34.618566
-10.0,2,34.626925
-44.7,1,34.631976
-10.0,2,34.63961
-10.0,2,34.646966
-10.0,1,34.652267
-10.0,1,34.657378
-10.0,1,34.662254
-10.0,1,34.667403
-10.0,1,34.672352
-10.0,2,34.679622
-10.0,1,34.684903
-10.0,3,34.694638
-10.0,1,34.699797
-10.0,1,34.704777
-10.0,1,34.709698
-10.0,1,34.714908
-10.0,1,34.719945
-38.4,3,34.729732
-32.1,1,34.734748
-10.0,3,34.744449
-31.8,2,34.751944
-10.0,3,34.761702
-10.0,3,34.771382
-10.0,2,34.779207
-10.0,1,34.784235
-10.0,1,34.789154
-10.0,1,34.7944
-10.0,2,34.801792
-10.0,1,34.806752
-10.0,1,34.811946
-10.0,2,34.819268
-10.0,1,34.824307
-10.0,1,34.829362
-45.3,1,34.834261
-10.0,4,34.846616
-10.0,1,34.85163
-44.4,1,34.856782
-10.0,1,34.861752
-10.0,1,34.866686
-10.0,1,34.871556
-10.0,2,34.879076
-10.0,1,34.884007
-10.0,1,34.889268
-10.0,1,34.894282
-10.0,2,34.901588
-10.0,1,34.906785
-10.0,4,34.918765
-10.0,1,34.923976
-10.0,1,34.928876
-10.0,2,34.936246
-10.0,1,34.941369
-48.3,2,34.948621
-10.0,4,34.960853
-10.0,2,34.968229
-10.0,1,34.97327
-10.0,3,34.982855
-10.0,2,34.99056
-10.0,3,35.000372
-10.0,1,35.005787
-10.0,1,35.010746
-10.0,1,35.015771
-10.0,1,35.020887
-10.0,1,35.025808
-10.0,2,35.033254
-45.0,2,35.040623
-10.0,2,35.047923
-10.0,3,35.057786
-10.0,2,35.065475
-10.0,1,35.070939
-10.0,1,35.075945
-10.0,2,35.083545
-38.1,1,35.088507
-10.0,3,35.098788
-28.5,2,35.106112
-10.0,1,35.11114
-10.0,1,35.116349
-53.4,1,35.121446
-10.0,2,35.129126
-10.0,2,35.136534
-10.0,4,35.148901
-54.9,1,35.153885
-10.0,1,35.158785
-48.3,2,35.166629
-38.7,1,35.171685
-30.6,1,35.17677
-10.0,1,35.181817
-70.8,1,35.18661
-10.0,1,35.191639
-10.0,2,35.199806
-10.0,1,35.206068
-10.0,3,35.216826
-10.0,3,35.231188
-10.0,3,35.244915
-10.0,1,35.251112
-10.0,2,35.261813
-35.7,1,35.267425
-10.0,3,35.281011
-10.0,1,35.288062
-10.0,2,35.298032
-10.0,1,35.30394
-10.0,2,35.31479
-38.7,1,35.320629
-10.0,1,35.325683
-10.0,3,35.338053
-10.0,1,35.344119
-10.0,1,35.349775
-10.0,1,35.357224
-10.0,6,35.378011
-10.0,8,35.401598
-10.0,1,35.40708
-10.0,2,35.414153
-10.0,1,35.419137
-10.0,2,35.426222
-10.0,1,35.43088
-10.0,2,35.438166
-10.0,1,35.442828
-10.0,1,35.447382
-10.0,2,35.454715
-10.0,1,35.459372
-10.0,3,35.468628
-10.0,1,35.473256
-35.4,2,35.480011
-10.0,3,35.489277
-78.6,1,35.493957
-10.0,1,35.498852
-10.0,1,35.503779
-10.0,1,35.508713
-10.0,1,35.513763
-10.0,1,35.518816
-10.0,1,35.523743
-10.0,1,35.528776
-10.0,2,35.536163
-42.3,1,35.541108
-10.0,2,35.548847
-62.4,1,35.55383
-43.2,1,35.558773
-10.0,1,35.564086
-10.0,2,35.571313
-10.0,1,35.576125
-10.0,2,35.584023
-10.0,1,35.589049
-10.0,1,35.594152
-10.0,1,35.59907
-10.0,1,35.604026
-10.0,1,35.609205
-10.0,1,35.614086
-10.0,2,35.62134
-10.0,4,35.633469
-10.0,1,35.63851
-53.1,2,35.646061
-10.0,2,35.653301
-10.0,1,35.658431
-10.0,2,35.665657
-10.0,4,35.677812
-43.5,4,35.689913
-10.0,4,35.701848
-10.0,5,35.716603
-65.4,1,35.721825
-66.6,3,35.731504
-10.0,2,35.739391
-44.4,1,35.744569
-10.0,1,35.749866
-54.3,3,35.7602
-10.0,4,35.773043
-10.0,4,35.785898
-10.0,1,35.790874
-43.2,1,35.795769
-10.0,1,35.800951
-10.0,1,35.806801
-10.0,3,35.819174
-10.0,3,35.831459
-10.0,1,35.838119
-10.0,2,35.847679
-10.0,1,35.854007
-10.0,6,35.875259
-10.0,1,35.881961
-10.0,1,35.888267
-10.0,2,35.897725
-44.4,1,35.903735
-10.0,1,35.908705
-85.2,2,35.916297
-87.0,1,35.921311
-10.0,2,35.92914
-10.0,2,35.936783
-10.0,3,35.946593
-10.0,1,35.951567
-10.0,1,35.956467
-10.0,1,35.96169
-10.0,3,35.971558
-10.0,1,35.97806
-38.1,3,35.987672
-85.5,1,35.99278
-10.0,1,35.997739
-10.0,1,36.002605
-10.0,1,36.007687
-10.0,2,36.015215
-10.0,2,36.022533
-35.1,1,36.027645
-10.0,1,36.032511
-10.0,1,36.037372
-10.0,2,36.0449
-10.0,1,36.049808
-10.0,1,36.054738
-10.0,2,36.062252
-10.0,1,36.067139
-93.0,2,36.074808
-10.0,1,36.079709
-10.0,2,36.086899
-10.0,1,36.092799
-10.0,5,36.108196
-10.0,1,36.113448
-10.0,1,36.118628
-10.0,1,36.123939
-10.0,1,36.129085
-10.0,1,36.134161
-10.0,2,36.142412
-10.0,3,36.15311
-10.0,1,36.158307
-49.5,1,36.16325
-10.0,1,36.168338
-10.0,1,36.173337
-10.0,2,36.180603
-10.0,1,36.185828
-10.0,2,36.193135
-10.0,1,36.198046
-34.5,5,36.212543
-10.0,1,36.219187
-10.0,1,36.224488
-10.0,1,36.229704
-10.0,1,36.236789
-10.0,1,36.242014
-10.0,1,36.247442
-10.0,2,36.26122
-10.0,3,36.278199
-10.0,1,36.287024
-44.7,1,36.295611
-10.0,4,36.311474
-10.0,1,36.316625
-10.0,2,36.323912
-10.0,2,36.331457
-10.0,1,36.33642
-42.9,2,36.343841
-10.0,1,36.348802
-10.0,1,36.353717
-10.0,1,36.358747
-49.8,1,36.364043
-10.0,4,36.376177
-10.0,1,36.381166
-43.2,1,36.386156
-10.0,1,36.391309
-10.0,2,36.398608
-10.0,1,36.403513
-10.0,2,36.411041
-10.0,2,36.418336
-10.0,1,36.423544
-10.0,2,36.43092
-87.0,1,36.435931
-10.0,3,36.445824
-10.0,1,36.450742
-10.0,2,36.458407
-10.0,2,36.465739
-62.1,2,36.473286
-10.0,1,36.47831
-10.0,2,36.48559
-10.0,1,36.491071
-10.0,2,36.498711
-10.0,1,36.503886
-10.0,3,36.513506
-45.0,2,36.521058
-10.0,1,36.525985
-10.0,1,36.530856
-10.0,4,36.543018
-10.0,4,36.555464
-10.0,1,36.560437
-10.0,3,36.57115
-46.5,2,36.57875
-10.0,1,36.584017
-10.0,1,36.589268
-10.0,3,36.599788
-10.0,1,36.605196
-10.0,1,36.61024
-10.0,1,36.616057
-10.0,1,36.622245
-10.0,1,36.628356
-10.0,1,36.634945
-10.0,1,36.641232
-61.5,3,36.653865
-10.0,2,36.663337
-10.0,1,36.669635
-10.0,3,36.681999
-10.0,1,36.688249
-25.8,1,36.694714
-10.0,2,36.703873
-10.0,1,36.709193
-10.0,3,36.719181
-10.0,1,36.724199
-44.7,1,36.729475
-10.0,1,36.734437
-10.0,1,36.739467
-10.0,1,36.744655
-34.5,1,36.749597
-10.0,2,36.756925
-10.0,2,36.764594
-10.0,4,36.776812
-10.0,1,36.781773
-40.8,2,36.789251
-10.0,1,36.79463
-10.0,3,36.804323
-10.0,1,36.809808
-62.4,1,36.815033
-10.0,1,36.820066
-46.8,2,36.830435
-78.3,2,36.839263
-10.0,2,36.846888
-10.0,1,36.852295
-10.0,3,36.862135
-38.1,4,36.874174
-10.0,2,36.881308
-10.0,1,36.886396
-46.8,1,36.89125
-10.0,1,36.896014
-10.0,2,36.903932
-10.0,1,36.90887
-10.0,1,36.913657
-10.0,1,36.918809
-10.0,2,36.925984
-10.0,5,36.940208
-10.0,1,36.94504
-10.0,1,36.950015
-10.0,2,36.957226
-10.0,1,36.961973
-10.0,5,36.976103
-10.0,2,36.983449
-38.1,3,36.992951
-10.0,3,37.002548
-10.0,1,37.007429
-10.0,3,37.017509
-10.0,1,37.022513
-48.9,1,37.027309
-10.0,1,37.032443
-10.0,4,37.044327
-10.0,1,37.049277
-10.0,2,37.056474
-87.0,1,37.061992
-10.0,3,37.07172
-10.0,1,37.076753
-10.0,3,37.086421
-10.0,3,37.096134
-49.2,1,37.101038
-10.0,1,37.105821
-10.0,1,37.112301
-10.0,1,37.120715
-10.0,4,37.13362
-10.0,2,37.140933
-10.0,2,37.148081
-10.0,1,37.152921
-10.0,1,37.158138
-10.0,1,37.163021
-10.0,1,37.167803
-10.0,2,37.175125
-10.0,1,37.1799
-10.0,1,37.184623
-48.6,1,37.189648
-10.0,1,37.194436
-42.3,3,37.203844
-10.0,1,37.208713
-10.0,1,37.213476
-10.0,7,37.233711
-10.0,1,37.238946
-10.0,1,37.243983
-10.0,3,37.255168
-10.0,1,37.260803
-25.2,3,37.271983
-10.0,3,37.283065
-10.0,1,37.289004
-10.0,3,37.300249
-10.0,3,37.311397
-10.0,1,37.317219
-10.0,2,37.32535
-10.0,4,37.338539
-10.0,1,37.343523
-10.0,2,37.35079
-10.0,1,37.355656
-10.0,3,37.365707
-10.0,2,37.373179
-10.0,1,37.378099
-10.0,2,37.386572
-10.0,1,37.391551
-10.0,1,37.396582
-10.0,3,37.406173
-10.0,1,37.411152
-10.0,1,37.416158
-35.7,1,37.421017
-10.0,1,37.425819
-10.0,1,37.431124
-10.0,2,37.438484
-10.0,1,37.443542
-10.0,1,37.448468
-10.0,2,37.455596
-10.0,1,37.460669
-10.0,2,37.467872
-10.0,4,37.479792
-54.0,4,37.491745
-48.6,1,37.496623
-10.0,1,37.501409
-28.8,1,37.506203
-10.0,1,37.511078
-41.1,2,37.518184
-10.0,4,37.530122
-10.0,3,37.539791
-10.0,1,37.544677
-10.0,1,37.549437
-10.0,1,37.554217
-32.1,1,37.559139
-10.0,1,37.563902
-10.0,1,37.568717
-10.0,2,37.576131
-10.0,6,37.59281
-10.0,1,37.597624
-44.1,2,37.605133
-10.0,1,37.609985
-10.0,3,37.619796
-10.0,1,37.625161
-43.2,1,37.63008
-10.0,2,37.63754
-10.0,1,37.642416
-10.0,2,37.649505
-30.6,1,37.654476
-10.0,1,37.659241
-10.0,2,37.666553
-10.0,1,37.67168
-10.0,4,37.683896
-10.0,2,37.691342
-10.0,1,37.696242
-53.4,1,37.701554
-10.0,5,37.716374
-10.0,1,37.72159
-10.0,1,37.726573
-10.0,3,37.736994
-10.0,1,37.74164
-48.6,1,37.746242
-10.0,1,37.751777
-10.0,2,37.759695
-10.0,1,37.764815
-46.2,5,37.782359
-10.0,4,37.799218
-10.0,2,37.80845
-10.0,1,37.815764
-10.0,2,37.826712
-10.0,1,37.832538
-10.0,1,37.840256
-10.0,2,37.84956
-10.0,1,37.858589
-10.0,2,37.880232
-10.0,5,37.934122
-10.0,3,37.970574
-28.5,2,37.988823
-10.0,1,37.995685
-28.5,2,38.007725
-10.0,1,38.015368
-42.6,3,38.029718
-10.0,1,38.03615
-10.0,3,38.045167
-42.9,6,38.061239
-10.0,2,38.068944
-38.1,1,38.07398
-10.0,2,38.082304
-10.0,5,38.096956
-38.7,1,38.102027
-30.9,1,38.106947
-10.0,1,38.112967
-10.0,2,38.120402
-54.9,1,38.125461
-10.0,1,38.131062
-10.0,1,38.136191
-10.0,1,38.141315
-10.0,1,38.146474
-10.0,2,38.153888
-10.0,2,38.161755
-10.0,1,38.166449
-10.0,1,38.17126
-10.0,1,38.176618
-47.1,3,38.186621
-10.0,1,38.19157
-10.0,1,38.196361
-10.0,2,38.207666
-10.0,1,38.213452
-43.2,1,38.219565
-10.0,1,38.228461
-10.0,3,38.242971
-10.0,1,38.248957
-10.0,1,38.25537
-10.0,1,38.264474
-10.0,2,38.273596
-10.0,2,38.283232
-10.0,1,38.291287
-10.0,1,38.296925
-10.0,1,38.303234
-10.0,1,38.311507
-10.0,1,38.316579
-33.3,5,38.339
-10.0,1,38.34503
-67.5,3,38.356874
-10.0,1,38.362664
-10.0,1,38.368185
-41.1,1,38.377275
-10.0,1,38.382443
-10.0,2,38.391057
-10.0,2,38.399529
-10.0,1,38.405141
-10.0,1,38.409918
-10.0,2,38.416907
-48.3,2,38.424368
-10.0,1,38.428975
-10.0,1,38.433721
-10.0,1,38.438759
-85.5,1,38.443609
-10.0,3,38.452869
-10.0,2,38.459695
-10.0,1,38.464244
-10.0,1,38.4691
-10.0,2,38.475969
-10.0,2,38.482948
-10.0,1,38.487673
-10.0,1,38.492197
-10.0,2,38.499221
-10.0,2,38.506053
-10.0,1,38.510628
-85.5,1,38.515348
-10.0,1,38.519959
-10.0,1,38.524493
-10.0,1,38.529258
-10.0,1,38.53389
-10.0,1,38.538437
-10.0,2,38.545478
-44.7,1,38.550473
-10.0,1,38.555342
-43.2,1,38.560247
-10.0,1,38.567207
-10.0,1,38.572505
-10.0,1,38.577849
-10.0,2,38.585574
-10.0,1,38.59061
-10.0,1,38.595942
-10.0,1,38.601013
-10.0,1,38.606018
-10.0,2,38.613558
-10.0,1,38.618485
-10.0,3,38.628497
-10.0,1,38.63346
-10.0,1,38.638465
-10.0,2,38.658764
-10.0,1,38.680948
-45.3,1,38.695406
-10.0,1,38.714144
-10.0,1,38.726194
-10.0,1,38.738491
-10.0,2,38.761163
-42.9,1,38.76705
-10.0,1,38.777617
-10.0,2,38.794676
-10.0,1,38.80263
-10.0,3,38.813611
-10.0,1,38.819324
-10.0,2,38.82683
-64.5,2,38.834609
-10.0,1,38.840616
-40.2,1,38.845901
-10.0,1,38.851294
-10.0,1,38.856233
-10.0,4,38.87049
-10.0,2,38.878055
-10.0,2,38.885922
-10.0,2,38.893434
-10.0,3,38.903391
-10.0,1,38.908382
-10.0,1,38.913433
-42.3,1,38.918424
-10.0,2,38.925721
-10.0,1,38.930914
-10.0,2,38.938276
-10.0,3,38.948153
-10.0,5,38.962796
-10.0,1,38.967851
-10.0,7,38.986914
-10.0,4,38.999283
-10.0,2,39.006647
-10.0,1,39.012343
-10.0,2,39.019892
-10.0,2,39.027403
-10.0,1,39.032383
-10.0,1,39.037285
-10.0,2,39.044823
-10.0,1,39.049721
-10.0,1,39.054671
-10.0,1,39.059728
-10.0,1,39.064655
-10.0,1,39.069561
-10.0,1,39.075146
-45.3,1,39.080262
-10.0,1,39.085299
-44.7,1,39.090447
-10.0,1,39.095455
-10.0,2,39.102739
-46.8,1,39.107949
-38.4,1,39.112931
-10.0,1,39.117983
-38.7,1,39.123161
-10.0,2,39.130559
-10.0,2,39.138154
-10.0,1,39.143244
-10.0,1,39.148227
-10.0,3,39.158324
-10.0,1,39.163376
-10.0,1,39.168309
-10.0,4,39.18105
-10.0,1,39.186331
-10.0,1,39.191553
-10.0,2,39.199012
-10.0,3,39.210416
-10.0,3,39.222172
-38.4,1,39.227104
-10.0,3,39.238684
-10.0,3,39.249416
-10.0,3,39.262074
-10.0,1,39.266981
-10.0,2,39.2765
-10.0,1,39.282232
-93.3,1,39.287918
-10.0,2,39.296465
-10.0,1,39.302655
-10.0,5,39.318568
-10.0,1,39.326195
-41.1,1,39.331226
-10.0,1,39.468795
-32.1,1,39.480253
-10.0,1,39.489009
-49.2,1,39.49451
-10.0,1,39.502549
-10.0,1,39.508037
-10.0,1,39.513483
-32.1,1,39.519817
-10.0,1,39.52914
-10.0,1,39.536818
-10.0,1,39.542794
-10.0,1,39.548632
-10.0,1,39.555931
-10.0,3,39.569082
-10.0,1,39.574322
-10.0,1,39.579984
-10.0,1,39.585878
-10.0,1,39.592375
-10.0,1,39.597976
-10.0,1,39.603819
-10.0,2,39.612256
-10.0,2,39.620872
-43.8,4,39.63482
-41.1,2,39.642529
-10.0,1,39.648666
-10.0,1,39.655408
-10.0,1,39.660041
-10.0,2,39.667327
-10.0,2,39.674558
-10.0,2,39.681847
-10.0,3,39.69151
-46.8,1,39.698141
-10.0,1,39.705335
-10.0,2,39.714344
-10.0,2,39.724368
-10.0,1,39.729089
-10.0,1,39.734507
-10.0,1,39.740711
-10.0,1,39.74635
-10.0,1,39.752332
-43.2,1,39.758918
-10.0,1,39.768079
-10.0,2,39.775652
-44.4,2,39.783296
-10.0,1,39.789728
-10.0,1,39.794466
-10.0,1,39.799271
-10.0,1,39.804166
-35.1,1,39.808873
-51.3,1,39.81356
-64.8,1,39.818583
-10.0,1,39.823472
-10.0,2,39.830999
-10.0,1,39.83663
-10.0,1,39.844783
-10.0,2,39.856197
-10.0,1,39.861285
-10.0,1,39.867515
-10.0,1,39.872815
-10.0,2,39.881306
-10.0,2,39.891474
-10.0,5,39.908462
-10.0,2,39.916973
-10.0,1,39.923952
-10.0,1,39.929214
-10.0,1,39.93547
-10.0,3,39.947459
-10.0,1,39.954817
-33.6,1,39.961951
-10.0,1,39.967968
-10.0,5,39.987897
-10.0,1,39.994642
-10.0,1,40.000054
-10.0,1,40.006642
-10.0,1,40.014376
-38.4,2,40.025186
-38.4,1,40.032003
-10.0,2,40.041289
-10.0,1,40.047388
-10.0,4,40.064342
-10.0,2,40.075051
-10.0,1,40.080621
-10.0,1,40.089252
-10.0,1,40.096053
-46.8,1,40.102236
-10.0,2,40.112873
-10.0,1,40.118717
-46.8,2,40.129842
-10.0,2,40.14146
-10.0,2,40.151335
-10.0,1,40.159125
-10.0,1,40.165356
-10.0,1,40.172257
-10.0,2,40.181628
-10.0,1,40.187375
-10.0,1,40.193095
-10.0,2,40.202053
-10.0,2,40.210236
-10.0,1,40.216505
-10.0,1,43.256837
-10.0,1,43.263091
-10.0,2,43.275175
-10.0,1,43.2815
-10.0,4,43.298993
-10.0,1,43.306181
-10.0,1,43.310977
-10.0,1,43.315079
-10.0,1,43.321741
-10.0,2,43.330666
-10.0,1,43.335587
-10.0,1,43.340682
-10.0,1,43.347559
-10.0,1,43.352494
-10.0,3,43.365818
-10.0,1,43.372917
-10.0,2,43.383124
-10.0,1,43.390667
-10.0,1,43.398655
-10.0,4,43.412485
-10.0,1,43.419294
-10.0,1,43.426439
-10.0,1,43.434146
-10.0,3,43.448808
-10.0,2,43.460762
-10.0,1,43.468833
-10.0,3,43.481672
-10.0,1,43.487679
-10.0,1,43.493114
-10.0,1,43.498494
-10.0,4,43.517911
-10.0,1,43.526666
-10.0,1,43.534633
-10.0,2,43.549411
-10.0,3,43.568187
-10.0,2,43.58063
-10.0,1,43.589241
-10.0,1,43.594982
-10.0,1,43.600906
-10.0,2,43.613944
-10.0,1,43.622722
-10.0,1,43.631556
-10.0,1,43.640216
-10.0,1,43.649481
-10.0,1,43.657552
-10.0,4,43.674429
-10.0,1,43.684071
-10.0,1,43.690905
-10.0,1,43.698261
-10.0,1,43.707247
-10.0,3,43.722306
-10.0,1,43.729322
-10.0,1,43.736331
-10.0,1,43.742232
-10.0,1,43.747792
-10.0,2,43.757089
-10.0,3,43.769712
-10.0,1,43.777864
-10.0,1,43.784604
-10.0,1,43.79216
-10.0,1,43.800318
-10.0,1,43.806891
-10.0,1,43.812642
-10.0,1,43.821055
-10.0,2,43.83086
-10.0,1,43.839458
-10.0,1,43.84667
-10.0,2,43.858868
-10.0,1,43.865248
-10.0,1,43.877964
-10.0,2,43.892186
-10.0,2,43.901632
-10.0,1,43.907588
-10.0,3,43.92271
-10.0,3,43.934462
-10.0,2,43.943246
-10.0,1,43.94914
-10.0,1,43.954958
-10.0,3,43.972129
-10.0,1,43.978987
-25.8,1,43.985372
-10.0,5,44.009602
-10.0,2,44.019844
-10.0,2,44.028907
-10.0,1,44.035608
-10.0,2,44.049191
-10.0,1,44.056761
-10.0,4,44.072305
-10.0,1,44.078679
-10.0,2,44.091284
-10.0,1,44.098145
-10.0,2,44.10785
-10.0,2,44.117466
-10.0,1,44.123908
-10.0,1,44.134344
-10.0,2,44.143535
-10.0,2,44.15367
-10.0,2,44.163932
-10.0,2,44.177668
-10.0,2,44.18816
-10.0,1,44.194312
-10.0,1,44.20086
-10.0,1,44.206959
-10.0,3,44.223837
-10.0,1,44.230871
-10.0,2,44.241837
-10.0,1,44.251101
-10.0,1,44.26106
-10.0,4,44.279024
-10.0,5,44.302516
-10.0,1,44.309397
-10.0,1,44.316029
-10.0,2,44.326037
-10.0,1,44.333193
-10.0,1,44.343323
-10.0,1,44.350136
-10.0,1,44.357416
-10.0,1,44.364096
-10.0,2,44.374307
-10.0,1,44.386393
-44.7,1,44.395919
-10.0,1,44.405806
-10.0,1,44.413902
-65.4,1,44.420471
-10.0,1,44.431141
-10.0,1,44.438711
-10.0,1,44.445529
-10.0,3,44.460917
-10.0,1,44.470707
-10.0,1,44.478792
-10.0,2,44.489409
-10.0,1,44.495956
-10.0,3,44.509377
-10.0,1,44.519078
-10.0,3,44.53447
-10.0,1,44.541249
-72.6,1,44.547801
-10.0,1,44.554792
-10.0,1,44.564672
-10.0,1,44.573159
-10.0,1,44.580744
-10.0,1,44.588202
-10.0,1,44.59887
-10.0,3,44.614787
-10.0,1,44.622173
-10.0,1,44.630162
-10.0,1,44.640143
-10.0,3,44.655239
-10.0,2,44.667664
-10.0,4,44.688014
-10.0,1,44.695428
-10.0,2,44.710826
-10.0,2,44.722106
-10.0,4,44.73982
-10.0,2,44.751155
-10.0,1,44.758223
-10.0,1,44.766071
-10.0,1,44.777297
-10.0,1,44.786273
-10.0,2,44.797493
-10.0,4,44.817637
-10.0,1,44.825544
-10.0,2,44.836835
-10.0,2,44.846767
-10.0,5,44.873081
-10.0,1,44.879337
-10.0,1,44.886412
-10.0,1,44.893101
-10.0,1,44.903005
-10.0,1,44.911029
-10.0,1,44.921377
-10.0,2,44.93177
-10.0,1,44.938958
-10.0,1,44.946063
-10.0,3,44.962615
-10.0,1,44.970123
-10.0,1,44.976675
-10.0,1,44.983559
-10.0,1,44.99242
-10.0,2,45.006256
-10.0,2,45.017756
-10.0,3,45.039125
-10.0,1,45.049719
-10.0,1,45.057008
-10.0,1,45.064048
-10.0,1,45.074504
-10.0,1,45.081792
-10.0,1,45.090172
-10.0,1,45.097525
-10.0,2,45.11249
-10.0,3,45.128255
-93.0,2,45.139395
-10.0,3,45.157104
-10.0,1,45.166036
-10.0,3,45.180401
-10.0,2,45.190599
-10.0,1,45.197956
-10.0,1,45.204701
-10.0,1,45.211515
-10.0,3,45.225381
-10.0,2,45.240609
-10.0,1,45.247833
-10.0,1,45.255697
-10.0,1,45.264089
-10.0,2,45.280945
-10.0,5,45.303458
-10.0,1,45.311657
-10.0,1,45.321254
-10.0,2,45.333625
-10.0,1,45.341938
-10.0,3,45.358967
-10.0,1,45.367368
-10.0,1,45.376956
-10.0,1,45.385707
-10.0,4,45.407982
-10.0,1,45.416532
-10.0,1,45.424574
-10.0,1,45.4355
-10.0,4,45.459092
-10.0,1,45.466322
-10.0,3,45.480175
-10.0,1,45.489997
-10.0,1,45.501339
-10.0,1,45.511284
-10.0,3,45.529131
-10.0,1,45.535929
-10.0,1,45.543252
-56.7,1,45.550092
-10.0,2,45.56028
-10.0,1,45.566999
-10.0,3,45.580704
-10.0,1,45.591318
-10.0,1,45.602819
-10.0,1,45.613907
-10.0,1,45.621929
-10.0,1,45.629541
-10.0,1,45.637488
-10.0,9,45.671416
-10.0,5,45.692758
-10.0,1,45.700728
-10.0,1,45.708325
-10.0,1,45.716196
-10.0,2,45.727386
-10.0,1,45.735724
-10.0,2,45.746975
-10.0,3,45.76179
-10.0,4,45.780843
-10.0,1,45.787899
-10.0,3,45.802042
-10.0,1,45.80873
-10.0,1,45.81562
-10.0,3,45.82862
-53.4,1,45.834688
-10.0,2,45.843801
-10.0,1,45.849825
-10.0,2,45.8587
-10.0,7,45.882354
-10.0,1,45.889421
-10.0,1,45.895697
-10.0,2,45.905349
-10.0,2,45.914991
-10.0,2,45.9253
-10.0,1,45.931388
-10.0,1,45.937596
-10.0,3,45.949515
-10.0,3,45.962226
-10.0,1,45.968343
-10.0,1,45.974881
-10.0,3,45.987433
-10.0,2,45.996213
-10.0,3,46.008947
-10.0,1,46.014707
-10.0,2,46.023515
-10.0,3,46.034367
-10.0,1,46.042588
-10.0,2,46.053369
-10.0,6,46.071308
-10.0,2,46.079003
-10.0,5,46.094427
-10.0,1,46.100389
-10.0,1,46.105611
-10.0,2,46.113346
-10.0,3,46.123607
-10.0,1,46.128902
-10.0,1,46.134289
-10.0,1,46.139478
-10.0,6,46.157166
-10.0,1,46.16279
-10.0,2,46.170677
-10.0,1,46.175887
-10.0,1,46.181114
-10.0,1,46.186453
-10.0,1,46.1917
-10.0,1,46.196941
-10.0,3,46.207107
-10.0,1,46.212454
-10.0,1,46.218027
-10.0,3,46.228386
-10.0,1,46.233845
-10.0,1,46.239463
-10.0,1,46.24463
-10.0,6,46.263774
-10.0,1,46.271183
-10.0,2,46.285417
-10.0,1,46.293886
-10.0,2,46.305725
-10.0,1,46.313084
-10.0,1,46.321132
-10.0,4,46.33906
-10.0,3,46.356507
-10.0,1,46.364779
-10.0,3,46.375914
-10.0,1,46.381192
-10.0,5,46.399336
-10.0,1,46.407549
-10.0,1,46.41416
-10.0,1,46.420914
-10.0,1,46.427706
-10.0,1,46.43526
-10.0,1,46.440941
-10.0,1,46.447673
-10.0,6,46.467695
-10.0,1,46.47389
-10.0,1,46.480406
-10.0,1,46.486837
-10.0,1,46.492792
-10.0,1,46.498993
-10.0,1,46.504761
-10.0,1,46.51277
-10.0,2,46.523527
-10.0,1,46.529564
-10.0,2,46.537732
-10.0,6,46.560809
-10.0,2,46.572339
-10.0,1,46.57779
-10.0,1,46.588069
-32.1,1,46.595784
-10.0,2,46.609143
-10.0,1,46.618272
-10.0,1,46.627361
-10.0,1,46.633813
-10.0,6,46.66685
-10.0,1,46.677284
-10.0,1,46.684669
-10.0,1,46.692331
-10.0,1,46.698238
-10.0,1,46.708222
-10.0,1,46.716886
-10.0,1,46.724731
-10.0,2,46.736525
-10.0,2,46.74926
-10.0,1,46.757906
-10.0,1,46.766499
-10.0,1,46.776611
-10.0,1,46.784208
-10.0,1,46.791816
-10.0,1,46.799735
-10.0,1,46.807196
-10.0,2,46.81962
-10.0,1,46.826003
-10.0,1,46.833931
-10.0,4,46.853052
-10.0,2,46.861976
-10.0,1,46.867782
-10.0,1,46.873194
-10.0,1,46.879815
-10.0,2,46.88908
-10.0,1,46.895324
-10.0,3,46.908531
-10.0,2,46.919989
-10.0,1,46.926157
-38.4,1,46.934305
-10.0,2,46.949715
-10.0,2,46.967372
-10.0,3,46.98615
-10.0,1,46.994736
-10.0,3,47.017406
-10.0,2,47.034917
-10.0,3,47.060833
-10.0,2,47.076565
-10.0,4,47.097728
-10.0,1,47.10461
-10.0,1,47.11274
-10.0,1,47.122736
-10.0,1,47.129798
-10.0,1,47.140546
-10.0,1,47.14896
-10.0,2,47.165092
-10.0,1,47.175429
-10.0,1,47.18415
-10.0,3,47.201443
-10.0,3,47.220646
-10.0,2,47.235598
-10.0,4,47.257159
-10.0,1,47.267606
-10.0,1,47.275554
-10.0,1,47.285631
-10.0,1,47.299264
-10.0,1,47.310976
-10.0,2,47.328334
-10.0,1,47.337307
-10.0,1,47.346074
-10.0,1,47.355355
-10.0,5,47.379706
-10.0,1,47.388093
-10.0,1,47.395589
-10.0,1,47.403727
-10.0,3,47.425877
-10.0,2,47.439496
-10.0,2,47.449117
-10.0,2,47.458942
-10.0,1,47.466317
-10.0,3,47.48001
-10.0,1,47.486806
-10.0,1,47.493502
-10.0,4,47.508802
-10.0,1,47.51512
-10.0,4,47.530293
-10.0,3,47.542409
-10.0,1,47.548837
-10.0,2,47.557707
-10.0,1,47.564054
-10.0,4,47.58411
-10.0,4,47.606424
-10.0,1,47.614425
-10.0,1,47.624201
-10.0,1,47.632177
-10.0,1,47.638962
-10.0,1,47.647682
-10.0,1,47.657653
-10.0,1,47.666315
-43.5,1,47.675995
-10.0,3,47.696907
-10.0,1,47.705768
-10.0,1,47.716427
-10.0,1,47.727547
-10.0,1,47.738397
-10.0,1,47.748319
-10.0,1,47.757217
-10.0,1,47.769541
-10.0,1,47.776903
-10.0,1,47.787397
-10.0,1,47.798459
-10.0,4,47.82427
-10.0,1,47.834499
-10.0,1,47.844714
-10.0,3,47.86268
-10.0,2,47.877594
-10.0,1,47.885934
-10.0,2,47.900555
-10.0,1,47.908387
-10.0,1,47.915964
-10.0,1,47.924159
-10.0,3,47.939724
-10.0,1,47.949316
-10.0,1,47.959124
-10.0,1,47.968544
-10.0,1,47.976685
-10.0,3,47.992915
-10.0,1,48.001439
-10.0,1,48.01082
-10.0,1,48.020344
-10.0,1,48.028233
-10.0,4,48.051505
-10.0,2,48.066119
-10.0,2,48.075655
-10.0,1,48.082578
-10.0,2,48.0916
-10.0,2,48.100834
-10.0,1,48.106526
-10.0,1,48.112015
-10.0,2,48.120466
-10.0,1,48.125959
-10.0,2,48.135282
-10.0,1,48.140866
-10.0,2,48.149462
-10.0,4,48.164976
-10.0,4,48.178711
-10.0,2,48.186477
-10.0,1,48.191726
-10.0,1,48.19697
-10.0,1,48.202214
-10.0,1,48.207422
-10.0,3,48.21774
-10.0,2,48.229288
-10.0,3,48.248064
-10.0,1,48.257025
-10.0,1,48.263374
-10.0,2,48.271789
-10.0,2,48.283645
-10.0,2,48.294594
-10.0,3,48.308403
-10.0,1,48.317245
-10.0,3,48.331397
-10.0,1,48.337443
-10.0,1,48.344079
-10.0,1,48.351852
-10.0,2,48.359931
-10.0,1,48.365642
-10.0,1,48.371344
-10.0,1,48.378131
-10.0,1,48.386865
-10.0,4,48.401527
-10.0,1,48.407677
-42.6,1,48.413153
-10.0,2,48.422309
-10.0,1,48.42748
-10.0,1,48.432869
-10.0,2,48.440537
-10.0,2,48.44854
-39.9,2,48.456282
-10.0,1,48.462168
-10.0,1,48.472265
-10.0,1,48.480328
-10.0,2,48.493188
-10.0,1,48.501144
-10.0,1,48.508612
-10.0,3,48.521701
-10.0,3,48.534871
-10.0,1,48.540295
-10.0,1,48.545826
-10.0,1,48.551606
-10.0,2,48.561743
-10.0,1,48.570053
-10.0,1,48.578629
-10.0,2,48.591172
-10.0,2,48.60272
-10.0,2,48.610966
-10.0,1,48.616665
-10.0,2,48.624691
-10.0,1,48.629845
-10.0,2,48.637883
-10.0,1,48.643012
-10.0,2,48.650908
-10.0,3,48.661265
-10.0,1,48.666626
-10.0,2,48.675765
-10.0,1,48.683233
-10.0,1,48.688848
-10.0,6,48.710737
-10.0,2,48.720417
-10.0,1,48.725572
-10.0,1,48.730715
-10.0,1,48.736075
-10.0,5,48.751967
-10.0,1,48.75854
-10.0,1,48.766168
-10.0,1,48.775819
-10.0,2,48.786615
-10.0,1,48.794277
-10.0,1,48.803415
-10.0,3,48.818317
-10.0,5,48.839009
-10.0,1,48.84536
-10.0,1,48.852254
-10.0,5,48.868854
-10.0,2,48.876688
-10.0,3,48.887254
-10.0,1,48.894049
-10.0,1,48.900182
-10.0,2,48.911469
-10.0,2,48.925369
-10.0,1,48.934859
-10.0,1,48.944516
-10.0,1,48.954515
-10.0,1,48.966211
-10.0,4,48.987127
-10.0,2,48.995376
-10.0,1,49.00042
-10.0,2,49.008009
-10.0,4,49.020381
-10.0,1,49.025661
-10.0,1,49.030995
-10.0,1,49.035938
-10.0,1,49.040792
-10.0,1,49.045623
-10.0,1,49.050755
-10.0,1,49.05567
-10.0,2,49.062949
-10.0,4,49.075277
-10.0,2,49.084025
-10.0,2,49.095977
-10.0,1,49.101607
-10.0,1,49.106671
-10.0,3,49.117023
-10.0,1,49.122405
-10.0,1,49.127609
-10.0,1,49.133308
-10.0,1,49.138318
-10.0,1,49.143214
-10.0,1,49.148751
-10.0,1,49.153994
-10.0,1,49.159599
-10.0,5,49.192523
-10.0,1,49.19795
-10.0,1,49.203064
-10.0,2,49.211982
-10.0,3,49.222185
-10.0,1,49.227627
-10.0,2,49.235368
-10.0,2,49.243088
-10.0,2,49.250632
-10.0,1,49.255605
-10.0,4,49.267888
-10.0,1,49.273258
-10.0,4,49.285654
-10.0,3,49.295841
-10.0,3,49.305905
-10.0,3,49.31576
-10.0,2,49.324222
-10.0,1,49.329248
-10.0,1,49.334268
-10.0,2,49.341949
-10.0,1,49.346964
-10.0,1,49.352382
-10.0,2,49.36068
-10.0,1,49.365683
-10.0,4,49.378042
-10.0,1,49.383405
-10.0,2,49.390834
-10.0,2,49.398514
-10.0,2,49.406102
-10.0,2,49.413481
-10.0,1,49.418671
-10.0,1,49.423692
-10.0,1,49.428655
-10.0,4,49.441099
-10.0,1,49.446729
-38.1,1,49.452094
-10.0,1,49.457272
-34.2,1,49.462948
-10.0,1,49.468435
-10.0,1,49.473518
-10.0,1,49.478924
-10.0,1,49.484396
-10.0,2,49.492179
-10.0,1,49.497957
-10.0,2,49.505646
-10.0,1,49.510977
-10.0,4,49.523646
-10.0,1,49.529473
-10.0,2,49.537337
-10.0,5,49.552494
-10.0,1,49.557814
-10.0,2,49.565449
-10.0,1,49.570546
-10.0,1,49.575701
-10.0,2,49.583207
-10.0,2,49.591323
-10.0,1,49.59667
-10.0,1,49.601783
-10.0,2,49.611918
-10.0,1,49.617058
-29.7,1,49.622412
-10.0,1,49.627349
-10.0,1,49.632326
-10.0,2,49.639729
-10.0,5,49.654346
-10.0,1,49.659365
-10.0,1,49.664425
-10.0,1,49.669588
-10.0,1,49.674633
-10.0,1,49.679664
-10.0,1,49.684963
-10.0,2,49.692378
-10.0,1,49.697336
-10.0,1,49.702677
-38.7,1,49.707688
-10.0,1,49.712629
-10.0,2,49.720338
-10.0,1,49.725411
-10.0,3,49.735338
-10.0,1,49.740664
-10.0,1,49.745976
-10.0,2,49.756373
-10.0,3,49.767044
-10.0,1,49.772045
-10.0,3,49.782387
-10.0,3,49.792526
-10.0,1,49.798196
-10.0,1,49.803617
-10.0,3,49.813499
-10.0,2,49.82235
-10.0,1,49.828755
-10.0,1,49.835293
-10.0,3,49.8483
-10.0,3,49.860708
-10.0,1,49.866962
-10.0,1,49.87309
-10.0,1,49.879686
-10.0,1,49.885959
-10.0,2,49.895302
-10.0,3,49.905227
-10.0,1,49.910284
-10.0,1,49.915139
-10.0,2,49.922364
-10.0,1,49.927628
-10.0,4,49.93953
-10.0,1,49.94467
-10.0,1,49.9497
-10.0,1,49.954607
-10.0,2,49.962391
-10.0,2,49.969722
-10.0,1,49.97509
-10.0,2,49.982404
-10.0,1,49.98736
-10.0,1,49.992658
-10.0,1,49.997606
-10.0,1,50.00257
-10.0,3,50.013721
-10.0,2,50.020359
-87.0,1,50.024968
-10.0,4,50.037217
-10.0,1,50.043264
-10.0,1,50.04824
-10.0,2,50.055809
-10.0,2,50.06347
-10.0,1,50.068993
-10.0,2,50.076604
-10.0,2,50.085241
-10.0,1,50.090448
-10.0,3,50.100966
-10.0,1,50.10926
-10.0,1,50.116694
-10.0,1,50.121756
-10.0,1,50.12678
-10.0,1,50.132283
-10.0,2,50.140056
-10.0,3,50.151154
-10.0,1,50.156576
-10.0,1,50.161621
-10.0,1,50.166788
-10.0,1,50.171714
-10.0,2,50.179005
-10.0,1,50.184028
-10.0,1,50.188929
-10.0,1,50.193729
-10.0,1,50.198947
-10.0,2,50.206219
-10.0,1,50.21126
-10.0,1,50.216442
-10.0,1,50.221521
-10.0,2,50.229268
-10.0,3,50.239122
-10.0,1,50.244782
-10.0,1,50.249873
-10.0,1,50.254875
-10.0,1,50.260159
-10.0,1,50.265263
-10.0,1,50.270231
-10.0,1,50.275552
-10.0,2,50.283046
-10.0,1,50.288078
-10.0,1,50.293252
-45.0,2,50.301108
-10.0,1,50.306434
-10.0,5,50.322098
-10.0,1,50.327381
-10.0,2,50.336597
-10.0,1,50.341875
-10.0,5,50.357171
-10.0,1,50.362303
-10.0,1,50.367519
-10.0,1,50.372632
-10.0,1,50.378021
-10.0,1,50.383517
-10.0,1,50.389098
-10.0,1,50.394028
-10.0,1,50.399277
-10.0,1,50.404233
-10.0,1,50.409152
-10.0,1,50.414972
-10.0,1,50.420007
-10.0,2,50.427953
-10.0,1,50.433119
-10.0,2,50.440333
-10.0,1,50.445476
-10.0,1,50.450414
-10.0,3,50.460203
-10.0,2,50.46743
-10.0,2,50.47472
-10.0,3,50.484442
-10.0,3,50.494522
-10.0,2,50.501915
-10.0,1,50.507199
-10.0,1,50.512328
-10.0,1,50.51735
-10.0,1,50.52264
-10.0,1,50.527861
-24.6,5,50.546579
-10.0,2,50.557129
-10.0,2,50.56754
-10.0,2,50.57761
-10.0,1,50.583953
-10.0,1,50.590946
-10.0,2,50.600576
-47.1,1,50.606182
-10.0,1,50.611294
-10.0,2,50.620372
-10.0,1,50.628883
-10.0,1,50.636094
-10.0,1,50.641208
-10.0,1,50.64649
-10.0,1,50.652105
-10.0,1,50.657145
-10.0,1,50.662046
-10.0,4,50.674416
-10.0,2,50.682135
-10.0,3,50.691829
-10.0,1,50.697108
-10.0,3,50.706938
-10.0,1,50.71187
-10.0,7,50.731652
-10.0,1,50.73667
-10.0,2,50.743917
-10.0,1,50.749224
-10.0,1,50.754289
-10.0,2,50.761858
-10.0,2,50.769295
-10.0,1,50.774273
-10.0,1,50.779514
-49.8,1,50.784657
-10.0,1,50.789725
-10.0,1,50.794971
-10.0,1,50.800059
-10.0,2,50.807447
-10.0,1,50.814691
-10.0,1,50.81967
-10.0,1,50.824951
-10.0,1,50.829978
-10.0,1,50.834905
-10.0,2,50.842728
-10.0,1,50.848027
-10.0,1,50.853086
-10.0,4,50.865825
-10.0,1,50.871183
-10.0,1,50.876351
-10.0,2,50.883988
-10.0,3,50.894496
-10.0,3,50.904871
-10.0,1,50.909986
-10.0,1,50.915046
-10.0,1,50.920179
-10.0,1,50.925515
-10.0,1,50.930816
-10.0,3,50.941115
-10.0,1,50.946174
-10.0,4,50.960546
-10.0,1,50.965628
-10.0,1,50.972413
-10.0,2,50.979706
-10.0,1,50.98489
-10.0,1,50.9898
-10.0,1,50.994798
-10.0,1,51.00006
-10.0,5,51.014807
-10.0,1,51.019775
-38.7,1,51.024724
-10.0,1,51.029637
-10.0,5,51.044099
-10.0,1,51.049432
-10.0,1,51.05441
-10.0,3,51.064676
-10.0,1,51.069847
-10.0,1,51.074758
-10.0,1,51.080023
-10.0,1,51.084995
-10.0,1,51.089885
-10.0,1,51.095129
-10.0,2,51.102594
-10.0,1,51.107613
-10.0,1,51.112717
-10.0,1,51.117712
-10.0,1,51.122612
-10.0,2,51.13016
-10.0,1,51.135095
-10.0,1,51.139995
-10.0,1,51.147512
-10.0,1,51.155914
-10.0,2,51.164037
-10.0,1,51.169095
-10.0,2,51.176708
-10.0,1,51.181749
-10.0,1,51.186707
-10.0,3,51.196784
-10.0,2,51.204195
-10.0,1,51.210348
-10.0,2,51.217831
-10.0,1,51.222994
-10.0,4,51.234951
-10.0,1,51.240183
-10.0,1,51.245193
-10.0,2,51.252567
-10.0,4,51.264843
-10.0,1,51.27011
-10.0,1,51.27528
-10.0,1,51.280266
-10.0,1,51.285179
-10.0,2,51.292922
-10.0,1,51.297814
-10.0,1,51.302871
-10.0,1,51.307779
-10.0,2,51.31503
-10.0,2,51.322572
-10.0,1,51.327526
-10.0,2,51.335861
-10.0,1,51.340947
-10.0,1,51.345881
-10.0,1,51.351544
-10.0,2,51.36002
-10.0,1,51.365253
-10.0,2,51.372592
-10.0,1,51.377558
-10.0,1,51.382722
-10.0,1,51.387736
-10.0,10,51.413909
-10.0,1,51.418925
-10.0,2,51.426174
-10.0,1,51.431443
-10.0,1,51.436451
-10.0,5,51.451135
-10.0,2,51.458435
-10.0,1,51.463792
-10.0,2,51.471161
-10.0,1,51.476072
-10.0,1,51.481235
-10.0,1,51.486183
-10.0,1,51.491052
-10.0,2,51.498736
-10.0,3,51.508408
-10.0,1,51.513519
-10.0,1,51.518449
-10.0,4,51.530661
-10.0,2,51.537888
-10.0,2,51.545442
-10.0,5,51.560059
-10.0,1,51.56513
-10.0,1,51.570058
-10.0,2,51.577533
-10.0,1,51.582475
-10.0,1,51.587381
-10.0,2,51.594939
-10.0,1,51.599845
-10.0,1,51.604767
-10.0,1,51.611558
-10.0,1,51.616557
-10.0,1,51.621844
-10.0,1,51.626849
-10.0,6,51.643876
-10.0,2,51.651306
-10.0,1,51.657023
-10.0,1,51.662009
-10.0,4,51.674925
-10.0,2,51.68235
-10.0,1,51.687585
-10.0,2,51.694857
-10.0,1,51.699764
-10.0,1,51.704993
-10.0,2,51.71226
-10.0,3,51.722182
-10.0,3,51.73183
-10.0,2,51.739467
-10.0,1,51.74441
-10.0,4,51.758722
-10.0,1,51.76389
-10.0,1,51.769085
-10.0,2,51.77647
-10.0,1,51.781525
-10.0,1,51.786582
-10.0,2,51.793827
-10.0,3,51.803711
-10.0,1,51.808625
-10.0,6,51.825419
-10.0,1,51.830604
-10.0,1,51.835565
-10.0,3,51.845256
-10.0,2,51.852657
-48.6,1,51.857564
-10.0,1,51.862901
-10.0,2,51.870271
-10.0,4,51.882585
-10.0,1,51.887558
-10.0,2,51.895173
-10.0,1,51.900286
-10.0,1,51.905193
-10.0,1,51.910963
-10.0,3,51.920784
-10.0,1,51.925922
-10.0,1,51.930983
-10.0,1,51.935874
-10.0,2,51.943405
-10.0,1,51.948328
-10.0,1,51.953224
-10.0,1,51.958329
-10.0,2,51.965716
-10.0,1,51.970583
-10.0,2,51.978251
-10.0,1,51.983183
-10.0,3,51.992841
-10.0,1,51.997757
-10.0,3,52.008832
-10.0,5,52.023302
-10.0,1,52.028322
-10.0,2,52.035555
-10.0,1,52.040701
-10.0,1,52.045574
-10.0,1,52.050514
-10.0,1,52.05564
-10.0,2,52.062923
-10.0,3,52.073268
-10.0,1,52.078318
-10.0,1,52.083221
-10.0,1,52.08836
-10.0,1,52.093311
-10.0,1,52.09823
-10.0,1,52.103438
-10.0,1,52.108407
-10.0,1,52.113276
-10.0,3,52.123061
-10.0,1,52.128019
-10.0,2,52.135606
-10.0,1,52.140496
-10.0,1,52.145325
-10.0,1,52.151692
-10.0,1,52.157165
-10.0,1,52.162095
-10.0,1,52.167484
-10.0,1,52.172386
-10.0,1,52.177264
-10.0,1,52.182829
-10.0,1,52.188023
-10.0,2,52.195346
-10.0,2,52.202922
-10.0,1,52.20784
-10.0,2,52.215165
-10.0,1,52.220015
-10.0,3,52.229831
-10.0,2,52.237095
-10.0,1,52.241914
-10.0,4,52.25407
-10.0,1,52.258942
-10.0,1,52.264076
-10.0,2,52.271299
-10.0,4,52.283377
-10.0,1,52.28825
-10.0,1,52.293362
-10.0,2,52.300552
-10.0,1,52.305385
-10.0,1,52.310411
-10.0,2,52.317655
-10.0,2,52.326675
-10.0,1,52.333513
-10.0,1,52.338413
-10.0,1,52.344315
-10.0,1,52.349213
-10.0,1,52.354079
-10.0,3,52.363863
-10.0,3,52.373677
-10.0,1,52.378607
-10.0,1,52.383459
-10.0,1,52.388608
-10.0,1,52.393536
-10.0,1,52.398388
-10.0,1,52.403487
-10.0,1,52.410006
-10.0,3,52.419878
-10.0,1,52.42485
-10.0,2,52.432023
-10.0,2,52.439616
-10.0,2,52.44686
-10.0,2,52.454706
-10.0,1,52.459658
-10.0,2,52.467118
-10.0,2,52.474436
-10.0,2,52.481617
-10.0,2,52.489231
-10.0,1,52.49411
-10.0,1,52.499177
-10.0,1,52.504136
-10.0,1,52.509069
-10.0,2,52.516648
-10.0,2,52.524024
-10.0,1,52.528908
-10.0,1,52.534189
-10.0,1,52.539168
-10.0,2,52.546422
-10.0,2,52.555618
-10.0,2,52.563242
-10.0,3,52.572927
-10.0,2,52.580416
-10.0,1,52.585437
-10.0,2,52.592678
-10.0,1,52.597926
-10.0,5,52.612592
-10.0,2,52.620423
-10.0,2,52.6283
-10.0,3,52.638503
-92.7,3,52.649274
-10.0,2,52.656451
-10.0,1,52.661501
-10.0,2,52.669209
-10.0,2,52.677186
-10.0,1,52.789224
-10.0,2,52.803129
-10.0,1,52.808967
-10.0,2,52.817653
-10.0,3,52.827924
-10.0,1,52.833602
-10.0,1,52.838976
-10.0,1,52.844343
-10.0,1,52.850695
-10.0,1,52.855822
-10.0,2,52.86491
-10.0,3,52.875209
-10.0,1,52.880616
-53.7,1,52.88573
-10.0,2,52.893628
-10.0,3,52.903793
-10.0,2,52.911132
-10.0,1,52.916149
-10.0,1,52.921382
-10.0,1,52.926303
-10.0,1,52.931223
-10.0,1,52.936375
-10.0,1,52.941259
-10.0,1,52.946115
-10.0,2,52.95522
-10.0,3,52.966118
-10.0,1,52.971161
-10.0,1,52.97615
-10.0,2,52.983922
-10.0,3,52.99362
-10.0,4,53.005839
-10.0,3,53.016002
-10.0,6,53.032859
-10.0,1,53.037843
-10.0,3,53.047643
-10.0,1,53.052815
-10.0,2,53.060111
-10.0,1,53.065515
-10.0,1,53.070403
-10.0,1,53.075286
-10.0,2,53.08325
-10.0,2,53.090727
-37.5,3,53.102457
-10.0,1,53.107773
-10.0,1,53.114523
-10.0,1,53.121212
-10.0,2,53.131546
-10.0,1,53.138443
-10.0,6,53.16314
-10.0,1,53.169893
-10.0,1,53.176873
-10.0,1,53.183751
-10.0,1,53.190664
-10.0,1,53.197388
-10.0,1,53.204554
-10.0,1,53.211976
-10.0,9,53.239789
-10.0,2,53.247342
-10.0,1,53.252665
-10.0,1,53.257689
-10.0,3,53.267623
-10.0,1,53.27272
-10.0,1,53.277742
-10.0,1,53.282947
-10.0,1,53.288019
-10.0,1,53.292946
-10.0,1,53.297974
-10.0,1,53.30311
-10.0,1,53.308141
-10.0,2,53.31565
-10.0,6,53.332491
-10.0,2,53.339936
-10.0,1,53.344867
-10.0,1,53.35233
-10.0,4,53.36454
-10.0,3,53.374163
-10.0,3,53.383959
-10.0,2,53.39116
-10.0,1,53.396321
-10.0,1,53.401211
-10.0,2,53.408388
-10.0,1,53.413574
-10.0,1,53.418445
-10.0,2,53.425784
-10.0,1,53.430723
-10.0,1,53.435603
-10.0,3,53.445528
-10.0,8,53.467128
-10.0,1,53.472051
-10.0,1,53.477245
-10.0,1,53.482224
-36.9,1,53.487127
-10.0,1,53.492426
-10.0,3,53.502015
-10.0,2,53.509496
-10.0,1,53.514485
-10.0,2,53.522333
-10.0,1,53.527849
-10.0,1,53.533268
-10.0,3,53.543853
-10.0,1,53.54981
-10.0,1,53.555353
-10.0,1,53.560535
-10.0,2,53.568936
-10.0,1,53.573971
-10.0,2,53.581917
-10.0,1,53.587287
-10.0,3,56.706721
-10.0,4,56.724814
-10.0,2,56.735096
-10.0,2,56.744362
-10.0,1,56.749784
-10.0,1,56.754672
-10.0,1,56.75935
-10.0,1,56.764531
-10.0,1,56.768711
-10.0,1,56.77287
-10.0,1,56.777046
-10.0,1,56.781226
-10.0,1,56.785367
-10.0,1,56.788848
-10.0,1,56.792711
-10.0,1,56.796446
-10.0,2,56.80046
-10.0,2,56.8055
-10.0,1,56.808402
-10.0,1,56.811829
-10.0,1,56.815284
-10.0,1,56.819282
-10.0,2,56.824856
-10.0,1,56.828507
-10.0,1,56.832855
-10.0,1,56.836997
-10.0,1,56.841188
-10.0,1,56.845442
-10.0,2,56.851391
-10.0,1,56.855283
-10.0,1,56.859231
-10.0,1,56.863335
-10.0,1,56.86773
-10.0,1,56.871701
-10.0,1,56.875585
-10.0,2,56.88112
-10.0,1,56.88432
-10.0,1,56.887791
-10.0,2,56.892931
-10.0,1,56.895986
-10.0,2,56.900038
-10.0,1,56.902623
-10.0,1,56.905399
-10.0,1,56.90806
-10.0,1,56.910778
-10.0,1,56.914111
-10.0,1,56.91749
-48.0,3,56.924473
-10.0,3,56.933201
-10.0,1,56.939498
-10.0,2,56.948204
-10.0,1,56.953319
-10.0,1,56.958441
-10.0,1,56.964263
-10.0,1,56.969898
-10.0,2,56.981065
-10.0,1,56.990362
-10.0,1,56.999928
-10.0,1,57.006719
-10.0,2,57.017323
-10.0,1,57.023976
-10.0,2,57.035946
-10.0,1,57.04226
-10.0,1,57.050591
-10.0,1,57.056356
-10.0,1,57.061561
-10.0,1,57.066775
-10.0,1,57.072677
-10.0,1,57.079261
-10.0,1,57.086124
-10.0,1,57.092772
-10.0,3,57.108051
-10.0,2,57.121894
-10.0,1,57.128575
-10.0,1,57.136187
-10.0,1,57.144083
-10.0,1,57.152205
-10.0,1,57.159222
-10.0,1,57.166445
-10.0,1,57.173496
-10.0,1,57.180181
-10.0,1,57.186743
-10.0,1,57.193002
-10.0,1,57.198788
-10.0,3,57.20858
-10.0,1,57.213785
-10.0,1,57.218792
-10.0,2,57.22604
-10.0,1,57.231315
-10.0,1,57.236296
-10.0,1,57.241313
-10.0,1,57.246452
-10.0,2,57.253845
-56.4,2,57.26132
-10.0,1,57.266351
-10.0,1,57.271381
-10.0,1,57.276497
-10.0,1,57.281569
-10.0,1,57.286588
-10.0,1,57.291554
-10.0,1,57.296972
-10.0,2,57.304376
-10.0,1,57.309622
-10.0,1,57.314704
-10.0,1,57.319644
-10.0,1,57.324927
-10.0,1,57.330136
-10.0,1,57.335121
-10.0,1,57.340391
-10.0,1,57.345803
-10.0,2,57.353645
-10.0,2,57.361839
-10.0,2,57.369657
-10.0,1,57.376938
-10.0,1,57.38575
-10.0,1,57.392503
-10.0,1,57.39795
-10.0,1,57.403301
-10.0,1,57.408574
-10.0,1,57.413961
-10.0,1,57.419338
-10.0,1,57.424646
-10.0,2,57.432395
-10.0,1,57.43791
-10.0,1,57.442973
-10.0,2,57.450608
-10.0,1,57.455995
-10.0,1,57.461002
-10.0,1,57.466036
-10.0,1,57.47138
-10.0,2,57.478883
-10.0,1,57.484126
-10.0,2,57.491527
-10.0,2,57.499336
-10.0,2,57.506959
-10.0,2,57.514761
-10.0,1,57.51983
-10.0,1,57.525061
-10.0,2,57.53317
-10.0,1,57.538502
-10.0,1,57.543543
-10.0,2,57.55171
-10.0,2,57.559302
-10.0,1,57.564915
-10.0,2,57.572642
-10.0,1,57.578247
-10.0,1,57.583555
-10.0,1,57.588743
-10.0,1,57.594225
-10.0,1,57.59977
-10.0,1,57.604884
-10.0,1,57.610416
-10.0,1,57.615955
-10.0,1,57.621087
-10.0,1,57.626297
-10.0,2,57.634117
-30.0,3,57.644165
-10.0,2,57.651643
-10.0,1,57.65685
-10.0,5,57.671351
-10.0,1,57.677084
-10.0,2,57.684527
-10.0,3,57.694509
-10.0,1,57.699514
-10.0,1,57.704615
-10.0,2,57.711996
-10.0,1,57.717098
-10.0,1,57.722361
-10.0,1,57.727287
-10.0,3,57.737144
-10.0,1,57.742131
-10.0,2,57.749522
-10.0,3,57.759454
-10.0,5,57.774204
-10.0,1,57.779416
-10.0,1,57.785601
-10.0,1,57.792867
-10.0,1,57.797866
-10.0,2,57.805415
-10.0,2,57.812507
-10.0,2,57.819835
-10.0,1,57.824802
-10.0,3,57.834807
-10.0,1,57.840111
-10.0,1,57.845369
-10.0,1,57.851339
-10.0,1,57.856683
-10.0,1,57.861947
-10.0,1,57.867474
-10.0,1,57.872866
-10.0,1,57.878155
-10.0,2,57.886139
-10.0,1,57.89124
-10.0,1,57.897483
-10.0,1,57.906003
-10.0,1,57.913713
-10.0,1,57.919061
-10.0,1,57.924097
-10.0,1,57.9295
-10.0,1,57.934661
-10.0,1,57.939636
-10.0,1,57.94476
-10.0,1,57.949824
-10.0,1,57.954685
-10.0,1,57.959795
-10.0,1,57.964869
-10.0,4,57.976943
-10.0,1,57.981924
-10.0,1,57.986834
-10.0,1,57.992111
-10.0,1,57.997129
-10.0,1,58.001998
-10.0,1,58.006952
-10.0,2,58.014387
-10.0,1,58.019275
-10.0,1,58.024379
-10.0,1,58.029273
-10.0,1,58.034173
-10.0,1,58.039261
-10.0,2,58.046638
-10.0,1,58.051551
-10.0,1,58.056743
-10.0,4,58.068717
-10.0,1,58.073944
-10.0,1,58.078893
-10.0,1,58.083785
-10.0,1,58.089332
-10.0,1,58.094491
-10.0,1,58.099402
-10.0,2,58.107655
-10.0,2,58.115043
-10.0,1,58.120272
-10.0,2,58.128052
-10.0,1,58.13325
-10.0,1,58.138701
-10.0,2,58.14654
-10.0,1,58.152704
-10.0,1,58.157869
-10.0,1,58.163089
-10.0,1,58.168505
-10.0,1,58.173557
-10.0,1,58.178779
-10.0,2,58.186613
-10.0,2,58.194242
-10.0,2,58.202148
-10.0,1,58.20715
-10.0,2,58.214749
-10.0,1,58.219776
-10.0,1,58.22464
-10.0,1,58.229823
-10.0,2,58.237455
-10.0,2,58.244733
-10.0,2,58.252342
-10.0,1,58.257311
-10.0,1,58.262455
-10.0,1,58.267591
-10.0,1,58.272553
-10.0,1,58.277509
-10.0,1,58.282691
-10.0,1,58.287628
-10.0,2,58.29533
-10.0,1,58.30067
-10.0,3,58.310662
-10.0,2,58.31823
-10.0,1,58.323519
-10.0,1,58.329106
-10.0,1,58.334213
-10.0,1,58.339169
-10.0,1,58.344641
-10.0,1,58.349994
-10.0,1,58.355246
-10.0,1,58.3607
-10.0,1,58.366175
-10.0,1,58.371285
-10.0,1,58.376771
-10.0,1,58.382305
-10.0,1,58.387412
-10.0,1,58.393593
-10.0,1,58.399006
-10.0,2,58.406975
-10.0,2,58.415356
-10.0,1,58.420589
-10.0,3,58.431348
-10.0,1,58.436445
-10.0,2,58.444457
-10.0,1,58.449693
-10.0,2,58.457419
-10.0,1,58.462522
-10.0,1,58.467615
-10.0,1,58.472851
-10.0,2,58.480333
-10.0,3,58.490424
-10.0,1,58.495403
-10.0,1,58.500464
-10.0,1,58.506099
-10.0,1,58.511371
-10.0,1,58.51678
-10.0,1,58.522201
-10.0,1,58.527474
-10.0,1,58.532931
-10.0,2,58.540932
-10.0,1,58.546302
-10.0,1,58.551758
-10.0,2,58.559427
-10.0,1,58.564729
-10.0,4,58.577611
-10.0,1,58.5832
-36.9,1,58.588386
-10.0,2,58.596275
-10.0,2,58.604562
-10.0,1,58.609685
-10.0,2,58.618389
-10.0,3,58.630013
-10.0,2,58.637697
-10.0,1,58.642683
-10.0,3,58.653754
-10.0,1,58.65892
-10.0,1,58.664429
-10.0,1,58.669711
-10.0,1,58.674964
-10.0,1,58.680858
-10.0,2,58.688553
-10.0,1,58.694042
-10.0,1,58.699445
-10.0,2,58.707146
-10.0,1,58.712946
-10.0,1,58.718176
-10.0,1,58.723341
-10.0,1,58.729004
-10.0,2,58.736581
-10.0,1,58.74243
-10.0,3,58.752563
-10.0,2,58.760131
-10.0,1,58.764941
-10.0,1,58.769838
-10.0,1,58.775099
-10.0,1,58.780329
-10.0,1,58.785377
-10.0,2,58.793795
-10.0,1,58.799369
-10.0,1,58.804663
-10.0,1,58.811444
-10.0,1,58.817739
-10.0,1,58.823872
-10.0,1,58.830086
-10.0,1,58.83518
-10.0,1,58.841419
-10.0,1,58.847074
-10.0,1,58.852875
-10.0,1,58.858359
-10.0,1,58.864356
-10.0,1,58.869929
-10.0,1,58.875544
-10.0,3,58.887039
-10.0,5,58.903912
-10.0,1,58.909487
-10.0,1,58.915349
-10.0,1,58.921154
-10.0,1,58.926478
-10.0,3,58.940104
-10.0,2,58.950558
-10.0,1,58.955707
-10.0,1,58.960785
-10.0,1,58.966027
-10.0,1,58.971058
-10.0,1,58.976038
-10.0,1,58.981323
-10.0,1,58.986367
-10.0,2,58.993899
-10.0,1,58.999479
-10.0,1,59.004521
-10.0,2,59.012142
-10.0,1,59.017199
-10.0,1,59.022134
-10.0,1,59.02725
-10.0,2,59.034638
-10.0,1,59.039756
-10.0,2,59.047318
-10.0,1,59.052283
-10.0,1,59.057254
-10.0,1,59.062462
-10.0,1,59.067365
-10.0,1,59.072337
-10.0,1,59.077688
-10.0,1,59.082653
-10.0,1,59.087565
-10.0,1,59.093147
-10.0,1,59.098391
-10.0,2,59.105693
-10.0,2,59.113593
-10.0,1,59.118713
-10.0,1,59.124016
-10.0,1,59.129193
-10.0,1,59.134235
-10.0,1,59.13942
-10.0,3,59.149751
-10.0,2,59.157301
-10.0,1,59.162287
-10.0,1,59.16712
-10.0,1,59.172275
-10.0,2,59.179534
-10.0,1,59.184478
-10.0,1,59.189569
-10.0,1,59.194518
-10.0,1,59.199446
-10.0,1,59.204567
-10.0,1,59.209548
-24.6,3,59.219298
-10.0,1,59.224248
-10.0,1,59.229151
-10.0,1,59.234071
-10.0,1,59.239227
-10.0,1,59.244129
-10.0,1,59.249036
-10.0,1,59.254236
-10.0,1,59.25918
-10.0,1,59.264303
-10.0,1,59.270235
-10.0,1,59.275527
-10.0,1,59.281084
-10.0,1,59.286509
-10.0,1,59.291824
-10.0,3,59.302229
-10.0,1,59.307687
-10.0,1,59.31299
-10.0,1,59.318498
-10.0,1,59.323813
-10.0,4,59.336647
-10.0,1,59.341618
-10.0,2,59.349109
-10.0,3,59.35866
-10.0,2,59.366208
-10.0,1,59.371167
-10.0,1,59.376133
-10.0,1,59.381401
-10.0,1,59.386388
-10.0,1,59.391305
-10.0,1,59.397318
-10.0,2,59.404717
-10.0,1,59.409614
-10.0,1,59.41475
-10.0,1,59.419654
-10.0,1,59.424494
-10.0,1,59.429838
-10.0,1,59.434783
-10.0,1,59.439636
-10.0,1,59.445013
-10.0,1,59.449944
-10.0,1,59.454838
-10.0,1,59.46038
-10.0,4,59.472708
-10.0,3,59.483539
-10.0,1,59.489589
-10.0,1,59.495419
-10.0,1,59.501439
-10.0,1,59.506663
-10.0,1,59.513782
-10.0,1,59.520311
-10.0,1,59.525544
-10.0,1,59.532202
-10.0,1,59.53793
-10.0,2,59.547684
-10.0,2,59.555788
-10.0,1,59.562185
-10.0,1,59.567747
-10.0,1,59.573076
-10.0,1,59.580293
-10.0,1,59.587674
-10.0,1,59.593864
-10.0,1,59.599493
-10.0,5,59.617443
-10.0,2,59.625872
-10.0,1,59.631338
-10.0,1,59.636562
-10.0,1,59.643294
-10.0,2,59.651321
-10.0,1,59.656374
-10.0,1,59.662174
-10.0,1,59.668157
-10.0,1,59.673368
-10.0,1,59.678886
-10.0,1,59.683867
-10.0,1,59.689169
-10.0,2,59.698837
-10.0,1,59.704379
-10.0,1,59.71017
-10.0,1,59.715359
-10.0,2,59.724174
-10.0,1,59.728912
-10.0,1,59.733565
-10.0,1,59.73846
-10.0,2,59.745315
-10.0,1,59.749882
-10.0,1,59.754735
-10.0,1,59.759284
-10.0,1,59.763955
-10.0,1,59.768783
-10.0,2,59.775615
-10.0,1,59.780233
-10.0,1,59.785063
-10.0,1,59.789782
-10.0,2,59.796681
-10.0,1,59.801701
-10.0,1,59.806419
-10.0,1,59.81105
-10.0,1,59.815827
-10.0,2,59.822677
-10.0,1,59.827326
-10.0,1,59.832419
-10.0,1,59.837129
-10.0,1,59.841708
-10.0,1,59.846525
-10.0,2,59.854742
-10.0,3,59.865251
-10.0,1,59.870234
-10.0,1,59.875374
-10.0,1,59.88096
-10.0,1,59.88729
-10.0,2,59.896634
-10.0,1,59.901939
-10.0,2,59.909686
-10.0,1,59.918056
-10.0,2,59.927061
-10.0,1,59.933889
-10.0,1,59.940692
-10.0,1,59.947375
-10.0,1,59.952551
-10.0,1,59.957874
-10.0,3,59.970174
-10.0,1,59.976366
-10.0,1,59.982268
-10.0,1,59.988479
-10.0,1,59.994429
-10.0,5,60.00973
-10.0,2,60.018196
-10.0,2,60.025966
-10.0,1,60.031135
-10.0,1,60.03628
-10.0,1,60.042787
-10.0,2,60.050616
-10.0,1,60.055959
-10.0,1,60.061992
-10.0,2,60.069797
-10.0,1,60.074579
-10.0,1,60.079369
-10.0,1,60.084079
-10.0,1,60.089241
-10.0,1,60.094094
-10.0,1,60.098652
-10.0,1,60.10341
-10.0,1,60.10806
-10.0,1,60.112621
-10.0,3,60.121693
-10.0,1,60.126271
-10.0,1,60.13085
-10.0,2,60.137949
-10.0,1,60.142562
-10.0,1,60.147201
-10.0,1,60.151941
-10.0,1,60.156583
-10.0,1,60.161206
-10.0,1,60.165983
-10.0,3,60.175587
-10.0,2,60.183145
-10.0,3,60.192801
-10.0,2,60.200675
-10.0,4,60.214137
-10.0,1,60.220324
-10.0,1,60.225167
-10.0,1,60.2307
-10.0,2,60.238943
-10.0,1,60.243934
-10.0,5,60.261422
-10.0,1,60.266964
-10.0,1,60.272878
-10.0,3,60.288134
-10.0,1,60.295491
-10.0,1,60.302899
-10.0,1,60.309628
-10.0,1,60.315465
-10.0,1,60.3205
-10.0,1,60.325991
-10.0,2,60.334372
-10.0,2,60.342629
-10.0,2,60.352041
-10.0,3,60.362136
-10.0,1,60.367199
-10.0,3,60.377788
-10.0,1,60.383194
-10.0,1,60.388612
-10.0,3,60.398957
-10.0,1,60.405165
-10.0,1,60.410754
-10.0,1,60.415934
-10.0,1,60.421833
-10.0,2,60.429472
-10.0,1,60.434391
-10.0,3,60.444289
-10.0,1,60.449274
-10.0,1,60.454363
-10.0,1,60.459211
-10.0,1,60.464174
-10.0,1,60.46926
-10.0,1,60.474241
-10.0,1,60.479134
-10.0,1,60.484692
-10.0,1,60.492762
-10.0,1,60.500517
-10.0,1,60.510091
-10.0,2,60.518182
-10.0,1,60.523582
-10.0,1,60.528946
-10.0,1,60.534404
-10.0,3,60.547231
-10.0,1,60.55449
-10.0,1,60.563241
-10.0,1,60.571535
-10.0,3,60.591
-10.0,1,60.601797
-10.0,1,60.610128
-10.0,2,60.627752
-10.0,1,60.638014
-10.0,4,60.6614
-10.0,1,60.669865
-10.0,1,60.678328
-10.0,1,60.687228
-10.0,4,60.709901
-10.0,1,60.717436
-10.0,1,60.723396
-10.0,1,60.728531
-10.0,1,60.733392
-10.0,1,60.73825
-10.0,1,60.743367
-10.0,2,60.750624
-10.0,1,60.755712
-10.0,2,60.763008
-10.0,2,60.770188
-10.0,1,60.775787
-10.0,1,60.780762
-10.0,1,60.785596
-10.0,1,60.790743
-10.0,3,60.80021
-10.0,1,60.805536
-10.0,1,60.810563
-10.0,1,60.815559
-10.0,1,60.820664
-10.0,1,60.825575
-10.0,2,60.832894
-10.0,2,60.840496
-10.0,1,60.845514
-10.0,1,60.85043
-10.0,1,60.855784
-10.0,2,60.863152
-10.0,1,60.868359
-10.0,1,60.873394
-10.0,1,60.878327
-10.0,1,60.883593
-10.0,2,60.89093
-10.0,1,60.895909
-10.0,1,60.900951
-10.0,1,60.906155
-10.0,3,60.917502
-10.0,2,60.925177
-10.0,1,60.930492
-10.0,1,60.937
-10.0,1,60.942052
-10.0,3,60.953201
-10.0,1,60.958441
-10.0,1,60.963884
-10.0,1,60.970001
-10.0,1,60.975157
-10.0,1,60.981269
-10.0,1,60.986293
-10.0,1,60.992975
-10.0,1,61.002127
-10.0,1,61.008864
-10.0,2,61.016911
-10.0,6,61.033892
-10.0,1,61.038848
-10.0,1,61.044063
-10.0,4,61.056082
-10.0,1,61.061163
-10.0,1,61.066028
-10.0,3,61.076079
-10.0,2,61.083443
-10.0,1,61.088544
-10.0,1,61.093475
-10.0,1,61.098388
-10.0,2,61.106318
-10.0,1,61.111587
-10.0,1,61.116436
-10.0,1,61.121498
-10.0,1,61.126377
-10.0,2,61.133704
-10.0,1,61.138923
-10.0,2,61.14631
-10.0,1,61.151339
-10.0,2,61.158839
-10.0,1,61.163858
-10.0,1,61.168973
-10.0,1,61.173917
-10.0,2,61.181256
-10.0,1,61.186757
-10.0,1,61.191822
-10.0,1,61.196792
-10.0,2,61.204328
-10.0,1,61.209419
-10.0,1,61.214375
-10.0,1,61.21969
-10.0,2,61.227101
-10.0,1,61.232414
-10.0,2,61.240177
-10.0,1,61.245667
-10.0,1,61.25245
-10.0,1,61.257346
-10.0,1,61.262712
-10.0,1,61.267872
-10.0,1,61.274276
-10.0,1,61.281484
-10.0,2,61.290645
-10.0,1,61.296612
-10.0,2,61.3071
-10.0,4,61.320982
-10.0,2,61.330749
-10.0,1,61.336025
-10.0,1,61.341185
-10.0,2,61.349206
-10.0,1,61.355971
-10.0,1,61.362253
-10.0,3,61.37346
-10.0,1,61.37934
-10.0,1,61.384562
-10.0,2,61.392425
-10.0,1,61.39807
-10.0,1,61.403383
-10.0,1,61.409945
-10.0,1,61.415375
-10.0,2,61.42324
-10.0,2,61.431023
-10.0,2,61.4387
-10.0,1,61.44396
-10.0,3,61.45434
-10.0,2,61.462436
-10.0,1,61.468136
-10.0,1,61.47377
-10.0,1,61.47964
-10.0,1,61.48509
-10.0,3,61.496009
-10.0,3,61.510045
-10.0,1,61.51872
-10.0,1,61.524132
-10.0,3,61.534781
-10.0,1,61.540082
-10.0,2,61.548136
-10.0,4,61.561442
-10.0,1,61.566876
-10.0,1,61.572279
-10.0,2,61.580501
-10.0,1,61.585954
-10.0,1,61.591358
-10.0,1,61.596876
-10.0,1,61.602127
-10.0,1,61.607591
-10.0,1,61.613043
-10.0,3,61.62372
-10.0,1,61.629341
-10.0,1,61.635194
-10.0,2,61.643241
-10.0,2,61.651524
-10.0,1,61.656913
-10.0,1,61.662807
-10.0,3,61.673274
-10.0,1,61.679024
-10.0,3,61.689498
-10.0,1,61.695145
-10.0,1,61.700627
-10.0,1,61.705838
-10.0,1,61.711444
-10.0,2,61.719226
-10.0,1,61.724989
-10.0,1,61.730595
-10.0,1,61.735888
-10.0,3,61.746532
-10.0,1,61.751895
-10.0,1,61.757509
-10.0,1,61.762981
-10.0,1,61.768154
-10.0,5,61.783953
-10.0,2,61.793802
-10.0,1,61.798626
-10.0,4,61.811267
-10.0,1,61.818056
-10.0,1,61.822992
-10.0,3,61.833262
-10.0,1,61.838595
-10.0,1,61.84404
-10.0,1,61.849382
-10.0,2,61.85722
-10.0,1,61.862489
-10.0,2,61.870239
-10.0,2,61.88163
-10.0,1,61.886993
-10.0,2,61.894809
-10.0,1,61.900022
-10.0,1,61.90525
-10.0,3,61.915147
-10.0,1,61.920883
-10.0,2,61.928426
-10.0,1,61.933825
-10.0,3,61.943591
-10.0,1,61.948845
-10.0,2,61.956224
-10.0,2,61.963988
-10.0,2,61.971381
-10.0,2,61.978739
-10.0,1,61.984204
-10.0,1,61.9892
-10.0,1,61.994212
-10.0,1,61.999743
-10.0,1,62.004763
-10.0,1,62.009728
-10.0,2,62.017301
-10.0,2,62.024655
-10.0,3,62.03531
-10.0,1,62.040372
-10.0,2,62.048738
-10.0,1,62.053698
-10.0,2,62.061476
-10.0,2,62.069062
-10.0,1,62.074196
-10.0,1,62.08
-10.0,1,62.085293
-10.0,2,62.093493
-10.0,1,62.099069
-10.0,1,62.104709
-10.0,1,62.110575
-10.0,1,62.115896
-10.0,2,62.123904
-10.0,1,62.129455
-10.0,2,62.137398
-10.0,1,62.14312
-10.0,1,62.148517
-10.0,1,62.153736
-10.0,1,62.159311
-10.0,2,62.167192
-10.0,1,62.17291
-10.0,1,62.178263
-10.0,1,62.183597
-10.0,1,62.189196
-23.1,1,62.194677
-10.0,2,62.202708
-10.0,1,62.207989
-10.0,1,62.213271
-10.0,3,62.223792
-10.0,1,62.228858
-10.0,1,62.233888
-10.0,1,62.23901
-10.0,3,62.248725
-10.0,1,62.254093
-10.0,2,62.261555
-10.0,1,62.26701
-10.0,3,62.276863
-10.0,2,62.284516
-10.0,2,62.291921
-10.0,2,62.299601
-10.0,1,62.304636
-10.0,2,62.311891
-10.0,3,62.321801
-10.0,1,62.326759
-10.0,1,62.331833
-10.0,2,62.339154
-10.0,1,62.344155
-10.0,1,62.349438
-10.0,1,62.35444
-10.0,2,62.361698
-10.0,1,62.366946
-10.0,1,62.371855
-10.0,1,62.376791
-10.0,2,62.384299
-10.0,1,62.38928
-10.0,1,62.394175
-10.0,1,62.399346
-10.0,1,62.404265
-10.0,1,62.409198
-10.0,1,62.415666
-10.0,1,62.420622
-10.0,1,62.425509
-10.0,1,62.431364
-10.0,1,62.435519
-10.0,1,62.439544
-10.0,1,62.44479
-10.0,1,62.448802
-10.0,1,62.45333
-10.0,1,62.458032
-10.0,1,62.46326
-10.0,1,62.468272
-10.0,1,62.472914
-10.0,1,62.477391
-10.0,1,62.482916
-10.0,1,62.488243
-10.0,1,62.493289
-10.0,2,62.501953
-10.0,2,62.509584
-10.0,1,62.515177
-10.0,1,62.520793
-10.0,1,62.525794
-10.0,3,62.537003
-10.0,2,62.549331
-10.0,1,62.555022
-10.0,3,62.565536
-10.0,3,62.575628
-10.0,1,62.5814
-10.0,1,62.586809
-10.0,1,62.591896
-10.0,1,62.597346
-10.0,1,62.602803
-10.0,2,62.61049
-10.0,1,62.616106
-10.0,1,62.621384
-10.0,2,62.628919
-10.0,1,62.634373
-10.0,2,62.642118
-10.0,2,62.649436
-10.0,1,62.654969
-10.0,1,62.659971
-10.0,1,62.664834
-10.0,1,62.670129
-10.0,2,62.677394
-10.0,1,62.682403
-10.0,2,62.689967
-10.0,3,62.699672
-10.0,2,62.707138
-10.0,2,62.714439
-10.0,1,62.719793
-10.0,1,62.724755
-10.0,1,62.729645
-10.0,2,62.737661
-10.0,1,62.742726
-10.0,2,62.750249
-10.0,1,62.755266
-10.0,3,62.765045
-10.0,1,62.770022
-10.0,2,62.77731
-10.0,1,62.782569
-10.0,1,62.78754
-10.0,1,62.792473
-10.0,2,62.801069
-10.0,1,62.806106
-10.0,2,62.81372
-10.0,2,62.821038
-10.0,1,62.825975
-10.0,2,62.833644
-10.0,2,62.840946
-10.0,2,62.848471
-10.0,1,62.853414
-10.0,2,62.860831
-10.0,1,62.86581
-10.0,1,62.870708
-10.0,1,62.875637
-10.0,1,62.881189
-10.0,1,62.886153
-10.0,2,62.893796
-10.0,1,62.898748
-10.0,1,62.903696
-10.0,3,62.913475
-10.0,1,62.918429
-10.0,4,62.930723
-10.0,1,62.935736
-10.0,1,62.940831
-10.0,1,62.945885
-10.0,1,62.950796
-10.0,1,62.955942
-10.0,2,62.963319
-10.0,1,62.968266
-10.0,1,62.973336
-10.0,2,62.980634
-10.0,1,62.985605
-10.0,1,62.990849
-10.0,1,62.995846
-10.0,1,63.00077
-10.0,2,63.008231
-78.6,1,63.013238
-10.0,3,63.023139
-10.0,3,63.032815
-10.0,1,63.037944
-10.0,1,63.042875
-10.0,1,63.047818
-10.0,1,63.053392
-10.0,1,63.058658
-10.0,1,63.063646
-10.0,1,63.068963
-10.0,2,63.07633
-10.0,1,63.081366
-10.0,1,63.086545
-10.0,1,63.091493
-10.0,2,63.09893
-40.2,1,63.103874
-10.0,2,63.111132
-10.0,1,63.11746
-10.0,1,63.122835
-10.0,2,63.13018
-10.0,3,63.139991
-10.0,1,63.144924
-10.0,1,63.15028
-32.1,1,63.155417
-10.0,1,63.160818
-10.0,1,63.167096
-10.0,1,63.172505
-10.0,1,63.178023
-10.0,1,63.183237
-10.0,2,63.19098
-10.0,1,63.196764
-10.0,1,63.201916
-10.0,1,63.207196
-10.0,1,63.212742
-10.0,1,63.217831
-10.0,2,63.226088
-10.0,1,63.235584
-10.0,1,63.240827
-10.0,1,63.246425
-10.0,1,63.251613
-10.0,1,63.256825
-10.0,1,63.262514
-10.0,1,63.267638
-10.0,2,63.275557
-10.0,1,63.280807
-10.0,1,63.286046
-10.0,2,63.294021
-10.0,1,63.299111
-10.0,1,63.304472
-10.0,1,63.309915
-10.0,1,63.315098
-10.0,1,63.320519
-10.0,2,63.328567
-10.0,1,63.333731
-10.0,2,63.341697
-10.0,1,63.347148
-10.0,1,63.352302
-10.0,1,63.357755
-10.0,1,63.363147
-10.0,2,63.371116
-10.0,1,63.376372
-10.0,1,63.381769
-10.0,1,63.387034
-10.0,1,63.392241
-10.0,1,63.397554
-10.0,1,63.40281
-10.0,2,63.410645
-10.0,1,63.415946
-10.0,1,63.42233
-10.0,1,63.427762
-10.0,1,63.433197
-10.0,1,63.438363
-10.0,2,63.446184
-10.0,1,63.451758
-10.0,1,63.456911
-10.0,2,63.464898
-10.0,1,63.470245
-10.0,1,63.475519
-10.0,2,63.48336
-10.0,1,63.488523
-10.0,1,63.493952
-10.0,3,63.504251
-10.0,1,63.509705
-10.0,1,63.515237
-10.0,1,63.52079
-10.0,1,63.526294
-10.0,2,63.534589
-10.0,1,63.539959
-10.0,1,63.545536
-10.0,1,63.550677
-10.0,1,63.555989
-10.0,1,63.56195
-10.0,1,63.567322
-10.0,1,63.572283
-10.0,1,63.577435
-10.0,1,63.582493
-10.0,1,63.587435
-10.0,1,63.59254
-10.0,1,63.597572
-10.0,2,63.604857
-10.0,1,63.610059
-10.0,1,63.615101
-10.0,2,63.622352
-10.0,3,63.632206
-10.0,1,63.637129
-10.0,1,63.642323
-10.0,1,63.647222
-10.0,1,63.652085
-10.0,1,63.657491
-10.0,2,63.665434
-10.0,1,63.670535
-10.0,1,63.676325
-10.0,2,63.684035
-10.0,1,63.689281
-10.0,2,63.697128
-10.0,1,63.702473
-10.0,1,63.70822
-10.0,1,63.713631
-10.0,5,63.729153
-10.0,1,63.734493
-10.0,2,63.742535
-10.0,1,63.747696
-10.0,1,63.753541
-10.0,1,63.758607
-10.0,1,63.763646
-10.0,1,63.768832
-10.0,1,63.773793
-10.0,2,63.78108
-10.0,1,63.786282
-10.0,2,63.793683
-10.0,1,63.799182
-10.0,1,63.804378
-10.0,1,63.809305
-10.0,1,63.814416
-10.0,1,63.819367
-10.0,1,63.824377
-10.0,1,63.829392
-10.0,2,63.837069
-10.0,1,63.842039
-10.0,1,63.847211
-10.0,1,63.852199
-10.0,1,63.85701
-10.0,1,63.86472
-10.0,1,63.869646
-10.0,2,63.877141
-10.0,1,63.883622
-10.0,1,63.888543
-10.0,2,63.89661
-10.0,1,63.901725
-10.0,1,63.906578
-10.0,2,63.914028
-10.0,1,63.918907
-10.0,1,63.923676
-10.0,1,63.928907
-10.0,1,63.933771
-10.0,1,63.93852
-10.0,1,63.944101
-10.0,1,63.949126
-10.0,1,63.953903
-10.0,2,63.961265
-10.0,1,63.966088
-10.0,1,63.970864
-10.0,1,63.975957
-10.0,1,63.980827
-10.0,2,63.987983
-10.0,1,63.993058
-10.0,1,63.997905
-10.0,1,64.00271
-10.0,1,64.007726
-10.0,1,64.0126
-10.0,1,64.01741
-10.0,1,64.022302
-10.0,1,64.027224
-10.0,2,64.034345
-10.0,1,64.039432
-10.0,1,64.044302
-10.0,1,64.049114
-10.0,1,64.053924
-10.0,2,64.061166
-10.0,3,64.071102
-10.0,1,64.076469
-10.0,1,64.081383
-10.0,1,64.086553
-10.0,1,64.091403
-10.0,2,64.098573
-10.0,1,64.103646
-10.0,1,64.108494
-10.0,1,64.11334
-10.0,1,64.118254
-10.0,1,64.123176
-10.0,2,64.130347
-10.0,1,64.135514
-10.0,2,64.142962
-10.0,2,64.15022
-10.0,3,64.160015
-10.0,1,64.164854
-10.0,1,64.170009
-10.0,1,64.174817
-10.0,2,64.182069
-10.0,1,64.187053
-10.0,1,64.191886
-10.0,1,64.196715
-10.0,1,64.201687
-10.0,2,64.208844
-10.0,1,64.213602
-10.0,1,64.218662
-10.0,1,64.223502
-10.0,1,64.228266
-10.0,1,64.233356
-10.0,2,64.240459
-10.0,1,64.245296
-10.0,1,64.250385
-10.0,1,64.255217
-10.0,1,64.259991
-10.0,1,64.265007
-10.0,1,64.269863
-10.0,3,64.279529
-10.0,1,64.284406
-10.0,2,64.291523
-10.0,2,64.298786
-10.0,1,64.303586
-10.0,1,64.308325
-10.0,1,64.313441
-10.0,1,64.318241
-10.0,1,64.323034
-10.0,1,64.328158
-10.0,1,64.333956
-10.0,1,64.339785
-10.0,2,64.347693
-10.0,1,64.352919
-10.0,1,64.35759
-10.0,3,64.369459
-10.0,2,64.382394
-10.0,1,64.391598
-10.0,1,64.397227
-10.0,1,64.402091
-10.0,1,64.407196
-10.0,1,64.412076
-10.0,1,64.416881
-10.0,1,64.422982
-10.0,2,64.430465
-10.0,1,64.435292
-10.0,1,64.440373
-10.0,1,64.445194
-10.0,2,64.452301
-10.0,1,64.457586
-10.0,1,64.462429
-10.0,1,64.467196
-10.0,1,64.472173
-10.0,1,64.476998
-10.0,1,64.481846
-10.0,1,64.48703
-10.0,1,64.491937
-10.0,1,64.496756
-10.0,1,64.501723
-10.0,1,64.506575
-10.0,1,64.511384
-10.0,2,64.518935
-10.0,2,64.52707
-10.0,2,64.536195
-10.0,3,64.546367
-10.0,1,64.550589
-10.0,2,64.557427
-10.0,1,64.561514
-10.0,2,64.567732
-10.0,4,64.579389
-10.0,1,64.584849
-10.0,1,64.589863
-10.0,1,64.594727
-10.0,1,64.600393
-10.0,2,64.60993
-10.0,2,64.617396
-10.0,1,64.622283
-10.0,1,64.627086
-10.0,4,64.639261
-10.0,1,64.644174
-10.0,2,64.651559
-10.0,1,64.656397
-10.0,2,64.663741
-10.0,3,64.67323
-10.0,1,64.678276
-10.0,2,64.685487
-10.0,2,64.693671
-10.0,1,64.69944
-10.0,2,64.70607
-10.0,1,64.710269
-10.0,2,64.715866
-10.0,3,64.730951
-10.0,3,64.74562
-61.8,1,64.750629
-10.0,2,64.757928
-10.0,1,64.762878
-10.0,1,64.767629
-10.0,3,64.777565
-10.0,1,64.782831
-10.0,1,64.787688
-10.0,1,64.792766
-10.0,1,64.797591
-10.0,1,64.802354
-10.0,3,64.812
-10.0,1,64.81684
-10.0,2,64.824087
-10.0,3,64.833573
-10.0,1,64.838719
-10.0,1,64.843653
-10.0,1,64.848428
-10.0,1,64.853483
-10.0,1,64.858384
-10.0,1,64.863214
-10.0,1,64.868095
-10.0,1,64.873209
-10.0,1,64.878153
-10.0,4,64.890924
-10.0,3,64.90092
-10.0,2,64.910548
-10.0,1,64.918584
-10.0,1,64.923646
-10.0,1,64.928603
-10.0,1,64.93371
-10.0,1,64.938642
-10.0,1,64.943545
-10.0,1,64.948492
-10.0,1,64.953494
-10.0,2,65.064759
-10.0,1,65.07425
-10.0,2,65.083053
-10.0,3,65.093219
-10.0,1,65.098502
-10.0,1,65.103668
-10.0,1,65.109268
-10.0,3,65.118927
-10.0,2,65.127307
-10.0,1,65.133713
-10.0,1,65.13863
-10.0,2,65.145787
-10.0,1,65.151016
-10.0,1,65.156266
-10.0,1,65.161133
-10.0,1,65.166283
-10.0,2,65.173464
-10.0,1,65.178319
-10.0,1,65.183245
-10.0,1,65.188091
-10.0,1,65.192894
-10.0,1,65.197794
-10.0,1,65.202667
-10.0,2,65.209761
-10.0,1,65.215729
-10.0,2,65.233216
-10.0,1,65.243803
-10.0,2,65.256713
-10.0,1,65.26963
-10.0,2,65.286463
-10.0,1,65.297528
-10.0,1,65.305396
-10.0,1,65.315012
-10.0,1,65.322164
-10.0,1,65.330075
-10.0,2,65.340822
-10.0,1,65.348213
-10.0,1,65.353061
-10.0,1,65.358065
-10.0,1,65.362917
-10.0,2,65.369979
-10.0,1,65.375108
-10.0,1,65.37996
-10.0,1,65.384677
-10.0,1,65.389693
-10.0,1,65.394595
-10.0,1,65.399352
-10.0,1,65.404058
-10.0,1,65.409063
-10.0,1,65.413837
-10.0,2,65.421005
-10.0,1,65.425767
-10.0,1,65.430598
-10.0,1,65.435362
-10.0,2,65.443815
-10.0,1,65.448683
-10.0,1,65.453552
-10.0,1,65.45837
-10.0,1,65.463127
-10.0,1,65.467804
-10.0,1,65.47358
-10.0,1,65.478679
-10.0,1,65.483427
-10.0,2,65.490825
-10.0,1,65.495595
-10.0,2,65.503015
-10.0,2,65.510117
-10.0,1,65.514893
-10.0,1,65.519871
-10.0,1,65.52464
-10.0,1,65.529444
-10.0,1,65.534558
-10.0,1,65.539385
-10.0,2,65.546457
-10.0,2,65.553859
-10.0,1,65.558636
-10.0,3,65.568289
-10.0,1,65.573068
-10.0,2,65.580142
-10.0,1,65.58534
-10.0,3,65.594687
-10.0,2,65.602144
-10.0,3,65.611523
-10.0,2,65.619489
-10.0,3,65.629291
-10.0,3,65.638918
-10.0,2,65.646255
-10.0,1,65.6511
-10.0,1,65.655834
-10.0,2,65.663287
-10.0,1,65.668109
-10.0,4,65.68011
-10.0,1,65.684938
-10.0,2,65.692132
-10.0,1,65.697068
-10.0,5,65.71143
-10.0,1,65.716328
-10.0,1,65.721039
-10.0,2,65.728415
-10.0,1,65.733165
-10.0,2,65.740147
-10.0,1,65.745099
-10.0,2,65.752227
-10.0,1,65.757155
-10.0,1,65.761986
-10.0,1,65.766734
-10.0,1,65.771429
-10.0,2,65.77884
-10.0,1,65.783556
-10.0,1,65.788586
-10.0,1,65.793404
-10.0,3,65.802677
-10.0,1,65.807726
-10.0,1,65.812489
-10.0,1,65.817232
-10.0,1,65.822191
-10.0,3,65.83159
-10.0,1,65.836305
-10.0,4,65.8488
-10.0,1,65.854677
-10.0,2,65.862399
-10.0,1,65.867728
-10.0,1,65.873892
-10.0,1,65.87972
-10.0,1,65.884661
-10.0,1,65.88963
-10.0,1,65.89444
-10.0,1,65.89925
-10.0,1,65.904477
-10.0,2,65.911628
-10.0,2,65.919204
-10.0,1,65.924103
-10.0,1,65.928966
-10.0,2,65.936511
-10.0,3,65.946031
-10.0,1,65.951214
-10.0,1,65.956136
-10.0,1,65.960941
-10.0,2,65.96946
-10.0,1,65.978105
-10.0,2,65.987833
-10.0,1,65.997936
-10.0,1,66.00499
-10.0,1,66.011706
-10.0,2,66.01996
-10.0,1,66.025816
-10.0,1,66.030563
-10.0,1,66.035406
-10.0,1,66.040537
-10.0,1,66.047117
-10.0,2,66.055979
-10.0,1,66.060911
-10.0,1,66.066509
-10.0,2,66.073167
-10.0,1,66.078019
-10.0,3,66.091099
-10.0,1,66.096332
-10.0,1,66.103055
-10.0,1,66.111593
-10.0,4,66.132772
-10.0,1,66.139052
-10.0,1,66.143877
-10.0,2,66.151214
-10.0,1,66.156512
-10.0,2,66.16431
-10.0,4,69.146984
-10.0,1,69.152058
-10.0,2,69.159798
-10.0,2,69.168672
-10.0,2,69.179163
-10.0,1,69.186434
-10.0,1,69.192339
-10.0,1,69.197505
-10.0,1,69.203283
-10.0,3,69.21442
-10.0,1,69.221593
-10.0,1,69.22872
-10.0,1,69.235688
-10.0,2,69.246201
-10.0,1,69.253865
-10.0,2,69.264683
-10.0,1,69.270621
-10.0,1,69.278181
-10.0,1,69.285526
-10.0,2,69.297094
-10.0,1,69.304091
-10.0,2,69.314538
-10.0,1,69.321936
-10.0,1,69.329493
-10.0,3,69.342458
-10.0,1,69.347745
-10.0,1,69.352813
-10.0,1,69.357947
-10.0,1,69.363408
-10.0,1,69.368402
-10.0,1,69.373322
-10.0,3,69.383443
-10.0,2,69.390947
-10.0,2,69.398678
-10.0,2,69.406171
-10.0,1,69.41183
-10.0,2,69.419408
-10.0,1,69.42534
-10.0,1,69.430725
-10.0,1,69.436262
-10.0,1,69.441558
-10.0,1,69.446899
-10.0,1,69.45247
-10.0,7,69.474703
-10.0,1,69.480201
-10.0,1,69.48573
-10.0,2,69.495407
-10.0,1,69.501141
-10.0,4,69.514663
-10.0,1,69.520238
-10.0,3,69.530507
-10.0,1,69.536089
-10.0,1,69.541449
-10.0,2,69.549204
-10.0,1,69.554876
-10.0,2,69.562703
-10.0,1,69.568107
-10.0,2,69.576021
-10.0,2,69.583859
-10.0,1,69.589306
-10.0,3,69.599669
-10.0,2,69.607553
-10.0,1,69.612889
-10.0,2,69.6209
-10.0,2,69.628714
-10.0,1,69.634212
-10.0,1,69.639491
-10.0,1,69.644826
-10.0,1,69.650175
-10.0,3,69.660521
-10.0,1,69.665952
-10.0,2,69.673735
-10.0,2,69.681607
-10.0,1,69.686959
-10.0,1,69.692397
-10.0,1,69.697716
-10.0,3,69.708257
-10.0,1,69.713609
-10.0,1,69.71912
-10.0,1,69.724418
-10.0,1,69.730128
-10.0,1,69.735383
-10.0,1,69.741021
-10.0,2,69.749216
-10.0,1,69.75473
-10.0,2,69.766499
-10.0,1,69.7753
-10.0,2,69.781976
-10.0,1,69.786947
-10.0,1,69.792755
-10.0,2,69.800448
-10.0,1,69.805635
-10.0,1,69.811269
-10.0,1,69.816494
-10.0,1,69.821717
-10.0,2,69.830062
-10.0,8,69.85275
-10.0,1,69.858521
-10.0,8,69.880534
-10.0,1,69.885508
-10.0,1,69.890787
-10.0,2,69.89817
-10.0,1,69.903394
-10.0,1,69.908482
-10.0,1,69.913423
-10.0,1,69.918654
-10.0,2,69.926259
-10.0,1,69.931207
-10.0,2,69.938802
-10.0,1,69.944886
-10.0,3,69.957423
-10.0,1,69.963768
-10.0,1,69.970363
-10.0,2,69.979625
-10.0,1,69.986233
-10.0,5,70.004892
-10.0,1,70.011384
-10.0,3,70.024399
-10.0,2,70.032317
-10.0,1,70.037488
-10.0,4,70.049601
-10.0,1,70.054689
-10.0,1,70.059673
-10.0,1,70.065216
-10.0,4,70.07814
-10.0,1,70.083431
-10.0,1,70.088584
-10.0,1,70.094226
-10.0,1,70.099257
-10.0,2,70.106567
-10.0,1,70.112419
-10.0,2,70.119727
-10.0,2,70.12779
-10.0,2,70.135153
-10.0,1,70.140105
-10.0,1,70.145194
-10.0,2,70.152431
-10.0,2,70.160004
-10.0,1,70.16502
-10.0,4,70.177201
-10.0,2,70.184465
-10.0,1,70.189733
-10.0,1,70.195076
-10.0,1,70.200077
-10.0,1,70.205122
-10.0,1,70.210175
-10.0,1,70.215029
-10.0,4,70.227386
-10.0,1,70.232324
-10.0,2,70.239804
-10.0,1,70.244761
-10.0,1,70.249653
-10.0,1,70.255077
-10.0,1,70.259807
-10.0,2,70.267201
-10.0,1,70.272652
-10.0,3,70.283044
-10.0,2,70.291812
-10.0,1,70.297145
-10.0,1,70.302714
-10.0,2,70.310674
-10.0,3,70.321029
-10.0,1,70.326579
-10.0,1,70.331872
-10.0,3,70.342405
-10.0,3,70.353038
-10.0,1,70.358408
-10.0,1,70.363684
-10.0,2,70.37182
-10.0,2,70.379863
-10.0,2,70.387887
-10.0,2,70.396145
-10.0,2,70.404564
-10.0,2,70.413338
-10.0,2,70.421468
-10.0,2,70.430364
-10.0,1,70.435658
-10.0,3,70.446633
-10.0,3,70.45715
-10.0,1,70.462821
-10.0,4,70.476096
-10.0,1,70.481042
-10.0,1,70.48602
-10.0,1,70.491039
-10.0,1,70.497252
-10.0,3,70.506968
-10.0,3,70.516916
-10.0,1,70.521897
-10.0,1,70.527236
-10.0,3,70.53692
-10.0,1,70.542095
-10.0,2,70.549401
-10.0,1,70.554277
-10.0,1,70.559528
-10.0,1,70.564388
-10.0,1,70.569326
-10.0,1,70.574522
-10.0,1,70.579393
-10.0,3,70.589191
-10.0,3,70.598897
-10.0,1,70.603844
-10.0,1,70.608836
-10.0,1,70.613796
-10.0,2,70.621261
-10.0,2,70.6285
-10.0,2,70.635808
-10.0,5,70.650059
-10.0,1,70.655265
-10.0,2,70.662491
-10.0,3,70.672125
-10.0,1,70.677043
-10.0,1,70.681886
-10.0,2,70.689419
-10.0,2,70.696684
-10.0,1,70.701771
-10.0,6,70.718531
-10.0,1,70.72357
-10.0,1,70.728491
-10.0,2,70.73599
-10.0,2,70.743302
-10.0,1,70.748351
-10.0,2,70.756022
-10.0,1,70.760962
-10.0,3,70.770829
-10.0,3,70.781161
-10.0,1,70.786435
-10.0,1,70.791791
-10.0,3,70.805183
-10.0,1,70.813031
-10.0,2,70.820524
-10.0,2,70.828262
-10.0,2,70.835917
-10.0,1,70.841349
-10.0,1,70.846841
-10.0,1,70.851889
-10.0,1,70.857167
-10.0,2,70.864967
-10.0,1,70.87013
-10.0,1,70.875362
-10.0,1,70.881196
-10.0,3,70.891313
-10.0,2,70.899149
-10.0,2,70.90714
-10.0,1,70.912719
-10.0,1,70.91806
-10.0,1,70.923314
-10.0,3,70.933954
-10.0,3,70.944026
-10.0,3,70.956024
-10.0,1,70.962877
-10.0,1,70.969868
-10.0,1,70.977624
-10.0,1,70.984817
-10.0,1,70.992606
-10.0,1,70.999742
-10.0,2,71.010637
-10.0,2,71.020872
-10.0,1,71.027993
-10.0,2,71.039515
-10.0,1,71.046677
-10.0,1,71.053547
-10.0,1,71.060139
-10.0,1,71.066602
-10.0,3,71.08367
-10.0,1,71.094894
-10.0,4,71.120611
-10.0,1,71.130199
-10.0,1,71.140929
-10.0,1,71.14878
-10.0,2,71.158252
-10.0,1,71.163723
-10.0,1,71.168847
-10.0,1,71.174018
-10.0,1,71.179485
-10.0,1,71.185271
-10.0,1,71.192513
-10.0,2,71.202682
-10.0,1,71.206388
-10.0,2,71.211581
-10.0,2,71.217808
-10.0,1,71.221939
-10.0,1,71.228241
-10.0,2,71.235106
-10.0,1,71.238516
-10.0,1,71.244416
-10.0,2,71.253078
-10.0,1,71.259417
-10.0,3,71.273924
-10.0,1,71.281895
-10.0,1,71.289659
-10.0,2,71.299324
-10.0,1,71.305999
-10.0,1,71.312844
-10.0,1,71.319331
-10.0,3,71.332136
-10.0,1,71.339606
-10.0,3,71.354494
-10.0,3,71.365005
-10.0,1,71.370282
-10.0,2,71.378052
-10.0,4,71.393142
-10.0,1,71.399647
-10.0,2,71.409517
-10.0,2,71.421718
-10.0,1,71.42814
-10.0,2,71.437713
-10.0,3,71.450946
-10.0,1,71.457225
-10.0,1,71.464279
-10.0,3,71.479396
-10.0,3,71.489825
-10.0,1,71.495146
-10.0,1,71.501173
-10.0,1,71.506691
-10.0,1,71.513034
-10.0,1,71.518954
-10.0,1,71.525528
-10.0,3,71.537473
-10.0,2,71.549661
-10.0,2,71.560521
-10.0,1,71.568341
-10.0,1,71.575315
-10.0,1,71.582513
-10.0,1,71.588766
-10.0,1,71.595963
-10.0,2,71.603708
-10.0,2,71.614884
-10.0,3,71.629869
-10.0,1,71.636733
-10.0,1,71.643514
-10.0,1,71.65237
-10.0,2,71.662153
-10.0,3,71.67514
-10.0,1,71.683936
-10.0,3,71.699149
-10.0,2,71.708818
-10.0,1,71.715787
-10.0,1,71.72361
-10.0,3,71.738618
-10.0,2,71.749824
-10.0,1,71.758164
-10.0,1,71.765886
-10.0,1,71.772606
-10.0,1,71.780341
-10.0,1,71.78695
-10.0,1,71.793772
-10.0,1,71.802266
-10.0,1,71.809108
-10.0,2,71.819557
-10.0,1,71.827633
-10.0,1,71.835652
-10.0,1,71.844598
-10.0,1,71.850818
-10.0,2,71.861132
-10.0,1,71.867041
-10.0,2,71.878453
-10.0,1,71.884036
-10.0,1,71.890254
-10.0,1,71.897462
-10.0,2,71.907556
-10.0,1,71.915159
-10.0,1,71.92112
-10.0,1,71.926778
-10.0,1,71.932489
-10.0,2,71.941513
-10.0,3,71.954044
-10.0,1,71.959931
-10.0,1,71.96542
-10.0,1,71.970983
-10.0,3,71.983604
-10.0,2,71.990998
-10.0,1,71.995735
-10.0,1,72.001201
-10.0,1,72.005088
-10.0,1,72.009266
-10.0,1,72.015707
-10.0,1,72.021393
-10.0,1,72.027717
-10.0,2,72.037474
-10.0,1,72.04369
-10.0,1,72.049902
-10.0,1,72.056443
-10.0,1,72.062656
-10.0,1,72.06876
-10.0,2,72.079114
-10.0,1,72.087364
-10.0,5,72.103817
-10.0,2,72.111812
-10.0,2,72.123329
-10.0,2,72.149036
-10.0,1,72.164411
-10.0,2,72.182754
-10.0,4,72.215113
-10.0,2,72.227309
-10.0,1,72.235523
-10.0,1,72.261337
-10.0,5,72.294272
-10.0,1,72.301909
-10.0,2,72.314383
-10.0,1,72.321313
-10.0,2,72.335208
-10.0,3,72.348659
-10.0,2,72.358754
-10.0,1,72.363768
-10.0,1,72.369784
-10.0,1,72.376924
-10.0,1,72.382839
-10.0,2,72.392239
-10.0,1,72.398316
-10.0,2,72.405018
-10.0,3,72.415298
-10.0,1,72.420728
-10.0,1,72.425138
-10.0,1,72.429076
-10.0,1,72.435248
-10.0,2,72.44343
-10.0,1,72.448464
-10.0,2,72.460602
-10.0,1,72.467746
-10.0,1,72.473367
-10.0,1,72.481266
-10.0,1,72.48778
-10.0,3,72.503074
-10.0,1,72.511375
-10.0,1,72.52161
-10.0,1,72.53039
-10.0,3,72.550204
-10.0,4,72.568909
-10.0,3,72.584563
-10.0,1,72.593212
-10.0,2,72.604468
-10.0,3,72.61949
-10.0,1,72.62721
-10.0,1,72.634908
-10.0,2,72.646338
-10.0,1,72.653839
-10.0,3,72.668267
-10.0,1,72.675781
-10.0,1,72.681271
-10.0,2,72.68955
-10.0,2,72.702523
-10.0,2,72.717284
-10.0,3,72.734573
-10.0,1,72.744265
-10.0,3,72.762144
-10.0,1,72.770791
-10.0,1,72.779007
-10.0,1,72.786819
-10.0,1,72.796057
-10.0,1,72.804647
-10.0,1,72.814014
-10.0,1,72.821611
-10.0,3,72.838484
-10.0,1,72.847251
-10.0,1,72.856394
-10.0,2,72.869598
-10.0,1,72.876629
-10.0,1,72.881855
-10.0,1,72.887586
-10.0,1,72.893154
-10.0,1,72.89864
-10.0,1,72.904415
-70.5,2,72.916124
-10.0,1,72.925235
-10.0,1,72.934217
-10.0,1,72.942893
-10.0,1,72.952121
-10.0,1,72.958402
-10.0,1,72.9636
-10.0,1,72.96915
-10.0,1,72.975849
-10.0,1,72.984788
-10.0,2,72.998173
-10.0,1,73.007359
-10.0,1,73.016337
-10.0,1,73.025419
-10.0,1,73.034475
-10.0,1,73.043654
-10.0,1,73.05286
-10.0,1,73.062117
-10.0,3,73.079896
-10.0,3,73.096767
-10.0,4,73.113045
-10.0,1,73.121931
-10.0,1,73.131863
-10.0,1,73.141003
-10.0,3,73.159737
-10.0,2,73.168975
-10.0,1,73.179706
-10.0,1,73.188987
-10.0,1,73.198313
-10.0,1,73.207584
-10.0,4,73.224464
-10.0,1,73.229984
-10.0,1,73.238855
-10.0,1,73.247702
-10.0,3,73.258346
-10.0,3,73.269154
-10.0,4,73.282155
-10.0,2,73.292331
-10.0,4,73.310618
-10.0,1,73.318425
-10.0,1,73.325725
-10.0,1,73.331687
-10.0,2,73.343494
-10.0,1,73.354879
-10.0,1,73.36585
-10.0,2,73.375942
-10.0,1,73.381924
-10.0,3,73.391217
-10.0,1,73.394743
-10.0,1,73.398238
-10.0,1,73.401645
-10.0,1,73.405192
-10.0,1,73.408495
-10.0,3,73.414737
-10.0,2,73.419595
-10.0,1,73.424579
-10.0,1,73.429782
-10.0,1,73.435311
-10.0,1,73.440318
-10.0,1,73.445112
-10.0,1,73.449712
-10.0,1,73.454422
-10.0,1,73.457759
-10.0,1,73.462245
-10.0,1,73.466966
-10.0,1,73.470404
-10.0,1,73.473374
-10.0,2,73.47769
-10.0,1,73.480635
-10.0,1,73.483608
-10.0,2,73.490721
-10.0,3,73.500806
-10.0,1,73.506587
-10.0,2,73.514785
-10.0,1,73.519698
-10.0,2,73.528689
-10.0,1,73.534351
-10.0,3,73.546496
-10.0,1,73.55235
-10.0,1,73.55999
-10.0,1,73.565276
-10.0,2,73.574962
-10.0,1,73.580656
-10.0,1,73.588727
-10.0,1,73.594611
-10.0,1,73.599801
-10.0,1,73.60471
-10.0,1,73.610906
-10.0,2,73.620141
-10.0,1,73.625641
-10.0,2,73.63347
-10.0,3,73.644178
-10.0,1,73.649834
-10.0,1,73.655364
-10.0,1,73.663367
-10.0,1,73.67594
-10.0,5,73.695417
-10.0,2,73.702493
-10.0,1,73.70788
-10.0,2,73.716249
-10.0,1,73.721351
-10.0,2,73.730237
-10.0,1,73.737703
-10.0,2,73.747488
-10.0,1,73.753162
-10.0,3,73.767878
-10.0,1,73.773734
-10.0,1,73.782681
-10.0,1,73.790392
-10.0,1,73.797958
-10.0,1,73.805296
-10.0,1,73.812294
-10.0,2,73.821061
-10.0,3,73.832262
-10.0,2,73.842525
-10.0,1,73.849583
-10.0,4,73.866027
-10.0,1,73.871286
-10.0,1,73.879176
-10.0,2,73.897241
-10.0,2,73.924124
-10.0,1,73.93745
-10.0,2,73.955336
-10.0,2,73.97494
-10.0,1,73.98723
-35.7,1,73.998851
-10.0,1,74.013515
-10.0,1,74.027426
-10.0,2,74.045223
-10.0,1,74.051475
-10.0,1,74.057606
-10.0,1,74.063323
-10.0,2,74.070555
-10.0,2,74.080939
-10.0,1,74.085657
-10.0,1,74.09226
-10.0,1,74.099226
-10.0,1,74.10531
-10.0,2,74.116036
-10.0,1,74.122172
-10.0,1,74.129625
-10.0,3,74.145243
-10.0,1,74.152142
-10.0,1,74.15898
-10.0,1,74.165774
-10.0,1,74.170845
-10.0,1,74.177206
-10.0,3,74.188358
-10.0,1,74.196373
-10.0,2,74.204427
-10.0,1,74.211448
-10.0,1,74.218209
-10.0,3,74.230704
-10.0,3,74.242125
-10.0,2,74.251162
-10.0,2,74.261447
-10.0,1,74.267396
-10.0,2,74.275954
-10.0,2,74.283658
-10.0,1,74.289893
-10.0,1,74.295674
-10.0,1,74.300849
-10.0,2,74.310413
-10.0,1,74.315648
-10.0,2,74.323985
-10.0,2,74.332647
-10.0,4,74.346067
-10.0,2,74.353864
-10.0,1,74.360847
-10.0,1,74.42631
-10.0,1,74.443968
-10.0,1,74.456021
-10.0,1,74.463395
-10.0,1,74.480772
-10.0,1,74.486006
-10.0,1,74.492443
-10.0,1,74.497587
-10.0,1,74.50331
-10.0,2,74.513776
-10.0,3,74.527993
-10.0,1,74.533891
-10.0,1,74.540857
-10.0,1,74.547217
-10.0,1,74.553071
-10.0,1,74.560348
-10.0,1,74.56638
-10.0,1,74.571834
-10.0,1,74.578941
-10.0,1,74.584656
-10.0,1,74.591749
-10.0,1,74.598234
-10.0,3,74.611396
-10.0,2,74.620176
-10.0,1,74.627664
-10.0,1,74.633146
-10.0,1,74.638866
-10.0,1,74.64662
-10.0,1,74.65174
-10.0,1,74.660342
-10.0,2,74.668524
-10.0,1,74.676536
-10.0,1,74.681742
-10.0,1,74.686972
-10.0,1,74.694739
-10.0,1,74.699946
-10.0,1,74.706151
-10.0,1,74.714099
-10.0,2,74.723032
-10.0,1,74.729102
-10.0,3,74.739803
-10.0,1,74.745329
-10.0,2,74.753028
-10.0,1,74.759126
-10.0,1,74.764239
-10.0,1,74.769547
-10.0,1,74.7751
-10.0,2,74.782713
-10.0,1,74.788074
-10.0,4,74.801023
-10.0,2,74.809267
-10.0,1,74.814307
-10.0,1,74.819611
-10.0,1,74.825016
-10.0,1,74.830136
-10.0,1,74.835364
-10.0,5,74.850573
-10.0,1,74.856008
-10.0,1,74.861527
-10.0,1,74.867599
-10.0,1,74.872936
-10.0,1,74.878254
-10.0,1,74.88339
-10.0,1,74.888497
-10.0,1,74.894131
-10.0,2,74.901698
-10.0,1,74.907226
-10.0,1,74.912693
-10.0,1,74.91773
-10.0,2,74.926037
-10.0,1,74.93153
-10.0,2,74.939335
-10.0,1,74.944818
-10.0,4,74.957686
-10.0,4,74.97635
-10.0,1,74.981514
-10.0,1,74.98651
-10.0,1,74.992525
-10.0,1,74.997904
-10.0,1,75.003268
-10.0,2,75.013332
-10.0,4,75.027284
-10.0,1,75.032565
-10.0,2,75.040455
-10.0,1,75.04565
-10.0,1,75.050572
-10.0,1,75.055879
-10.0,2,75.065272
-10.0,1,75.070622
-10.0,1,75.076263
-10.0,1,75.083615
-10.0,1,75.090109
-10.0,1,75.097516
-10.0,1,75.103878
-10.0,1,75.112139
-10.0,2,75.120733
-10.0,1,75.127941
-10.0,1,75.134054
-10.0,1,75.13985
-10.0,1,75.146572
-10.0,1,75.15257
-10.0,1,75.159525
-10.0,2,75.168573
-10.0,1,75.175304
-10.0,5,75.194419
-10.0,1,75.200556
-10.0,2,75.209334
-10.0,1,75.215517
-10.0,2,75.225507
-10.0,2,75.236073
-10.0,1,75.242145
-10.0,1,75.247232
-10.0,3,75.258328
-10.0,1,75.264453
-10.0,1,75.27054
-10.0,2,75.278573
-10.0,1,75.283727
-10.0,1,75.289478
-10.0,1,75.294879
-10.0,2,75.30251
-10.0,1,75.308015
-10.0,2,75.316576
-10.0,1,75.323087
-10.0,1,75.328398
-10.0,1,75.333981
-10.0,4,75.349169
-10.0,1,75.354432
-10.0,2,75.363763
-10.0,1,75.369114
-10.0,1,75.375374
-10.0,2,75.383537
-10.0,2,75.392844
-10.0,1,75.398413
-10.0,1,75.403402
-10.0,1,75.410143
-10.0,1,75.415494
-10.0,2,75.425146
-10.0,1,75.431668
-10.0,3,75.444447
-10.0,1,75.44978
-10.0,1,75.45549
-10.0,2,75.464249
-10.0,1,75.470457
-10.0,3,75.482711
-10.0,1,75.487979
-10.0,1,75.49409
-10.0,1,75.499259
-10.0,1,75.507453
-10.0,1,75.513522
-10.0,1,75.518719
-10.0,1,75.525199
-10.0,2,75.534354
-10.0,1,75.540403
-10.0,1,75.546372
-10.0,1,75.551737
-10.0,2,75.561723
-10.0,1,75.567379
-10.0,1,75.573528
-10.0,3,75.585307
-10.0,1,75.591963
-10.0,1,75.599001
-10.0,1,75.604609
-10.0,1,75.611684
-10.0,1,75.619128
-10.0,1,75.625536
-10.0,1,75.631533
-10.0,1,75.637048
-10.0,5,75.658248
-10.0,2,75.671533
-10.0,3,75.68741
-10.0,1,75.693789
-10.0,1,75.699415
-10.0,1,75.705747
-10.0,1,75.711158
-10.0,1,75.71637
-10.0,1,75.721616
-10.0,1,75.728066
-10.0,3,75.738176
-10.0,3,75.750098
-10.0,1,75.755409
-10.0,1,75.761495
-10.0,2,75.769298
-10.0,1,75.774943
-10.0,1,75.780372
-10.0,1,75.786092
-10.0,2,75.7939
-10.0,2,75.801873
-10.0,2,75.808391
-10.0,1,75.813283
-10.0,1,75.818216
-10.0,1,75.823454
-10.0,1,75.828977
-10.0,1,75.835963
-10.0,2,75.844502
-10.0,1,75.851439
-10.0,2,75.8621
-10.0,2,75.87175
-10.0,1,75.877905
-10.0,1,75.882857
-10.0,1,75.887667
-10.0,1,75.893789
-10.0,2,75.901399
-10.0,5,75.918671
-10.0,2,75.927817
-10.0,1,75.932985
-10.0,3,75.945106
-10.0,1,75.950666
-10.0,1,75.956303
-10.0,1,75.963097
-10.0,2,75.971463
-10.0,1,75.979716
-10.0,1,75.985326
-10.0,2,75.999071
-10.0,1,76.006288
-10.0,1,76.013249
-10.0,1,76.01875
-10.0,2,76.028322
-10.0,1,76.034071
-10.0,1,76.039842
-10.0,1,76.04654
-10.0,1,76.051689
-10.0,1,76.057202
-10.0,2,76.064737
-10.0,1,76.069862
-10.0,3,76.082009
-10.0,2,76.091064
-10.0,2,76.100613
-10.0,1,76.10632
-10.0,3,76.117585
-10.0,2,76.125857
-10.0,1,76.130914
-10.0,1,76.136217
-10.0,1,76.142148
-10.0,1,76.148065
-10.0,1,76.153323
-10.0,1,76.158761
-10.0,1,76.164684
-10.0,1,76.169976
-10.0,1,76.17576
-10.0,1,76.181016
-10.0,1,76.186097
-10.0,2,76.194406
-10.0,1,76.199508
-10.0,1,76.206169
-10.0,2,76.214931
-10.0,2,76.226457
-10.0,1,76.232429
-10.0,1,76.239213
-10.0,3,76.250829
-10.0,3,76.263011
-10.0,4,76.277067
-10.0,1,76.28228
-10.0,4,76.296668
-10.0,1,76.301837
-10.0,1,76.307586
-10.0,1,76.313677
-10.0,1,76.319263
-10.0,2,76.330171
-10.0,1,76.336641
-10.0,1,76.344395
-10.0,1,76.350357
-10.0,1,76.356287
-10.0,1,76.362783
-10.0,1,76.369118
-10.0,2,76.380193
-10.0,2,76.389083
-10.0,1,76.395424
-10.0,2,76.404167
-10.0,3,76.419035
-10.0,3,76.431784
-10.0,1,76.438081
-10.0,2,76.44752
-10.0,1,76.453363
-10.0,1,76.460153
-10.0,1,76.466105
-10.0,2,76.475067
-10.0,2,76.484975
-10.0,1,76.493289
-10.0,2,76.501387
-10.0,2,76.513597
-10.0,3,76.527722
-10.0,1,76.532897
-10.0,2,76.542817
-10.0,1,76.548009
-10.0,1,76.553464
-10.0,6,76.572192
-10.0,1,76.579189
-10.0,2,76.587834
-10.0,1,76.594195
-10.0,1,76.599572
-10.0,1,76.605056
-10.0,2,76.613395
-10.0,1,76.618886
-10.0,1,76.624924
-10.0,1,76.630397
-10.0,4,76.646094
-10.0,1,76.651673
-10.0,1,76.657218
-10.0,1,76.662616
-10.0,2,76.670233
-10.0,1,76.675804
-10.0,3,76.685761
-10.0,2,76.693728
-10.0,3,76.703682
-10.0,1,76.70888
-10.0,2,76.716483
-10.0,2,76.724059
-10.0,1,76.729364
-10.0,1,76.734529
-10.0,1,76.73956
-10.0,1,76.74486
-10.0,2,76.752439
-10.0,3,76.76248
-10.0,4,76.774684
-10.0,1,76.780063
-10.0,1,76.785197
-10.0,4,76.797659
-10.0,1,76.802774
-10.0,2,76.811896
-10.0,2,76.819269
-10.0,1,76.824631
-10.0,2,76.832119
-10.0,4,76.844536
-10.0,2,76.85198
-10.0,2,76.859832
-10.0,1,76.865856
-10.0,1,76.871337
-10.0,1,76.876801
-10.0,1,76.883132
-10.0,1,76.892
-10.0,2,76.903786
-10.0,1,76.912802
-10.0,1,76.921793
-10.0,1,76.930333
-10.0,1,76.939614
-10.0,1,76.948528
-10.0,1,76.958573
-10.0,4,76.980347
-10.0,1,76.989498
-10.0,1,76.998336
-10.0,1,77.007823
-10.0,1,77.016813
-10.0,3,77.035668
-10.0,1,77.045193
-10.0,2,77.053666
-10.0,1,77.058725
-10.0,1,77.064039
-10.0,3,77.073913
-10.0,1,77.079146
-10.0,1,77.084266
-10.0,1,77.089269
-10.0,1,77.094584
-10.0,2,77.102503
-10.0,1,77.107623
-10.0,1,77.112935
-10.0,2,77.120469
-10.0,1,77.125505
-10.0,1,77.130847
-10.0,3,77.140648
-10.0,1,77.14593
-10.0,1,77.150995
-10.0,3,77.161248
-10.0,1,77.166333
-10.0,2,77.173736
-10.0,2,77.182186
-10.0,3,77.192305
-10.0,2,77.199798
-10.0,1,77.204823
-10.0,1,77.210499
-10.0,1,77.2156
-10.0,1,77.220599
-10.0,1,77.226154
-10.0,1,77.231183
-10.0,1,77.236152
-10.0,1,77.241855
-10.0,1,77.24722
-10.0,1,77.252285
-10.0,1,77.257595
-10.0,2,77.264992
-10.0,1,77.270189
-10.0,1,77.275379
-10.0,1,77.28051
-10.0,2,77.289493
-10.0,1,77.294848
-10.0,2,77.303105
-10.0,2,77.310877
-10.0,3,77.323833
-10.0,1,77.330551
-10.0,2,77.33861
-10.0,1,77.34366
-10.0,1,77.348715
-10.0,1,77.354116
-10.0,4,77.366571
-10.0,1,77.371771
-10.0,2,77.379221
-10.0,2,77.386966
-10.0,3,77.396883
-10.0,1,77.402401
-10.0,1,77.407483
-10.0,2,77.415118
-10.0,1,77.4202
-10.0,2,77.427613
-10.0,1,77.434999
-10.0,1,77.440255
-10.0,2,77.447856
-10.0,1,77.452903
-10.0,2,77.460317
-10.0,2,77.468145
-10.0,2,77.475591
-10.0,2,77.483455
-10.0,2,77.490941
-10.0,1,77.496252
-10.0,1,77.501377
-10.0,1,77.506406
-10.0,1,77.511801
-10.0,2,77.519296
-10.0,1,77.524328
-10.0,1,77.529542
-10.0,1,77.534606
-10.0,2,77.543328
-10.0,4,77.55565
-10.0,1,77.561487
-10.0,1,77.567187
-10.0,2,77.574814
-10.0,2,77.582346
-10.0,1,77.587416
-10.0,1,77.592671
-10.0,2,77.600111
-10.0,2,77.607927
-10.0,2,77.615429
-10.0,1,77.620672
-10.0,1,77.625742
-10.0,3,77.635475
-10.0,3,77.645471
-10.0,2,77.653277
-10.0,1,77.658428
-10.0,1,77.663437
-10.0,1,77.668774
-10.0,2,77.676465
-10.0,2,77.684087
-10.0,1,77.690198
-10.0,3,77.700209
-10.0,1,77.705366
-10.0,3,77.715098
-10.0,2,77.722774
-10.0,1,77.727888
-10.0,1,77.733154
-10.0,1,77.738171
-10.0,2,77.745573
-10.0,2,77.753345
-10.0,1,77.758508
-10.0,1,77.763704
-10.0,1,77.768886
-10.0,1,77.773899
-10.0,1,77.778879
-10.0,1,77.784262
-10.0,2,77.791845
-10.0,1,77.797168
-10.0,1,77.802511
-10.0,2,77.811195
-10.0,2,77.818926
-10.0,2,77.8264
-10.0,1,77.834714
-10.0,1,77.839893
-10.0,1,77.845198
-10.0,2,77.852684
-10.0,1,77.857494
-10.0,2,77.86543
-10.0,1,77.870576
-10.0,1,77.877094
-10.0,1,77.882341
-10.0,1,77.887958
-10.0,2,77.898105
-10.0,2,77.908109
-10.0,1,77.915172
-10.0,3,77.928065
-10.0,1,77.933468
-10.0,1,77.941184
-10.0,3,77.953074
-10.0,2,77.962676
-10.0,1,77.968245
-10.0,1,77.974517
-10.0,1,77.980851
-10.0,2,77.990434
-10.0,1,77.997955
-10.0,2,78.008293
-10.0,1,78.014373
-10.0,1,78.019704
-10.0,3,78.032534
-10.0,1,78.038119
-10.0,1,78.043595
-10.0,1,78.048619
-10.0,4,78.065811
-10.0,1,78.074797
-10.0,1,78.208088
-10.0,1,78.217007
-10.0,1,78.223996
-10.0,2,78.235748
-10.0,3,78.24904
-10.0,1,78.256887
-10.0,1,78.263325
-10.0,2,78.27145
-10.0,1,78.277843
-10.0,1,78.283203
-10.0,1,78.289304
-10.0,1,78.295382
-10.0,1,78.300533
-10.0,3,78.313052
-10.0,1,78.318495
-10.0,4,78.332048
-10.0,3,78.346546
-10.0,1,78.351867
-10.0,1,78.357828
-10.0,2,78.366843
-10.0,1,78.374496
-10.0,1,78.380992
-10.0,1,78.386513
-10.0,2,78.396661
-10.0,1,78.402435
-10.0,1,78.4095
-10.0,1,78.415552
-10.0,1,78.421333
-10.0,1,78.428016
-10.0,1,78.433719
-10.0,1,78.439921
-10.0,1,78.445953
-10.0,2,78.454129
-10.0,1,78.461053
-10.0,2,78.469
-10.0,2,78.478755
-10.0,1,78.484015
-10.0,1,78.49099
-10.0,1,78.497085
-10.0,2,78.505953
-10.0,1,78.512319
-10.0,5,78.528739
-10.0,1,78.533923
-10.0,1,78.539797
-10.0,2,78.549453
-10.0,2,78.558233
-10.0,1,78.563391
-10.0,2,78.571504
-10.0,1,78.578277
-10.0,1,78.58694
-10.0,3,78.598308
-10.0,1,78.60455
-10.0,1,78.610036
-10.0,1,78.615149
-10.0,1,78.620655
-10.0,1,78.625925
-10.0,1,78.630986
-10.0,1,78.636231
-10.0,1,78.641408
-10.0,3,78.651771
-10.0,1,78.657009
-10.0,1,78.662091
-10.0,1,78.66765
-10.0,2,78.675194
-10.0,4,78.687748
-10.0,3,78.698043
-10.0,1,78.703312
-10.0,2,78.710969
-10.0,1,78.716168
-10.0,1,78.721265
-10.0,1,78.726475
-10.0,1,78.731844
-10.0,2,78.739432
-10.0,1,78.745475
-10.0,1,78.751725
-10.0,2,78.759565
-10.0,2,78.767189
-10.0,1,78.77233
-10.0,2,78.780293
-10.0,2,78.787925
-10.0,1,78.793435
-10.0,1,78.798621
-10.0,1,78.80372
-10.0,1,78.809736
-10.0,1,78.815395
-10.0,1,78.820719
-10.0,1,78.826742
-38.7,1,78.832158
-10.0,1,78.837377
-10.0,2,78.846005
-10.0,1,78.851084
-10.0,1,78.856319
-10.0,2,78.863753
-10.0,1,78.868786
-10.0,1,78.876656
-10.0,6,78.899475
-10.0,2,78.909127
-10.0,1,78.914681
-10.0,1,78.920021
-10.0,2,78.929099
-10.0,1,78.934157
-10.0,2,78.944244
-10.0,4,78.961286
-10.0,1,78.967095
-10.0,2,78.97807
-10.0,1,78.983649
-10.0,4,78.998755
-10.0,2,79.011777
-10.0,1,79.01915
-10.0,2,79.028934
-10.0,2,79.036797
-10.0,1,79.04229
-10.0,1,79.047618
-10.0,2,79.055351
-10.0,3,79.067804
-10.0,2,79.075952
-10.0,1,79.081039
-10.0,2,79.089142
-10.0,1,79.094435
-10.0,2,79.101735
-10.0,1,79.108345
-10.0,1,79.116754
-10.0,2,79.124985
-10.0,1,79.130506
-10.0,1,79.135586
-10.0,1,79.140646
-10.0,3,79.153182
-10.0,1,79.158464
-10.0,1,79.164164
-10.0,1,79.169349
-10.0,1,79.174592
-10.0,2,79.182508
-10.0,1,79.188938
-10.0,4,79.22627
-10.0,2,79.249609
-10.0,1,79.259671
-10.0,1,79.269939
-10.0,1,79.286728
-10.0,1,79.302427
-10.0,2,79.327598
-10.0,4,79.364742
-10.0,1,79.380929
-10.0,1,79.395979
-10.0,5,79.430135
-10.0,1,79.436136
-10.0,2,79.443946
-10.0,1,79.449577
-10.0,1,79.454788
-10.0,1,79.45989
-10.0,1,79.465366
-10.0,1,79.471596
-10.0,2,79.479434
-10.0,2,79.487098
-10.0,1,79.492272
-10.0,1,79.497944
-10.0,2,79.50559
-10.0,2,79.513627
-10.0,1,79.519192
-10.0,1,79.524617
-10.0,1,79.530411
-10.0,1,79.535722
-10.0,1,79.541226
-10.0,2,79.550853
-10.0,1,79.556531
-10.0,1,79.563323
-10.0,1,79.569561
-10.0,2,79.577933
-10.0,1,79.583046
-10.0,3,79.595279
-10.0,1,79.601975
-10.0,3,79.615451
-10.0,1,79.622825
-10.0,1,79.628486
-10.0,1,79.633793
-10.0,2,79.6422
-10.0,1,79.647391
-10.0,3,79.658751
-10.0,1,79.664024
-10.0,1,79.669114
-10.0,1,79.674868
-10.0,1,79.680925
-10.0,1,79.686074
-10.0,1,79.691433
-10.0,2,79.699117
-10.0,1,79.705087
-10.0,2,79.712986
-10.0,1,79.718501
-10.0,1,79.724098
-10.0,2,79.732033
-10.0,6,82.841872
-10.0,1,82.849546
-10.0,2,82.859217
-10.0,1,82.865457
-10.0,2,82.877801
-10.0,1,82.884914
-10.0,2,82.895681
-10.0,1,82.902852
-10.0,2,82.912487
-10.0,1,82.918376
-10.0,2,82.926543
-10.0,2,82.933822
-10.0,2,82.940501
-10.0,1,82.944867
-10.0,2,82.95045
-10.0,1,82.954115
-10.0,2,82.959214
-10.0,3,82.964869
-10.0,3,82.970003
-10.0,2,82.974
-10.0,1,82.977589
-10.0,1,82.981459
-10.0,2,82.986929
-10.0,1,82.990626
-10.0,2,82.995966
-10.0,1,82.999544
-10.0,1,83.003311
-10.0,1,83.006839
-10.0,4,83.015268
-10.0,2,83.020525
-10.0,1,83.024441
-10.0,1,83.028539
-10.0,1,83.032931
-10.0,1,83.036991
-10.0,1,83.041035
-10.0,2,83.047041
-10.0,1,83.051092
-10.0,1,83.055135
-10.0,6,83.068039
-10.0,1,83.072482
-10.0,2,83.079027
-10.0,2,83.084916
-10.0,3,83.096939
-10.0,1,83.102082
-10.0,2,83.10829
-10.0,1,83.113059
-10.0,1,83.11862
-10.0,1,83.126961
-10.0,1,83.134854
-10.0,1,83.143866
-10.0,5,83.171205
-10.0,5,83.196916
-10.0,1,83.205701
-10.0,4,83.22187
-10.0,2,83.229583
-10.0,4,83.24158
-10.0,1,83.247901
-10.0,1,83.252957
-10.0,1,83.257932
-10.0,2,83.266064
-10.0,2,83.273476
-10.0,1,83.278841
-10.0,1,83.283764
-10.0,2,83.291347
-10.0,1,83.296545
-10.0,1,83.301473
-10.0,2,83.308991
-10.0,1,83.31393
-10.0,3,83.324005
-10.0,1,83.329302
-10.0,1,83.334555
-10.0,3,83.346271
-10.0,2,83.354523
-10.0,1,83.359548
-10.0,5,83.374334
-10.0,2,83.381568
-10.0,3,83.389832
-10.0,1,83.393605
-10.0,1,83.39799
-10.0,1,83.403932
-10.0,2,83.413691
-10.0,1,83.418408
-10.0,1,83.424189
-10.0,4,83.437609
-10.0,3,83.448086
-10.0,2,83.456865
-10.0,1,83.462703
-10.0,1,83.46792
-10.0,2,83.47666
-10.0,1,83.481778
-10.0,1,83.488779
-10.0,2,83.496869
-10.0,1,83.502252
-10.0,1,83.508666
-10.0,1,83.513942
-10.0,1,83.519278
-10.0,2,83.528027
-10.0,1,83.533441
-10.0,2,83.542532
-10.0,4,83.556477
-10.0,2,83.564413
-10.0,1,83.569949
-10.0,1,83.576184
-10.0,1,83.581459
-10.0,3,83.592348
-10.0,1,83.597459
-10.0,1,83.603724
-10.0,1,83.609139
-10.0,7,83.631358
-10.0,2,83.639246
-10.0,2,83.646892
-10.0,1,83.652449
-10.0,5,83.670763
-10.0,1,83.67726
-10.0,1,83.683701
-10.0,4,83.699362
-10.0,1,83.705971
-10.0,4,83.719511
-10.0,3,83.731106
-10.0,1,83.736787
-10.0,1,83.744159
-10.0,1,83.749648
-10.0,4,83.76478
-10.0,3,83.779818
-10.0,4,83.795486
-10.0,1,83.801089
-10.0,1,83.809411
-10.0,2,83.817802
-10.0,4,83.83136
-10.0,5,83.84983
-10.0,6,83.872152
-10.0,4,83.885093
-10.0,2,83.894406
-10.0,2,83.902487
-10.0,2,83.911193
-10.0,3,83.921357
-10.0,3,83.932275
-10.0,1,83.937713
-10.0,5,83.953109
-10.0,3,83.965223
-10.0,1,83.970964
-10.0,1,83.977522
-10.0,1,83.982946
-10.0,4,83.998587
-10.0,1,84.00534
-10.0,1,84.011927
-10.0,12,84.053049
-10.0,3,84.063133
-10.0,3,84.074133
-10.0,1,84.079217
-10.0,1,84.084305
-10.0,3,84.096125
-10.0,1,84.102066
-10.0,2,84.109996
-10.0,1,84.115074
-10.0,2,84.123226
-10.0,1,84.128373
-10.0,1,84.133584
-10.0,2,84.141267
-10.0,1,84.146342
-10.0,2,84.154471
-10.0,3,84.164476
-10.0,1,84.169629
-10.0,1,84.174731
-10.0,3,84.18463
-10.0,1,84.190253
-10.0,1,84.195539
-10.0,1,84.201252
-10.0,1,84.206833
-10.0,1,84.212019
-10.0,4,84.229041
-10.0,5,84.244488
-10.0,7,84.266444
-10.0,2,84.276667
-10.0,3,84.292021
-10.0,1,84.29716
-10.0,2,84.306913
-10.0,1,84.312054
-10.0,2,84.320802
-10.0,1,84.326863
-10.0,3,84.338466
-10.0,2,84.346091
-10.0,1,84.351175
-10.0,4,84.364059
-10.0,1,84.369338
-10.0,2,84.377662
-10.0,3,84.388615
-10.0,1,84.393741
-10.0,1,84.398835
-10.0,1,84.404578
-10.0,3,84.414513
-10.0,3,84.425478
-10.0,1,84.430599
-10.0,1,84.436212
-10.0,2,84.443535
-10.0,1,84.448431
-10.0,6,84.465203
-10.0,1,84.470544
-10.0,2,84.477766
-10.0,1,84.482713
-10.0,1,84.487879
-10.0,1,84.492822
-10.0,3,84.502776
-10.0,1,84.507763
-10.0,3,84.517686
-10.0,2,84.525287
-10.0,1,84.530364
-10.0,1,84.535817
-10.0,1,84.54092
-10.0,2,84.549157
-10.0,1,84.554919
-10.0,2,84.563421
-10.0,2,84.572004
-10.0,1,84.578251
-10.0,1,84.583848
-10.0,1,84.590106
-10.0,2,84.598863
-10.0,2,84.611653
-10.0,2,84.621883
-10.0,1,84.62873
-10.0,2,84.638828
-10.0,2,84.64896
-10.0,1,84.655585
-10.0,3,84.668402
-10.0,1,84.676441
-10.0,4,84.692843
-10.0,1,84.69933
-10.0,2,84.708956
-10.0,1,84.715245
-10.0,1,84.721837
-10.0,2,84.731463
-10.0,6,84.755866
-10.0,2,84.766188
-10.0,10,84.803907
-10.0,2,84.814107
-10.0,2,84.824723
-10.0,1,84.830182
-10.0,1,84.836055
-10.0,2,84.843855
-10.0,2,84.85204
-10.0,1,84.857307
-10.0,5,84.872876
-10.0,3,84.883927
-10.0,1,84.890241
-10.0,2,84.898967
-10.0,4,84.913731
-10.0,4,84.928116
-10.0,2,84.937096
-10.0,1,84.944666
-10.0,2,84.954207
-10.0,1,84.960966
-10.0,4,84.976707
-10.0,2,84.98535
-10.0,1,84.992403
-10.0,1,84.99883
-10.0,1,85.005373
-10.0,1,85.011183
-10.0,1,85.016477
-10.0,1,85.023143
-10.0,4,85.03919
-10.0,2,85.050713
-10.0,1,85.057297
-10.0,1,85.062695
-10.0,2,85.071446
-10.0,2,85.079374
-10.0,4,85.093112
-10.0,3,85.104626
-10.0,2,85.112471
-10.0,2,85.120766
-10.0,1,85.126277
-10.0,2,85.134558
-10.0,1,85.139816
-10.0,2,85.147744
-10.0,1,85.153408
-10.0,2,85.161239
-10.0,1,85.166611
-10.0,2,85.174632
-10.0,1,85.179947
-10.0,3,85.191277
-10.0,4,85.204674
-10.0,1,85.209911
-10.0,1,85.217184
-10.0,1,85.226612
-10.0,2,85.240272
-10.0,1,85.247431
-10.0,1,85.252882
-10.0,1,85.258402
-10.0,3,85.269373
-10.0,1,85.274646
-10.0,2,85.283033
-10.0,2,85.290892
-10.0,1,85.296547
-10.0,3,85.306959
-10.0,1,85.312327
-10.0,3,85.322762
-10.0,3,85.333865
-10.0,4,85.346689
-10.0,5,85.365782
-10.0,1,85.373887
-10.0,3,85.38579
-10.0,2,85.399029
-10.0,2,85.411783
-10.0,5,85.438483
-10.0,2,85.465541
-10.0,4,85.49207
-10.0,1,85.50004
-10.0,6,85.529355
-10.0,3,85.543537
-10.0,2,85.558589
-10.0,2,85.571635
-10.0,4,85.59021
-10.0,6,85.612622
-10.0,2,85.623019
-10.0,1,85.631191
-10.0,2,85.640804
-10.0,1,85.646941
-10.0,1,85.653492
-10.0,1,85.659238
-10.0,2,85.670558
-10.0,1,85.676963
-10.0,2,85.68744
-10.0,1,85.691886
-10.0,2,85.698397
-10.0,1,85.70466
-10.0,4,85.715423
-10.0,1,85.720068
-10.0,6,85.74044
-10.0,2,85.750002
-10.0,2,85.760161
-10.0,1,85.766137
-10.0,2,85.777091
-10.0,1,85.783238
-10.0,2,85.793236
-10.0,2,85.804469
-10.0,4,85.818896
-10.0,2,85.825145
-10.0,1,85.82897
-10.0,1,85.833287
-10.0,1,85.838552
-10.0,1,85.843018
-10.0,2,85.851868
-10.0,1,85.85765
-10.0,1,85.861555
-10.0,1,85.868787
-10.0,1,85.874839
-10.0,2,85.883683
-10.0,3,85.89833
-10.0,4,85.912619
-10.0,2,85.919865
-10.0,3,85.928662
-10.0,1,85.932737
-10.0,1,85.939442
-10.0,1,85.943655
-10.0,1,85.947673
-10.0,3,85.958169
-10.0,1,85.962752
-10.0,1,85.968081
-10.0,4,85.980507
-10.0,1,85.985885
-10.0,1,85.991439
-10.0,1,85.996953
-10.0,3,86.009111
-10.0,1,86.015977
-10.0,1,86.024536
-10.0,2,86.037569
-10.0,2,86.052509
-10.0,2,86.068121
-10.0,3,86.08689
-10.0,1,86.09591
-10.0,3,86.114131
-10.0,4,86.142066
-10.0,1,86.15136
-10.0,5,86.191274
-10.0,6,86.232662
-10.0,3,86.258994
-10.0,5,86.300393
-10.0,1,86.312181
-10.0,1,86.325429
-43.5,7,86.358776
-10.0,4,86.369768
-10.0,3,86.378403
-10.0,3,86.388147
-10.0,2,86.393898
-10.0,1,86.397793
-10.0,1,86.401448
-10.0,2,86.407619
-10.0,1,86.411678
-10.0,2,86.41871
-10.0,6,86.430628
-10.0,3,86.438197
-10.0,3,86.445103
-10.0,2,86.450626
-10.0,1,86.454747
-10.0,2,86.460309
-10.0,1,86.464315
-10.0,1,86.469172
-10.0,1,86.472919
-10.0,1,86.47667
-10.0,1,86.48022
-10.0,3,86.48695
-10.0,2,86.492819
-10.0,1,86.497085
-10.0,2,86.502999
-10.0,1,86.507062
-10.0,1,86.511024
-10.0,1,86.514776
-10.0,1,86.518235
-10.0,1,86.521315
-10.0,2,86.525918
-10.0,1,86.52878
-10.0,4,86.535631
-10.0,6,86.544721
-10.0,1,86.547464
-10.0,2,86.551583
-10.0,1,86.554361
-10.0,2,86.558285
-10.0,1,86.560932
-10.0,2,86.564741
-10.0,1,86.567649
-10.0,1,86.570425
-10.0,2,86.574366
-10.0,3,86.579403
-10.0,3,86.584508
-10.0,1,86.587094
-10.0,1,86.589716
-10.0,1,86.592274
-10.0,2,86.595951
-10.0,4,86.602434
-10.0,2,86.606376
-10.0,1,86.608956
-10.0,2,86.612781
-10.0,1,86.615431
-10.0,2,86.61922
-10.0,1,86.622362
-10.0,2,86.626944
-10.0,2,86.631052
-10.0,1,86.633678
-10.0,5,86.641558
-10.0,4,86.647994
-10.0,5,86.656436
-10.0,1,86.659319
-10.0,1,86.662034
-10.0,1,86.66461
-10.0,1,86.667428
-10.0,2,86.671729
-10.0,2,86.675941
-10.0,1,86.678621
-10.0,1,86.681195
-10.0,1,86.684131
-10.0,2,86.688899
-10.0,1,86.692173
-10.0,1,86.694991
-10.0,1,86.697836
-10.0,1,86.700719
-10.0,1,86.703707
-10.0,3,86.709382
-10.0,2,86.713596
-10.0,1,86.716396
-10.0,4,86.72318
-10.0,2,86.727045
-10.0,1,86.729671
-10.0,1,86.732167
-10.0,1,86.735009
-10.0,3,86.74014
-10.0,1,86.74272
-10.0,1,86.745268
-10.0,1,86.747759
-10.0,1,86.750203
-10.0,7,86.76
-10.0,1,86.762523
-10.0,2,86.766278
-10.0,3,86.771101
-10.0,1,86.773498
-10.0,2,86.776985
-10.0,1,86.779387
-10.0,7,86.788332
-10.0,1,86.790739
-10.0,1,86.793029
-10.0,1,86.795428
-10.0,1,86.797882
-10.0,1,86.800273
-10.0,1,86.802659
-10.0,2,86.806134
-10.0,1,86.80843
-10.0,1,86.810754
-10.0,2,86.814294
-10.0,1,86.816595
-10.0,1,86.818888
-10.0,2,86.822302
-10.0,2,86.825659
-10.0,1,86.828253
-10.0,1,86.830643
-10.0,1,86.832943
-10.0,4,86.838417
-10.0,2,86.841868
-10.0,3,86.846742
-10.0,12,86.861186
-10.0,2,86.864624
-10.0,6,86.872458
-10.0,3,86.878911
-10.0,1,86.881619
-10.0,1,86.884302
-10.0,1,86.886821
-10.0,1,86.889344
-10.0,2,86.893631
-10.0,1,86.8962
-10.0,1,86.89878
-10.0,2,86.902605
-31.8,7,86.912427
-10.0,2,86.916365
-10.0,1,86.918967
-10.0,1,86.921566
-10.0,2,86.925427
-10.0,2,86.929118
-10.0,2,86.93292
-10.0,2,86.936615
-10.0,3,86.942215
-10.0,1,86.945024
-10.0,1,86.947727
-10.0,1,86.95022
-10.0,1,86.953326
-10.0,1,86.956065
-10.0,4,86.962369
-10.0,1,86.964939
-10.0,1,86.967619
-10.0,1,86.970801
-10.0,5,86.978518
-10.0,1,86.981083
-10.0,5,86.989074
-10.0,2,86.992908
-10.0,4,86.999312
-10.0,1,87.002423
-10.0,5,87.010473
-10.0,1,87.01306
-10.0,1,87.015821
-10.0,3,87.021223
-10.0,3,87.026302
-10.0,1,87.028884
-10.0,2,87.032649
-10.0,3,87.037757
-10.0,1,87.040313
-10.0,3,87.045374
-10.0,3,87.050427
-10.0,2,87.05437
-10.0,1,87.056966
-10.0,1,87.059454
-10.0,2,87.063202
-10.0,1,87.065708
-10.0,1,87.068341
-10.0,3,87.073293
-10.0,1,87.075794
-10.0,2,87.080887
-10.0,1,87.084842
-10.0,1,87.088746
-10.0,1,87.092698
-10.0,2,87.098871
-10.0,1,87.102174
-10.0,2,87.107342
-10.0,3,87.114617
-10.0,3,87.122779
-10.0,2,87.129592
-10.0,1,87.133754
-10.0,1,87.13784
-10.0,1,87.14196
-10.0,1,87.146057
-10.0,2,87.152047
-10.0,4,87.162099
-10.0,2,87.167717
-10.0,2,87.172652
-10.0,6,87.182421
-10.0,1,87.18518
-10.0,5,87.192292
-10.0,1,87.194728
-10.0,4,87.200406
-10.0,1,87.202805
-10.0,2,87.20632
-10.0,1,87.20876
-10.0,2,87.212213
-10.0,2,87.215583
-10.0,2,87.21896
-10.0,5,87.225652
-10.0,1,87.227995
-10.0,1,87.230361
-10.0,3,87.234794
-10.0,1,87.237171
-10.0,1,87.239566
-10.0,7,87.248187
-10.0,1,87.250522
-10.0,1,87.253218
-10.0,1,87.256016
-10.0,1,87.258389
-10.0,1,87.260698
-10.0,1,87.263035
-10.0,1,87.265288
-10.0,1,87.26759
-10.0,3,87.27254
-10.0,7,87.281353
-10.0,2,87.284858
-10.0,1,87.287437
-10.0,1,87.289746
-10.0,1,87.292004
-10.0,2,87.295445
-10.0,1,87.297857
-10.0,4,87.304251
-10.0,1,87.306808
-10.0,1,87.309362
-10.0,1,87.311873
-10.0,1,87.314309
-10.0,3,87.319386
-10.0,1,87.321908
-10.0,1,87.324408
-10.0,1,87.326951
-10.0,1,87.329381
-10.0,1,87.331815
-10.0,3,87.336904
-10.0,2,87.340943
-10.0,2,87.345314
-10.0,1,87.348045
-10.0,1,87.350702
-10.0,1,87.353588
-10.0,3,87.358799
-10.0,1,87.361341
-10.0,4,87.368073
-10.0,2,87.372291
-10.0,6,87.381056
-10.0,1,87.383812
-10.0,1,87.388078
-10.0,1,87.391003
-10.0,1,87.393839
-10.0,3,87.399351
-10.0,1,87.40289
-10.0,3,87.408379
-10.0,3,87.413717
-10.0,3,87.419661
-10.0,3,87.42519
-10.0,2,87.429174
-10.0,1,87.431727
-10.0,7,87.441987
-10.0,2,87.445802
-10.0,1,87.448518
-10.0,4,87.455904
-10.0,3,87.461099
-10.0,2,87.464881
-10.0,2,87.469959
-10.0,2,87.474577
-10.0,1,87.47767
-10.0,1,87.480902
-10.0,1,87.484998
-10.0,1,87.488898
-10.0,1,87.493041
-10.0,3,87.50231
-10.0,6,87.517344
-10.0,2,87.524178
-10.0,1,87.528474
-10.0,4,87.539389
-10.0,1,87.543807
-10.0,2,87.550301
-10.0,1,87.555062
-10.0,6,87.570324
-10.0,3,87.577445
-10.0,2,87.582161
-10.0,4,87.589421
-10.0,2,87.593286
-10.0,3,87.598242
-10.0,2,87.602895
-10.0,1,87.605587
-10.0,1,87.608133
-10.0,4,87.614153
-10.0,2,87.61825
-10.0,4,87.624674
-10.0,1,87.627268
-10.0,3,87.631944
-10.0,1,87.635691
-10.0,1,87.638465
-10.0,2,87.642266
-10.0,1,87.644757
-10.0,1,87.647257
-10.0,4,87.654083
-10.0,6,87.662475
-10.0,5,87.670227
-10.0,2,87.6741
-10.0,1,87.676607
-10.0,2,87.680188
-10.0,2,87.68391
-10.0,3,87.689438
-10.0,2,87.693201
-10.0,2,87.696869
-10.0,1,87.699335
-10.0,2,87.70355
-10.0,3,87.708405
-10.0,2,87.711994
-10.0,1,87.714406
-10.0,4,87.720896
-10.0,2,87.724715
-10.0,1,87.727221
-10.0,3,87.731924
-10.0,1,87.734884
-10.0,2,87.738883
-10.0,1,87.741419
-10.0,1,87.743881
-10.0,2,87.747391
-10.0,1,87.750045
-10.0,2,87.754314
-10.0,5,87.761401
-10.0,1,87.765931
-10.0,1,87.7709
-10.0,4,87.778107
-10.0,1,87.7815
-10.0,1,87.78516
-10.0,1,87.788991
-10.0,1,87.792829
-10.0,4,87.803438
-10.0,1,87.807432
-10.0,1,87.811275
-10.0,1,87.815232
-10.0,2,87.821448
-10.0,1,87.825331
-10.0,7,87.840927
-10.0,2,87.846696
-10.0,1,87.850797
-10.0,2,87.856946
-10.0,1,87.860864
-10.0,1,87.864812
-10.0,1,87.868949
-10.0,3,87.875344
-10.0,3,87.881092
-10.0,1,87.883958
-10.0,2,87.888429
-10.0,1,87.891621
-10.0,1,87.894561
-10.0,1,87.89731
-10.0,3,87.902933
-10.0,4,87.909627
-10.0,1,87.912313
-10.0,6,87.921571
-10.0,1,87.924298
-10.0,1,87.926835
-10.0,1,87.929435
-10.0,1,87.932054
-10.0,1,87.935021
-10.0,1,87.938019
-10.0,1,87.940671
-10.0,3,87.945743
-10.0,2,87.949861
-10.0,1,87.953718
-10.0,1,87.956589
-10.0,1,87.959339
-10.0,4,87.965879
-10.0,1,87.969301
-10.0,2,87.976362
-10.0,1,87.979536
-10.0,1,87.982987
-10.0,1,87.987011
-10.0,1,87.990776
-10.0,4,87.998361
-10.0,1,88.001998
-10.0,1,88.005606
-10.0,1,88.009474
-10.0,1,88.012589
-10.0,1,88.015724
-10.0,1,88.019175
-10.0,2,88.027045
-10.0,1,88.030832
-10.0,2,88.037793
-10.0,1,88.042961
-10.0,1,88.046511
-10.0,4,88.055456
-10.0,3,88.062947
-10.0,2,88.068158
-10.0,3,88.077038
-10.0,1,88.080388
-10.0,1,88.083937
-10.0,1,88.088058
-10.0,2,88.093415
-10.0,4,88.10303
-10.0,2,88.110859
-10.0,1,88.115361
-10.0,1,88.120153
-10.0,4,88.130897
-10.0,1,88.135526
-10.0,2,88.141828
-10.0,2,88.148171
-10.0,2,88.154854
-10.0,3,88.163488
-10.0,1,88.168021
-10.0,5,88.180969
-10.0,1,88.185934
-10.0,5,88.200624
-10.0,1,88.207619
-10.0,1,88.21278
-10.0,1,88.217941
-10.0,1,88.223088
-10.0,2,88.230397
-10.0,5,88.245677
-10.0,3,88.255922
-10.0,2,88.263258
-10.0,1,88.267623
-10.0,3,88.275182
-10.0,1,88.2788
-10.0,4,88.287113
-10.0,4,88.29633
-10.0,4,88.305338
-10.0,3,88.311441
-10.0,1,88.314474
-10.0,1,88.317823
-10.0,2,88.322356
-10.0,1,88.325485
-10.0,1,88.328437
-10.0,1,88.331573
-10.0,3,88.337643
-10.0,1,88.340974
-10.0,4,88.348127
-10.0,1,88.351424
-10.0,3,88.357305
-10.0,1,88.360122
-10.0,1,88.362967
-10.0,1,88.366157
-10.0,2,88.370879
-10.0,1,88.373806
-10.0,2,88.377994
-10.0,1,88.38081
-10.0,1,88.383478
-10.0,2,88.38797
-10.0,1,88.390704
-10.0,1,88.393474
-10.0,2,88.398046
-10.0,1,88.401081
-10.0,1,88.404887
-10.0,1,88.409668
-10.0,3,88.415485
-10.0,1,88.418956
-10.0,1,88.422845
-10.0,1,88.426679
-10.0,3,88.432734
-10.0,2,88.438689
-10.0,2,88.445352
-10.0,4,88.456061
-10.0,1,88.461152
-10.0,1,88.464632
-10.0,1,88.468421
-10.0,1,88.473039
-10.0,1,88.476543
-10.0,3,88.483077
-10.0,3,88.490807
-10.0,1,88.494664
-10.0,3,88.501325
-10.0,1,88.50474
-10.0,1,88.507891
-10.0,2,88.512464
-10.0,1,88.574796
-10.0,2,88.579124
-10.0,1,88.58248
-10.0,1,88.586192
-10.0,3,88.595305
-10.0,1,88.59856
-10.0,1,88.602036
-10.0,6,88.61325
-10.0,1,88.616291
-10.0,1,88.6195
-10.0,1,88.622441
-10.0,1,88.62541
-10.0,1,88.628275
-10.0,1,88.631604
-10.0,1,88.635024
-10.0,1,88.638175
-10.0,1,88.641053
-10.0,2,88.645187
-10.0,2,88.651863
-10.0,1,88.655414
-10.0,1,88.658733
-10.0,1,88.66242
-10.0,1,88.666274
-10.0,1,88.670911
-10.0,4,88.682086
-10.0,1,88.686914
-10.0,1,88.691556
-10.0,1,88.696105
-10.0,2,88.7031
-10.0,2,88.709895
-10.0,3,88.718801
-10.0,3,88.727922
-10.0,2,88.734819
-10.0,1,88.739352
-10.0,1,88.743824
-10.0,4,88.755838
-10.0,2,88.763208
-10.0,1,88.768156
-10.0,2,88.775518
-10.0,2,88.782789
-10.0,3,88.792581
-10.0,1,88.797568
-10.0,4,88.809817
-10.0,1,88.814731
-10.0,1,88.819588
-10.0,1,88.825244
-10.0,1,88.830225
-10.0,2,88.837399
-10.0,2,88.843801
-10.0,1,88.847608
-10.0,5,88.857017
-10.0,1,88.859937
-10.0,1,88.862612
-10.0,1,88.865346
-10.0,1,88.867954
-10.0,4,88.874122
-10.0,1,88.87668
-10.0,1,88.879123
-10.0,2,88.882686
-10.0,2,88.886248
-10.0,1,88.891189
-10.0,4,88.899474
-10.0,3,88.905899
-10.0,2,88.910301
-10.0,2,88.914313
-10.0,1,88.917004
-10.0,3,88.922329
-10.0,1,88.924966
-10.0,1,88.927604
-10.0,3,88.932448
-10.0,1,88.935187
-10.0,3,88.940067
-10.0,2,88.943822
-10.0,1,88.946312
-10.0,2,88.950009
-10.0,1,88.952656
-10.0,3,88.957542
-10.0,3,88.962525
-10.0,4,88.968885
-10.0,1,88.971485
-10.0,1,88.974069
-10.0,2,88.977803
-10.0,3,88.982889
-10.0,1,88.98558
-10.0,1,88.988086
-10.0,2,88.992208
-10.0,2,88.99612
-10.0,2,89.000868
-10.0,1,89.003674
-10.0,1,89.00648
-10.0,3,89.011597
-10.0,2,89.015702
-10.0,3,89.023281
-10.0,1,89.02734
-10.0,3,89.033452
-10.0,1,89.037548
-10.0,2,89.042588
-10.0,3,89.048958
-10.0,1,89.052537
-10.0,2,89.059629
-10.0,1,89.063135
-10.0,1,89.066398
-10.0,5,89.078728
-10.0,1,89.082222
-10.0,1,89.08591
-10.0,2,89.091956
-10.0,1,89.097018
-10.0,3,89.1058
-10.0,2,89.112506
-10.0,2,89.118254
-10.0,1,89.12202
-10.0,1,89.127167
-10.0,6,89.141873
-10.0,1,89.145294
-10.0,1,89.14858
-10.0,1,89.152292
-10.0,1,89.156214
-10.0,1,89.161116
-10.0,1,89.165012
-10.0,1,89.168993
-10.0,1,89.174603
-10.0,1,89.178721
-10.0,1,89.182091
-10.0,4,89.193183
-10.0,3,89.199996
-10.0,1,89.203733
-10.0,5,89.216435
-10.0,1,89.222181
-10.0,1,89.22712
-10.0,1,89.232294
-10.0,1,89.239221
-10.0,2,89.249246
-10.0,1,89.255005
-10.0,1,89.261255
-10.0,1,89.266756
-10.0,1,89.272527
-10.0,1,89.279321
-10.0,1,89.285353
-10.0,3,89.296103
-10.0,1,89.301811
-10.0,2,89.309245
-10.0,1,89.314314
-10.0,1,89.319873
-10.0,1,89.326795
-10.0,1,89.332337
-10.0,1,89.33777
-10.0,1,89.343787
-10.0,1,89.349346
-10.0,2,89.357536
-10.0,1,89.3625
-10.0,1,89.366514
-10.0,1,89.371727
-10.0,1,89.376864
-10.0,2,89.381876
-10.0,1,89.386349
-10.0,3,89.394216
-10.0,3,89.40158
-10.0,1,89.405019
-10.0,2,89.409708
-10.0,1,89.412845
-10.0,3,89.420531
-10.0,1,89.423872
-10.0,2,89.428348
-10.0,1,89.431453
-10.0,1,89.435128
-10.0,2,89.439957
-10.0,2,89.444373
-10.0,4,89.452731
-10.0,2,89.459891
-10.0,4,89.468465
-10.0,1,89.4723
-10.0,2,89.479315
-10.0,2,89.487395
-10.0,2,89.496247
-10.0,1,89.504954
-10.0,1,89.512093
-10.0,1,89.522727
-10.0,4,89.543477
-10.0,1,89.54972
-10.0,3,89.561712
-10.0,1,89.571088
-10.0,1,89.578509
-10.0,1,89.586637
-10.0,2,89.596575
-10.0,2,89.606866
-10.0,2,89.615751
-10.0,2,89.625993
-10.0,3,89.636191
-10.0,3,89.642989
-10.0,1,89.646697
-10.0,1,89.650293
-10.0,1,89.654474
-10.0,1,89.658629
-10.0,1,91.755123
-10.0,1,91.758568
-10.0,2,91.763449
-10.0,2,91.769642
-10.0,8,91.789459
-10.0,1,91.794009
-10.0,3,91.802615
-10.0,1,91.807312
-10.0,1,91.811903
-10.0,2,91.819248
-10.0,5,91.834737
-10.0,5,91.849268
-10.0,1,91.854935
-10.0,4,91.867601
-10.0,1,91.873657
-10.0,1,91.878662
-10.0,1,91.882321
-10.0,1,91.886565
-10.0,2,91.891759
-10.0,2,91.898724
-10.0,1,91.903577
-10.0,1,91.907297
-10.0,1,91.911478
-10.0,1,91.915226
-10.0,3,91.925605
-10.0,1,91.929681
-10.0,6,91.943588
-10.0,2,91.949633
-10.0,11,91.972759
-10.0,3,91.981036
-10.0,2,91.987515
-10.0,5,92.003563
-10.0,1,92.008886
-10.0,1,92.014495
-10.0,2,92.022701
-10.0,7,92.044062
-10.0,6,92.062768
-10.0,1,92.06891
-10.0,3,92.079227
-10.0,1,92.083474
-10.0,1,92.087877
-10.0,4,92.098815
-10.0,2,92.105905
-10.0,4,92.115022
-10.0,2,92.121414
-10.0,2,92.12728
-10.0,5,92.138556
-10.0,1,92.142363
-10.0,4,92.151598
-10.0,1,92.155391
-10.0,1,92.159193
-10.0,7,92.174003
-10.0,1,92.177714
-10.0,3,92.185539
-10.0,1,92.18931
-10.0,4,92.198123
-10.0,1,92.20224
-10.0,2,92.207646
-10.0,2,92.213044
-10.0,1,92.21709
-10.0,2,92.22268
-10.0,1,92.226508
-10.0,2,92.232115
-10.0,1,92.236158
-10.0,2,92.241573
-10.0,3,92.250094
-10.0,1,92.254579
-10.0,1,92.259072
-10.0,3,92.269067
-10.0,7,92.289194
-10.0,2,92.296611
-10.0,3,92.306832
-10.0,2,92.314272
-10.0,1,92.319715
-10.0,6,92.337239
-10.0,1,92.342
-10.0,2,92.34802
-10.0,4,92.357119
-10.0,2,92.362611
-10.0,1,92.366543
-10.0,1,92.370337
-10.0,3,92.37731
-10.0,5,92.387766
-10.0,7,92.40166
-10.0,1,92.405307
-10.0,2,92.410418
-10.0,8,92.42606
-10.0,8,92.441842
-10.0,1,92.445443
-10.0,1,92.449094
-10.0,3,92.456349
-10.0,1,92.459752
-10.0,2,92.464754
-10.0,1,92.468561
-10.0,3,92.47522
-10.0,1,92.478689
-10.0,2,92.484241
-10.0,2,92.489288
-10.0,2,92.494274
-10.0,4,92.503172
-10.0,1,92.50688
-10.0,4,92.514932
-10.0,1,92.519557
-10.0,3,92.526031
-10.0,6,92.53794
-10.0,3,92.544477
-10.0,1,92.547872
-10.0,1,92.551649
-10.0,2,92.556734
-10.0,1,92.560215
-10.0,3,92.567242
-10.0,3,92.574005
-10.0,2,92.579238
-10.0,4,92.588012
-10.0,2,92.593096
-10.0,1,92.596466
-10.0,2,92.602031
-10.0,7,92.615511
-10.0,5,92.625707
-10.0,1,92.629242
-10.0,1,92.632751
-10.0,2,92.638351
-10.0,3,92.644994
-10.0,7,92.658323
-10.0,2,92.663547
-10.0,2,92.67057
-10.0,3,92.679957
-10.0,2,92.686848
-10.0,2,92.692768
-10.0,2,92.699186
-10.0,2,92.705894
-10.0,1,92.710167
-10.0,1,92.714203
-10.0,5,92.726985
-10.0,4,92.738245
-10.0,2,92.744241
-10.0,3,92.752825
-10.0,1,92.756626
-10.0,2,92.761514
-10.0,3,92.768823
-10.0,5,92.778475
-10.0,1,92.782015
-10.0,2,92.787604
-10.0,2,92.792532
-10.0,5,92.802797
-10.0,3,92.809499
-10.0,1,92.812821
-10.0,1,92.816754
-10.0,4,92.824972
-10.0,1,92.828406
-10.0,1,92.83179
-10.0,3,92.838861
-10.0,1,92.842189
-10.0,1,92.845458
-10.0,2,92.851459
-10.0,2,92.85641
-10.0,1,92.859731
-10.0,1,92.863017
-10.0,3,92.870319
-10.0,1,92.873932
-10.0,3,92.880304
-10.0,1,92.884177
-10.0,4,92.892334
-10.0,5,92.902623
-10.0,1,92.906067
-10.0,1,92.909407
-10.0,1,92.912632
-10.0,1,92.916293
-10.0,4,92.924671
-10.0,3,92.930988
-10.0,1,92.935262
-10.0,6,92.946332
-10.0,1,92.950393
-10.0,1,92.953938
-10.0,5,92.963442
-10.0,1,92.967555
-10.0,3,92.974125
-10.0,4,92.982319
-10.0,1,92.986306
-10.0,3,92.992634
-10.0,1,92.995933
-10.0,2,93.001792
-10.0,2,93.006742
-10.0,6,93.019119
-10.0,4,93.026899
-10.0,3,93.033742
-10.0,1,93.037231
-10.0,2,93.041896
-10.0,2,93.046469
-10.0,1,93.050389
-10.0,1,93.053796
-10.0,3,93.059923
-10.0,1,93.06307
-10.0,3,93.069929
-10.0,1,93.073149
-10.0,4,93.080647
-10.0,1,93.084544
-10.0,1,93.087838
-10.0,2,93.092538
-10.0,1,93.095772
-10.0,2,93.101133
-10.0,1,93.104399
-10.0,1,93.107595
-10.0,2,93.112164
-10.0,5,93.12235
-10.0,1,93.12563
-10.0,1,93.129071
-10.0,1,93.132968
-10.0,2,93.137894
-10.0,2,93.142491
-10.0,3,93.148841
-10.0,2,93.154128
-10.0,1,93.157453
-10.0,5,93.167902
-10.0,3,93.174026
-10.0,2,93.178697
-10.0,1,93.182022
-10.0,4,93.190511
-10.0,1,93.193616
-10.0,2,93.198355
-10.0,2,93.203771
-10.0,2,93.208426
-10.0,2,93.213038
-10.0,1,93.216913
-10.0,2,93.226537
-10.0,1,93.229773
-10.0,2,93.235145
-10.0,1,93.238494
-10.0,3,93.244695
-10.0,1,93.248709
-10.0,4,93.256907
-10.0,2,93.261584
-10.0,3,93.268612
-10.0,5,93.277831
-10.0,5,93.287618
-10.0,3,93.293841
-10.0,1,93.297077
-10.0,1,93.30086
-10.0,3,93.307256
-10.0,2,93.311943
-10.0,3,93.319281
-10.0,2,93.324048
-10.0,1,93.327253
-10.0,1,93.330544
-10.0,5,93.340339
-10.0,2,93.345213
-10.0,1,93.34866
-10.0,2,93.353855
-10.0,1,93.357
-10.0,1,93.360131
-10.0,1,93.363354
-10.0,7,93.376378
-10.0,1,93.379608
-10.0,1,93.383286
-10.0,1,93.386795
-10.0,1,93.390059
-10.0,2,93.39483
-10.0,3,93.402233
-10.0,7,93.414237
-10.0,1,93.41818
-10.0,1,93.421605
-10.0,3,93.428172
-10.0,3,93.435025
-10.0,6,93.445552
-10.0,1,93.44887
-10.0,2,93.454484
-10.0,1,93.457668
-10.0,1,93.460783
-10.0,1,93.463927
-10.0,16,93.490371
-10.0,2,93.495139
-10.0,1,93.49841
-10.0,2,93.503652
-10.0,7,93.516218
-10.0,3,93.522541
-10.0,2,93.5273
-10.0,3,93.534313
-10.0,2,93.53909
-10.0,2,93.543777
-10.0,3,93.55039
-10.0,7,93.562579
-10.0,1,93.566037
-10.0,2,93.571959
-10.0,1,93.575215
-10.0,2,93.579762
-10.0,2,93.585037
-10.0,1,93.588185
-10.0,5,93.597243
-10.0,2,93.602511
-10.0,1,93.605716
-10.0,1,93.608893
-10.0,2,93.61352
-10.0,1,93.6176
-10.0,1,93.621614
-10.0,4,93.632447
-10.0,2,93.64007
-10.0,6,93.657036
-10.0,3,93.667585
-10.0,2,93.675055
-10.0,4,93.689074
-10.0,2,93.69638
-10.0,1,93.701692
-10.0,2,93.708971
-10.0,1,93.712867
-10.0,2,93.718814
-10.0,2,93.723484
-10.0,1,93.726633
-10.0,1,93.72978
-10.0,1,93.733352
-10.0,1,93.736504
-10.0,2,93.740792
-10.0,1,93.743719
-10.0,1,93.746583
-10.0,1,93.749973
-10.0,2,93.754422
-10.0,2,93.758677
-10.0,4,93.766235
-10.0,1,93.769645
-10.0,2,93.77391
-10.0,1,93.776799
-10.0,3,93.819711
-10.0,1,93.824891
-10.0,3,93.835749
-10.0,1,93.841503
-10.0,2,93.847072
-10.0,6,93.864268
-10.0,1,93.869016
-10.0,4,93.876989
-10.0,1,93.880263
-10.0,1,93.883785
-10.0,1,93.887088
-10.0,1,93.890329
-10.0,1,93.893534
-10.0,4,93.901682
-10.0,3,93.908003
-10.0,1,93.911321
-10.0,2,93.916288
-10.0,4,93.924108
-10.0,1,93.927334
-10.0,1,93.930587
-10.0,1,93.934186
-10.0,1,93.937479
-10.0,3,93.94401
-10.0,1,93.947253
-10.0,1,93.950792
-10.0,5,93.959938
-10.0,3,93.966762
-10.0,4,93.97465
-10.0,2,93.979299
-10.0,1,93.982812
-10.0,3,93.989181
-10.0,1,93.992363
-10.0,1,93.99547
-10.0,3,94.002094
-10.0,2,94.006853
-10.0,1,94.010168
-10.0,1,94.013445
-10.0,1,94.017032
-10.0,5,94.026246
-10.0,1,94.029634
-10.0,4,94.03774
-10.0,1,94.04096
-10.0,2,94.045583
-10.0,2,94.051212
-10.0,4,94.058911
-10.0,1,94.062067
-10.0,4,94.071254
-10.0,4,94.080575
-10.0,4,94.092328
-10.0,1,94.097349
-10.0,2,94.105666
-10.0,10,94.132493
-10.0,2,94.140089
-10.0,1,94.145096
-10.0,1,94.150456
-10.0,3,94.160089
-10.0,4,94.171281
-10.0,1,94.175176
-10.0,2,94.180206
-10.0,6,94.191442
-10.0,10,94.207527
-10.0,1,94.210693
-10.0,9,94.225614
-10.0,1,94.229011
-10.0,2,94.233691
-10.0,1,94.236863
-10.0,1,94.239859
-10.0,4,94.247823
-10.0,1,94.251221
-10.0,1,94.254336
-10.0,3,94.260238
-10.0,3,94.266437
-10.0,2,94.271039
-10.0,3,94.276921
-10.0,3,94.2829
-10.0,1,94.285925
-10.0,5,94.294186
-10.0,1,94.297079
-10.0,1,94.300059
-10.0,5,94.308467
-10.0,1,94.31134
-10.0,2,94.315608
-10.0,4,94.324674
-10.0,1,94.328514
-10.0,1,94.332834
-10.0,2,94.33973
-10.0,2,94.346874
-10.0,3,94.356399
-10.0,1,94.361222
-10.0,3,94.371219
-10.0,1,94.376056
-10.0,2,94.383377
-10.0,2,94.390559
-10.0,1,94.395291
-10.0,1,94.400497
-10.0,4,94.412186
-10.0,1,94.417151
-10.0,3,94.425143
-10.0,2,94.430408
-10.0,1,94.433965
-10.0,1,94.437271
-10.0,1,94.440108
-10.0,8,94.452085
-10.0,4,94.458773
-10.0,3,94.464218
-10.0,1,94.470148
-10.0,2,94.502662
-10.0,10,94.528105
-10.0,1,94.532117
-10.0,2,94.539236
-10.0,1,94.543994
-10.0,1,94.547966
-10.0,1,94.551132
-10.0,3,94.556903
-10.0,3,94.56288
-10.0,2,94.567891
-10.0,2,94.572321
-10.0,2,94.576722
-10.0,3,94.582981
-10.0,1,94.58612
-10.0,2,94.590457
-10.0,2,94.595132
-10.0,1,94.598803
-10.0,3,94.604958
-10.0,2,94.609654
-10.0,1,94.613014
-10.0,4,94.620548
-10.0,1,94.62355
-10.0,4,94.630917
-10.0,2,94.635613
-10.0,3,94.641835
-10.0,3,94.651217
-10.0,2,94.659485
-10.0,2,94.667868
-10.0,8,94.692586
-10.0,1,94.69723
-10.0,2,94.705883
-10.0,1,94.713017
-10.0,4,94.726118
-10.0,2,94.731477
-10.0,1,94.735158
-10.0,1,94.738919
-10.0,2,94.745924
-10.0,6,94.763784
-10.0,6,94.778119
-10.0,2,94.783986
-10.0,6,94.797514
-10.0,3,94.805371
-10.0,4,94.815325
-10.0,1,94.819154
-10.0,1,94.823122
-10.0,4,94.836725
-10.0,1,94.842312
-10.0,4,94.852386
-10.0,3,94.861282
-10.0,1,94.866468
-10.0,1,94.872168
-10.0,3,94.88298
-10.0,2,94.889956
-10.0,1,94.894478
-10.0,1,94.899085
-10.0,5,94.915355
-10.0,1,94.921055
-10.0,2,94.930355
-10.0,1,94.937272
-10.0,2,94.950809
-10.0,7,94.977171
-10.0,1,94.98357
-10.0,1,94.989949
-10.0,2,95.000632
-10.0,6,95.025407
-10.0,3,95.040855
-10.0,4,95.059917
-10.0,2,95.072039
-10.0,2,95.083184
-10.0,2,95.093305
-10.0,1,95.101794
-10.0,1,95.108545
-10.0,5,95.129487
-10.0,1,95.137469
-10.0,1,95.144378
-10.0,5,95.164795
-10.0,2,95.174273
-10.0,5,95.193553
-10.0,7,95.222782
-10.0,1,95.231163
-10.0,1,95.237824
-10.0,1,95.244789
-10.0,2,95.255821
-10.0,1,95.263307
-10.0,1,95.270903
-10.0,3,95.284348
-10.0,2,95.295011
-10.0,3,95.308314
-10.0,1,95.315317
-10.0,2,95.326057
-10.0,3,95.340449
-10.0,4,95.355931
-10.0,2,95.365242
-10.0,3,95.379156
-10.0,2,95.390666
-10.0,1,95.396799
-10.0,1,95.401876
-10.0,3,95.412524
-10.0,3,95.421945
-10.0,2,95.428761
-10.0,2,95.435422
-10.0,4,95.446406
-10.0,9,95.469446
-10.0,1,95.474729
-10.0,3,95.484648
-10.0,1,95.4897
-10.0,2,95.495559
-10.0,1,95.49926
-10.0,2,95.505841
-10.0,5,95.518089
-10.0,3,95.52562
-10.0,4,95.53456
-10.0,1,95.53807
-10.0,1,95.542964
-10.0,1,95.546776
-10.0,4,95.556873
-10.0,1,95.560149
-10.0,2,95.565178
-10.0,1,95.568475
-10.0,5,95.578683
-10.0,2,95.584536
-10.0,2,95.589571
-10.0,4,95.597885
-10.0,3,95.604457
-10.0,3,95.611213
-10.0,1,95.614714
-10.0,2,95.619629
-10.0,2,95.624483
-10.0,4,95.635544
-10.0,1,95.639455
-10.0,1,95.644253
-10.0,2,95.650126
-10.0,6,95.667475
-10.0,3,95.677637
-10.0,1,95.681947
-10.0,2,95.688091
-10.0,3,95.699116
-10.0,1,95.703168
-10.0,1,95.707116
-10.0,5,95.717348
-10.0,3,95.725342
-10.0,2,95.732498
-10.0,3,95.741391
-10.0,1,95.745425
-10.0,2,95.751378
-10.0,1,95.755506
-10.0,4,95.766726
-10.0,4,95.780042
-10.0,2,95.786366
-10.0,2,95.794533
-10.0,1,95.800759
-10.0,1,95.806947
-10.0,2,95.813887
-10.0,4,95.823705
-10.0,5,95.836839
-10.0,8,95.857626
-10.0,2,95.864002
-10.0,2,95.871257
-10.0,2,95.879491
-10.0,2,95.886213
-10.0,1,95.891371
-10.0,3,95.90177
-10.0,3,95.909535
-10.0,5,95.921395
-10.0,1,95.926263
-10.0,1,95.93278
-10.0,1,95.937612
-10.0,2,95.944021
-10.0,1,95.948438
-10.0,1,95.953276
-10.0,2,95.959768
-10.0,3,95.967095
-10.0,1,95.970994
-10.0,4,95.981023
-10.0,1,95.985026
-10.0,3,95.992979
-10.0,1,95.996967
-10.0,1,96.000918
-10.0,2,96.006775
-10.0,2,96.012685
-10.0,1,96.01684
-10.0,2,96.023414
-10.0,2,96.031776
-10.0,5,96.044833
-10.0,1,96.049829
-10.0,3,96.060223
-10.0,9,96.083207
-10.0,1,96.088024
-10.0,1,96.092665
-10.0,1,96.096878
-10.0,1,96.101421
-10.0,1,96.105416
-10.0,1,96.109385
-10.0,10,96.131384
-10.0,4,96.144301
-10.0,7,96.169729
-10.0,2,96.179311
-10.0,3,96.191044
-10.0,1,96.198606
-10.0,1,96.20522
-10.0,1,96.213239
-10.0,4,96.228535
-10.0,2,96.2347
-10.0,3,96.246523
-10.0,2,96.254532
-10.0,2,96.265034
-10.0,1,96.272404
-10.0,1,96.279161
-10.0,1,96.286515
-10.0,5,96.30801
-10.0,1,96.314254
-10.0,4,96.328514
-10.0,1,96.334125
-10.0,3,96.346414
-10.0,2,96.357146
-10.0,2,96.36564
-10.0,1,96.370219
-10.0,1,96.374523
-10.0,1,96.378862
-10.0,1,96.384185
-10.0,1,96.3916
-10.0,2,96.402337
-10.0,1,96.409457
-10.0,2,96.420141
-10.0,1,96.42573
-10.0,1,96.43317
-10.0,2,96.442381
-10.0,6,96.460851
-10.0,1,96.466164
-10.0,1,96.470655
-10.0,1,96.475082
-10.0,1,96.47967
-10.0,1,96.484633
-10.0,2,96.491282
-10.0,3,96.499948
-10.0,1,96.505351
-10.0,2,96.512822
-10.0,3,96.523817
-10.0,1,96.529684
-10.0,3,96.543482
-10.0,1,96.550588
-10.0,4,96.562498
-10.0,1,96.567509
-10.0,2,96.574027
-10.0,2,96.580633
-10.0,1,96.585317
-10.0,1,96.589444
-10.0,5,96.602771
-10.0,2,96.609485
-10.0,7,96.626764
-10.0,6,96.640931
-10.0,1,96.645079
-10.0,1,96.649857
-10.0,5,96.661858
-10.0,3,96.670261
-10.0,1,96.674369
-10.0,1,96.678957
-10.0,3,96.688406
-10.0,1,96.693021
-10.0,3,96.704854
-10.0,4,96.719352
-10.0,6,96.734775
-10.0,2,96.743831
-10.0,1,96.751481
-10.0,2,102.750432
-10.0,5,102.767367
-10.0,2,102.774671
-10.0,1,102.779554
-10.0,2,102.786815
-10.0,1,102.791638
-10.0,3,102.802079
-10.0,5,102.817981
-10.0,2,102.825272
-10.0,2,102.832319
-10.0,2,102.839738
-10.0,1,102.844609
-10.0,1,102.84938
-10.0,1,102.853879
-10.0,2,102.859397
-10.0,4,102.868577
-10.0,1,102.874856
-10.0,1,102.879951
-10.0,2,102.887467
-10.0,1,102.892702
-10.0,2,102.900531
-10.0,1,102.905505
-10.0,3,102.914795
-10.0,2,102.921885
-10.0,3,102.931205
-10.0,2,102.938283
-10.0,2,102.94532
-10.0,1,102.950507
-10.0,2,102.957675
-10.0,1,102.962067
-10.0,2,102.967778
-10.0,4,102.975637
-10.0,2,102.980761
-10.0,1,102.983997
-10.0,1,102.987055
-10.0,3,102.993053
-10.0,1,102.996324
-10.0,4,103.003671
-10.0,7,103.015029
-10.0,1,103.018025
-10.0,2,103.022607
-10.0,3,103.028502
-10.0,2,103.032918
-10.0,2,103.037232
-10.0,3,103.042987
-10.0,2,103.047425
-10.0,1,103.050395
-10.0,1,103.053328
-10.0,3,103.059176
-10.0,1,103.062191
-10.0,2,103.066542
-10.0,8,103.079998
-10.0,1,103.083068
-10.0,3,103.088784
-10.0,2,103.093139
-10.0,1,103.096084
-10.0,4,103.103199
-10.0,5,103.111777
-10.0,2,103.116153
-10.0,4,103.123598
-10.0,1,103.126622
-10.0,6,103.136505
-10.0,5,103.145207
-10.0,2,103.149589
-10.0,3,103.155405
-10.0,2,103.159818
-10.0,4,103.16699
-10.0,1,103.17002
-10.0,4,103.17717
-10.0,1,103.180114
-10.0,1,103.183028
-10.0,3,103.189435
-10.0,5,103.197808
-10.0,1,103.200922
-10.0,2,103.205373
-10.0,2,103.20957
-10.0,2,103.213724
-10.0,3,103.220151
-10.0,1,103.223115
-10.0,3,103.228177
-10.0,2,103.232257
-10.0,1,103.235735
-10.0,4,103.242118
-10.0,1,103.244744
-10.0,3,103.250077
-10.0,4,103.256487
-10.0,2,103.260344
-10.0,3,103.265502
-10.0,2,103.269403
-10.0,1,103.271998
-10.0,1,103.274588
-10.0,1,103.277151
-10.0,4,103.284196
-10.0,3,103.289407
-10.0,2,103.293274
-10.0,1,103.295908
-10.0,1,103.298606
-10.0,2,103.302482
-10.0,1,103.305092
-10.0,1,103.307675
-10.0,2,103.311483
-10.0,1,103.314864
-10.0,1,103.317623
-10.0,1,103.320208
-10.0,1,103.322784
-10.0,3,103.32786
-10.0,1,103.330686
-10.0,2,103.334563
-10.0,3,103.339664
-10.0,4,103.346578
-10.0,4,103.352998
-10.0,1,103.355583
-10.0,2,103.359411
-10.0,8,103.37096
-10.0,1,103.373618
-10.0,2,103.377708
-10.0,1,103.380471
-10.0,1,103.383095
-10.0,1,103.385677
-10.0,3,103.390723
-10.0,4,103.397248
-10.0,1,103.399891
-10.0,1,103.402502
-10.0,2,103.406312
-10.0,1,103.40916
-10.0,5,103.416762
-10.0,1,103.419386
-10.0,2,103.423297
-10.0,1,103.425963
-10.0,4,103.432327
-10.0,1,103.434932
-10.0,1,103.43751
-10.0,4,103.443897
-10.0,4,103.450288
-10.0,3,103.45541
-10.0,2,103.459336
-10.0,1,103.461942
-10.0,8,103.473665
-10.0,2,103.477651
-10.0,2,103.481642
-10.0,4,103.488016
-10.0,1,103.490681
-10.0,2,103.494522
-10.0,3,103.499941
-10.0,5,103.507569
-10.0,3,103.512742
-10.0,2,103.516653
-10.0,1,103.519264
-10.0,4,103.525556
-10.0,3,103.530828
-10.0,1,103.533463
-10.0,6,103.542253
-10.0,1,103.544981
-10.0,1,103.54761
-10.0,2,103.551438
-10.0,1,103.554014
-10.0,1,103.556592
-10.0,2,103.561048
-10.0,1,103.56393
-10.0,1,103.566629
-10.0,1,103.569325
-10.0,4,103.576074
-10.0,4,103.582541
-10.0,6,103.591592
-10.0,9,105.829131
-10.0,4,105.845406
-10.0,13,105.885191
-10.0,5,105.900337
-10.0,9,105.93572
-10.0,3,105.950045
-10.0,7,105.978126
-10.0,2,105.98907
-10.0,2,105.999936
-10.0,4,106.014951
-10.0,1,106.02109
-10.0,7,106.043211
-10.0,1,106.048789
-10.0,1,106.056016
-10.0,4,106.06813
-10.0,4,106.079774
-10.0,1,106.0849
-10.0,9,106.114831
-10.0,1,106.12298
-10.0,2,106.131717
-10.0,1,106.137234
-10.0,8,106.162851
-10.0,6,106.185463
-10.0,8,106.20846
-10.0,8,106.235117
-10.0,1,106.240788
-10.0,1,106.246474
-10.0,3,106.259591
-10.0,6,106.342276
-10.0,5,106.369904
-10.0,23,106.450722
-10.0,4,106.466264
-10.0,1,106.473672
-10.0,11,106.505903
-10.0,9,106.531435
-10.0,5,106.549315
-10.0,4,106.564999
-10.0,2,106.57463
-10.0,3,106.587119
-10.0,2,106.596711
-10.0,4,106.612225
-10.0,3,106.624474
-10.0,3,106.636665
-10.0,3,106.649536
-10.0,1,106.657103
-10.0,4,106.672342
-10.0,1,106.677041
-10.0,2,106.684322
-10.0,2,106.691239
-10.0,2,106.699485
-10.0,10,106.724185
-10.0,1,106.731863
-10.0,1,106.736747
-10.0,5,106.754851
-10.0,3,106.770309
-10.0,1,106.778482
-10.0,3,106.791625
-10.0,3,106.805152
-10.0,2,106.814193
-10.0,1,106.820264
-10.0,2,106.833031
-10.0,1,106.841978
-10.0,1,106.849522
-10.0,5,106.86672
-10.0,2,106.877761
-10.0,2,106.891933
-10.0,4,106.910726
-10.0,9,106.955904
-10.0,2,106.969729
-10.0,3,106.986241
-10.0,1,106.994501
-10.0,8,107.034245
-10.0,4,107.055935
-10.0,4,107.074439
-10.0,1,107.083313
-10.0,3,107.101537
-10.0,2,107.116009
-10.0,3,107.139959
-10.0,6,107.166689
-10.0,2,107.176898
-10.0,2,107.188466
-10.0,2,107.199125
-10.0,5,107.220512
-10.0,4,107.237915
-10.0,2,107.248995
-10.0,1,107.256892
-10.0,3,107.273821
-10.0,2,107.284896
-10.0,1,107.292138
-10.0,4,107.321722
-10.0,2,107.337941
-10.0,7,107.368788
-10.0,1,107.377021
-10.0,16,107.431988
-10.0,3,107.444471
-10.0,1,107.451752
-10.0,2,107.467284
-10.0,9,107.51254
-10.0,7,107.546523
-10.0,1,107.55305
-10.0,1,107.55947
-10.0,4,107.57858
-10.0,3,107.59159
-10.0,2,107.600964
-10.0,1,107.60706
-10.0,2,107.616518
-10.0,2,107.626567
-10.0,15,107.677162
-10.0,1,107.683424
-10.0,2,107.692279
-10.0,1,107.698409
-10.0,2,107.706775
-10.0,2,107.714314
-10.0,3,107.725921
-10.0,1,107.732381
-10.0,7,107.752695
-10.0,3,107.762923
-10.0,9,107.787923
-66.6,3,107.798508
-10.0,1,107.803581
-10.0,1,107.808325
-10.0,1,107.813216
-10.0,3,107.82252
-10.0,3,107.831848
-10.0,3,107.841197
-10.0,1,107.845959
-10.0,4,107.858553
-10.0,13,107.891855
-10.0,1,107.896749
-10.0,2,107.903775
-10.0,1,107.908579
-10.0,5,107.921679
-10.0,4,107.932551
-10.0,6,107.950376
-10.0,5,107.964232
-10.0,2,107.972027
-10.0,2,107.979295
-10.0,3,107.988863
-10.0,1,107.993687
-10.0,1,107.998434
-10.0,2,108.005912
-10.0,8,108.027036
-10.0,1,108.03195
-10.0,1,108.036796
-10.0,5,108.051024
-10.0,13,108.080226
-10.0,1,108.084494
-10.0,4,108.094836
-10.0,2,108.10114
-10.0,3,108.109426
-10.0,1,108.114382
-10.0,2,108.120678
-10.0,2,108.126974
-10.0,2,108.133216
-10.0,8,108.151545
-10.0,5,108.163328
-10.0,1,108.167312
-10.0,2,108.173296
-10.0,1,108.177522
-10.0,5,108.190311
-10.0,1,108.195347
-10.0,3,108.204744
-10.0,7,108.223983
-10.0,1,108.23054
-10.0,1,108.235297
-10.0,1,108.241712
-10.0,1,108.246752
-10.0,1,108.251668
-10.0,1,108.258286
-10.0,4,108.270683
-10.0,14,108.303645
-10.0,4,108.313639
-10.0,3,108.321013
-10.0,2,108.326605
-10.0,3,108.333907
-10.0,1,108.337618
-10.0,4,108.346947
-10.0,1,108.35075
-10.0,1,108.354439
-10.0,3,108.36181
-10.0,11,108.383395
-10.0,4,108.39251
-10.0,5,108.403511
-10.0,2,108.409087
-10.0,1,108.412803
-10.0,2,108.418222
-10.0,5,108.428617
-10.0,1,108.432244
-10.0,3,108.439401
-10.0,3,108.446353
-10.0,3,108.453877
-10.0,1,108.457629
-10.0,6,108.469805
-10.0,7,108.483588
-10.0,3,108.490541
-10.0,3,108.497564
-10.0,2,108.50289
-10.0,1,108.506408
-10.0,1,108.509897
-10.0,2,108.515658
-10.0,2,108.521145
-10.0,9,108.538341
-10.0,1,108.541896
-10.0,2,108.54717
-10.0,5,108.557549
-10.0,1,108.560966
-10.0,2,108.566065
-10.0,1,108.569412
-35.4,4,108.577815
-10.0,1,108.581327
-10.0,7,108.594439
-10.0,1,108.597866
-10.0,3,108.60443
-10.0,4,108.612834
-10.0,3,108.619438
-10.0,4,108.627622
-10.0,2,108.6326
-10.0,2,108.637522
-10.0,1,108.641001
-10.0,2,108.647661
-10.0,5,108.658519
-10.0,1,108.662719
-10.0,3,108.671407
-10.0,2,108.678762
-10.0,5,108.692739
-10.0,1,108.697571
-10.0,1,108.702288
-10.0,7,108.720787
-10.0,4,108.732412
-10.0,2,108.740339
-10.0,6,108.757054
-10.0,3,108.765332
-10.0,5,108.775505
-10.0,1,108.779037
-10.0,2,108.783862
-10.0,2,108.788669
-10.0,2,108.793509
-10.0,8,108.807644
-10.0,4,108.815557
-10.0,1,108.818806
-10.0,2,108.823537
-10.0,1,108.826922
-10.0,6,108.837814
-38.4,1,108.841175
-10.0,3,108.847592
-10.0,3,108.853929
-10.0,2,108.858777
-10.0,7,108.871167
-10.0,2,108.875983
-10.0,3,108.882002
-10.0,6,108.89439
-10.0,1,108.898735
-10.0,4,108.910321
-10.0,1,108.915128
-10.0,3,108.925194
-10.0,3,108.934843
-10.0,4,108.947537
-10.0,10,108.974028
-10.0,6,108.990618
-10.0,3,108.998184
-10.0,3,109.004643
-10.0,1,109.007771
-10.0,2,109.012252
-10.0,2,109.016649
-10.0,7,109.02821
-10.0,6,109.038519
-10.0,8,109.051525
-10.0,5,109.060242
-10.0,5,109.070532
-10.0,1,109.074404
-10.0,3,109.082504
-10.0,1,109.087276
-10.0,1,109.091975
-10.0,7,109.11058
-10.0,5,109.12456
-10.0,3,109.134006
-10.0,7,109.152472
-10.0,2,109.159564
-10.0,5,109.170983
-10.0,5,109.180063
-10.0,9,109.192521
-10.0,16,109.213454
-10.0,4,109.219652
-10.0,6,109.228176
-10.0,2,109.231934
-10.0,3,109.236807
-10.0,4,109.243043
-10.0,6,109.251625
-10.0,3,109.256552
-10.0,3,109.261601
-10.0,1,109.264143
-10.0,2,109.267837
-10.0,2,109.271553
-10.0,1,109.274163
-10.0,2,109.277917
-10.0,1,109.280445
-10.0,2,109.284145
-10.0,1,109.286638
-10.0,1,109.28921
-10.0,4,109.29541
-10.0,3,109.300332
-10.0,2,109.304044
-10.0,2,109.308211
-10.0,1,109.310947
-10.0,1,109.313618
-10.0,3,109.318565
-10.0,1,109.321235
-10.0,4,109.328356
-10.0,2,109.332851
-10.0,2,109.337789
-10.0,2,109.342922
-10.0,6,109.357223
-10.0,4,109.368319
-10.0,9,109.390121
-10.0,3,109.398927
-10.0,3,109.407835
-10.0,1,109.412316
-10.0,1,109.416848
-10.0,5,109.430005
-10.0,3,109.437433
-10.0,2,109.442439
-10.0,5,109.450982
-10.0,1,109.453583
-10.0,2,109.457345
-10.0,1,109.459861
-10.0,1,109.462303
-10.0,4,109.470333
-10.0,2,109.474088
-10.0,3,109.478883
-10.0,1,109.481494
-10.0,1,109.484017
-10.0,1,109.486468
-10.0,4,109.492392
-10.0,3,109.497248
-10.0,4,109.503226
-10.0,2,109.506846
-10.0,6,109.515167
-10.0,6,109.523455
-10.0,1,109.52592
-10.0,1,109.528442
-10.0,1,109.531029
-10.0,4,109.536973
-10.0,4,109.542884
-10.0,1,109.545459
-10.0,4,109.551439
-10.0,3,109.556299
-10.0,2,109.559929
-10.0,3,109.564801
-10.0,1,109.567277
-10.0,10,109.580494
-10.0,4,109.586676
-10.0,2,109.590324
-10.0,1,109.592844
-10.0,8,109.60346
-10.0,12,109.618928
-10.0,1,109.621462
-10.0,3,109.626271
-10.0,7,109.635741
-10.0,4,109.641773
-10.0,1,109.6443
-10.0,1,109.646756
-10.0,1,109.649178
-10.0,1,109.651629
-10.0,6,109.660033
-10.0,4,109.66607
-10.0,1,109.668534
-10.0,1,109.670955
-10.0,4,109.677003
-10.0,5,109.684129
-10.0,3,109.689135
-10.0,2,109.692871
-10.0,7,109.702333
-10.0,1,109.704971
-10.0,1,109.707474
-10.0,2,109.711117
-10.0,2,109.714797
-10.0,1,109.717257
-10.0,1,109.720099
-10.0,4,109.726535
-10.0,5,109.733733
-10.0,2,109.737401
-10.0,1,109.73989
-10.0,10,109.753652
-10.0,1,109.756279
-10.0,8,109.766868
-10.0,2,109.770694
-10.0,3,109.775491
-10.0,1,109.777956
-10.0,9,109.789963
-10.0,1,109.79253
-10.0,11,109.806722
-10.0,14,109.824433
-10.0,2,109.828129
-10.0,5,109.83568
-10.0,1,109.838251
-10.0,1,109.840727
-10.0,2,109.844958
-10.0,2,109.848722
-10.0,1,109.851208
-10.0,4,109.857176
-10.0,4,109.864403
-10.0,2,109.868181
-10.0,9,109.879961
-10.0,1,109.882466
-10.0,8,109.893129
-10.0,3,109.897957
-10.0,14,109.915688
-10.0,5,109.923226
-10.0,3,109.928064
-10.0,3,109.93303
-10.0,1,109.935544
-10.0,8,109.946125
-10.0,1,109.948646
-10.0,3,109.953491
-10.0,1,109.955969
-10.0,1,109.958397
-10.0,2,109.962031
-10.0,2,109.96575
-10.0,7,109.975212
-10.0,5,109.982934
-10.0,1,109.985541
-10.0,2,109.989193
-10.0,2,109.992826
-10.0,3,109.997821
-10.0,2,110.001518
-10.0,1,110.003951
-10.0,2,110.007549
-10.0,12,110.022797
-10.0,10,110.035881
-10.0,2,110.039576
-10.0,2,110.043258
-10.0,4,110.049356
-10.0,4,110.055387
-10.0,2,110.059051
-10.0,2,110.062763
-10.0,1,110.065244
-10.0,10,110.078237
-10.0,3,110.083073
-10.0,3,110.087871
-10.0,7,110.097421
-10.0,1,110.099951
-10.0,1,110.102394
-10.0,1,110.104802
-10.0,5,110.11205
-10.0,2,110.115713
-10.0,4,110.121658
-10.0,2,110.125942
-10.0,1,110.128553
-10.0,2,110.132222
-10.0,4,110.138142
-10.0,5,110.145375
-10.0,1,110.147879
-10.0,3,110.152635
-10.0,1,110.155154
-10.0,2,110.158839
-10.0,9,110.170647
-10.0,1,110.173211
-10.0,7,110.182657
-10.0,1,110.185121
-10.0,2,110.188839
-10.0,6,110.19715
-10.0,7,110.206744
-10.0,1,110.209315
-10.0,6,110.217603
-10.0,8,115.901457
-10.0,11,115.966018
-10.0,1,115.971465
-10.0,9,115.997145
-10.0,1,116.000911
-10.0,10,116.01835
-10.0,2,116.023115
-10.0,8,116.036809
-10.0,4,116.044932
-10.0,3,116.050765
-10.0,1,116.053907
-10.0,2,116.058911
-10.0,3,116.064921
-10.0,3,116.070803
-10.0,5,116.081951
-10.0,3,116.088255
-10.0,5,116.098815
-10.0,2,116.103204
-10.0,1,116.106369
-10.0,2,116.111291
-10.0,3,116.117672
-10.0,2,116.122397
-10.0,2,116.127507
-10.0,3,116.133308
-10.0,3,116.139151
-10.0,11,116.157346
-10.0,3,116.163582
-10.0,1,116.166619
-10.0,1,116.169691
-10.0,2,116.1741
-10.0,10,116.190054
-10.0,3,116.196352
-10.0,3,116.202158
-10.0,2,116.206517
-10.0,1,116.209895
-10.0,1,116.212999
-10.0,4,116.220303
-10.0,4,116.227731
-10.0,6,116.237845
-10.0,1,116.24105
-10.0,1,116.245049
-10.0,3,116.250789
-10.0,1,116.253711
-10.0,6,116.263983
-10.0,3,116.269818
-10.0,1,116.272767
-10.0,6,116.282889
-10.0,4,116.290106
-10.0,5,116.298928
-10.0,3,116.3047
-10.0,1,116.308579
-10.0,5,116.317211
-10.0,4,116.324492
-10.0,4,116.331648
-10.0,3,116.337469
-10.0,2,116.342012
-10.0,2,116.346409
-10.0,2,116.35073
-10.0,3,116.356705
-10.0,10,116.37225
-10.0,1,116.375384
-10.0,1,116.378299
-10.0,2,116.382651
-10.0,2,116.387057
-10.0,3,116.393024
-10.0,7,116.40471
-10.0,1,116.410057
-10.0,8,116.422616
-10.0,7,116.433772
-10.0,1,116.437004
-10.0,2,116.441329
-10.0,5,116.449719
-10.0,2,116.454388
-10.0,3,116.46013
-10.0,1,116.463172
-10.0,1,116.466121
-10.0,1,116.469262
-10.0,2,116.473592
-10.0,13,116.492991
-10.0,1,116.49596
-10.0,7,116.507375
-10.0,2,116.511713
-10.0,3,116.517655
-10.0,8,116.530993
-10.0,1,116.534069
-10.0,3,116.53983
-10.0,1,116.542803
-10.0,1,116.545877
-10.0,2,116.550288
-10.0,1,116.553297
-10.0,6,116.563225
-10.0,5,116.571787
-10.0,3,116.57774
-10.0,4,116.585004
-10.0,2,116.589352
-10.0,2,116.593801
-10.0,4,116.601444
-10.0,4,116.609199
-10.0,1,116.612327
-10.0,4,116.619561
-10.0,3,116.62603
-10.0,2,116.632565
-10.0,1,116.636084
-10.0,3,116.643213
-10.0,11,116.664894
-10.0,5,116.676508
-10.0,2,116.682156
-10.0,1,116.687402
-10.0,1,116.69152
-10.0,3,116.701085
-10.0,2,116.706247
-10.0,5,116.720302
-10.0,1,116.724197
-10.0,2,116.729944
-10.0,8,116.748441
-10.0,1,116.753526
-10.0,2,116.759133
-10.0,2,116.765036
-10.0,5,116.774317
-10.0,4,116.78191
-10.0,5,116.790524
-10.0,3,116.797464
-10.0,4,116.804521
-10.0,6,116.822727
-10.0,23,120.902319
-10.0,4,120.915003
-10.0,10,120.939761
-10.0,7,120.958286
-10.0,3,120.967088
-10.0,4,120.982242
-10.0,3,120.992877
-10.0,3,121.001508
-10.0,6,121.017909
-10.0,1,121.02253
-10.0,6,121.037587
-10.0,3,121.046989
-10.0,49,121.150772
-10.0,24,121.202112
-10.0,8,121.220052
-10.0,1,121.224977
-10.0,32,121.289477
-10.0,21,121.330967
-10.0,14,121.367562
-10.0,3,121.378708
-10.0,9,121.403268
-10.0,2,121.4111
-10.0,1,121.416148
-10.0,6,121.433211
-10.0,11,121.45612
-10.0,3,121.463368
-10.0,12,121.485537
-10.0,1,121.48915
-10.0,28,121.538959
-10.0,3,121.54634
-10.0,1,121.549761
-10.0,7,121.563361
-10.0,1,121.566818
-10.0,13,121.589925
-10.0,6,121.601561
-10.0,2,121.607074
-10.0,14,121.633117
-10.0,1,121.636486
-10.0,20,121.674531
-10.0,1,121.678385
-10.0,6,121.69389
-10.0,14,121.728393
-10.0,13,121.761112
-10.0,2,121.768828
-10.0,1,121.774668
-10.0,4,121.786963
-10.0,10,121.814173
-10.0,2,121.82155
-10.0,1,121.826997
-10.0,24,121.874737
-10.0,4,121.882187
-10.0,8,121.896523
-10.0,5,121.905411
-10.0,8,121.919656
-10.0,20,121.952205
-10.0,6,121.966798
-10.0,2,121.97504
-10.0,9,122.002709
-10.0,9,122.031579
-10.0,1,122.038211
-10.0,1,122.045326
-10.0,1,122.051727
-10.0,5,122.06398
-10.0,4,122.075592
-10.0,2,122.083645
-10.0,6,122.100788
-10.0,13,122.131326
-10.0,7,122.147786
-10.0,17,122.184153
-10.0,5,122.197932
-10.0,2,122.203957
-10.0,23,122.255744
-10.0,6,122.273708
-10.0,2,122.280868
-10.0,5,122.293464
-10.0,4,122.303669
-10.0,5,122.317369
-10.0,3,122.32752
-10.0,6,122.345526
-10.0,5,122.359838
-10.0,5,122.373057
-10.0,3,122.382427
-10.0,6,122.395876
-10.0,8,122.415651
-10.0,2,122.422607
-10.0,6,122.436956
-10.0,5,122.450095
-10.0,9,122.474923
-10.0,17,122.523687
-10.0,7,122.542617
-10.0,11,122.578008
-10.0,22,122.65777
-10.0,3,122.672458
-10.0,17,122.734197
-10.0,27,122.824925
-10.0,1,122.830072
-10.0,15,122.873447
-10.0,5,122.889985
-10.0,12,122.925006
-10.0,10,122.957362
-10.0,3,122.96946
-10.0,4,122.987124
-10.0,3,123.002991
-10.0,2,123.012609
-10.0,17,123.068579
-10.0,1,123.07462
-10.0,7,123.100386
-10.0,3,123.112635
-10.0,2,123.120352
-10.0,2,123.131735
-10.0,3,123.143779
-10.0,12,123.192068
-10.0,12,123.233309
-10.0,10,123.264672
-10.0,11,123.306928
-10.0,7,123.327474
-10.0,1,123.335052
-10.0,4,123.352475
-10.0,2,123.36304
-10.0,3,123.373336
-10.0,23,123.426722
-10.0,3,123.436069
-10.0,3,123.445992
-10.0,11,123.475635
-10.0,5,123.491265
-10.0,7,123.509522
-10.0,5,123.523558
-10.0,3,123.532555
-10.0,37,123.630706
-10.0,12,123.658971
-10.0,26,123.716256
-10.0,22,123.767197
-10.0,3,123.776543
-10.0,6,123.797241
-10.0,11,123.83003
-10.0,3,123.841599
-10.0,8,123.870837
-10.0,27,123.956263
-10.0,2,123.962375
-10.0,2,123.968309
-10.0,20,124.015724
-10.0,3,124.026238
-10.0,11,124.058675
-10.0,1,124.062687
-10.0,5,124.075973
-10.0,5,124.094361
-10.0,24,124.15518
-10.0,11,124.184968
-10.0,5,124.198338
-10.0,3,124.206635
-10.0,7,124.223301
-10.0,4,124.234487
-10.0,2,124.241324
-10.0,3,124.249769
-10.0,5,124.262318
-10.0,19,124.302262
-10.0,1,124.306772
-10.0,2,124.313148
-10.0,22,124.367818
-10.0,6,124.388417
-10.0,3,124.400056
-10.0,10,124.43225
-10.0,9,124.456108
-10.0,11,124.484977
-10.0,15,124.530935
-10.0,10,124.559914
-10.0,2,124.567418
-10.0,2,124.576773
-10.0,14,124.605124
-10.0,2,124.611229
-10.0,2,124.616387
-10.0,9,124.634649
-10.0,4,124.644595
-10.0,1,124.64819
-10.0,5,124.660067
-10.0,4,124.668766
-10.0,6,124.681662
-10.0,2,124.687045
-10.0,1,124.691481
-10.0,1,124.696362
-10.0,17,124.731106
-10.0,3,124.738599
-10.0,10,124.758567
-10.0,9,124.775987
-10.0,1,124.779508
-10.0,2,124.784825
-10.0,5,124.795774
-10.0,2,124.800964
-10.0,4,124.809813
-10.0,6,124.821176
-10.0,17,124.851912
-10.0,9,124.86948
-10.0,12,124.891241
-10.0,2,124.896228
-10.0,10,124.914062
-10.0,1,124.917545
-10.0,13,124.939627
-10.0,6,124.95134
-10.0,1,124.95476
-10.0,2,124.95958
-10.0,1,124.963356
-10.0,5,124.972733
-10.0,3,124.979155
-10.0,5,124.988395
-10.0,55,135.734617
-10.0,4,135.749
-10.0,1,135.754603
-10.0,9,135.779621
-10.0,1,135.784967
-10.0,1,135.790196
-10.0,15,135.829238
-10.0,1,135.835054
-10.0,5,135.850079
-10.0,8,135.87231
-10.0,3,135.882759
-10.0,4,135.896188
-10.0,4,135.91514
-10.0,12,135.949528
-10.0,9,135.980383
-10.0,7,136.00568
-10.0,8,136.029665
-10.0,12,136.06296
-10.0,7,136.083354
-10.0,21,136.146078
-10.0,8,136.172831
-10.0,5,136.190833
-10.0,12,136.229486
-10.0,6,136.250479
-10.0,9,136.280286
-10.0,34,136.3895
-10.0,17,136.452776
-10.0,1,136.459288
-10.0,5,136.477254
-10.0,12,136.524797
-10.0,7,136.56228
-10.0,3,136.582427
-10.0,2,136.599157
-10.0,12,136.664278
-10.0,12,136.702692
-10.0,1,136.707667
-10.0,8,136.72675
-10.0,2,136.733697
-10.0,4,136.744298
-10.0,1,136.749648
-10.0,9,136.780145
-10.0,3,136.791881
-10.0,3,136.802666
-10.0,1,136.810835
-10.0,4,136.828751
-10.0,5,136.848461
-10.0,3,136.861102
-10.0,14,136.907677
-10.0,2,136.91537
-10.0,23,136.993518
-10.0,7,137.020175
-10.0,13,137.062906
-10.0,9,137.099764
-10.0,1,137.106709
-10.0,3,137.120342
-10.0,2,137.131219
-10.0,12,137.179544
-10.0,3,137.192626
-10.0,1,137.201894
-10.0,5,137.219863
-10.0,140,141.123159
-50.0,137,141.431538
-10.0,25,141.531715
-10.0,187,142.011383
-10.0,109,142.338843
-50.0,155,142.864125
-10.0,36,142.999512
-10.0,56,143.213414
-10.0,118,143.627849
-10.0,93,143.934455
-10.0,216,144.670869
-10.0,40,144.790891
-50.0,213,145.374342
-10.0,94,156.636226
-50.0,200,157.172848
-10.0,5,157.187928
-10.0,77,157.476738
-10.0,85,157.730699
-10.0,68,157.951887
-10.0,82,161.70737
-10.0,125,162.213607
-10.0,57,162.405809
-10.0,12,162.453232
-10.0,175,163.115941
-10.0,96,163.45014
-10.0,9,163.490582
-10.0,15,163.545802
-10.0,36,163.649324
-10.0,33,163.786428
-10.0,60,164.050332
-10.0,15,164.115334
-10.0,44,164.353161
-10.0,121,164.799746
-10.0,61,164.905483
-10.0,38,164.983272
-10.0,41,165.126386
-10.0,89,165.365775
-10.0,42,165.47468
-10.0,99,165.740494
-10.0,183,166.252909
-10.0,86,175.397413
-10.0,33,175.48123
-10.0,93,175.714525
-10.0,112,175.991078
-10.0,117,176.269621
-10.0,12,176.305304
-10.0,81,176.497984
-10.0,38,176.59004
-10.0,184,179.898731
-10.0,114,180.166712
-10.0,120,180.441447
-10.0,116,180.715489
-10.0,147,181.05999
-10.0,127,181.38261
-10.0,120,181.682515
-10.0,232,182.230995
-10.0,83,182.427418
-10.0,6,182.444035
-10.0,174,182.860144
-10.0,85,192.38581
-10.0,154,192.768798
-10.0,130,193.102307
-10.0,33,193.184851
-10.0,24,193.24297
-10.0,46,193.372099
-10.0,139,193.730378
-10.0,148,196.973597
-10.0,99,197.208311
-10.0,179,197.631695
-10.0,149,197.990631
-10.0,153,198.3621
-10.0,136,198.770661
-10.0,140,199.174097
-10.0,137,199.622094
-10.0,203,200.273897
-10.0,105,208.515298
-10.0,156,209.044255
-10.0,152,209.601887
-10.0,41,209.753826
-10.0,147,210.403135
-10.0,155,210.912112
-10.0,131,214.799339
-10.0,99,215.104642
-10.0,85,215.570223
-10.0,96,216.010855
-10.0,174,216.757633
-10.0,125,217.344009
-10.0,133,217.998187
-10.0,52,218.146941
-10.0,139,218.551604
-10.0,127,218.894107
-10.0,114,219.208923
-10.0,73,227.860282
-10.0,130,228.032493
-10.0,162,228.214976
-10.0,170,228.562564
-10.0,138,228.72093
-10.0,191,230.715374
-10.0,146,231.036859
-10.0,200,231.426806
-10.0,197,231.764272
-10.0,95,231.872647
-10.0,150,232.067214
-10.0,167,232.279255
-10.0,164,232.467621
-10.0,190,240.471648
-10.0,146,240.94557
-10.0,132,241.363763
-10.0,137,242.025911
-10.0,139,242.557373
-10.0,293,246.220457
-50.0,199,246.788619
-10.0,162,247.355615
-50.0,240,247.933134
-10.0,164,248.316858
-50.0,231,248.810008
-10.0,115,255.308778
-10.0,242,255.918817
-10.0,201,256.505829
-10.0,230,257.185011
-10.0,170,260.962668
-10.0,214,261.653023
-10.0,82,261.896363
12.9,159,262.31132
-10.0,322,263.047473
-10.0,161,263.380947
-10.0,173,270.354756
-10.0,145,270.587541
-10.0,165,270.981646
-10.0,131,271.31169
-10.0,141,271.686368
-10.0,159,272.120085
-10.0,201,275.731845
-10.0,157,276.174602
-10.0,103,276.529634
-10.0,106,276.774529
-10.0,171,277.376209
-10.0,153,277.764999
11.1,218,278.175372
-10.0,110,278.374176
-10.0,170,283.966762
-10.0,150,284.21327
-10.0,124,284.372044
-10.0,162,284.573639
-10.0,198,284.814931
-10.0,174,287.940732
-10.0,193,288.397155
-10.0,163,288.756883
-10.0,260,289.166658
-10.0,153,289.385196
-10.0,238,289.781894
-10.0,135,295.096431
13.2,228,295.365704
-10.0,185,295.749467
-10.0,217,296.114809
3.9,142,296.321577
-10.0,142,299.549988
-10.0,151,299.83239
-10.0,182,300.128582
3.6,175,300.384871
-10.0,193,300.69582
-10.0,211,301.116662
-10.0,183,307.22379
-10.0,133,307.524201
-10.0,231,308.08756
-10.0,181,308.482972
-10.0,247,308.919332
11.4,183,311.303763
10.2,152,311.670219
10.5,151,312.098483
9.0,150,312.512274
-50.0,199,313.097101
13.2,202,313.529961
13.2,250,319.440659
-10.0,194,319.716859
14.1,228,320.043711
9.6,170,320.258503
-10.0,156,320.446515
-10.0,194,323.225083
-10.0,89,323.493517
14.1,155,323.910122
12.6,214,324.421237
15.0,207,324.792246
-10.0,252,330.934684
11.1,185,331.153622
-50.0,185,331.369451
14.1,163,331.56394
-56.4,21,331.591201
12.0,184,331.843659
-10.0,190,332.066971
9.6,197,335.449944
9.3,256,335.92336
11.7,220,336.299464
9.6,145,336.527963
6.6,171,336.749768
-50.0,202,342.338912
9.3,259,342.812185
-10.0,276,343.55392
12.0,146,343.948852
-10.0,157,344.33136
12.3,149,346.78349
11.1,167,347.118113
12.3,187,347.423609
12.6,251,347.783551
10.5,179,348.261325
12.9,121,354.814569
10.2,169,355.14221
12.9,181,355.43823
12.6,145,355.708183
11.4,228,356.016922
-10.0,244,356.333937
