algo,seed,step,episode_return
dqn,0,1,-10.0
dqn,0,2,-69.6
dqn,0,3,-48.6
dqn,0,10,-10.0
dqn,0,11,-54.9
dqn,0,12,-10.0
dqn,0,13,-29.7
dqn,0,14,-70.8
dqn,0,15,-10.0
dqn,0,16,-10.0
dqn,0,17,-30.6
dqn,0,18,-87.0
dqn,0,19,-48.6
dqn,0,20,-10.0
dqn,0,22,-10.0
dqn,0,23,-10.0
dqn,0,25,-69.3
dqn,0,26,-10.0
dqn,0,27,-67.2
dqn,0,29,-10.0
dqn,0,30,-10.0
dqn,0,31,-10.0
dqn,0,34,-10.0
dqn,0,36,-42.0
dqn,0,39,-40.5
dqn,0,40,-68.1
dqn,0,41,-67.2
dqn,0,46,-10.0
dqn,0,47,-30.9
dqn,0,48,-48.6
dqn,0,50,-40.8
dqn,0,51,-10.0
dqn,0,52,-45.0
dqn,0,53,-38.1
dqn,0,54,-10.0
dqn,0,55,-10.0
dqn,0,56,-10.0
dqn,0,57,-42.9
dqn,0,58,-10.0
dqn,0,59,-10.0
dqn,0,60,-49.5
dqn,0,61,-10.0
dqn,0,62,-10.0
dqn,0,63,-10.0
dqn,0,64,-42.3
dqn,0,65,-10.0
dqn,0,67,-42.9
dqn,0,68,-10.0
dqn,0,69,-10.0
dqn,0,70,-38.7
dqn,0,71,-30.9
dqn,0,73,-22.8
dqn,0,74,-48.9
dqn,0,75,-10.0
dqn,0,76,-10.0
dqn,0,78,-10.0
dqn,0,79,-42.9
dqn,0,80,-93.3
dqn,0,81,-10.0
dqn,0,82,-45.3
dqn,0,85,-10.0
dqn,0,86,-93.3
dqn,0,87,-47.1
dqn,0,88,-23.1
dqn,0,89,-10.0
dqn,0,90,-38.7
dqn,0,92,-10.0
dqn,0,95,-10.0
dqn,0,96,-41.1
dqn,0,99,-42.6
dqn,0,100,-10.0
dqn,0,101,-42.0
dqn,0,102,-10.0
dqn,0,105,-10.0
dqn,0,106,-10.0
dqn,0,109,-10.0
dqn,0,110,-29.7
dqn,0,111,-62.1
dqn,0,113,-10.0
dqn,0,114,-32.1
dqn,0,115,-10.0
dqn,0,116,-10.0
dqn,0,117,-10.0
dqn,0,119,-10.0
dqn,0,121,-48.3
dqn,0,122,-36.3
dqn,0,123,-10.0
dqn,0,125,-10.0
dqn,0,127,-30.6
dqn,0,128,-41.1
dqn,0,129,-10.0
dqn,0,131,-10.0
dqn,0,132,-10.0
dqn,0,133,-10.0
dqn,0,135,-10.0
dqn,0,136,-10.0
dqn,0,138,-65.1
dqn,0,139,-45.0
dqn,0,141,-42.6
dqn,0,142,-64.8
dqn,0,143,-10.0
dqn,0,144,-10.0
dqn,0,145,-42.0
dqn,0,146,-28.8
dqn,0,147,-40.2
dqn,0,148,-10.0
dqn,0,150,-29.4
dqn,0,152,-40.8
dqn,0,153,-10.0
dqn,0,154,-43.2
dqn,0,155,-28.8
dqn,0,156,-10.0
dqn,0,157,-38.1
dqn,0,158,-10.0
dqn,0,160,-30.6
dqn,0,161,-10.0
dqn,0,162,-10.0
dqn,0,163,-28.8
dqn,0,164,-30.9
dqn,0,165,-41.1
dqn,0,166,-28.8
dqn,0,168,-10.0
dqn,0,170,-44.4
dqn,0,172,-10.0
dqn,0,173,-10.0
dqn,0,174,-10.0
dqn,0,175,-10.0
dqn,0,176,-10.0
dqn,0,180,-10.0
dqn,0,181,-10.0
dqn,0,182,-10.0
dqn,0,183,-10.0
dqn,0,185,-10.0
dqn,0,186,-10.0
dqn,0,189,-10.0
dqn,0,191,-10.0
dqn,0,192,-10.0
dqn,0,193,-10.0
dqn,0,194,-69.6
dqn,0,197,-56.1
dqn,0,198,-10.0
dqn,0,199,-36.9
dqn,0,200,-10.0
dqn,0,201,-31.2
dqn,0,202,-10.0
dqn,0,204,-31.8
dqn,0,207,-10.0
dqn,0,208,-10.0
dqn,0,210,-10.0
dqn,0,211,-10.0
dqn,0,213,-65.1
dqn,0,214,-46.8
dqn,0,215,-69.6
dqn,0,216,-36.9
dqn,0,218,-10.0
dqn,0,219,-10.0
dqn,0,221,-10.0
dqn,0,222,-10.0
dqn,0,224,-70.5
dqn,0,225,-48.9
dqn,0,227,-10.0
dqn,0,228,-10.0
dqn,0,232,-10.0
dqn,0,234,-43.8
dqn,0,235,-10.0
dqn,0,236,-10.0
dqn,0,239,-28.2
dqn,0,240,-10.0
dqn,0,241,-29.7
dqn,0,243,-43.2
dqn,0,244,-33.6
dqn,0,246,-34.2
dqn,0,248,-10.0
dqn,0,249,-10.0
dqn,0,251,-30.9
dqn,0,252,-10.0
dqn,0,259,-10.0
dqn,0,264,-10.0
dqn,0,266,-10.0
dqn,0,267,-48.6
dqn,0,269,-10.0
dqn,0,270,-31.2
dqn,0,271,-10.0
dqn,0,273,-10.0
dqn,0,275,-48.3
dqn,0,276,-70.8
dqn,0,278,-35.4
dqn,0,279,-38.1
dqn,0,280,-45.0
dqn,0,281,-10.0
dqn,0,283,-10.0
dqn,0,284,-85.5
dqn,0,285,-10.0
dqn,0,286,-10.0
dqn,0,287,-48.6
dqn,0,288,-31.5
dqn,0,290,-35.4
dqn,0,292,-49.5
dqn,0,294,-10.0
dqn,0,295,-10.0
dqn,0,297,-10.0
dqn,0,298,-54.0
dqn,0,300,-10.0
dqn,0,301,-10.0
dqn,0,303,-30.6
dqn,0,304,-10.0
dqn,0,305,-10.0
dqn,0,306,-31.2
dqn,0,307,-10.0
dqn,0,308,-10.0
dqn,0,312,-45.9
dqn,0,317,-60.6
dqn,0,318,-45.3
dqn,0,320,-10.0
dqn,0,321,-10.0
dqn,0,322,-62.1
dqn,0,323,-10.0
dqn,0,324,-10.0
dqn,0,328,-10.0
dqn,0,329,-34.5
dqn,0,331,-31.8
dqn,0,332,-38.7
dqn,0,333,-48.6
dqn,0,334,-38.4
dqn,0,336,-30.9
dqn,0,337,-48.6
dqn,0,338,-10.0
dqn,0,339,-10.0
dqn,0,340,-10.0
dqn,0,343,-10.0
dqn,0,345,-46.5
dqn,0,346,-10.0
dqn,0,347,-30.9
dqn,0,348,-10.0
dqn,0,350,-31.2
dqn,0,351,-62.4
dqn,0,352,-44.1
dqn,0,353,-41.1
dqn,0,354,-10.0
dqn,0,355,-10.0
dqn,0,360,-10.0
dqn,0,362,-10.0
dqn,0,364,-10.0
dqn,0,365,-42.3
dqn,0,367,-10.0
dqn,0,368,-45.3
dqn,0,369,-10.0
dqn,0,370,-10.0
dqn,0,371,-10.0
dqn,0,372,-44.4
dqn,0,373,-10.0
dqn,0,374,-10.0
dqn,0,376,-42.9
dqn,0,379,-10.0
dqn,0,381,-10.0
dqn,0,382,-10.0
dqn,0,384,-10.0
dqn,0,385,-33.6
dqn,0,386,-10.0
dqn,0,387,-10.0
dqn,0,388,-56.7
dqn,0,389,-54.0
dqn,0,390,-10.0
dqn,0,392,-66.9
dqn,0,393,-10.0
dqn,0,396,-10.0
dqn,0,397,-62.4
dqn,0,398,-10.0
dqn,0,399,-61.5
dqn,0,402,-33.0
dqn,0,403,-10.0
dqn,0,405,-43.2
dqn,0,406,-44.1
dqn,0,408,-48.6
dqn,0,409,-10.0
dqn,0,410,-10.0
dqn,0,411,-10.0
dqn,0,412,-85.5
dqn,0,413,-69.6
dqn,0,414,-10.0
dqn,0,416,-10.0
dqn,0,418,-66.9
dqn,0,419,-10.0
dqn,0,420,-36.3
dqn,0,422,-38.1
dqn,0,423,-41.1
dqn,0,424,-10.0
dqn,0,425,-46.8
dqn,0,426,-10.0
dqn,0,427,-10.0
dqn,0,430,-64.8
dqn,0,431,-25.2
dqn,0,432,-69.6
dqn,0,433,-10.0
dqn,0,436,-10.0
dqn,0,437,-72.6
dqn,0,438,-10.0
dqn,0,440,-10.0
dqn,0,441,-10.0
dqn,0,445,-71.7
dqn,0,447,-10.0
dqn,0,448,-10.0
dqn,0,451,-56.1
dqn,0,452,-35.7
dqn,0,453,-10.0
dqn,0,455,-10.0
dqn,0,456,-10.0
dqn,0,457,-10.0
dqn,0,462,-42.0
dqn,0,467,-10.0
dqn,0,468,-10.0
dqn,0,469,-47.1
dqn,0,470,-10.0
dqn,0,471,-69.6
dqn,0,476,-10.0
dqn,0,478,-33.3
dqn,0,481,-10.0
dqn,0,483,-37.8
dqn,0,484,-10.0
dqn,0,485,-41.1
dqn,0,487,-10.0
dqn,0,488,-10.0
dqn,0,492,-41.4
dqn,0,495,-10.0
dqn,0,496,-10.0
dqn,0,497,-10.0
dqn,0,498,-44.1
dqn,0,499,-31.5
dqn,0,501,-10.0
dqn,0,502,-54.0
dqn,0,507,-10.0
dqn,0,509,-10.0
dqn,0,510,-40.2
dqn,0,511,-31.5
dqn,0,512,-10.0
dqn,0,513,-10.0
dqn,0,514,-69.6
dqn,0,515,-49.8
dqn,0,516,-10.0
dqn,0,517,-48.6
dqn,0,518,-69.6
dqn,0,519,-10.0
dqn,0,520,-10.0
dqn,0,522,-44.4
dqn,0,523,-10.0
dqn,0,525,-41.7
dqn,0,526,-62.4
dqn,0,528,-10.0
dqn,0,529,-10.0
dqn,0,531,-49.5
dqn,0,532,-10.0
dqn,0,534,-48.6
dqn,0,536,-33.9
dqn,0,538,-10.0
dqn,0,539,-10.0
dqn,0,541,-10.0
dqn,0,542,-10.0
dqn,0,544,-10.0
dqn,0,545,-10.0
dqn,0,547,-10.0
dqn,0,548,-10.0
dqn,0,550,-37.8
dqn,0,551,-10.0
dqn,0,552,-10.0
dqn,0,554,-25.5
dqn,0,555,-46.8
dqn,0,556,-10.0
dqn,0,557,-44.4
dqn,0,558,-65.4
dqn,0,559,-48.6
dqn,0,560,-72.6
dqn,0,562,-10.0
dqn,0,563,-93.3
dqn,0,566,-40.5
dqn,0,567,-10.0
dqn,0,569,-10.0
dqn,0,573,-27.9
dqn,0,574,-10.0
dqn,0,576,-10.0
dqn,0,578,-10.0
dqn,0,582,-10.0
dqn,0,585,-54.3
dqn,0,587,-10.0
dqn,0,588,-43.2
dqn,0,589,-10.0
dqn,0,590,-43.2
dqn,0,591,-54.9
dqn,0,592,-45.0
dqn,0,593,-10.0
dqn,0,594,-40.2
dqn,0,595,-10.0
dqn,0,599,-27.9
dqn,0,601,-10.0
dqn,0,603,-10.0
dqn,0,604,-10.0
dqn,0,607,-10.0
dqn,0,608,-53.4
dqn,0,609,-31.5
dqn,0,610,-10.0
dqn,0,613,-53.4
dqn,0,614,-10.0
dqn,0,617,-41.4
dqn,0,618,-40.2
dqn,0,620,-31.8
dqn,0,621,-35.7
dqn,0,622,-44.4
dqn,0,625,-28.2
dqn,0,626,-10.0
dqn,0,629,-10.0
dqn,0,631,-10.0
dqn,0,632,-31.2
dqn,0,633,-10.0
dqn,0,634,-49.8
dqn,0,635,-10.0
dqn,0,636,-45.0
dqn,0,637,-29.7
dqn,0,638,-48.6
dqn,0,641,-10.0
dqn,0,642,-67.2
dqn,0,643,-53.4
dqn,0,645,-10.0
dqn,0,646,-10.0
dqn,0,647,-93.3
dqn,0,649,-10.0
dqn,0,650,-31.2
dqn,0,651,-10.0
dqn,0,653,-46.8
dqn,0,654,-10.0
dqn,0,657,-33.6
dqn,0,658,-10.0
dqn,0,659,-10.0
dqn,0,660,-10.0
dqn,0,661,-31.5
dqn,0,662,-48.6
dqn,0,663,-28.8
dqn,0,665,-10.0
dqn,0,668,-10.0
dqn,0,671,-10.0
dqn,0,673,-10.0
dqn,0,674,-10.0
dqn,0,676,-30.9
dqn,0,679,-86.4
dqn,0,680,-34.2
dqn,0,681,-10.0
dqn,0,682,-10.0
dqn,0,685,-10.0
dqn,0,688,-33.0
dqn,0,691,-10.0
dqn,0,692,-10.0
dqn,0,694,-37.8
dqn,0,695,-44.4
dqn,0,697,-69.3
dqn,0,698,-10.0
dqn,0,699,-44.1
dqn,0,703,-40.5
dqn,0,704,-67.5
dqn,0,706,-31.2
dqn,0,708,-44.1
dqn,0,710,-10.0
dqn,0,712,-10.0
dqn,0,714,-35.4
dqn,0,715,-10.0
dqn,0,717,-10.0
dqn,0,718,-48.9
dqn,0,719,-53.4
dqn,0,723,-10.0
dqn,0,724,-93.3
dqn,0,725,-10.0
dqn,0,728,-10.0
dqn,0,729,-51.3
dqn,0,730,-10.0
dqn,0,731,-28.8
dqn,0,734,-30.9
dqn,0,739,-53.7
dqn,0,740,-34.5
dqn,0,741,-56.7
dqn,0,742,-85.5
dqn,0,743,-10.0
dqn,0,744,-10.0
dqn,0,745,-10.0
dqn,0,748,-48.0
dqn,0,749,-32.1
dqn,0,750,-10.0
dqn,0,751,-10.0
dqn,0,752,-10.0
dqn,0,757,-10.0
dqn,0,758,-30.6
dqn,0,759,-10.0
dqn,0,762,-64.2
dqn,0,765,-10.0
dqn,0,767,-10.0
dqn,0,769,-39.9
dqn,0,770,-10.0
dqn,0,771,-45.3
dqn,0,772,-10.0
dqn,0,776,-86.1
dqn,0,780,-48.9
dqn,0,781,-62.4
dqn,0,783,-42.3
dqn,0,784,-10.0
dqn,0,785,-10.0
dqn,0,787,-10.0
dqn,0,789,-48.3
dqn,0,790,-44.7
dqn,0,791,-25.8
dqn,0,792,-10.0
dqn,0,794,-35.4
dqn,0,795,-10.0
dqn,0,796,-35.7
dqn,0,797,-49.2
dqn,0,799,-10.0
dqn,0,804,-45.6
dqn,0,805,-70.8
dqn,0,806,-48.6
dqn,0,807,-10.0
dqn,0,808,-45.0
dqn,0,809,-10.0
dqn,0,814,-45.9
dqn,0,815,-10.0
dqn,0,818,-43.8
dqn,0,819,-10.0
dqn,0,821,-10.0
dqn,0,822,-10.0
dqn,0,823,-44.7
dqn,0,826,-39.6
dqn,0,827,-10.0
dqn,0,829,-10.0
dqn,0,831,-10.0
dqn,0,832,-43.5
dqn,0,833,-10.0
dqn,0,834,-10.0
dqn,0,835,-10.0
dqn,0,836,-10.0
dqn,0,838,-10.0
dqn,0,839,-28.8
dqn,0,840,-10.0
dqn,0,841,-31.2
dqn,0,842,-10.0
dqn,0,845,-42.6
dqn,0,847,-10.0
dqn,0,848,-10.0
dqn,0,850,-10.0
dqn,0,852,-42.6
dqn,0,854,-10.0
dqn,0,855,-54.9
dqn,0,856,-10.0
dqn,0,859,-40.5
dqn,0,860,-10.0
dqn,0,861,-10.0
dqn,0,867,-10.0
dqn,0,869,-38.1
dqn,0,871,-10.0
dqn,0,872,-10.0
dqn,0,875,-40.5
dqn,0,877,-10.0
dqn,0,878,-46.8
dqn,0,882,-10.0
dqn,0,883,-31.5
dqn,0,884,-10.0
dqn,0,885,-10.0
dqn,0,886,-43.5
dqn,0,887,-10.0
dqn,0,888,-10.0
dqn,0,889,-10.0
dqn,0,890,-48.6
dqn,0,891,-87.0
dqn,0,892,-10.0
dqn,0,893,-10.0
dqn,0,894,-53.7
dqn,0,895,-10.0
dqn,0,897,-10.0
dqn,0,899,-10.0
dqn,0,900,-87.0
dqn,0,901,-42.9
dqn,0,904,-33.6
dqn,0,907,-30.3
dqn,0,908,-10.0
dqn,0,911,-10.0
dqn,0,916,-48.6
dqn,0,919,-50.7
dqn,0,920,-34.2
dqn,0,923,-10.0
dqn,0,925,-10.0
dqn,0,927,-10.0
dqn,0,931,-60.6
dqn,0,933,-53.7
dqn,0,934,-70.8
dqn,0,935,-46.8
dqn,0,936,-10.0
dqn,0,937,-10.0
dqn,0,940,-54.3
dqn,0,941,-10.0
dqn,0,942,-10.0
dqn,0,943,-10.0
dqn,0,945,-33.3
dqn,0,946,-62.1
dqn,0,947,-42.9
dqn,0,950,-92.7
dqn,0,952,-31.8
dqn,0,954,-72.3
dqn,0,955,-10.0
dqn,0,956,-10.0
dqn,0,957,-10.0
dqn,0,961,-53.1
dqn,0,963,-10.0
dqn,0,965,-10.0
dqn,0,967,-33.3
dqn,0,971,-10.0
dqn,0,972,-10.0
dqn,0,973,-25.8
dqn,0,974,-10.0
dqn,0,975,-72.6
dqn,0,976,-10.0
dqn,0,980,-60.9
dqn,0,981,-10.0
dqn,0,982,-10.0
dqn,0,983,-10.0
dqn,0,986,-10.0
dqn,0,988,-33.3
dqn,0,989,-32.1
dqn,0,990,-56.7
dqn,0,992,-42.9
dqn,0,993,-44.7
dqn,0,995,-10.0
dqn,0,996,-10.0
dqn,0,997,-47.7
dqn,0,1000,-43.8
dqn,0,1003,-41.7
dqn,0,1004,-10.0
dqn,0,1005,-10.0
dqn,0,1006,-10.0
dqn,0,1009,-10.0
dqn,0,1013,-41.1
dqn,0,1015,-10.0
dqn,0,1017,-42.9
dqn,0,1019,-33.3
dqn,0,1022,-30.9
dqn,0,1025,-10.0
dqn,0,1026,-44.7
dqn,0,1029,-10.0
dqn,0,1032,-10.0
dqn,0,1036,-24.9
dqn,0,1039,-44.1
dqn,0,1040,-49.2
dqn,0,1043,-39.6
dqn,0,1045,-10.0
dqn,0,1046,-10.0
dqn,0,1047,-10.0
dqn,0,1050,-10.0
dqn,0,1051,-10.0
dqn,0,1052,-43.2
dqn,0,1053,-44.7
dqn,0,1057,-10.0
dqn,0,1058,-43.2
dqn,0,1059,-10.0
dqn,0,1061,-44.1
dqn,0,1062,-35.1
dqn,0,1064,-35.4
dqn,0,1065,-10.0
dqn,0,1067,-44.4
dqn,0,1068,-36.9
dqn,0,1070,-69.3
dqn,0,1071,-10.0
dqn,0,1073,-10.0
dqn,0,1074,-33.6
dqn,0,1075,-48.6
dqn,0,1077,-66.9
dqn,0,1079,-38.1
dqn,0,1081,-30.3
dqn,0,1082,-67.5
dqn,0,1083,-36.9
dqn,0,1084,-49.8
dqn,0,1087,-54.3
dqn,0,1088,-10.0
dqn,0,1089,-41.4
dqn,0,1090,-67.2
dqn,0,1092,-78.3
dqn,0,1093,-10.0
dqn,0,1094,-44.4
dqn,0,1096,-66.9
dqn,0,1097,-43.5
dqn,0,1099,-70.5
dqn,0,1100,-10.0
dqn,0,1102,-48.3
dqn,0,1104,-10.0
dqn,0,1106,-48.3
dqn,0,1109,-10.0
dqn,0,1110,-30.6
dqn,0,1111,-10.0
dqn,0,1114,-38.1
dqn,0,1116,-54.6
dqn,0,1118,-29.4
dqn,0,1125,-10.0
dqn,0,1126,-10.0
dqn,0,1127,-33.6
dqn,0,1128,-10.0
dqn,0,1129,-38.7
dqn,0,1130,-10.0
dqn,0,1133,-36.3
dqn,0,1135,-44.4
dqn,0,1136,-10.0
dqn,0,1137,-10.0
dqn,0,1139,-62.1
dqn,0,1142,-46.8
dqn,0,1143,-10.0
dqn,0,1144,-10.0
dqn,0,1145,-25.8
dqn,0,1147,-10.0
dqn,0,1148,-25.2
dqn,0,1150,-38.4
dqn,0,1151,-43.2
dqn,0,1154,-10.0
dqn,0,1156,-67.2
dqn,0,1157,-48.6
dqn,0,1160,-42.9
dqn,0,1162,-24.9
dqn,0,1163,-33.6
dqn,0,1166,-10.0
dqn,0,1168,-42.6
dqn,0,1171,-28.2
dqn,0,1172,-10.0
dqn,0,1173,-72.6
dqn,0,1175,-42.6
dqn,0,1177,-10.0
dqn,0,1179,-10.0
dqn,0,1180,-10.0
dqn,0,1182,-10.0
dqn,0,1183,-44.4
dqn,0,1185,-10.0
dqn,0,1188,-29.1
dqn,0,1194,-68.1
dqn,0,1195,-70.8
dqn,0,1196,-43.2
dqn,0,1201,-10.0
dqn,0,1203,-10.0
dqn,0,1206,-54.3
dqn,0,1207,-48.6
dqn,0,1208,-31.5
dqn,0,1210,-39.9
dqn,0,1211,-56.7
dqn,0,1212,-10.0
dqn,0,1213,-10.0
dqn,0,1218,-10.0
dqn,0,1220,-10.0
dqn,0,1221,-64.8
dqn,0,1222,-10.0
dqn,0,1223,-10.0
dqn,0,1225,-10.0
dqn,0,1228,-42.9
dqn,0,1229,-30.6
dqn,0,1230,-35.7
dqn,0,1233,-10.0
dqn,0,1236,-54.3
dqn,0,1237,-45.0
dqn,0,1240,-10.0
dqn,0,1245,-30.9
dqn,0,1246,-10.0
dqn,0,1248,-48.3
dqn,0,1249,-64.8
dqn,0,1250,-10.0
dqn,0,1251,-49.8
dqn,0,1252,-65.4
dqn,0,1253,-10.0
dqn,0,1254,-10.0
dqn,0,1256,-10.0
dqn,0,1263,-10.0
dqn,0,1265,-10.0
dqn,0,1267,-10.0
dqn,0,1268,-49.5
dqn,0,1269,-68.1
dqn,0,1274,-10.0
dqn,0,1278,-71.7
dqn,0,1279,-54.0
dqn,0,1280,-41.1
dqn,0,1281,-65.4
dqn,0,1285,-48.0
dqn,0,1286,-47.1
dqn,0,1288,-10.0
dqn,0,1290,-47.1
dqn,0,1291,-10.0
dqn,0,1292,-10.0
dqn,0,1293,-64.8
dqn,0,1296,-48.0
dqn,0,1297,-47.7
dqn,0,1299,-67.8
dqn,0,1300,-25.8
dqn,0,1301,-41.1
dqn,0,1302,-87.0
dqn,0,1303,-10.0
dqn,0,1304,-72.6
dqn,0,1309,-55.5
dqn,0,1311,-42.9
dqn,0,1312,-10.0
dqn,0,1313,-10.0
dqn,0,1315,-10.0
dqn,0,1316,-45.0
dqn,0,1317,-38.1
dqn,0,1318,-10.0
dqn,0,1320,-85.2
dqn,0,1322,-10.0
dqn,0,1326,-10.0
dqn,0,1328,-10.0
dqn,0,1329,-10.0
dqn,0,1330,-62.1
dqn,0,1331,-40.2
dqn,0,1333,-10.0
dqn,0,1338,-45.6
dqn,0,1341,-10.0
dqn,0,1346,-10.0
dqn,0,1349,-44.1
dqn,0,1350,-61.8
dqn,0,1352,-10.0
dqn,0,1356,-10.0
dqn,0,1358,-31.2
dqn,0,1363,-41.7
dqn,0,1365,-64.5
dqn,0,1366,-10.0
dqn,0,1367,-10.0
dqn,0,1370,-10.0
dqn,0,1373,-53.4
dqn,0,1375,-10.0
dqn,0,1376,-10.0
dqn,0,1379,-38.1
dqn,0,1380,-48.6
dqn,0,1382,-10.0
dqn,0,1383,-10.0
dqn,0,1384,-10.0
dqn,0,1386,-28.5
dqn,0,1388,-10.0
dqn,0,1389,-40.2
dqn,0,1390,-61.5
dqn,0,1391,-64.8
dqn,0,1392,-10.0
dqn,0,1395,-53.4
dqn,0,1396,-35.7
dqn,0,1397,-49.8
dqn,0,1398,-10.0
dqn,0,1399,-69.6
dqn,0,1400,-10.0
dqn,0,1402,-10.0
dqn,0,1403,-51.3
dqn,0,1406,-10.0
dqn,0,1409,-10.0
dqn,0,1411,-10.0
dqn,0,1413,-31.2
dqn,0,1415,-53.7
dqn,0,1416,-32.1
dqn,0,1419,-42.6
dqn,0,1421,-45.0
dqn,0,1422,-10.0
dqn,0,1423,-10.0
dqn,0,1426,-10.0
dqn,0,1430,-37.5
dqn,0,1431,-10.0
dqn,0,1433,-10.0
dqn,0,1435,-10.0
dqn,0,1436,-10.0
dqn,0,1439,-56.1
dqn,0,1440,-10.0
dqn,0,1446,-10.0
dqn,0,1448,-10.0
dqn,0,1451,-10.0
dqn,0,1454,-31.5
dqn,0,1456,-10.0
dqn,0,1457,-53.4
dqn,0,1462,-24.6
dqn,0,1464,-10.0
dqn,0,1465,-10.0
dqn,0,1467,-56.4
dqn,0,1469,-34.2
dqn,0,1470,-10.0
dqn,0,1471,-10.0
dqn,0,1472,-54.0
dqn,0,1474,-10.0
dqn,0,1475,-10.0
dqn,0,1476,-33.6
dqn,0,1477,-61.5
dqn,0,1480,-10.0
dqn,0,1481,-48.6
dqn,0,1483,-10.0
dqn,0,1485,-10.0
dqn,0,1486,-25.8
dqn,0,1487,-10.0
dqn,0,1488,-54.9
dqn,0,1491,-42.3
dqn,0,1492,-31.5
dqn,0,1493,-10.0
dqn,0,1494,-10.0
dqn,0,1496,-42.6
dqn,0,1498,-61.5
dqn,0,1499,-10.0
dqn,0,1500,-10.0
dqn,0,1501,-10.0
dqn,0,1502,-10.0
dqn,0,1504,-53.7
dqn,0,1508,-53.1
dqn,0,1512,-47.7
dqn,0,1514,-44.1
dqn,0,1515,-10.0
dqn,0,1517,-10.0
dqn,0,1522,-60.3
dqn,0,1525,-10.0
dqn,0,1526,-44.4
dqn,0,1529,-40.5
dqn,0,1530,-54.9
dqn,0,1534,-43.5
dqn,0,1536,-33.9
dqn,0,1537,-35.7
dqn,0,1538,-42.9
dqn,0,1541,-10.0
dqn,0,1544,-10.0
dqn,0,1546,-25.5
dqn,0,1547,-62.4
dqn,0,1551,-10.0
dqn,0,1555,-67.2
dqn,0,1556,-10.0
dqn,0,1557,-10.0
dqn,0,1558,-10.0
dqn,0,1560,-69.3
dqn,0,1563,-48.0
dqn,0,1568,-30.0
dqn,0,1569,-10.0
dqn,0,1571,-40.8
dqn,0,1572,-65.4
dqn,0,1573,-10.0
dqn,0,1574,-10.0
dqn,0,1575,-10.0
dqn,0,1580,-68.4
dqn,0,1583,-10.0
dqn,0,1584,-44.4
dqn,0,1587,-42.6
dqn,0,1588,-40.2
dqn,0,1590,-10.0
dqn,0,1595,-10.0
dqn,0,1596,-49.5
dqn,0,1599,-10.0
dqn,0,1600,-10.0
dqn,0,1601,-10.0
dqn,0,1603,-46.5
dqn,0,1604,-10.0
dqn,0,1607,-10.0
dqn,0,1611,-44.4
dqn,0,1612,-43.2
dqn,0,1613,-10.0
dqn,0,1615,-10.0
dqn,0,1620,-66.0
dqn,0,1624,-40.2
dqn,0,1627,-10.0
dqn,0,1629,-61.2
dqn,0,1631,-62.1
dqn,0,1633,-10.0
dqn,0,1634,-54.0
dqn,0,1635,-47.1
dqn,0,1636,-10.0
dqn,0,1638,-10.0
dqn,0,1642,-10.0
dqn,0,1644,-10.0
dqn,0,1645,-10.0
dqn,0,1646,-43.2
dqn,0,1649,-33.6
dqn,0,1657,-10.0
dqn,0,1660,-10.0
dqn,0,1667,-10.0
dqn,0,1668,-28.8
dqn,0,1672,-10.0
dqn,0,1674,-42.9
dqn,0,1676,-10.0
dqn,0,1679,-10.0
dqn,0,1681,-38.4
dqn,0,1682,-10.0
dqn,0,1685,-10.0
dqn,0,1686,-10.0
dqn,0,1687,-36.3
dqn,0,1689,-10.0
dqn,0,1690,-10.0
dqn,0,1691,-10.0
dqn,0,1695,-41.1
dqn,0,1697,-10.0
dqn,0,1699,-10.0
dqn,0,1704,-10.0
dqn,0,1705,-10.0
dqn,0,1706,-10.0
dqn,0,1714,-10.0
dqn,0,1715,-54.9
dqn,0,1718,-10.0
dqn,0,1720,-42.3
dqn,0,1722,-39.9
dqn,0,1723,-10.0
dqn,0,1725,-10.0
dqn,0,1727,-10.0
dqn,0,1729,-49.5
dqn,0,1731,-10.0
dqn,0,1732,-10.0
dqn,0,1735,-10.0
dqn,0,1736,-67.2
dqn,0,1738,-10.0
dqn,0,1739,-43.2
dqn,0,1743,-10.0
dqn,0,1745,-45.0
dqn,0,1746,-10.0
dqn,0,1747,-10.0
dqn,0,1750,-44.4
dqn,0,1752,-10.0
dqn,0,1753,-48.6
dqn,0,1755,-31.8
dqn,0,1756,-69.6
dqn,0,1758,-10.0
dqn,0,1761,-10.0
dqn,0,1763,-42.3
dqn,0,1764,-10.0
dqn,0,1766,-40.8
dqn,0,1768,-10.0
dqn,0,1769,-10.0
dqn,0,1771,-31.8
dqn,0,1773,-30.9
dqn,0,1774,-10.0
dqn,0,1776,-48.3
dqn,0,1777,-30.9
dqn,0,1781,-48.3
dqn,0,1783,-45.0
dqn,0,1784,-10.0
dqn,0,1785,-40.2
dqn,0,1786,-10.0
dqn,0,1787,-48.6
dqn,0,1789,-49.5
dqn,0,1791,-10.0
dqn,0,1793,-45.0
dqn,0,1797,-10.0
dqn,0,1801,-10.0
dqn,0,1803,-10.0
dqn,0,1804,-10.0
dqn,0,1805,-10.0
dqn,0,1807,-10.0
dqn,0,1810,-41.7
dqn,0,1812,-10.0
dqn,0,1813,-10.0
dqn,0,1815,-36.0
dqn,0,1819,-47.7
dqn,0,1820,-10.0
dqn,0,1822,-10.0
dqn,0,1823,-10.0
dqn,0,1825,-10.0
dqn,0,1829,-10.0
dqn,0,1832,-28.2
dqn,0,1833,-10.0
dqn,0,1835,-46.5
dqn,0,1841,-10.0
dqn,0,1844,-70.2
dqn,0,1845,-10.0
dqn,0,1848,-10.0
dqn,0,1849,-10.0
dqn,0,1851,-10.0
dqn,0,1853,-44.4
dqn,0,1855,-38.4
dqn,0,1857,-42.9
dqn,0,1859,-10.0
dqn,0,1860,-10.0
dqn,0,1863,-48.0
dqn,0,1866,-10.0
dqn,0,1867,-49.2
dqn,0,1868,-10.0
dqn,0,1876,-42.6
dqn,0,1879,-86.4
dqn,0,1880,-10.0
dqn,0,1886,-41.4
dqn,0,1888,-10.0
dqn,0,1889,-10.0
dqn,0,1897,-10.0
dqn,0,1899,-44.1
dqn,0,1901,-10.0
dqn,0,1902,-10.0
dqn,0,1904,-54.6
dqn,0,1906,-29.4
dqn,0,1907,-42.3
dqn,0,1914,-30.3
dqn,0,1915,-10.0
dqn,0,1920,-41.1
dqn,0,1921,-54.9
dqn,0,1929,-42.9
dqn,0,1931,-53.7
dqn,0,1935,-64.5
dqn,0,1937,-10.0
dqn,0,1939,-45.0
dqn,0,1941,-41.7
dqn,0,1945,-10.0
dqn,0,1946,-48.6
dqn,0,1948,-10.0
dqn,0,1949,-36.3
dqn,0,1951,-10.0
dqn,0,1952,-10.0
dqn,0,1954,-10.0
dqn,0,1955,-46.8
dqn,0,1956,-35.7
dqn,0,1959,-10.0
dqn,0,1960,-10.0
dqn,0,1961,-34.5
dqn,0,1967,-10.0
dqn,0,1974,-24.0
dqn,0,1977,-44.1
dqn,0,1982,-29.7
dqn,0,1984,-39.9
dqn,0,1985,-32.1
dqn,0,1989,-66.3
dqn,0,1990,-49.5
dqn,0,1992,-10.0
dqn,0,1993,-10.0
dqn,0,1999,-10.0
dqn,0,2000,-28.8
dqn,0,2001,-10.0
dqn,0,2002,-45.3
dqn,0,2003,-10.0
dqn,0,2004,-31.5
dqn,0,2007,-10.0
dqn,0,2010,-37.5
dqn,0,2015,-10.0
dqn,0,2017,-33.9
dqn,0,2019,-66.9
dqn,0,2021,-44.1
dqn,0,2033,-10.0
dqn,0,2034,-10.0
dqn,0,2035,-54.0
dqn,0,2036,-36.9
dqn,0,2039,-36.3
dqn,0,2041,-30.6
dqn,0,2048,-10.0
dqn,0,2049,-67.5
dqn,0,2050,-45.3
dqn,0,2054,-45.9
dqn,0,2055,-10.0
dqn,0,2058,-33.0
dqn,0,2061,-10.0
dqn,0,2075,-10.0
dqn,0,2076,-49.8
dqn,0,2080,-60.9
dqn,0,2084,-24.9
dqn,0,2087,-10.0
dqn,0,2088,-10.0
dqn,0,2090,-56.4
dqn,0,2091,-53.7
dqn,0,2095,-37.5
dqn,0,2096,-10.0
dqn,0,2098,-42.6
dqn,0,2100,-61.2
dqn,0,2102,-10.0
dqn,0,2105,-61.8
dqn,0,2106,-10.0
dqn,0,2108,-10.0
dqn,0,2109,-32.1
dqn,0,2110,-10.0
dqn,0,2113,-34.5
dqn,0,2117,-10.0
dqn,0,2119,-10.0
dqn,0,2122,-41.7
dqn,0,2126,-30.3
dqn,0,2128,-44.4
dqn,0,2130,-10.0
dqn,0,2131,-10.0
dqn,0,2137,-10.0
dqn,0,2138,-10.0
dqn,0,2142,-37.8
dqn,0,2148,-68.1
dqn,0,2157,-10.0
dqn,0,2158,-44.4
dqn,0,2159,-78.6
dqn,0,2162,-30.9
dqn,0,2165,-44.4
dqn,0,2166,-43.5
dqn,0,2171,-10.0
dqn,0,2172,-87.0
dqn,0,2173,-34.5
dqn,0,2175,-41.7
dqn,0,2180,-10.0
dqn,0,2181,-45.3
dqn,0,2182,-10.0
dqn,0,2183,-68.1
dqn,0,2184,-38.7
dqn,0,2188,-10.0
dqn,0,2191,-10.0
dqn,0,2192,-53.4
dqn,0,2193,-44.7
dqn,0,2194,-10.0
dqn,0,2195,-31.2
dqn,0,2196,-10.0
dqn,0,2199,-53.4
dqn,0,2202,-10.0
dqn,0,2204,-10.0
dqn,0,2208,-10.0
dqn,0,2210,-10.0
dqn,0,2211,-42.9
dqn,0,2213,-47.4
dqn,0,2217,-10.0
dqn,0,2219,-10.0
dqn,0,2220,-61.5
dqn,0,2221,-10.0
dqn,0,2223,-10.0
dqn,0,2226,-41.4
dqn,0,2230,-66.6
dqn,0,2231,-49.8
dqn,0,2233,-10.0
dqn,0,2235,-10.0
dqn,0,2236,-10.0
dqn,0,2237,-42.3
dqn,0,2238,-10.0
dqn,0,2239,-10.0
dqn,0,2240,-10.0
dqn,0,2241,-10.0
dqn,0,2243,-33.3
dqn,0,2245,-45.0
dqn,0,2246,-10.0
dqn,0,2248,-93.0
dqn,0,2250,-10.0
dqn,0,2251,-10.0
dqn,0,2252,-10.0
dqn,0,2253,-35.7
dqn,0,2254,-10.0
dqn,0,2256,-10.0
dqn,0,2257,-41.1
dqn,0,2258,-42.3
dqn,0,2261,-42.9
dqn,0,2265,-31.2
dqn,0,2266,-25.2
dqn,0,2268,-10.0
dqn,0,2270,-78.3
dqn,0,2273,-10.0
dqn,0,2274,-62.1
dqn,0,2277,-35.1
dqn,0,2278,-33.6
dqn,0,2280,-46.5
dqn,0,2282,-10.0
dqn,0,2285,-10.0
dqn,0,2290,-10.0
dqn,0,2291,-10.0
dqn,0,2293,-69.3
dqn,0,2294,-47.1
dqn,0,2295,-10.0
dqn,0,2296,-28.8
dqn,0,2297,-53.4
dqn,0,2299,-46.5
dqn,0,2301,-10.0
dqn,0,2302,-53.4
dqn,0,2303,-10.0
dqn,0,2304,-78.6
dqn,0,2305,-25.8
dqn,0,2308,-46.2
dqn,0,2310,-61.2
dqn,0,2315,-37.5
dqn,0,2320,-10.0
dqn,0,2322,-10.0
dqn,0,2324,-10.0
dqn,0,2326,-53.1
dqn,0,2327,-10.0
dqn,0,2328,-10.0
dqn,0,2330,-10.0
dqn,0,2333,-92.7
dqn,0,2334,-44.4
dqn,0,2336,-31.8
dqn,0,2337,-87.0
dqn,0,2339,-86.7
dqn,0,2340,-31.2
dqn,0,2343,-47.1
dqn,0,2344,-10.0
dqn,0,2345,-34.2
dqn,0,2346,-10.0
dqn,0,2353,-60.3
dqn,0,2357,-43.5
dqn,0,2358,-38.4
dqn,0,2362,-46.2
dqn,0,2363,-32.1
dqn,0,2364,-10.0
dqn,0,2369,-10.0
dqn,0,2373,-10.0
dqn,0,2374,-10.0
dqn,0,2375,-10.0
dqn,0,2381,-10.0
dqn,0,2382,-31.5
dqn,0,2383,-48.9
dqn,0,2385,-10.0
dqn,0,2401,-10.0
dqn,0,2406,-10.0
dqn,0,2407,-47.7
dqn,0,2409,-10.0
dqn,0,2410,-35.7
dqn,0,2411,-10.0
dqn,0,2412,-53.7
dqn,0,2417,-10.0
dqn,0,2419,-10.0
dqn,0,2424,-71.4
dqn,0,2427,-10.0
dqn,0,2429,-10.0
dqn,0,2431,-10.0
dqn,0,2434,-10.0
dqn,0,2437,-39.6
dqn,0,2438,-10.0
dqn,0,2439,-10.0
dqn,0,2442,-40.5
dqn,0,2445,-10.0
dqn,0,2446,-10.0
dqn,0,2449,-10.0
dqn,0,2453,-92.4
dqn,0,2455,-42.6
dqn,0,2459,-30.6
dqn,0,2462,-43.5
dqn,0,2463,-25.8
dqn,0,2464,-54.0
dqn,0,2474,-10.0
dqn,0,2476,-10.0
dqn,0,2480,-10.0
dqn,0,2481,-10.0
dqn,0,2483,-42.9
dqn,0,2484,-10.0
dqn,0,2487,-30.9
dqn,0,2490,-10.0
dqn,0,2491,-10.0
dqn,0,2493,-29.4
dqn,0,2494,-10.0
dqn,0,2504,-10.0
dqn,0,2509,-61.2
dqn,0,2517,-10.0
dqn,0,2521,-27.9
dqn,0,2522,-49.5
dqn,0,2523,-10.0
dqn,0,2524,-10.0
dqn,0,2525,-10.0
dqn,0,2527,-29.4
dqn,0,2536,-36.6
dqn,0,2538,-10.0
dqn,0,2543,-10.0
dqn,0,2547,-53.1
dqn,0,2549,-10.0
dqn,0,2552,-10.0
dqn,0,2556,-60.6
dqn,0,2559,-35.1
dqn,0,2561,-10.0
dqn,0,2563,-10.0
dqn,0,2565,-42.0
dqn,0,2566,-53.7
dqn,0,2568,-10.0
dqn,0,2572,-10.0
dqn,0,2575,-10.0
dqn,0,2577,-43.2
dqn,0,2587,-33.0
dqn,0,2591,-10.0
dqn,0,2596,-10.0
dqn,0,2597,-61.5
dqn,0,2598,-56.7
dqn,0,2599,-85.5
dqn,0,2601,-10.0
dqn,0,2607,-10.0
dqn,0,2609,-48.3
dqn,0,2610,-10.0
dqn,0,2612,-10.0
dqn,0,2620,-10.0
dqn,0,2621,-33.6
dqn,0,2625,-10.0
dqn,0,2629,-10.0
dqn,0,2636,-10.0
dqn,0,2640,-10.0
dqn,0,2641,-28.8
dqn,0,2644,-53.4
dqn,0,2647,-39.6
dqn,0,2649,-44.4
dqn,0,2650,-10.0
dqn,0,2658,-40.5
dqn,0,2659,-53.7
dqn,0,2660,-10.0
dqn,0,2661,-10.0
dqn,0,2667,-47.4
dqn,0,2674,-52.2
dqn,0,2677,-10.0
dqn,0,2679,-46.5
dqn,0,2681,-10.0
dqn,0,2683,-10.0
dqn,0,2684,-62.4
dqn,0,2688,-33.6
dqn,0,2693,-41.7
dqn,0,2695,-37.8
dqn,0,2697,-10.0
dqn,0,2698,-10.0
dqn,0,2699,-10.0
dqn,0,2701,-48.3
dqn,0,2705,-84.6
dqn,0,2714,-45.0
dqn,0,2726,-61.5
dqn,0,2733,-10.0
dqn,0,2743,-10.0
dqn,0,2744,-10.0
dqn,0,2749,-10.0
dqn,0,2752,-67.5
dqn,0,2754,-10.0
dqn,0,2756,-45.0
dqn,0,2760,-10.0
dqn,0,2762,-10.0
dqn,0,2764,-10.0
dqn,0,2772,-45.6
dqn,0,2778,-10.0
dqn,0,2779,-10.0
dqn,0,2781,-10.0
dqn,0,2784,-39.6
dqn,0,2786,-49.2
dqn,0,2788,-46.5
dqn,0,2790,-10.0
dqn,0,2794,-10.0
dqn,0,2799,-32.4
dqn,0,2801,-70.5
dqn,0,2804,-37.5
dqn,0,2808,-47.7
dqn,0,2809,-31.2
dqn,0,2810,-10.0
dqn,0,2811,-45.3
dqn,0,2813,-43.8
dqn,0,2814,-43.2
dqn,0,2819,-53.7
dqn,0,2821,-48.3
dqn,0,2828,-29.4
dqn,0,2830,-33.3
dqn,0,2834,-54.0
dqn,0,2836,-10.0
dqn,0,2839,-25.2
dqn,0,2841,-10.0
dqn,0,2846,-10.0
dqn,0,2849,-48.0
dqn,0,2854,-66.9
dqn,0,2856,-44.7
dqn,0,2857,-10.0
dqn,0,2859,-10.0
dqn,0,2862,-72.0
dqn,0,2863,-41.1
dqn,0,2865,-42.9
dqn,0,2870,-43.2
dqn,0,2871,-10.0
dqn,0,2878,-60.3
dqn,0,2880,-48.3
dqn,0,2881,-10.0
dqn,0,2882,-87.0
dqn,0,2898,-50.4
dqn,0,2899,-10.0
dqn,0,2905,-10.0
dqn,0,2906,-56.7
dqn,0,2908,-10.0
dqn,0,2911,-10.0
dqn,0,2912,-56.7
dqn,0,2918,-10.0
dqn,0,2921,-84.9
dqn,0,2929,-36.6
dqn,0,2930,-10.0
dqn,0,2931,-34.2
dqn,0,2937,-60.3
dqn,0,2941,-10.0
dqn,0,2948,-46.8
dqn,0,2950,-42.9
dqn,0,2952,-10.0
dqn,0,2956,-10.0
dqn,0,2969,-10.0
dqn,0,2973,-10.0
dqn,0,2982,-42.3
dqn,0,2986,-37.8
dqn,0,2988,-10.0
dqn,0,2990,-10.0
dqn,0,2991,-64.8
dqn,0,2992,-41.1
dqn,0,3001,-10.0
dqn,0,3002,-10.0
dqn,0,3004,-10.0
dqn,0,3017,-45.3
dqn,0,3019,-10.0
dqn,0,3023,-10.0
dqn,0,3024,-65.4
dqn,0,3025,-25.8
dqn,0,3030,-10.0
dqn,0,3031,-10.0
dqn,0,3035,-47.7
dqn,0,3038,-10.0
dqn,0,3043,-10.0
dqn,0,3045,-39.9
dqn,0,3052,-51.6
dqn,0,3054,-43.2
dqn,0,3056,-10.0
dqn,0,3059,-10.0
dqn,0,3065,-39.6
dqn,0,3071,-42.9
dqn,0,3078,-54.9
dqn,0,3079,-34.2
dqn,0,3082,-10.0
dqn,0,3084,-10.0
dqn,0,3089,-66.9
dqn,0,3094,-10.0
dqn,0,3095,-10.0
dqn,0,3099,-10.0
dqn,0,3100,-10.0
dqn,0,3101,-41.4
dqn,0,3108,-10.0
dqn,0,3110,-39.9
dqn,0,3118,-10.0
dqn,0,3125,-47.1
dqn,0,3126,-10.0
dqn,0,3127,-33.6
dqn,0,3134,-21.3
dqn,0,3135,-10.0
dqn,0,3143,-10.0
dqn,0,3145,-44.1
dqn,0,3147,-10.0
dqn,0,3151,-10.0
dqn,0,3160,-42.0
dqn,0,3161,-10.0
dqn,0,3164,-54.3
dqn,0,3170,-10.0
dqn,0,3173,-44.1
dqn,0,3175,-40.8
dqn,0,3184,-10.0
dqn,0,3204,-10.0
dqn,0,3215,-58.8
dqn,0,3216,-53.4
dqn,0,3220,-10.0
dqn,0,3221,-48.9
dqn,0,3223,-10.0
dqn,0,3224,-44.7
dqn,0,3248,-35.4
dqn,0,3249,-34.5
dqn,0,3250,-10.0
dqn,0,3251,-41.1
dqn,0,3253,-10.0
dqn,0,3256,-10.0
dqn,0,3257,-30.9
dqn,0,3259,-10.0
dqn,0,3262,-31.5
dqn,0,3264,-10.0
dqn,0,3267,-53.4
dqn,0,3271,-10.0
dqn,0,3274,-43.5
dqn,0,3276,-10.0
dqn,0,3277,-44.4
dqn,0,3279,-10.0
dqn,0,3283,-10.0
dqn,0,3286,-10.0
dqn,0,3288,-10.0
dqn,0,3294,-85.5
dqn,0,3295,-28.8
dqn,0,3297,-10.0
dqn,0,3300,-10.0
dqn,0,3301,-54.9
dqn,0,3305,-24.9
dqn,0,3313,-40.8
dqn,0,3316,-10.0
dqn,0,3317,-10.0
dqn,0,3319,-10.0
dqn,0,3327,-10.0
dqn,0,3330,-10.0
dqn,0,3332,-10.0
dqn,0,3337,-53.7
dqn,0,3344,-34.5
dqn,0,3350,-10.0
dqn,0,3355,-10.0
dqn,0,3358,-10.0
dqn,0,3362,-37.8
dqn,0,3369,-29.4
dqn,0,3374,-69.6
dqn,0,3377,-10.0
dqn,0,3379,-10.0
dqn,0,3384,-10.0
dqn,0,3387,-10.0
dqn,0,3396,-10.0
dqn,0,3397,-10.0
dqn,0,3398,-44.4
dqn,0,3404,-69.3
dqn,0,3407,-10.0
dqn,0,3408,-10.0
dqn,0,3413,-66.9
dqn,0,3420,-10.0
dqn,0,3422,-10.0
dqn,0,3424,-33.9
dqn,0,3425,-30.9
dqn,0,3428,-42.3
dqn,0,3431,-38.1
dqn,0,3432,-69.6
dqn,0,3437,-10.0
dqn,0,3441,-10.0
dqn,0,3442,-36.9
dqn,0,3452,-39.6
dqn,0,3467,-66.6
dqn,0,3473,-10.0
dqn,0,3476,-46.2
dqn,0,3482,-10.0
dqn,0,3484,-10.0
dqn,0,3492,-33.6
dqn,0,3498,-45.3
dqn,0,3505,-10.0
dqn,0,3512,-38.4
dqn,0,3514,-10.0
dqn,0,3517,-10.0
dqn,0,3520,-10.0
dqn,0,3527,-10.0
dqn,0,3529,-42.6
dqn,0,3543,-44.7
dqn,0,3545,-45.0
dqn,0,3546,-10.0
dqn,0,3554,-47.4
dqn,0,3559,-10.0
dqn,0,3564,-41.1
dqn,0,3567,-10.0
dqn,0,3568,-44.7
dqn,0,3569,-10.0
dqn,0,3573,-10.0
dqn,0,3577,-10.0
dqn,0,3586,-10.0
dqn,0,3590,-10.0
dqn,0,3592,-10.0
dqn,0,3602,-54.0
dqn,0,3605,-10.0
dqn,0,3608,-10.0
dqn,0,3615,-10.0
dqn,0,3627,-10.0
dqn,0,3631,-28.8
dqn,0,3636,-10.0
dqn,0,3643,-10.0
dqn,0,3644,-10.0
dqn,0,3653,-10.0
dqn,0,3654,-28.8
dqn,0,3655,-28.8
dqn,0,3656,-10.0
dqn,0,3658,-45.0
dqn,0,3660,-10.0
dqn,0,3666,-10.0
dqn,0,3668,-10.0
dqn,0,3672,-48.0
dqn,0,3676,-10.0
dqn,0,3686,-10.0
dqn,0,3701,-10.0
dqn,0,3712,-67.8
dqn,0,3718,-10.0
dqn,0,3723,-10.0
dqn,0,3727,-10.0
dqn,0,3728,-43.2
dqn,0,3729,-56.7
dqn,0,3736,-47.7
dqn,0,3739,-61.8
dqn,0,3751,-10.0
dqn,0,3752,-10.0
dqn,0,3757,-41.1
dqn,0,3758,-53.7
dqn,0,3760,-49.5
dqn,0,3763,-31.5
dqn,0,3766,-10.0
dqn,0,3772,-10.0
dqn,0,3777,-45.6
dqn,0,3785,-10.0
dqn,0,3794,-42.0
dqn,0,3817,-32.1
dqn,0,3821,-71.7
dqn,0,3829,-10.0
dqn,0,3835,-29.1
dqn,0,3837,-48.3
dqn,0,3839,-45.0
dqn,0,3843,-24.9
dqn,0,3847,-37.8
dqn,0,3856,-59.1
dqn,0,3861,-32.4
dqn,0,3864,-10.0
dqn,0,3871,-23.4
dqn,0,3872,-61.5
dqn,0,3878,-48.0
dqn,0,3880,-10.0
dqn,0,3888,-10.0
dqn,0,3890,-48.9
dqn,0,3904,-27.0
dqn,0,3905,-33.6
dqn,0,3915,-32.4
dqn,0,3916,-10.0
dqn,0,3920,-40.5
dqn,0,3921,-10.0
dqn,0,3923,-10.0
dqn,0,3929,-40.5
dqn,0,3935,-52.5
dqn,0,3941,-10.0
dqn,0,3949,-68.7
dqn,0,3956,-47.7
dqn,0,3960,-24.9
dqn,0,3963,-70.2
dqn,0,3969,-53.4
dqn,0,3980,-82.5
dqn,0,3981,-30.9
dqn,0,3991,-75.9
dqn,0,4003,-10.0
dqn,0,4005,-10.0
dqn,0,4006,-10.0
dqn,0,4007,-10.0
dqn,0,4008,-42.9
dqn,0,4026,-10.0
dqn,0,4034,-10.0
dqn,0,4037,-78.0
dqn,0,4057,-59.7
dqn,0,4061,-68.7
dqn,0,4062,-56.7
dqn,0,4063,-41.1
dqn,0,4064,-10.0
dqn,0,4065,-40.2
dqn,0,4072,-45.9
dqn,0,4073,-10.0
dqn,0,4074,-44.1
dqn,0,4102,-10.0
dqn,0,4103,-10.0
dqn,0,4115,-10.0
dqn,0,4124,-39.9
dqn,0,4132,-40.5
dqn,0,4150,-10.0
dqn,0,4152,-10.0
dqn,0,4161,-10.0
dqn,0,4162,-54.0
dqn,0,4173,-41.7
dqn,0,4179,-10.0
dqn,0,4180,-68.1
dqn,0,4188,-10.0
dqn,0,4192,-41.4
dqn,0,4194,-10.0
dqn,0,4199,-10.0
dqn,0,4205,-10.0
dqn,0,4206,-10.0
dqn,0,4223,-10.0
dqn,0,4228,-35.7
dqn,0,4251,-10.0
dqn,0,4253,-10.0
dqn,0,4264,-10.0
dqn,0,4266,-10.0
dqn,0,4274,-10.0
dqn,0,4277,-36.3
dqn,0,4285,-38.1
dqn,0,4292,-42.3
dqn,0,4293,-61.5
dqn,0,4295,-10.0
dqn,0,4317,-10.0
dqn,0,4332,-10.0
dqn,0,4336,-77.7
dqn,0,4356,-10.0
dqn,0,4369,-10.0
dqn,0,4377,-40.5
dqn,0,4389,-53.4
dqn,0,4411,-40.8
dqn,0,4433,-18.9
dqn,0,4438,-10.0
dqn,0,4439,-25.8
dqn,0,4450,-10.0
dqn,0,4454,-38.1
dqn,0,4458,-63.9
dqn,0,4463,-10.0
dqn,0,4465,-10.0
dqn,0,4469,-10.0
dqn,0,4470,-10.0
dqn,0,4480,-10.0
dqn,0,4493,-10.0
dqn,0,4504,-10.0
dqn,0,4505,-10.0
dqn,0,4544,-30.0
dqn,0,4560,-10.0
dqn,0,4586,-10.0
dqn,0,4599,-10.0
dqn,0,4614,-27.9
dqn,0,4624,-65.4
dqn,0,4625,-49.8
dqn,0,4633,-10.0
dqn,0,4636,-38.1
dqn,0,4657,-10.0
dqn,0,4671,-10.0
dqn,0,4683,-45.3
dqn,0,4704,-10.0
dqn,0,4744,-10.0
dqn,0,4751,-28.8
dqn,0,4761,-90.6
dqn,0,4764,-10.0
dqn,0,4776,-10.0
dqn,0,4784,-10.0
dqn,0,4790,-27.3
dqn,0,4831,-10.0
dqn,0,4874,-36.0
dqn,0,4879,-10.0
dqn,0,4892,-45.0
dqn,0,4943,-10.0
dqn,0,4944,-49.8
dqn,0,4954,-10.0
dqn,0,4976,-29.4
dqn,0,4994,-33.0
dqn,0,5049,-24.9
dqn,0,5135,-10.0
dqn,0,5190,-32.4
dqn,0,5275,-10.0
dqn,0,5276,-45.0
dqn,0,5321,-10.0
dqn,0,5334,-10.0
dqn,0,5349,-36.0
dqn,0,5360,-39.9
dqn,0,5391,-39.6
dqn,0,5442,-28.2
dqn,0,5477,-28.2
dqn,0,5524,-54.3
dqn,0,5554,-35.4
dqn,0,5557,-42.6
dqn,0,5560,-53.4
dqn,0,5563,-53.4
dqn,0,5619,-48.9
dqn,0,5667,-10.0
dqn,0,5804,-50.0
dqn,0,5840,-10.0
dqn,0,5946,-10.0
dqn,0,5992,-10.0
dqn,0,6040,-58.5
dqn,0,6045,-10.0
dqn,0,6053,-10.0
dqn,0,6115,-10.0
dqn,0,6119,-31.2
dqn,0,6123,-10.0
dqn,0,6251,-6.0
dqn,0,6253,-10.0
dqn,0,6273,-30.6
dqn,0,6338,-11.7
dqn,0,6344,-10.0
dqn,0,6358,-10.0
dqn,0,6403,-10.0
dqn,0,6415,-39.9
dqn,0,6440,-35.1
dqn,0,6451,-10.0
dqn,0,6481,-39.9
dqn,0,6531,-28.2
dqn,0,6533,-69.3
dqn,0,6625,-18.0
dqn,0,6660,-10.0
dqn,0,6696,-20.1
dqn,0,6697,-48.6
dqn,0,6732,-10.0
dqn,0,6746,-10.0
dqn,0,6758,-10.0
dqn,0,6771,-10.0
dqn,0,6810,-10.0
dqn,0,6829,-56.4
dqn,0,6923,2.1
dqn,0,6997,-10.0
dqn,0,7098,-2.1
dqn,0,7122,-10.0
dqn,0,7124,-61.2
dqn,0,7145,-63.6
dqn,0,7195,-10.0
dqn,0,7221,-46.5
dqn,0,7259,-10.0
dqn,0,7262,-50.7
dqn,0,7282,-10.0
dqn,0,7296,-38.4
dqn,0,7319,-35.7
dqn,0,7363,-41.1
dqn,0,7369,-47.7
dqn,0,7370,-10.0
dqn,0,7405,-10.0
dqn,0,7462,-10.0
dqn,0,7490,-43.2
dqn,0,7509,-10.0
dqn,0,7548,-42.3
dqn,0,7557,-10.0
dqn,0,7562,-55.5
dqn,0,7571,-10.0
dqn,0,7574,-40.5
dqn,0,7576,-78.3
dqn,0,7587,-20.1
dqn,0,7717,-10.0
dqn,0,7736,-10.0
dqn,0,7741,-10.0
dqn,0,7789,-20.1
dqn,0,7802,-10.0
dqn,0,7920,-10.0
dqn,0,7986,-25.2
dqn,0,7992,-41.1
dqn,0,8001,-47.4
dqn,0,8006,-30.9
dqn,0,8043,-10.0
dqn,0,8053,-10.0
dqn,0,8238,-50.0
dqn,0,8288,-10.0
dqn,0,8349,-10.0
dqn,0,8412,-48.9
dqn,0,8423,-36.0
dqn,0,8437,-10.0
dqn,0,8501,-10.0
dqn,0,8522,-10.0
dqn,0,8536,-63.6
dqn,0,8545,-10.0
dqn,0,8571,-26.7
dqn,0,8595,-86.4
dqn,0,8617,-36.3
dqn,0,8626,-28.5
dqn,0,8713,-10.0
dqn,0,8715,-10.0
dqn,0,8737,-39.0
dqn,0,8760,-10.0
dqn,0,8785,-24.0
dqn,0,8788,-10.0
dqn,0,8802,-10.0
dqn,0,8807,-10.0
dqn,0,8832,-31.5
dqn,0,8846,-10.0
dqn,0,8880,-10.0
dqn,0,8885,-10.0
dqn,0,8891,-10.0
dqn,0,8916,-10.0
dqn,0,8936,-10.0
dqn,0,8946,-10.0
dqn,0,8956,-10.0
dqn,0,8968,-10.0
dqn,0,8977,-10.0
dqn,0,9004,-25.8
dqn,0,9014,-10.0
dqn,0,9017,-10.0
dqn,0,9061,-42.0
dqn,0,9091,-40.8
dqn,0,9134,-32.7
dqn,0,9156,-10.0
dqn,0,9161,-10.0
dqn,0,9221,-26.7
dqn,0,9242,-10.0
dqn,0,9281,-10.0
dqn,0,9282,-10.0
dqn,0,9410,-27.3
dqn,0,9479,-10.0
dqn,0,9565,-19.8
dqn,0,9568,-10.0
dqn,0,9586,-10.0
dqn,0,9608,-10.0
dqn,0,9656,-10.0
dqn,0,9710,-10.0
dqn,0,9739,-53.4
dqn,0,9755,-10.0
dqn,0,9824,-10.0
dqn,0,9920,-10.0
dqn,0,9942,-19.5
dqn,0,9949,-39.6
dqn,0,9968,-28.2
dqn,0,9976,-31.5
dqn,0,10016,-18.9
dqn,0,10020,-10.0
dqn,0,10125,-10.0
dqn,0,10186,-10.0
dqn,0,10188,-10.0
dqn,0,10191,-10.0
dqn,0,10219,-10.0
dqn,0,10244,-37.5
dqn,0,10268,-55.2
dqn,0,10320,-10.0
dqn,0,10354,-10.0
dqn,0,10355,-10.0
dqn,0,10394,-23.7
dqn,0,10406,-10.0
dqn,0,10481,-10.0
dqn,0,10515,-10.0
dqn,0,10542,-46.2
dqn,0,10596,-10.0
dqn,0,10622,-10.0
dqn,0,10658,-46.2
dqn,0,10712,-23.1
dqn,0,10723,-25.8
dqn,0,10748,-10.0
dqn,0,10755,-10.0
dqn,0,10885,-10.0
dqn,0,10909,-10.0
dqn,0,10927,-10.0
dqn,0,10990,-10.0
dqn,0,11160,-50.0
dqn,0,11169,-10.0
dqn,0,11217,-10.0
dqn,0,11257,-10.0
dqn,0,11296,-61.2
dqn,0,11346,-28.8
dqn,0,11357,-65.1
dqn,0,11374,-10.0
dqn,0,11379,-55.5
dqn,0,11389,-32.4
dqn,0,11391,-42.6
dqn,0,11424,-10.0
dqn,0,11428,-39.3
dqn,0,11474,-10.0
dqn,0,11475,-10.0
dqn,0,11490,-10.0
dqn,0,11606,4.8
dqn,0,11711,-10.2
dqn,0,11718,-10.0
dqn,0,11765,-10.0
dqn,0,11770,-39.0
dqn,0,11785,-10.0
dqn,0,11831,-10.0
dqn,0,11956,5.1
dqn,0,11967,-36.0
dqn,0,12147,-50.0
dqn,0,12164,-62.4
dqn,0,12167,-10.0
dqn,0,12174,-36.6
dqn,0,12180,-10.0
dqn,0,12275,2.4
dqn,0,12280,-10.0
dqn,0,12349,-47.7
dqn,0,12365,-30.0
dqn,0,12372,-10.0
dqn,0,12407,-10.0
dqn,0,12417,-20.4
dqn,0,12449,-20.4
dqn,0,12490,-55.5
dqn,0,12547,-10.0
dqn,0,12571,-10.0
dqn,0,12577,-10.0
dqn,0,12591,-66.9
dqn,0,12683,-21.3
dqn,0,12702,-10.0
dqn,0,12723,-48.0
dqn,0,12775,-10.0
dqn,0,12781,-10.0
dqn,0,12827,-10.0
dqn,0,12837,-23.1
dqn,0,12859,-10.0
dqn,0,12862,-10.0
dqn,0,12886,-10.0
dqn,0,12887,-10.0
dqn,0,12921,-33.0
dqn,0,12941,-34.5
dqn,0,12945,-10.0
dqn,0,12957,-45.6
dqn,0,12978,-10.0
dqn,0,13000,-25.2
dqn,0,13054,-10.0
dqn,0,13151,-10.0
dqn,0,13164,-58.8
dqn,0,13182,-28.5
dqn,0,13190,-10.0
dqn,0,13237,-10.0
dqn,0,13238,-67.2
dqn,0,13254,-27.0
dqn,0,13261,-30.3
dqn,0,13266,-52.2
dqn,0,13304,-10.0
dqn,0,13352,-10.0
dqn,0,13361,-84.6
dqn,0,13402,-33.3
dqn,0,13412,-10.0
dqn,0,13461,-10.0
dqn,0,13462,-10.0
dqn,0,13497,-10.0
dqn,0,13518,-10.0
dqn,0,13528,-10.0
dqn,0,13552,-71.7
dqn,0,13566,-10.0
dqn,0,13658,-21.3
dqn,0,13681,-31.8
dqn,0,13690,-23.4
dqn,0,13707,-10.0
dqn,0,13795,-3.6
dqn,0,13842,-10.0
dqn,0,13862,-35.4
dqn,0,13897,-10.0
dqn,0,13917,-37.8
dqn,0,13931,-10.0
dqn,0,13959,-33.0
dqn,0,13992,-10.0
dqn,0,14003,-35.7
dqn,0,14022,-10.0
dqn,0,14064,-23.4
dqn,0,14067,-41.4
dqn,0,14137,-10.0
dqn,0,14164,-10.0
dqn,0,14178,-10.0
dqn,0,14204,-34.8
dqn,0,14208,-10.0
dqn,0,14266,-10.0
dqn,0,14285,-33.3
dqn,0,14287,-48.3
dqn,0,14300,-45.0
dqn,0,14344,-30.3
dqn,0,14374,-10.0
dqn,0,14398,-10.0
dqn,0,14404,-41.4
dqn,0,14415,-33.9
dqn,0,14422,-42.6
dqn,0,14431,-10.0
dqn,0,14445,-10.0
dqn,0,14457,-39.3
dqn,0,14463,-10.0
dqn,0,14507,-10.0
dqn,0,14533,-10.0
dqn,0,14556,-32.1
dqn,0,14584,-24.0
dqn,0,14648,-10.0
dqn,0,14662,-10.0
dqn,0,14687,-10.0
dqn,0,14743,-15.6
dqn,0,14811,-18.0
dqn,0,14844,-10.0
dqn,0,14888,-23.4
dqn,0,14914,-35.7
dqn,0,14938,-10.0
dqn,0,14967,-10.0
dqn,0,14984,-10.0
dqn,0,15035,-21.3
dqn,0,15073,-10.0
dqn,0,15115,-66.3
dqn,0,15125,-10.0
dqn,0,15267,-10.0
dqn,0,15307,-57.9
dqn,0,15363,-10.0
dqn,0,15388,-10.0
dqn,0,15417,-10.0
dqn,0,15435,-43.5
dqn,0,15454,-10.0
dqn,0,15456,-10.0
dqn,0,15467,-41.1
dqn,0,15474,-10.0
dqn,0,15480,-52.2
dqn,0,15483,-78.0
dqn,0,15508,-65.4
dqn,0,15578,-19.5
dqn,0,15579,-42.3
dqn,0,15583,-30.0
dqn,0,15587,-40.2
dqn,0,15705,-10.0
dqn,0,15709,-30.6
dqn,0,15742,-10.0
dqn,0,15781,-10.0
dqn,0,15796,-10.0
dqn,0,15829,-10.0
dqn,0,15940,-10.0
dqn,0,16001,-10.0
dqn,0,16016,-10.0
dqn,0,16033,-33.6
dqn,0,16060,-10.0
dqn,0,16084,-10.0
dqn,0,16182,-13.2
dqn,0,16244,-10.0
dqn,0,16263,-10.0
dqn,0,16269,-30.6
dqn,0,16311,-10.0
dqn,0,16344,-10.0
dqn,0,16357,-10.0
dqn,0,16371,-27.3
dqn,0,16394,-37.8
dqn,0,16407,-10.0
dqn,0,16432,-10.0
dqn,0,16440,-10.0
dqn,0,16450,-10.0
dqn,0,16471,-62.1
dqn,0,16504,-35.7
dqn,0,16506,-61.2
dqn,0,16512,-65.7
dqn,0,16521,-31.2
dqn,0,16556,-52.2
dqn,0,16649,-40.5
dqn,0,16654,-84.3
dqn,0,16667,-45.3
dqn,0,16681,-41.4
dqn,0,16686,-10.0
dqn,0,16762,-10.0
dqn,0,16787,-30.9
dqn,0,16832,-73.8
dqn,0,16834,-48.3
dqn,0,16865,-34.5
dqn,0,16906,-10.0
dqn,0,16958,-9.9
dqn,0,16964,-30.0
dqn,0,17002,-10.0
dqn,0,17005,-10.0
dqn,0,17081,-10.0
dqn,0,17177,-12.6
dqn,0,17200,-10.0
dqn,0,17243,-10.0
dqn,0,17246,-10.0
dqn,0,17253,-10.0
dqn,0,17296,-28.8
dqn,0,17307,-10.0
dqn,0,17311,-31.2
dqn,0,17330,-10.0
dqn,0,17340,-45.9
dqn,0,17348,-46.8
dqn,0,17369,-39.3
dqn,0,17398,-34.8
dqn,0,17412,-10.0
dqn,0,17435,-32.4
dqn,0,17439,-10.0
dqn,0,17469,-63.9
dqn,0,17490,-43.8
dqn,0,17538,-10.0
dqn,0,17544,-10.0
dqn,0,17573,-61.2
dqn,0,17586,-27.6
dqn,0,17597,-39.0
dqn,0,17607,-38.4
dqn,0,17638,-10.0
dqn,0,17650,-10.0
dqn,0,17655,-32.4
dqn,0,17671,-40.5
dqn,0,17685,-27.0
dqn,0,17717,-22.8
dqn,0,17779,-52.5
dqn,0,17846,-10.0
dqn,0,17858,-10.0
dqn,0,17889,-47.7
dqn,0,17900,-10.0
dqn,0,17921,-10.0
dqn,0,17929,-10.0
dqn,0,17934,-45.6
dqn,0,17935,-44.7
dqn,0,17937,-28.5
dqn,0,17965,-10.0
dqn,0,18007,-10.0
dqn,0,18013,-55.2
dqn,0,18015,-10.0
dqn,0,18127,7.5
dqn,0,18131,-48.9
dqn,0,18144,-10.0
dqn,0,18152,-10.0
dqn,0,18216,-27.9
dqn,0,18220,-10.0
dqn,0,18245,-49.5
dqn,0,18284,-17.4
dqn,0,18288,-10.0
dqn,0,18330,-18.6
dqn,0,18348,-57.3
dqn,0,18392,-10.0
dqn,0,18424,-30.9
dqn,0,18483,-27.9
dqn,0,18489,-45.3
dqn,0,18535,-54.0
dqn,0,18574,-29.7
dqn,0,18596,-50.4
dqn,0,18618,-58.5
dqn,0,18703,-10.0
dqn,0,18735,-10.0
dqn,0,18744,-10.0
dqn,0,18775,-10.0
dqn,0,18868,-21.6
dqn,0,18967,-24.0
dqn,0,19032,-34.8
dqn,0,19038,-41.7
dqn,0,19089,-52.5
dqn,0,19091,-10.0
dqn,0,19095,-37.5
dqn,0,19235,-1.5
dqn,0,19247,-10.0
dqn,0,19285,-10.0
dqn,0,19294,-76.2
dqn,0,19308,-28.2
dqn,0,19320,-30.9
dqn,0,19328,-10.0
dqn,0,19367,-26.7
dqn,0,19400,-39.3
dqn,0,19414,-44.7
dqn,0,19446,-10.0
dqn,0,19491,-33.9
dqn,0,19492,-23.1
dqn,0,19537,-10.0
dqn,0,19549,-10.0
dqn,0,19556,-10.0
dqn,0,19639,-10.0
dqn,0,19663,-10.0
dqn,0,19680,-10.0
dqn,0,19722,-10.0
dqn,0,19735,-10.0
dqn,0,19744,-10.0
dqn,0,19759,-36.9
dqn,0,19792,-33.0
dqn,0,19810,-10.0
dqn,0,19816,-29.7
dqn,0,19844,-40.8
dqn,0,19850,-10.0
dqn,0,19896,-25.5
dqn,0,19930,-10.0
dqn,0,19967,-15.0
dqn,0,20007,-19.8
dqn,0,20017,-10.0
dqn,0,20030,-10.0
dqn,0,20059,-10.0
dqn,0,20075,-81.0
dqn,0,20091,-10.0
dqn,0,20115,-10.0
dqn,0,20140,-63.6
dqn,0,20149,-63.0
dqn,0,20182,-10.0
dqn,0,20204,-10.0
dqn,0,20241,-40.5
dqn,0,20267,-10.0
dqn,0,20349,-24.3
dqn,0,20467,-10.0
dqn,0,20610,-10.0
dqn,0,20623,-63.6
dqn,0,20641,-36.3
dqn,0,20651,-42.6
dqn,0,20693,-26.4
dqn,0,20724,-10.0
dqn,0,20740,-10.0
dqn,0,20745,-10.0
dqn,0,20807,-10.0
dqn,0,20826,-49.5
dqn,0,20881,-24.0
dqn,0,20894,-10.0
dqn,0,20915,-41.7
dqn,0,21049,-10.0
dqn,0,21050,-36.3
dqn,0,21065,-10.0
dqn,0,21079,-10.0
dqn,0,21081,-10.0
dqn,0,21108,-34.5
dqn,0,21116,-32.4
dqn,0,21134,-10.0
dqn,0,21137,-10.0
dqn,0,21144,-21.3
dqn,0,21145,-62.1
dqn,0,21172,-48.9
dqn,0,21177,-10.0
dqn,0,21228,-27.6
dqn,0,21249,-42.6
dqn,0,21265,-31.2
dqn,0,21290,-35.4
dqn,0,21296,-10.0
dqn,0,21327,-29.4
dqn,0,21340,-10.0
dqn,0,21380,-53.1
dqn,0,21389,-65.1
dqn,0,21417,-10.0
dqn,0,21432,-57.6
dqn,0,21495,-10.0
dqn,0,21506,-37.2
dqn,0,21508,-38.7
dqn,0,21512,-44.1
dqn,0,21531,-10.0
dqn,0,21567,-59.1
dqn,0,21568,-10.0
dqn,0,21581,-10.0
dqn,0,21638,-27.9
dqn,0,21723,-8.4
dqn,0,21729,-10.0
dqn,0,21737,-10.0
dqn,0,21760,-23.1
dqn,0,21891,13.8
dqn,0,21899,-10.0
dqn,0,21919,-41.4
dqn,0,21952,-10.0
dqn,0,21961,-10.0
dqn,0,21997,-10.0
dqn,0,21998,-10.0
dqn,0,21999,-36.3
dqn,0,22019,-10.0
dqn,0,22022,-10.0
dqn,0,22031,-70.2
dqn,0,22033,-56.4
dqn,0,22131,-32.4
dqn,0,22152,-50.7
dqn,0,22182,-10.0
dqn,0,22197,-57.6
dqn,0,22268,-10.0
dqn,0,22270,-10.0
dqn,0,22291,-19.2
dqn,0,22331,-28.5
dqn,0,22347,-10.0
dqn,0,22348,-10.0
dqn,0,22444,-10.0
dqn,0,22454,-26.1
dqn,0,22506,-71.7
dqn,0,22509,-10.0
dqn,0,22522,-10.0
dqn,0,22569,-10.0
dqn,0,22612,-10.0
dqn,0,22644,-10.0
dqn,0,22665,-24.6
dqn,0,22672,-29.4
dqn,0,22683,-10.0
dqn,0,22695,-30.3
dqn,0,22739,-10.0
dqn,0,22794,-9.0
dqn,0,22798,-30.6
dqn,0,22870,-10.0
dqn,0,22879,-10.0
dqn,0,22913,-10.0
dqn,0,22929,-36.6
dqn,0,22940,-45.6
dqn,0,22952,-10.0
dqn,0,22998,-10.0
dqn,0,23062,-10.0
dqn,0,23075,-10.0
dqn,0,23098,-36.6
dqn,0,23102,-24.3
dqn,0,23135,-10.0
dqn,0,23173,-10.0
dqn,0,23186,-58.5
dqn,0,23253,-10.0
dqn,0,23257,-10.0
dqn,0,23278,-25.5
dqn,0,23295,-37.8
dqn,0,23394,-10.0
dqn,0,23414,-29.4
dqn,0,23421,-10.0
dqn,0,23461,-10.0
dqn,0,23463,-10.0
dqn,0,23516,-10.0
dqn,0,23565,-10.0
dqn,0,23590,-46.5
dqn,0,23593,-38.1
dqn,0,23596,-67.5
dqn,0,23617,-50.7
dqn,0,23627,-10.0
dqn,0,23659,-21.6
dqn,0,23685,-41.7
dqn,0,23704,-10.0
dqn,0,23706,-10.0
dqn,0,23717,-51.0
dqn,0,23719,-54.6
dqn,0,23727,-10.0
dqn,0,23757,-10.0
dqn,0,23767,-10.0
dqn,0,23866,3.6
dqn,0,23903,-10.0
dqn,0,23911,-39.9
dqn,0,24007,-10.0
dqn,0,24031,-36.3
dqn,0,24036,-39.0
dqn,0,24092,-28.8
dqn,0,24156,-10.0
dqn,0,24187,-10.0
dqn,0,24221,-10.0
dqn,0,24230,-10.0
dqn,0,24338,-10.0
dqn,0,24357,-10.0
dqn,0,24377,-31.2
dqn,0,24406,-20.4
dqn,0,24434,-39.3
dqn,0,24438,-10.0
dqn,0,24447,-40.2
dqn,0,24498,-10.0
dqn,0,24505,-43.5
dqn,0,24541,-34.8
dqn,0,24553,-45.3
dqn,0,24626,-18.6
dqn,0,24703,-31.2
dqn,0,24717,-37.5
dqn,0,24721,-44.4
dqn,0,24722,-44.1
dqn,0,24723,-48.6
dqn,0,24747,-10.0
dqn,0,24812,-10.0
dqn,0,24993,-50.0
dqn,0,25003,-10.0
dqn,0,25035,-10.0
dqn,0,25045,-10.0
dqn,0,25097,-10.0
dqn,0,25110,-36.6
dqn,0,25152,-32.7
dqn,0,25160,-10.0
dqn,0,25198,-10.0
dqn,0,25259,-10.0
dqn,0,25266,-10.0
dqn,0,25309,-23.1
dqn,0,25319,-10.0
dqn,0,25333,-39.3
dqn,0,25346,-10.0
dqn,0,25364,-56.4
dqn,0,25381,-21.0
dqn,0,25474,-10.0
dqn,0,25477,-41.7
dqn,0,25497,-10.0
dqn,0,25517,-59.1
dqn,0,25541,-10.0
dqn,0,25556,-10.0
dqn,0,25592,-51.0
dqn,0,25603,-33.9
dqn,0,25614,-10.0
dqn,0,25621,-10.0
dqn,0,25641,-26.4
dqn,0,25717,-7.2
dqn,0,25723,-10.0
dqn,0,25754,-10.0
dqn,0,25841,-15.6
dqn,0,25852,-22.8
dqn,0,25938,-10.0
dqn,0,25945,-29.7
dqn,0,25999,-38.1
dqn,0,26022,-37.8
dqn,0,26045,-10.0
dqn,0,26072,-41.4
dqn,0,26102,-33.3
dqn,0,26106,-54.0
dqn,0,26165,-10.0
dqn,0,26177,-28.2
dqn,0,26191,-43.2
dqn,0,26217,-57.9
dqn,0,26256,-33.3
dqn,0,26345,-27.6
dqn,0,26390,-10.0
dqn,0,26416,-39.3
dqn,0,26417,-10.0
dqn,0,26422,-10.0
dqn,0,26455,-10.0
dqn,0,26505,-47.1
dqn,0,26506,-70.8
dqn,0,26542,-10.0
dqn,0,26553,-41.4
dqn,0,26621,-12.0
dqn,0,26676,-26.7
dqn,0,26734,-10.0
dqn,0,26743,-29.7
dqn,0,26811,-10.0
dqn,0,26829,-10.0
dqn,0,26856,-10.0
dqn,0,26864,-10.0
dqn,0,26881,-33.6
dqn,0,26928,-10.0
dqn,0,26936,-10.0
dqn,0,26952,-35.7
dqn,0,26967,-10.0
dqn,0,26999,-10.0
dqn,0,27006,-10.0
dqn,0,27164,1.8
dqn,0,27202,-10.0
dqn,0,27217,-10.0
dqn,0,27250,-10.0
dqn,0,27253,-64.8
dqn,0,27323,-10.0
dqn,0,27342,-10.0
dqn,0,27389,-48.3
dqn,0,27413,-10.0
dqn,0,27416,-44.1
dqn,0,27440,-55.5
dqn,0,27448,-39.0
dqn,0,27479,-10.0
dqn,0,27481,-10.0
dqn,0,27535,-10.0
dqn,0,27591,-32.1
dqn,0,27618,-10.0
dqn,0,27724,0.0
dqn,0,27740,-33.6
dqn,0,27828,-18.0
dqn,0,27847,-10.0
dqn,0,27903,-10.0
dqn,0,27905,-42.0
dqn,0,27945,-14.1
dqn,0,27948,-44.1
dqn,0,27949,-10.0
dqn,0,27956,-10.0
dqn,0,27973,-37.8
dqn,0,27988,-43.2
dqn,0,28023,-10.0
dqn,0,28203,-10.0
dqn,0,28205,-35.4
dqn,0,28222,-26.7
dqn,0,28263,-42.9
dqn,0,28266,-84.9
dqn,0,28286,-20.1
dqn,0,28299,-22.2
dqn,0,28403,-10.0
dqn,0,28404,-64.8
dqn,0,28417,-40.8
dqn,0,28554,-10.0
dqn,0,28587,-10.0
dqn,0,28599,-41.1
dqn,0,28604,-10.0
dqn,0,28605,-43.2
dqn,0,28609,-35.4
dqn,0,28651,-33.0
dqn,0,28665,-52.8
dqn,0,28713,-16.8
dqn,0,28725,-33.0
dqn,0,28747,-10.0
dqn,0,28754,-10.0
dqn,0,28768,-57.6
dqn,0,28941,-10.0
dqn,0,29003,-43.8
dqn,0,29060,-27.6
dqn,0,29062,-10.0
dqn,0,29142,-23.4
dqn,0,29263,5.1
dqn,0,29271,-10.0
dqn,0,29312,-19.5
dqn,0,29357,-10.0
dqn,0,29421,-10.0
dqn,0,29439,-39.6
dqn,0,29477,-10.0
dqn,0,29486,-51.6
dqn,0,29503,-10.0
dqn,0,29522,-51.3
dqn,0,29536,-10.0
dqn,0,29560,-10.0
dqn,0,29628,-10.0
dqn,0,29634,-43.8
dqn,0,29670,-38.1
dqn,0,29671,-10.0
dqn,0,29674,-69.0
dqn,0,29678,-10.0
dqn,0,29693,-10.0
dqn,0,29694,-38.4
dqn,0,29713,-28.8
dqn,0,29764,-10.0
dqn,0,29783,-10.0
dqn,0,29802,-10.0
dqn,0,29816,-10.0
dqn,0,29881,-10.0
dqn,0,29883,-53.1
dqn,0,29944,-10.0
dqn,0,30013,-19.8
dqn,0,30033,-23.1
dqn,0,30051,-27.0
dqn,0,30081,-10.0
dqn,0,30147,-10.0
dqn,0,30183,-57.6
dqn,0,30189,-10.0
dqn,0,30204,-10.0
dqn,0,30260,-10.0
dqn,0,30350,-4.2
dqn,0,30382,-10.0
dqn,0,30391,-10.0
dqn,0,30413,-10.0
dqn,0,30419,-10.0
dqn,0,30420,-10.0
dqn,0,30425,-47.7
dqn,0,30525,-14.4
dqn,0,30538,-35.1
dqn,0,30576,-10.0
dqn,0,30603,-37.2
dqn,0,30607,-10.0
dqn,0,30616,-59.1
dqn,0,30707,-9.3
dqn,0,30711,-41.1
dqn,0,30755,-10.0
dqn,0,30756,-42.3
dqn,0,30804,-10.0
dqn,0,30833,-40.2
dqn,0,30846,-10.0
dqn,0,30861,-38.7
dqn,0,30893,-77.7
dqn,0,30988,-21.6
dqn,0,31003,-45.0
dqn,0,31011,-10.0
dqn,0,31033,-10.0
dqn,0,31049,-10.0
dqn,0,31081,-39.3
dqn,0,31113,-16.5
dqn,0,31169,-10.0
dqn,0,31193,-36.0
dqn,0,31213,-20.1
dqn,0,31258,-35.7
dqn,0,31259,-36.9
dqn,0,31290,-26.7
dqn,0,31294,-36.0
dqn,0,31306,-25.5
dqn,0,31357,-10.0
dqn,0,31373,-40.5
dqn,0,31436,-21.6
dqn,0,31437,-41.1
dqn,0,31610,-13.8
dqn,0,31691,-10.0
dqn,0,31723,-10.0
dqn,0,31754,-10.0
dqn,0,31763,-10.0
dqn,0,31817,-10.0
dqn,0,31822,-55.5
dqn,0,31909,-7.8
dqn,0,31977,-10.0
dqn,0,32013,-10.0
dqn,0,32074,-10.0
dqn,0,32080,-10.0
dqn,0,32087,-76.8
dqn,0,32093,-40.8
dqn,0,32133,-10.0
dqn,0,32199,-10.0
dqn,0,32219,-23.1
dqn,0,32283,-25.8
dqn,0,32351,-10.0
dqn,0,32353,-10.0
dqn,0,32389,-37.2
dqn,0,32454,-46.2
dqn,0,32561,-11.4
dqn,0,32590,-28.5
dqn,0,32596,-10.0
dqn,0,32653,-50.4
dqn,0,32663,-38.7
dqn,0,32665,-22.8
dqn,0,32680,-43.5
dqn,0,32703,-27.9
dqn,0,32772,-30.9
dqn,0,32941,-11.7
dqn,0,32982,-10.0
dqn,0,33026,-10.0
dqn,0,33060,-10.0
dqn,0,33062,-42.6
dqn,0,33077,-10.0
dqn,0,33102,-10.0
dqn,0,33110,-68.7
dqn,0,33125,-24.6
dqn,0,33128,-42.9
dqn,0,33156,-10.0
dqn,0,33157,-10.0
dqn,0,33180,-16.5
dqn,0,33186,-41.1
dqn,0,33187,-44.4
dqn,0,33286,-21.9
dqn,0,33310,-10.0
dqn,0,33363,-10.2
dqn,0,33394,-10.0
dqn,0,33403,-10.0
dqn,0,33432,-48.3
dqn,0,33472,-24.0
dqn,0,33474,-42.9
dqn,0,33563,-10.0
dqn,0,33571,-10.0
dqn,0,33577,-27.3
dqn,0,33581,-40.2
dqn,0,33584,-50.7
dqn,0,33629,-54.0
dqn,0,33655,-65.1
dqn,0,33671,-10.0
dqn,0,33707,-28.5
dqn,0,33713,-10.0
dqn,0,33743,-38.4
dqn,0,33747,-31.2
dqn,0,33771,-10.0
dqn,0,33795,-10.0
dqn,0,33796,-10.0
dqn,0,33801,-10.0
dqn,0,33841,-10.0
dqn,0,33893,-46.2
dqn,0,33906,-10.0
dqn,0,33922,-10.0
dqn,0,33961,-58.2
dqn,0,33963,-10.0
dqn,0,33989,-10.0
dqn,0,33990,-10.0
dqn,0,34033,-10.0
dqn,0,34034,-10.0
dqn,0,34086,-10.0
dqn,0,34098,-36.9
dqn,0,34099,-10.0
dqn,0,34108,-10.0
dqn,0,34198,-10.0
dqn,0,34203,-45.6
dqn,0,34231,-10.0
dqn,0,34238,-10.0
dqn,0,34267,-27.9
dqn,0,34353,-23.1
dqn,0,34395,-31.2
dqn,0,34398,-10.0
dqn,0,34433,-10.0
dqn,0,34448,-10.0
dqn,0,34573,-1.5
dqn,0,34673,-11.7
dqn,0,34676,-10.0
dqn,0,34740,-10.0
dqn,0,34780,-26.4
dqn,0,34887,-10.0
dqn,0,34899,-58.2
dqn,0,34914,-41.1
dqn,0,34931,-10.0
dqn,0,34981,-26.7
dqn,0,35100,-19.5
dqn,0,35148,-34.8
dqn,0,35172,-38.1
dqn,0,35188,-38.7
dqn,0,35224,-10.0
dqn,0,35227,-10.0
dqn,0,35307,-45.9
dqn,0,35335,-10.0
dqn,0,35338,-10.0
dqn,0,35364,-10.0
dqn,0,35378,-10.0
dqn,0,35391,-41.1
dqn,0,35432,-36.9
dqn,0,35518,-15.9
dqn,0,35598,-41.7
dqn,0,35619,-29.7
dqn,0,35631,-35.1
dqn,0,35682,-34.2
dqn,0,35723,-10.0
dqn,0,35755,-39.3
dqn,0,35775,-10.0
dqn,0,35795,-25.5
dqn,0,35830,-52.2
dqn,0,35878,-27.0
dqn,0,35914,-38.4
dqn,0,35916,-10.0
dqn,0,35926,-36.0
dqn,0,35984,-15.0
dqn,0,36014,-58.5
dqn,0,36050,-10.0
dqn,0,36151,-8.4
dqn,0,36153,-10.0
dqn,0,36155,-10.0
dqn,0,36195,-14.1
dqn,0,36202,-28.8
dqn,0,36243,-13.2
dqn,0,36246,-10.0
dqn,0,36288,-10.0
dqn,0,36295,-42.6
dqn,0,36296,-10.0
dqn,0,36315,-39.9
dqn,0,36337,-37.2
dqn,0,36359,-10.0
dqn,0,36366,-52.2
dqn,0,36434,-10.0
dqn,0,36445,-10.0
dqn,0,36462,-43.8
dqn,0,36483,-23.7
dqn,0,36487,-44.4
dqn,0,36489,-46.8
dqn,0,36504,-10.0
dqn,0,36558,-10.0
dqn,0,36559,-10.0
dqn,0,36603,-18.0
dqn,0,36651,-10.0
dqn,0,36652,-48.6
dqn,0,36713,-38.7
dqn,0,36771,-17.1
dqn,0,36809,-10.0
dqn,0,36826,-10.0
dqn,0,36836,-31.5
dqn,0,36875,-37.2
dqn,0,36885,-65.4
dqn,0,36896,-10.0
dqn,0,36938,-42.6
dqn,0,37039,-10.0
dqn,0,37056,-10.0
dqn,0,37083,-70.8
dqn,0,37142,-17.1
dqn,0,37184,-35.4
dqn,0,37213,-39.3
dqn,0,37227,-42.9
dqn,0,37243,-10.0
dqn,0,37272,-10.0
dqn,0,37295,-58.8
dqn,0,37309,-44.7
dqn,0,37369,-31.2
dqn,0,37414,-10.0
dqn,0,37431,-10.0
dqn,0,37450,-44.4
dqn,0,37462,-32.4
dqn,0,37552,-42.9
dqn,0,37587,-57.3
dqn,0,37592,-30.9
dqn,0,37603,-30.6
dqn,0,37665,-10.0
dqn,0,37701,-10.0
dqn,0,37718,-10.0
dqn,0,37723,-40.2
dqn,0,37730,-67.8
dqn,0,37752,-10.0
dqn,0,37766,-10.0
dqn,0,37792,-24.6
dqn,0,37918,1.8
dqn,0,37939,-10.0
dqn,0,37942,-10.0
dqn,0,37957,-26.7
dqn,0,38002,-10.0
dqn,0,38026,-34.2
dqn,0,38129,-10.0
dqn,0,38158,-36.0
dqn,0,38198,-36.9
dqn,0,38205,-10.0
dqn,0,38237,-33.9
dqn,0,38302,-19.8
dqn,0,38314,-83.7
dqn,0,38388,-10.0
dqn,0,38427,-37.2
dqn,0,38460,-47.1
dqn,0,38483,-36.6
dqn,0,38527,-10.0
dqn,0,38528,-10.0
dqn,0,38549,-48.9
dqn,0,38558,-42.3
dqn,0,38617,-10.0
dqn,0,38624,-10.0
dqn,0,38625,-10.0
dqn,0,38656,-29.4
dqn,0,38658,-35.4
dqn,0,38679,-41.1
dqn,0,38684,-85.8
dqn,0,38736,-41.4
dqn,0,38767,-10.0
dqn,0,38833,-45.9
dqn,0,38953,-19.2
dqn,0,38962,-10.0
dqn,0,38964,-48.3
dqn,0,38976,-42.0
dqn,0,38988,-10.0
dqn,0,39041,-10.0
dqn,0,39044,-10.0
dqn,0,39082,-36.6
dqn,0,39100,-30.0
dqn,0,39154,-10.0
dqn,0,39192,-10.0
dqn,0,39203,-10.0
dqn,0,39210,-10.0
dqn,0,39220,-10.0
dqn,0,39239,-33.0
dqn,0,39243,-10.0
dqn,0,39245,-10.0
dqn,0,39259,-27.6
dqn,0,39265,-10.0
dqn,0,39306,-16.8
dqn,0,39308,-46.5
dqn,0,39328,-33.0
dqn,0,39389,-60.6
dqn,0,39412,-35.7
dqn,0,39424,-82.2
dqn,0,39427,-10.0
dqn,0,39464,-37.8
dqn,0,39484,-10.0
dqn,0,39501,-10.0
dqn,0,39544,-49.2
dqn,0,39546,-10.0
dqn,0,39585,-81.9
dqn,0,39599,-68.7
dqn,0,39612,-10.0
dqn,0,39648,-32.7
dqn,0,39650,-10.0
dqn,0,39790,-10.0
dqn,0,39793,-40.5
dqn,0,39822,-30.6
dqn,0,39842,-10.0
dqn,0,39877,-24.3
dqn,0,39880,-46.2
dqn,0,39891,-53.7
dqn,0,39939,-10.0
dqn,0,39949,-10.0
dqn,0,39983,-23.7
dqn,0,40003,-23.1
dqn,0,40022,-10.0
dqn,0,40065,-23.1
dqn,0,40174,-22.5
dqn,0,40188,-42.9
dqn,0,40208,-10.0
dqn,0,40224,-10.0
dqn,0,40244,-10.0
dqn,0,40254,-10.0
dqn,0,40270,-35.7
dqn,0,40362,-8.4
dqn,0,40381,-10.0
dqn,0,40472,-10.0
dqn,0,40633,-10.0
dqn,0,40639,-10.0
dqn,0,40663,-49.8
dqn,0,40666,-30.0
dqn,0,40705,-10.0
dqn,0,40715,-28.8
dqn,0,40728,-10.0
dqn,0,40759,-10.0
dqn,0,40769,-33.0
dqn,0,40776,-27.0
dqn,0,40787,-10.0
dqn,0,40838,-10.0
dqn,0,40839,-33.6
dqn,0,40851,-27.9
dqn,0,40862,-53.7
dqn,0,40865,-40.5
dqn,0,40965,-10.0
dqn,0,41007,-31.2
dqn,0,41097,-10.0
dqn,0,41111,-10.0
dqn,0,41132,-10.0
dqn,0,41214,-20.1
dqn,0,41235,-81.0
dqn,0,41253,-10.0
dqn,0,41297,-36.0
dqn,0,41312,-63.0
dqn,0,41347,-34.8
dqn,0,41379,-10.0
dqn,0,41405,-30.6
dqn,0,41451,-12.3
dqn,0,41561,-7.5
dqn,0,41645,1.8
dqn,0,41650,-52.8
dqn,0,41658,-10.0
dqn,0,41661,-66.6
dqn,0,41664,-86.4
dqn,0,41786,4.2
dqn,0,41790,-10.0
dqn,0,41802,-10.0
dqn,0,41840,-20.4
dqn,0,41897,-10.0
dqn,0,41922,-10.0
dqn,0,41934,-83.7
dqn,0,41935,-35.7
dqn,0,42056,-10.0
dqn,0,42094,-10.0
dqn,0,42101,-10.0
dqn,0,42112,-10.0
dqn,0,42119,-65.4
dqn,0,42168,-34.2
dqn,0,42276,-10.0
dqn,0,42296,-23.1
dqn,0,42313,-10.0
dqn,0,42343,-22.8
dqn,0,42367,-47.1
dqn,0,42392,-10.0
dqn,0,42405,-10.0
dqn,0,42410,-44.1
dqn,0,42475,-26.1
dqn,0,42593,-10.0
dqn,0,42632,-31.5
dqn,0,42707,-21.0
dqn,0,42712,-47.4
dqn,0,42747,-54.6
dqn,0,42777,-10.0
dqn,0,42793,-26.4
dqn,0,42804,-28.2
dqn,0,42816,-33.0
dqn,0,42883,-11.1
dqn,0,42892,-33.3
dqn,0,42893,-23.1
dqn,0,42968,-10.0
dqn,0,42998,-10.0
dqn,0,43012,-40.2
dqn,0,43016,-44.4
dqn,0,43042,-10.0
dqn,0,43059,-66.0
dqn,0,43195,-10.0
dqn,0,43202,-39.3
dqn,0,43204,-10.0
dqn,0,43207,-10.0
dqn,0,43242,-10.0
dqn,0,43273,-10.0
dqn,0,43301,-35.1
dqn,0,43343,-32.1
dqn,0,43344,-36.3
dqn,0,43411,-9.9
dqn,0,43451,-10.0
dqn,0,43458,-40.2
dqn,0,43498,-10.0
dqn,0,43545,-10.0
dqn,0,43556,-10.0
dqn,0,43577,-24.9
dqn,0,43603,-54.9
dqn,0,43643,-18.9
dqn,0,43725,-10.0
dqn,0,43752,-10.0
dqn,0,43771,-43.8
dqn,0,43794,-10.0
dqn,0,43820,-10.0
dqn,0,43834,-10.0
dqn,0,43839,-37.5
dqn,0,43851,-10.0
dqn,0,43861,-10.0
dqn,0,43881,-10.0
dqn,0,43939,-18.6
dqn,0,43984,-10.0
dqn,0,44034,-10.0
dqn,0,44037,-10.0
dqn,0,44041,-10.0
dqn,0,44074,-21.9
dqn,0,44123,-39.6
dqn,0,44150,-21.0
dqn,0,44169,-10.0
dqn,0,44211,-10.0
dqn,0,44226,-10.0
dqn,0,44245,-10.0
dqn,0,44272,-60.3
dqn,0,44292,-10.0
dqn,0,44294,-48.6
dqn,0,44336,-10.0
dqn,0,44494,1.8
dqn,0,44543,-30.9
dqn,0,44552,-10.0
dqn,0,44556,-10.0
dqn,0,44575,-38.7
dqn,0,44598,-10.0
dqn,0,44659,-25.2
dqn,0,44753,-16.5
dqn,0,44812,-10.0
dqn,0,44836,-38.4
dqn,0,44874,-23.4
dqn,0,44880,-10.0
dqn,0,44896,-65.1
dqn,0,44987,-16.2
dqn,0,44991,-10.0
dqn,0,45073,-10.0
dqn,0,45075,-48.3
dqn,0,45077,-44.4
dqn,0,45084,-10.0
dqn,0,45109,-10.0
dqn,0,45114,-52.5
dqn,0,45122,-51.9
dqn,0,45140,-10.0
dqn,0,45146,-53.4
dqn,0,45155,-10.0
dqn,0,45192,-76.2
dqn,0,45194,-70.5
dqn,0,45273,-10.0
dqn,0,45293,-10.0
dqn,0,45311,-25.8
dqn,0,45331,-36.6
dqn,0,45342,-44.4
dqn,0,45409,-9.9
dqn,0,45425,-38.4
dqn,0,45459,-33.3
dqn,0,45461,-39.9
dqn,0,45465,-48.3
dqn,0,45513,-10.0
dqn,0,45531,-10.0
dqn,0,45609,-10.0
dqn,0,45635,-10.0
dqn,0,45655,-10.0
dqn,0,45714,-10.0
dqn,0,45716,-48.3
dqn,0,45726,-10.0
dqn,0,45727,-10.0
dqn,0,45785,-10.0
dqn,0,45812,-27.9
dqn,0,45853,-19.2
dqn,0,45862,-40.5
dqn,0,45868,-10.0
dqn,0,45882,-10.0
dqn,0,45884,-46.5
dqn,0,45920,-10.0
dqn,0,45959,-55.8
dqn,0,45964,-42.0
dqn,0,45979,-10.0
dqn,0,45989,-10.0
dqn,0,46015,-33.9
dqn,0,46022,-23.4
dqn,0,46039,-64.8
dqn,0,46042,-10.0
dqn,0,46087,-25.2
dqn,0,46102,-10.0
dqn,0,46122,-25.8
dqn,0,46236,-12.9
dqn,0,46285,-55.2
dqn,0,46334,-10.0
dqn,0,46356,-55.8
dqn,0,46391,-10.0
dqn,0,46401,-51.0
dqn,0,46426,-40.5
dqn,0,46471,-10.0
dqn,0,46492,-10.0
dqn,0,46525,-10.0
dqn,0,46541,-33.9
dqn,0,46553,-10.0
dqn,0,46570,-30.3
dqn,0,46605,-36.6
dqn,0,46610,-10.0
dqn,0,46648,-74.4
dqn,0,46656,-28.8
dqn,0,46729,-25.2
dqn,0,46807,-10.0
dqn,0,46810,-10.0
dqn,0,46864,-15.0
dqn,0,46885,-10.0
dqn,0,46899,-21.3
dqn,0,46903,-10.0
dqn,0,46924,-10.0
dqn,0,47004,-16.5
dqn,0,47063,-13.8
dqn,0,47185,-49.2
dqn,0,47190,-92.1
dqn,0,47310,-7.5
dqn,0,47314,-10.0
dqn,0,47332,-10.0
dqn,0,47342,-10.0
dqn,0,47361,-35.7
dqn,0,47396,-10.0
dqn,0,47474,-10.0
dqn,0,47492,-10.0
dqn,0,47523,-33.3
dqn,0,47538,-10.0
dqn,0,47555,-10.0
dqn,0,47657,-18.9
dqn,0,47675,-10.0
dqn,0,47682,-47.7
dqn,0,47709,-35.1
dqn,0,47726,-10.0
dqn,0,47802,-10.0
dqn,0,47817,-10.0
dqn,0,47820,-40.8
dqn,0,47857,-20.7
dqn,0,47881,-33.3
dqn,0,47891,-26.1
dqn,0,47898,-10.0
dqn,0,47905,-10.0
dqn,0,47915,-10.0
dqn,0,47971,-10.0
dqn,0,48001,-10.0
dqn,0,48011,-46.5
dqn,0,48019,-10.0
dqn,0,48038,-10.0
dqn,0,48068,-10.0
dqn,0,48092,-60.6
dqn,0,48095,-10.0
dqn,0,48096,-10.0
dqn,0,48185,-10.0
dqn,0,48211,-21.3
dqn,0,48228,-10.0
dqn,0,48230,-10.0
dqn,0,48290,-26.7
dqn,0,48301,-10.0
dqn,0,48340,-37.2
dqn,0,48417,-10.0
dqn,0,48435,-10.0
dqn,0,48439,-61.2
dqn,0,48496,-10.0
dqn,0,48498,-37.8
dqn,0,48518,-30.0
dqn,0,48530,-10.0
dqn,0,48546,-10.0
dqn,0,48568,-10.0
dqn,0,48569,-43.2
dqn,0,48579,-10.0
dqn,0,48613,-10.0
dqn,0,48627,-43.2
dqn,0,48646,-10.0
dqn,0,48690,-10.0
dqn,0,48721,-10.0
dqn,0,48777,-19.8
dqn,0,48818,-10.0
dqn,0,48844,-23.4
dqn,0,48914,-18.0
dqn,0,48936,-55.5
dqn,0,48996,-36.3
dqn,0,49005,-46.5
dqn,0,49042,-30.6
dqn,0,49065,-46.8
dqn,0,49116,-10.0
dqn,0,49211,-33.3
dqn,0,49276,-10.0
dqn,0,49308,-60.3
dqn,0,49310,-10.0
dqn,0,49347,-31.5
dqn,0,49397,-10.0
dqn,0,49402,-10.0
dqn,0,49491,-7.8
dqn,0,49513,-10.0
dqn,0,49515,-49.2
dqn,0,49552,-30.3
dqn,0,49572,-47.7
dqn,0,49603,-39.9
dqn,0,49624,-10.0
dqn,0,49633,-51.6
dqn,0,49644,-10.0
dqn,0,49649,-10.0
dqn,0,49688,-53.4
dqn,0,49690,-10.0
dqn,0,49719,-45.6
dqn,0,49736,-10.0
dqn,0,49769,-33.3
dqn,0,49773,-40.5
dqn,0,49808,-51.3
dqn,0,49820,-10.0
dqn,0,49861,-42.0
dqn,0,49878,-60.0
dqn,0,49921,-32.1
dqn,0,49929,-51.9
dqn,0,49936,-10.0
dqn,0,49967,-26.7
dqn,0,49973,-38.7
dqn,1,1,-54.0
dqn,1,2,-48.6
dqn,1,3,-10.0
dqn,1,4,-10.0
dqn,1,7,-10.0
dqn,1,8,-10.0
dqn,1,11,-10.0
dqn,1,12,-69.6
dqn,1,14,-10.0
dqn,1,16,-41.7
dqn,1,17,-38.1
dqn,1,18,-46.8
dqn,1,21,-10.0
dqn,1,22,-10.0
dqn,1,23,-10.0
dqn,1,24,-49.5
dqn,1,25,-10.0
dqn,1,27,-42.3
dqn,1,28,-10.0
dqn,1,32,-37.5
dqn,1,33,-10.0
dqn,1,35,-47.4
dqn,1,36,-64.8
dqn,1,37,-10.0
dqn,1,39,-48.6
dqn,1,42,-10.0
dqn,1,45,-60.9
dqn,1,46,-44.4
dqn,1,48,-10.0
dqn,1,49,-10.0
dqn,1,50,-10.0
dqn,1,52,-10.0
dqn,1,54,-31.2
dqn,1,55,-10.0
dqn,1,57,-10.0
dqn,1,60,-10.0
dqn,1,61,-25.2
dqn,1,62,-43.2
dqn,1,65,-48.0
dqn,1,66,-31.5
dqn,1,67,-70.8
dqn,1,68,-10.0
dqn,1,69,-62.4
dqn,1,70,-33.6
dqn,1,71,-10.0
dqn,1,72,-10.0
dqn,1,73,-35.7
dqn,1,75,-10.0
dqn,1,76,-53.4
dqn,1,77,-10.0
dqn,1,78,-51.3
dqn,1,79,-48.6
dqn,1,81,-42.6
dqn,1,82,-42.6
dqn,1,83,-10.0
dqn,1,84,-10.0
dqn,1,86,-48.3
dqn,1,87,-10.0
dqn,1,89,-44.4
dqn,1,90,-10.0
dqn,1,91,-46.8
dqn,1,92,-48.6
dqn,1,93,-10.0
dqn,1,94,-35.7
dqn,1,95,-10.0
dqn,1,96,-10.0
dqn,1,99,-60.9
dqn,1,100,-10.0
dqn,1,102,-10.0
dqn,1,103,-10.0
dqn,1,104,-10.0
dqn,1,105,-10.0
dqn,1,107,-46.5
dqn,1,108,-10.0
dqn,1,109,-48.6
dqn,1,111,-42.9
dqn,1,114,-10.0
dqn,1,115,-10.0
dqn,1,116,-10.0
dqn,1,117,-10.0
dqn,1,118,-10.0
dqn,1,120,-30.3
dqn,1,121,-54.0
dqn,1,123,-10.0
dqn,1,125,-10.0
dqn,1,126,-36.3
dqn,1,128,-10.0
dqn,1,129,-31.5
dqn,1,130,-10.0
dqn,1,131,-10.0
dqn,1,133,-53.7
dqn,1,135,-10.0
dqn,1,136,-44.4
dqn,1,137,-10.0
dqn,1,138,-10.0
dqn,1,139,-10.0
dqn,1,140,-10.0
dqn,1,141,-10.0
dqn,1,144,-42.0
dqn,1,145,-48.9
dqn,1,146,-10.0
dqn,1,147,-10.0
dqn,1,148,-47.7
dqn,1,149,-44.4
dqn,1,150,-48.6
dqn,1,151,-10.0
dqn,1,153,-66.9
dqn,1,154,-10.0
dqn,1,155,-32.1
dqn,1,156,-10.0
dqn,1,157,-10.0
dqn,1,158,-10.0
dqn,1,159,-45.3
dqn,1,160,-10.0
dqn,1,162,-78.3
dqn,1,165,-10.0
dqn,1,166,-10.0
dqn,1,167,-10.0
dqn,1,169,-10.0
dqn,1,170,-10.0
dqn,1,173,-10.0
dqn,1,174,-10.0
dqn,1,175,-87.0
dqn,1,178,-41.7
dqn,1,180,-10.0
dqn,1,184,-10.0
dqn,1,185,-10.0
dqn,1,187,-48.3
dqn,1,188,-43.5
dqn,1,189,-64.8
dqn,1,191,-44.4
dqn,1,193,-33.3
dqn,1,194,-54.0
dqn,1,195,-45.3
dqn,1,197,-25.5
dqn,1,198,-69.6
dqn,1,199,-10.0
dqn,1,200,-56.7
dqn,1,203,-10.0
dqn,1,204,-45.3
dqn,1,205,-30.9
dqn,1,207,-47.1
dqn,1,208,-10.0
dqn,1,209,-10.0
dqn,1,211,-38.7
dqn,1,213,-10.0
dqn,1,215,-39.9
dqn,1,216,-10.0
dqn,1,217,-28.8
dqn,1,218,-10.0
dqn,1,220,-10.0
dqn,1,221,-10.0
dqn,1,228,-10.0
dqn,1,230,-10.0
dqn,1,231,-10.0
dqn,1,233,-10.0
dqn,1,234,-10.0
dqn,1,237,-72.0
dqn,1,239,-48.6
dqn,1,240,-49.8
dqn,1,241,-29.7
dqn,1,242,-78.6
dqn,1,243,-31.5
dqn,1,245,-53.4
dqn,1,246,-44.4
dqn,1,247,-10.0
dqn,1,248,-10.0
dqn,1,249,-10.0
dqn,1,250,-48.6
dqn,1,251,-64.8
dqn,1,253,-41.7
dqn,1,254,-62.4
dqn,1,255,-54.0
dqn,1,260,-71.4
dqn,1,264,-10.0
dqn,1,266,-10.0
dqn,1,267,-46.8
dqn,1,269,-10.0
dqn,1,270,-10.0
dqn,1,271,-10.0
dqn,1,273,-10.0
dqn,1,274,-10.0
dqn,1,275,-10.0
dqn,1,276,-10.0
dqn,1,277,-25.8
dqn,1,278,-41.1
dqn,1,279,-10.0
dqn,1,280,-10.0
dqn,1,282,-10.0
dqn,1,283,-31.5
dqn,1,284,-67.2
dqn,1,285,-46.8
dqn,1,288,-39.6
dqn,1,290,-56.4
dqn,1,294,-10.0
dqn,1,295,-69.6
dqn,1,297,-10.0
dqn,1,298,-10.0
dqn,1,300,-10.0
dqn,1,301,-10.0
dqn,1,302,-10.0
dqn,1,303,-45.3
dqn,1,304,-10.0
dqn,1,307,-10.0
dqn,1,308,-49.8
dqn,1,309,-38.1
dqn,1,310,-10.0
dqn,1,312,-69.3
dqn,1,313,-10.0
dqn,1,314,-10.0
dqn,1,316,-10.0
dqn,1,317,-10.0
dqn,1,318,-10.0
dqn,1,320,-10.0
dqn,1,322,-48.3
dqn,1,323,-10.0
dqn,1,326,-10.0
dqn,1,327,-44.7
dqn,1,328,-29.7
dqn,1,329,-10.0
dqn,1,330,-10.0
dqn,1,332,-44.1
dqn,1,333,-10.0
dqn,1,334,-10.0
dqn,1,335,-30.9
dqn,1,336,-44.4
dqn,1,337,-31.2
dqn,1,341,-30.0
dqn,1,342,-10.0
dqn,1,343,-10.0
dqn,1,344,-10.0
dqn,1,349,-10.0
dqn,1,350,-10.0
dqn,1,351,-10.0
dqn,1,352,-10.0
dqn,1,353,-46.8
dqn,1,354,-10.0
dqn,1,355,-78.6
dqn,1,356,-28.8
dqn,1,357,-61.5
dqn,1,358,-35.1
dqn,1,360,-53.7
dqn,1,361,-10.0
dqn,1,363,-64.5
dqn,1,367,-24.9
dqn,1,368,-48.6
dqn,1,369,-10.0
dqn,1,370,-10.0
dqn,1,372,-33.3
dqn,1,374,-10.0
dqn,1,375,-10.0
dqn,1,376,-35.7
dqn,1,377,-10.0
dqn,1,379,-56.4
dqn,1,380,-10.0
dqn,1,381,-43.2
dqn,1,383,-10.0
dqn,1,385,-33.3
dqn,1,386,-10.0
dqn,1,387,-42.0
dqn,1,390,-10.0
dqn,1,392,-41.7
dqn,1,394,-10.0
dqn,1,395,-10.0
dqn,1,396,-38.7
dqn,1,397,-31.5
dqn,1,398,-49.8
dqn,1,399,-10.0
dqn,1,400,-10.0
dqn,1,401,-40.2
dqn,1,404,-46.5
dqn,1,405,-47.7
dqn,1,406,-48.6
dqn,1,407,-10.0
dqn,1,408,-39.0
dqn,1,409,-10.0
dqn,1,411,-39.9
dqn,1,415,-92.4
dqn,1,417,-31.8
dqn,1,418,-10.0
dqn,1,419,-10.0
dqn,1,420,-29.7
dqn,1,421,-45.0
dqn,1,423,-10.0
dqn,1,425,-10.0
dqn,1,427,-45.0
dqn,1,433,-30.0
dqn,1,434,-10.0
dqn,1,435,-10.0
dqn,1,437,-48.3
dqn,1,439,-10.0
dqn,1,440,-10.0
dqn,1,441,-85.5
dqn,1,442,-42.9
dqn,1,443,-30.9
dqn,1,444,-10.0
dqn,1,446,-39.9
dqn,1,448,-10.0
dqn,1,449,-87.0
dqn,1,450,-46.8
dqn,1,452,-10.0
dqn,1,454,-45.0
dqn,1,455,-10.0
dqn,1,456,-49.5
dqn,1,457,-34.5
dqn,1,458,-42.9
dqn,1,461,-10.0
dqn,1,462,-10.0
dqn,1,465,-10.0
dqn,1,466,-33.6
dqn,1,467,-10.0
dqn,1,469,-10.0
dqn,1,470,-10.0
dqn,1,471,-10.0
dqn,1,473,-30.9
dqn,1,477,-40.2
dqn,1,480,-10.0
dqn,1,482,-28.5
dqn,1,483,-51.3
dqn,1,485,-40.8
dqn,1,486,-10.0
dqn,1,487,-10.0
dqn,1,489,-10.0
dqn,1,492,-10.0
dqn,1,493,-70.8
dqn,1,494,-10.0
dqn,1,495,-56.7
dqn,1,496,-10.0
dqn,1,497,-40.2
dqn,1,498,-10.0
dqn,1,499,-10.0
dqn,1,503,-54.0
dqn,1,504,-46.8
dqn,1,507,-10.0
dqn,1,508,-25.8
dqn,1,511,-69.0
dqn,1,513,-10.0
dqn,1,515,-42.9
dqn,1,517,-10.0
dqn,1,520,-10.0
dqn,1,521,-44.4
dqn,1,522,-47.7
dqn,1,526,-48.0
dqn,1,527,-32.1
dqn,1,531,-37.2
dqn,1,534,-10.0
dqn,1,535,-10.0
dqn,1,539,-22.2
dqn,1,542,-38.4
dqn,1,547,-21.9
dqn,1,548,-48.6
dqn,1,550,-48.3
dqn,1,551,-10.0
dqn,1,552,-10.0
dqn,1,555,-54.3
dqn,1,559,-43.2
dqn,1,561,-10.0
dqn,1,562,-10.0
dqn,1,567,-52.8
dqn,1,568,-10.0
dqn,1,569,-10.0
dqn,1,571,-10.0
dqn,1,572,-10.0
dqn,1,573,-32.1
dqn,1,574,-10.0
dqn,1,577,-42.6
dqn,1,579,-61.2
dqn,1,580,-25.2
dqn,1,581,-23.1
dqn,1,583,-10.0
dqn,1,584,-44.4
dqn,1,585,-54.9
dqn,1,586,-42.3
dqn,1,589,-10.0
dqn,1,590,-10.0
dqn,1,592,-31.2
dqn,1,593,-10.0
dqn,1,597,-10.0
dqn,1,598,-45.3
dqn,1,599,-10.0
dqn,1,602,-10.0
dqn,1,603,-56.7
dqn,1,604,-48.6
dqn,1,605,-69.6
dqn,1,608,-46.2
dqn,1,609,-10.0
dqn,1,610,-10.0
dqn,1,611,-10.0
dqn,1,612,-41.1
dqn,1,614,-10.0
dqn,1,617,-10.0
dqn,1,618,-32.1
dqn,1,619,-10.0
dqn,1,620,-10.0
dqn,1,622,-10.0
dqn,1,624,-53.7
dqn,1,627,-10.0
dqn,1,628,-33.6
dqn,1,631,-42.3
dqn,1,632,-10.0
dqn,1,633,-10.0
dqn,1,635,-25.5
dqn,1,636,-10.0
dqn,1,637,-10.0
dqn,1,638,-93.3
dqn,1,640,-39.9
dqn,1,643,-10.0
dqn,1,645,-39.9
dqn,1,646,-42.9
dqn,1,647,-38.1
dqn,1,649,-31.8
dqn,1,650,-10.0
dqn,1,651,-45.0
dqn,1,653,-39.9
dqn,1,654,-44.4
dqn,1,657,-10.0
dqn,1,658,-39.0
dqn,1,659,-44.4
dqn,1,660,-10.0
dqn,1,662,-44.1
dqn,1,663,-10.0
dqn,1,664,-10.0
dqn,1,665,-30.9
dqn,1,667,-45.0
dqn,1,668,-35.7
dqn,1,669,-10.0
dqn,1,670,-61.8
dqn,1,671,-54.0
dqn,1,672,-62.4
dqn,1,673,-43.2
dqn,1,676,-40.5
dqn,1,677,-38.7
dqn,1,678,-10.0
dqn,1,679,-10.0
dqn,1,680,-31.2
dqn,1,681,-32.1
dqn,1,683,-31.8
dqn,1,688,-10.0
dqn,1,693,-10.0
dqn,1,695,-10.0
dqn,1,696,-10.0
dqn,1,701,-46.2
dqn,1,702,-70.8
dqn,1,705,-84.9
dqn,1,708,-56.1
dqn,1,713,-46.2
dqn,1,715,-10.0
dqn,1,716,-48.6
dqn,1,719,-10.0
dqn,1,724,-45.6
dqn,1,725,-10.0
dqn,1,726,-48.6
dqn,1,727,-10.0
dqn,1,728,-10.0
dqn,1,730,-10.0
dqn,1,731,-10.0
dqn,1,732,-70.8
dqn,1,733,-10.0
dqn,1,734,-10.0
dqn,1,738,-42.3
dqn,1,740,-53.1
dqn,1,742,-10.0
dqn,1,745,-36.3
dqn,1,746,-61.8
dqn,1,747,-43.2
dqn,1,749,-61.2
dqn,1,750,-44.7
dqn,1,751,-85.5
dqn,1,752,-10.0
dqn,1,754,-85.2
dqn,1,756,-10.0
dqn,1,757,-10.0
dqn,1,759,-10.0
dqn,1,760,-10.0
dqn,1,762,-45.0
dqn,1,764,-10.0
dqn,1,769,-21.9
dqn,1,771,-61.8
dqn,1,772,-10.0
dqn,1,773,-38.4
dqn,1,775,-51.0
dqn,1,776,-35.7
dqn,1,778,-10.0
dqn,1,779,-35.7
dqn,1,783,-46.5
dqn,1,784,-10.0
dqn,1,785,-87.0
dqn,1,788,-10.0
dqn,1,790,-10.0
dqn,1,794,-10.0
dqn,1,799,-44.1
dqn,1,800,-31.5
dqn,1,802,-30.6
dqn,1,803,-33.6
dqn,1,805,-69.3
dqn,1,807,-51.0
dqn,1,808,-10.0
dqn,1,809,-53.4
dqn,1,810,-61.8
dqn,1,811,-10.0
dqn,1,812,-10.0
dqn,1,816,-39.3
dqn,1,817,-10.0
dqn,1,818,-41.4
dqn,1,820,-38.1
dqn,1,822,-10.0
dqn,1,825,-10.0
dqn,1,828,-10.0
dqn,1,829,-43.2
dqn,1,830,-10.0
dqn,1,831,-10.0
dqn,1,832,-23.1
dqn,1,836,-10.0
dqn,1,837,-70.8
dqn,1,838,-10.0
dqn,1,840,-10.0
dqn,1,842,-54.6
dqn,1,844,-45.0
dqn,1,845,-23.1
dqn,1,846,-10.0
dqn,1,847,-41.1
dqn,1,849,-48.6
dqn,1,850,-10.0
dqn,1,852,-49.5
dqn,1,856,-37.8
dqn,1,860,-41.1
dqn,1,861,-45.3
dqn,1,863,-38.1
dqn,1,865,-10.0
dqn,1,866,-10.0
dqn,1,868,-10.0
dqn,1,869,-62.4
dqn,1,870,-34.2
dqn,1,874,-10.0
dqn,1,875,-48.6
dqn,1,876,-45.3
dqn,1,877,-40.2
dqn,1,880,-10.0
dqn,1,883,-10.0
dqn,1,884,-10.0
dqn,1,885,-10.0
dqn,1,886,-10.0
dqn,1,887,-38.7
dqn,1,888,-10.0
dqn,1,891,-10.0
dqn,1,892,-10.0
dqn,1,894,-10.0
dqn,1,896,-10.0
dqn,1,897,-48.9
dqn,1,899,-43.2
dqn,1,902,-69.0
dqn,1,903,-45.0
dqn,1,904,-10.0
dqn,1,905,-10.0
dqn,1,908,-10.0
dqn,1,909,-36.9
dqn,1,910,-44.7
dqn,1,912,-35.4
dqn,1,915,-10.0
dqn,1,918,-10.0
dqn,1,919,-10.0
dqn,1,920,-48.9
dqn,1,921,-10.0
dqn,1,922,-51.3
dqn,1,925,-10.0
dqn,1,928,-10.0
dqn,1,930,-61.5
dqn,1,932,-10.0
dqn,1,933,-33.6
dqn,1,936,-40.8
dqn,1,937,-38.7
dqn,1,938,-56.7
dqn,1,939,-30.9
dqn,1,940,-10.0
dqn,1,943,-48.3
dqn,1,944,-87.0
dqn,1,945,-41.4
dqn,1,947,-10.0
dqn,1,948,-48.6
dqn,1,949,-25.8
dqn,1,950,-38.1
dqn,1,951,-10.0
dqn,1,955,-10.0
dqn,1,956,-38.4
dqn,1,958,-61.2
dqn,1,960,-10.0
dqn,1,962,-53.4
dqn,1,965,-44.7
dqn,1,966,-10.0
dqn,1,967,-10.0
dqn,1,975,-83.4
dqn,1,976,-69.6
dqn,1,979,-10.0
dqn,1,980,-39.0
dqn,1,981,-10.0
dqn,1,982,-47.7
dqn,1,983,-46.8
dqn,1,985,-62.1
dqn,1,986,-10.0
dqn,1,989,-66.9
dqn,1,990,-25.2
dqn,1,991,-34.2
dqn,1,992,-10.0
dqn,1,993,-10.0
dqn,1,994,-44.1
dqn,1,995,-10.0
dqn,1,997,-10.0
dqn,1,1006,-10.0
dqn,1,1007,-43.2
dqn,1,1011,-10.0
dqn,1,1013,-39.9
dqn,1,1015,-28.5
dqn,1,1018,-48.3
dqn,1,1019,-45.3
dqn,1,1020,-44.4
dqn,1,1021,-61.5
dqn,1,1024,-10.0
dqn,1,1025,-10.0
dqn,1,1027,-10.0
dqn,1,1029,-40.8
dqn,1,1030,-10.0
dqn,1,1033,-22.5
dqn,1,1035,-10.0
dqn,1,1039,-10.0
dqn,1,1040,-28.8
dqn,1,1042,-10.0
dqn,1,1043,-10.0
dqn,1,1044,-10.0
dqn,1,1046,-10.0
dqn,1,1048,-10.0
dqn,1,1050,-64.5
dqn,1,1051,-10.0
dqn,1,1054,-48.3
dqn,1,1055,-10.0
dqn,1,1056,-10.0
dqn,1,1057,-10.0
dqn,1,1058,-47.4
dqn,1,1060,-62.1
dqn,1,1061,-43.2
dqn,1,1062,-41.1
dqn,1,1063,-10.0
dqn,1,1066,-10.0
dqn,1,1067,-10.0
dqn,1,1068,-38.7
dqn,1,1070,-10.0
dqn,1,1071,-40.2
dqn,1,1072,-10.0
dqn,1,1074,-10.0
dqn,1,1080,-32.1
dqn,1,1082,-10.0
dqn,1,1083,-49.2
dqn,1,1085,-40.8
dqn,1,1088,-10.0
dqn,1,1089,-10.0
dqn,1,1090,-45.0
dqn,1,1095,-64.2
dqn,1,1097,-22.8
dqn,1,1098,-10.0
dqn,1,1102,-45.9
dqn,1,1106,-28.8
dqn,1,1109,-10.0
dqn,1,1110,-34.2
dqn,1,1113,-10.0
dqn,1,1114,-28.8
dqn,1,1115,-43.2
dqn,1,1116,-10.0
dqn,1,1117,-54.9
dqn,1,1125,-29.4
dqn,1,1126,-10.0
dqn,1,1128,-10.0
dqn,1,1130,-10.0
dqn,1,1131,-10.0
dqn,1,1132,-10.0
dqn,1,1133,-10.0
dqn,1,1137,-10.0
dqn,1,1138,-10.0
dqn,1,1139,-10.0
dqn,1,1140,-10.0
dqn,1,1141,-32.1
dqn,1,1142,-10.0
dqn,1,1151,-10.0
dqn,1,1155,-10.0
dqn,1,1158,-10.0
dqn,1,1162,-10.0
dqn,1,1163,-10.0
dqn,1,1164,-54.9
dqn,1,1166,-31.2
dqn,1,1167,-53.7
dqn,1,1169,-42.9
dqn,1,1170,-44.1
dqn,1,1173,-10.0
dqn,1,1176,-10.0
dqn,1,1177,-44.7
dqn,1,1180,-10.0
dqn,1,1182,-10.0
dqn,1,1185,-42.0
dqn,1,1186,-10.0
dqn,1,1187,-10.0
dqn,1,1190,-10.0
dqn,1,1191,-10.0
dqn,1,1192,-25.2
dqn,1,1193,-34.2
dqn,1,1195,-69.3
dqn,1,1196,-87.0
dqn,1,1197,-34.2
dqn,1,1199,-10.0
dqn,1,1204,-47.4
dqn,1,1205,-54.9
dqn,1,1208,-34.5
dqn,1,1210,-42.9
dqn,1,1212,-48.6
dqn,1,1213,-49.2
dqn,1,1216,-48.0
dqn,1,1218,-42.6
dqn,1,1219,-10.0
dqn,1,1220,-10.0
dqn,1,1223,-52.8
dqn,1,1224,-44.1
dqn,1,1227,-10.0
dqn,1,1231,-10.0
dqn,1,1233,-10.0
dqn,1,1234,-10.0
dqn,1,1237,-10.0
dqn,1,1238,-41.1
dqn,1,1239,-10.0
dqn,1,1242,-10.0
dqn,1,1245,-41.4
dqn,1,1248,-10.0
dqn,1,1249,-10.0
dqn,1,1250,-10.0
dqn,1,1251,-10.0
dqn,1,1252,-10.0
dqn,1,1255,-10.0
dqn,1,1258,-10.0
dqn,1,1260,-10.0
dqn,1,1261,-10.0
dqn,1,1262,-10.0
dqn,1,1263,-42.3
dqn,1,1264,-33.6
dqn,1,1265,-10.0
dqn,1,1267,-85.2
dqn,1,1268,-10.0
dqn,1,1270,-10.0
dqn,1,1272,-10.0
dqn,1,1274,-10.0
dqn,1,1276,-42.9
dqn,1,1278,-10.0
dqn,1,1280,-31.8
dqn,1,1282,-85.2
dqn,1,1283,-10.0
dqn,1,1286,-10.0
dqn,1,1287,-46.8
dqn,1,1288,-31.5
dqn,1,1289,-33.6
dqn,1,1292,-10.0
dqn,1,1295,-44.7
dqn,1,1304,-38.7
dqn,1,1311,-10.0
dqn,1,1312,-10.0
dqn,1,1313,-64.8
dqn,1,1314,-87.0
dqn,1,1320,-30.6
dqn,1,1321,-54.9
dqn,1,1324,-69.0
dqn,1,1325,-40.2
dqn,1,1326,-48.9
dqn,1,1327,-38.4
dqn,1,1332,-30.3
dqn,1,1333,-42.3
dqn,1,1335,-10.0
dqn,1,1336,-30.6
dqn,1,1337,-54.0
dqn,1,1338,-10.0
dqn,1,1339,-23.1
dqn,1,1340,-42.9
dqn,1,1341,-10.0
dqn,1,1343,-86.7
dqn,1,1347,-10.0
dqn,1,1348,-10.0
dqn,1,1350,-56.4
dqn,1,1352,-67.2
dqn,1,1354,-10.0
dqn,1,1355,-62.4
dqn,1,1356,-69.6
dqn,1,1357,-28.8
dqn,1,1358,-23.1
dqn,1,1360,-47.4
dqn,1,1361,-40.2
dqn,1,1363,-10.0
dqn,1,1365,-10.0
dqn,1,1366,-10.0
dqn,1,1368,-42.6
dqn,1,1371,-10.0
dqn,1,1372,-48.9
dqn,1,1373,-10.0
dqn,1,1375,-48.6
dqn,1,1379,-10.0
dqn,1,1382,-10.0
dqn,1,1383,-47.1
dqn,1,1385,-33.3
dqn,1,1386,-10.0
dqn,1,1388,-69.3
dqn,1,1389,-10.0
dqn,1,1390,-45.3
dqn,1,1396,-10.0
dqn,1,1398,-10.0
dqn,1,1399,-10.0
dqn,1,1400,-34.2
dqn,1,1402,-10.0
dqn,1,1405,-10.0
dqn,1,1410,-92.1
dqn,1,1413,-44.7
dqn,1,1415,-39.9
dqn,1,1419,-10.0
dqn,1,1421,-10.0
dqn,1,1422,-10.0
dqn,1,1423,-32.1
dqn,1,1424,-10.0
dqn,1,1425,-10.0
dqn,1,1431,-30.6
dqn,1,1436,-66.0
dqn,1,1437,-31.5
dqn,1,1438,-10.0
dqn,1,1439,-43.2
dqn,1,1442,-43.8
dqn,1,1443,-38.7
dqn,1,1444,-10.0
dqn,1,1445,-41.4
dqn,1,1446,-10.0
dqn,1,1449,-10.0
dqn,1,1452,-48.3
dqn,1,1455,-10.0
dqn,1,1457,-53.7
dqn,1,1458,-44.7
dqn,1,1460,-43.8
dqn,1,1467,-46.8
dqn,1,1469,-49.2
dqn,1,1472,-37.5
dqn,1,1474,-10.0
dqn,1,1476,-65.1
dqn,1,1479,-22.5
dqn,1,1482,-10.0
dqn,1,1489,-10.0
dqn,1,1490,-10.0
dqn,1,1492,-31.8
dqn,1,1494,-43.2
dqn,1,1497,-61.2
dqn,1,1500,-10.0
dqn,1,1501,-10.0
dqn,1,1504,-10.0
dqn,1,1505,-44.1
dqn,1,1510,-47.4
dqn,1,1511,-10.0
dqn,1,1512,-31.5
dqn,1,1514,-48.3
dqn,1,1515,-10.0
dqn,1,1516,-10.0
dqn,1,1517,-10.0
dqn,1,1521,-39.3
dqn,1,1522,-47.4
dqn,1,1523,-10.0
dqn,1,1526,-33.6
dqn,1,1529,-10.0
dqn,1,1531,-46.5
dqn,1,1532,-10.0
dqn,1,1534,-53.7
dqn,1,1535,-10.0
dqn,1,1541,-55.2
dqn,1,1542,-38.4
dqn,1,1543,-30.6
dqn,1,1546,-10.0
dqn,1,1548,-10.0
dqn,1,1549,-40.2
dqn,1,1551,-10.0
dqn,1,1553,-10.0
dqn,1,1554,-10.0
dqn,1,1556,-10.0
dqn,1,1558,-10.0
dqn,1,1561,-37.8
dqn,1,1569,-39.0
dqn,1,1571,-10.0
dqn,1,1576,-10.0
dqn,1,1577,-10.0
dqn,1,1578,-10.0
dqn,1,1579,-10.0
dqn,1,1580,-28.8
dqn,1,1584,-10.0
dqn,1,1585,-38.7
dqn,1,1586,-10.0
dqn,1,1588,-10.0
dqn,1,1589,-10.0
dqn,1,1590,-10.0
dqn,1,1593,-30.0
dqn,1,1596,-10.0
dqn,1,1598,-10.0
dqn,1,1599,-10.0
dqn,1,1600,-10.0
dqn,1,1602,-10.0
dqn,1,1608,-10.0
dqn,1,1609,-35.1
dqn,1,1610,-53.7
dqn,1,1611,-67.5
dqn,1,1613,-10.0
dqn,1,1614,-10.0
dqn,1,1615,-49.5
dqn,1,1619,-46.5
dqn,1,1620,-10.0
dqn,1,1622,-47.4
dqn,1,1623,-32.1
dqn,1,1625,-41.7
dqn,1,1627,-53.7
dqn,1,1628,-35.7
dqn,1,1629,-46.8
dqn,1,1630,-10.0
dqn,1,1631,-32.1
dqn,1,1634,-30.6
dqn,1,1635,-10.0
dqn,1,1636,-10.0
dqn,1,1637,-10.0
dqn,1,1638,-10.0
dqn,1,1639,-10.0
dqn,1,1641,-10.0
dqn,1,1642,-53.7
dqn,1,1643,-10.0
dqn,1,1646,-10.0
dqn,1,1648,-10.0
dqn,1,1653,-34.5
dqn,1,1657,-44.4
dqn,1,1665,-39.0
dqn,1,1667,-10.0
dqn,1,1668,-10.0
dqn,1,1670,-48.3
dqn,1,1672,-10.0
dqn,1,1673,-10.0
dqn,1,1675,-29.4
dqn,1,1677,-10.0
dqn,1,1680,-10.0
dqn,1,1681,-47.1
dqn,1,1683,-10.0
dqn,1,1687,-10.0
dqn,1,1688,-10.0
dqn,1,1689,-56.7
dqn,1,1691,-10.0
dqn,1,1693,-10.0
dqn,1,1694,-54.0
dqn,1,1697,-36.3
dqn,1,1700,-10.0
dqn,1,1701,-56.7
dqn,1,1704,-10.0
dqn,1,1706,-10.0
dqn,1,1707,-10.0
dqn,1,1709,-24.9
dqn,1,1712,-10.0
dqn,1,1714,-10.0
dqn,1,1717,-10.0
dqn,1,1718,-10.0
dqn,1,1720,-10.0
dqn,1,1729,-10.0
dqn,1,1731,-10.0
dqn,1,1732,-61.5
dqn,1,1733,-10.0
dqn,1,1736,-10.0
dqn,1,1737,-10.0
dqn,1,1738,-43.5
dqn,1,1743,-10.0
dqn,1,1744,-31.5
dqn,1,1746,-44.1
dqn,1,1748,-10.0
dqn,1,1752,-24.9
dqn,1,1753,-33.6
dqn,1,1758,-10.0
dqn,1,1759,-10.0
dqn,1,1760,-42.9
dqn,1,1763,-10.0
dqn,1,1766,-10.0
dqn,1,1769,-66.9
dqn,1,1770,-10.0
dqn,1,1774,-10.0
dqn,1,1775,-10.0
dqn,1,1780,-10.0
dqn,1,1782,-44.1
dqn,1,1783,-35.7
dqn,1,1784,-10.0
dqn,1,1785,-49.8
dqn,1,1788,-10.0
dqn,1,1790,-10.0
dqn,1,1792,-56.4
dqn,1,1795,-10.0
dqn,1,1797,-10.0
dqn,1,1798,-54.0
dqn,1,1800,-10.0
dqn,1,1804,-30.3
dqn,1,1806,-10.0
dqn,1,1807,-10.0
dqn,1,1808,-10.0
dqn,1,1809,-38.7
dqn,1,1813,-64.5
dqn,1,1814,-40.2
dqn,1,1817,-10.0
dqn,1,1818,-44.4
dqn,1,1824,-66.6
dqn,1,1833,-10.0
dqn,1,1835,-30.6
dqn,1,1836,-38.4
dqn,1,1837,-51.3
dqn,1,1844,-65.7
dqn,1,1846,-42.6
dqn,1,1848,-10.0
dqn,1,1850,-54.6
dqn,1,1851,-10.0
dqn,1,1852,-10.0
dqn,1,1853,-42.0
dqn,1,1855,-10.0
dqn,1,1856,-44.4
dqn,1,1858,-10.0
dqn,1,1859,-10.0
dqn,1,1860,-38.7
dqn,1,1863,-31.5
dqn,1,1864,-10.0
dqn,1,1866,-10.0
dqn,1,1868,-10.0
dqn,1,1869,-42.9
dqn,1,1871,-10.0
dqn,1,1877,-43.2
dqn,1,1880,-10.0
dqn,1,1885,-10.0
dqn,1,1894,-10.0
dqn,1,1895,-10.0
dqn,1,1898,-40.5
dqn,1,1900,-25.5
dqn,1,1903,-10.0
dqn,1,1907,-60.9
dqn,1,1910,-84.9
dqn,1,1911,-49.8
dqn,1,1914,-10.0
dqn,1,1915,-34.5
dqn,1,1921,-37.2
dqn,1,1922,-10.0
dqn,1,1924,-10.0
dqn,1,1926,-10.0
dqn,1,1931,-10.0
dqn,1,1932,-10.0
dqn,1,1938,-10.0
dqn,1,1939,-10.0
dqn,1,1943,-10.0
dqn,1,1947,-37.8
dqn,1,1951,-10.0
dqn,1,1954,-10.0
dqn,1,1955,-35.7
dqn,1,1957,-10.0
dqn,1,1959,-10.0
dqn,1,1961,-42.0
dqn,1,1962,-10.0
dqn,1,1964,-10.0
dqn,1,1968,-77.7
dqn,1,1972,-43.2
dqn,1,1973,-10.0
dqn,1,1977,-42.6
dqn,1,1978,-10.0
dqn,1,1979,-10.0
dqn,1,1980,-10.0
dqn,1,1982,-44.4
dqn,1,1983,-10.0
dqn,1,1986,-10.0
dqn,1,1988,-10.0
dqn,1,1989,-48.6
dqn,1,1990,-62.4
dqn,1,1991,-38.7
dqn,1,1995,-43.5
dqn,1,1996,-44.7
dqn,1,1997,-10.0
dqn,1,1999,-10.0
dqn,1,2007,-10.0
dqn,1,2008,-10.0
dqn,1,2011,-10.0
dqn,1,2016,-10.0
dqn,1,2019,-10.0
dqn,1,2020,-10.0
dqn,1,2021,-10.0
dqn,1,2022,-10.0
dqn,1,2023,-44.4
dqn,1,2025,-10.0
dqn,1,2030,-39.9
dqn,1,2033,-10.0
dqn,1,2034,-42.3
dqn,1,2036,-48.3
dqn,1,2037,-10.0
dqn,1,2038,-44.4
dqn,1,2040,-56.4
dqn,1,2047,-10.0
dqn,1,2051,-10.0
dqn,1,2055,-27.9
dqn,1,2056,-42.3
dqn,1,2063,-10.0
dqn,1,2064,-10.0
dqn,1,2069,-47.4
dqn,1,2070,-10.0
dqn,1,2071,-35.1
dqn,1,2072,-10.0
dqn,1,2076,-10.0
dqn,1,2080,-39.3
dqn,1,2081,-25.2
dqn,1,2083,-25.5
dqn,1,2086,-47.1
dqn,1,2088,-10.0
dqn,1,2089,-10.0
dqn,1,2090,-46.8
dqn,1,2093,-72.0
dqn,1,2097,-10.0
dqn,1,2100,-10.0
dqn,1,2101,-53.4
dqn,1,2107,-10.0
dqn,1,2109,-10.0
dqn,1,2115,-30.6
dqn,1,2116,-10.0
dqn,1,2117,-45.3
dqn,1,2119,-42.9
dqn,1,2127,-41.1
dqn,1,2131,-10.0
dqn,1,2136,-10.0
dqn,1,2138,-33.9
dqn,1,2139,-10.0
dqn,1,2144,-27.6
dqn,1,2146,-10.0
dqn,1,2149,-10.0
dqn,1,2150,-10.0
dqn,1,2152,-10.0
dqn,1,2156,-10.0
dqn,1,2158,-10.0
dqn,1,2159,-48.6
dqn,1,2163,-31.2
dqn,1,2165,-33.3
dqn,1,2170,-10.0
dqn,1,2174,-10.0
dqn,1,2178,-47.7
dqn,1,2187,-40.2
dqn,1,2193,-10.0
dqn,1,2195,-10.0
dqn,1,2196,-10.0
dqn,1,2198,-10.0
dqn,1,2200,-10.0
dqn,1,2203,-41.7
dqn,1,2205,-10.0
dqn,1,2207,-48.3
dqn,1,2208,-10.0
dqn,1,2209,-23.1
dqn,1,2211,-10.0
dqn,1,2216,-10.0
dqn,1,2218,-42.6
dqn,1,2228,-10.0
dqn,1,2229,-69.6
dqn,1,2231,-10.0
dqn,1,2237,-71.1
dqn,1,2240,-48.0
dqn,1,2241,-10.0
dqn,1,2246,-10.0
dqn,1,2258,-39.3
dqn,1,2261,-43.8
dqn,1,2267,-42.0
dqn,1,2268,-32.1
dqn,1,2269,-10.0
dqn,1,2273,-41.7
dqn,1,2275,-10.0
dqn,1,2276,-10.0
dqn,1,2280,-10.0
dqn,1,2284,-10.0
dqn,1,2292,-10.0
dqn,1,2294,-10.0
dqn,1,2295,-10.0
dqn,1,2296,-69.6
dqn,1,2302,-43.2
dqn,1,2304,-39.9
dqn,1,2306,-10.0
dqn,1,2309,-10.0
dqn,1,2310,-10.0
dqn,1,2314,-10.0
dqn,1,2315,-45.3
dqn,1,2317,-10.0
dqn,1,2318,-42.9
dqn,1,2319,-34.2
dqn,1,2322,-10.0
dqn,1,2329,-38.4
dqn,1,2332,-10.0
dqn,1,2336,-40.2
dqn,1,2338,-67.8
dqn,1,2339,-44.1
dqn,1,2341,-10.0
dqn,1,2347,-30.6
dqn,1,2352,-10.0
dqn,1,2354,-10.0
dqn,1,2355,-10.0
dqn,1,2356,-10.0
dqn,1,2359,-10.0
dqn,1,2361,-10.0
dqn,1,2363,-10.0
dqn,1,2365,-10.0
dqn,1,2367,-10.0
dqn,1,2370,-10.0
dqn,1,2371,-44.4
dqn,1,2373,-10.0
dqn,1,2377,-10.0
dqn,1,2378,-10.0
dqn,1,2379,-31.5
dqn,1,2380,-10.0
dqn,1,2381,-48.6
dqn,1,2385,-10.0
dqn,1,2386,-10.0
dqn,1,2387,-10.0
dqn,1,2389,-10.0
dqn,1,2392,-10.0
dqn,1,2393,-54.9
dqn,1,2395,-67.2
dqn,1,2397,-10.0
dqn,1,2399,-10.0
dqn,1,2402,-34.5
dqn,1,2403,-10.0
dqn,1,2410,-60.0
dqn,1,2413,-10.0
dqn,1,2419,-71.1
dqn,1,2422,-10.0
dqn,1,2423,-10.0
dqn,1,2424,-25.8
dqn,1,2425,-48.6
dqn,1,2426,-10.0
dqn,1,2427,-10.0
dqn,1,2428,-10.0
dqn,1,2430,-10.0
dqn,1,2439,-10.0
dqn,1,2441,-49.2
dqn,1,2446,-10.0
dqn,1,2451,-10.0
dqn,1,2452,-54.0
dqn,1,2455,-10.0
dqn,1,2456,-48.6
dqn,1,2459,-53.1
dqn,1,2462,-40.8
dqn,1,2464,-38.4
dqn,1,2465,-10.0
dqn,1,2466,-10.0
dqn,1,2473,-41.4
dqn,1,2476,-10.0
dqn,1,2478,-10.0
dqn,1,2484,-41.4
dqn,1,2487,-41.7
dqn,1,2488,-10.0
dqn,1,2494,-40.8
dqn,1,2498,-68.7
dqn,1,2499,-45.3
dqn,1,2501,-10.0
dqn,1,2502,-10.0
dqn,1,2505,-64.2
dqn,1,2510,-10.0
dqn,1,2513,-42.0
dqn,1,2514,-54.9
dqn,1,2519,-10.0
dqn,1,2521,-10.0
dqn,1,2522,-10.0
dqn,1,2525,-10.0
dqn,1,2526,-10.0
dqn,1,2527,-10.0
dqn,1,2528,-70.8
dqn,1,2530,-10.0
dqn,1,2531,-10.0
dqn,1,2533,-10.0
dqn,1,2534,-33.6
dqn,1,2536,-10.0
dqn,1,2538,-31.2
dqn,1,2539,-32.1
dqn,1,2542,-10.0
dqn,1,2546,-53.1
dqn,1,2547,-48.9
dqn,1,2548,-10.0
dqn,1,2549,-10.0
dqn,1,2551,-45.0
dqn,1,2552,-49.2
dqn,1,2553,-44.1
dqn,1,2554,-48.6
dqn,1,2556,-10.0
dqn,1,2559,-10.0
dqn,1,2561,-10.0
dqn,1,2563,-62.1
dqn,1,2564,-40.2
dqn,1,2565,-10.0
dqn,1,2570,-43.5
dqn,1,2572,-10.0
dqn,1,2573,-54.0
dqn,1,2576,-10.0
dqn,1,2577,-10.0
dqn,1,2578,-53.7
dqn,1,2583,-10.0
dqn,1,2585,-10.0
dqn,1,2586,-10.0
dqn,1,2591,-71.4
dqn,1,2598,-33.9
dqn,1,2600,-78.3
dqn,1,2603,-10.0
dqn,1,2605,-61.8
dqn,1,2608,-39.6
dqn,1,2609,-41.1
dqn,1,2610,-10.0
dqn,1,2617,-36.6
dqn,1,2618,-10.0
dqn,1,2623,-34.5
dqn,1,2631,-10.0
dqn,1,2632,-44.4
dqn,1,2640,-10.0
dqn,1,2641,-10.0
dqn,1,2642,-35.7
dqn,1,2646,-33.3
dqn,1,2647,-42.3
dqn,1,2649,-10.0
dqn,1,2653,-55.8
dqn,1,2658,-37.2
dqn,1,2663,-10.0
dqn,1,2664,-10.0
dqn,1,2665,-10.0
dqn,1,2666,-49.8
dqn,1,2667,-48.6
dqn,1,2668,-43.2
dqn,1,2671,-10.0
dqn,1,2673,-56.4
dqn,1,2685,-10.0
dqn,1,2686,-10.0
dqn,1,2688,-10.0
dqn,1,2691,-30.3
dqn,1,2693,-10.0
dqn,1,2694,-42.3
dqn,1,2695,-67.5
dqn,1,2697,-25.5
dqn,1,2699,-72.3
dqn,1,2705,-36.6
dqn,1,2710,-10.0
dqn,1,2719,-47.4
dqn,1,2723,-52.8
dqn,1,2727,-71.7
dqn,1,2731,-42.0
dqn,1,2732,-10.0
dqn,1,2735,-10.0
dqn,1,2740,-24.6
dqn,1,2750,-33.0
dqn,1,2751,-42.9
dqn,1,2754,-33.0
dqn,1,2757,-10.0
dqn,1,2758,-48.6
dqn,1,2759,-35.7
dqn,1,2764,-37.5
dqn,1,2767,-44.1
dqn,1,2770,-48.6
dqn,1,2777,-10.0
dqn,1,2781,-10.0
dqn,1,2782,-10.0
dqn,1,2789,-10.0
dqn,1,2793,-45.9
dqn,1,2794,-40.2
dqn,1,2797,-46.2
dqn,1,2799,-10.0
dqn,1,2801,-53.1
dqn,1,2802,-10.0
dqn,1,2804,-35.4
dqn,1,2805,-49.8
dqn,1,2807,-10.0
dqn,1,2808,-64.8
dqn,1,2810,-10.0
dqn,1,2814,-61.2
dqn,1,2815,-10.0
dqn,1,2817,-10.0
dqn,1,2818,-62.1
dqn,1,2828,-10.0
dqn,1,2834,-52.5
dqn,1,2835,-42.3
dqn,1,2836,-10.0
dqn,1,2838,-10.0
dqn,1,2842,-28.8
dqn,1,2846,-10.0
dqn,1,2853,-67.8
dqn,1,2870,-64.8
dqn,1,2877,-47.7
dqn,1,2879,-56.4
dqn,1,2883,-92.4
dqn,1,2884,-33.6
dqn,1,2885,-40.2
dqn,1,2886,-10.0
dqn,1,2887,-87.0
dqn,1,2889,-53.7
dqn,1,2890,-45.3
dqn,1,2892,-46.8
dqn,1,2894,-10.0
dqn,1,2896,-37.8
dqn,1,2903,-10.0
dqn,1,2907,-10.0
dqn,1,2909,-10.0
dqn,1,2916,-36.3
dqn,1,2918,-53.7
dqn,1,2925,-10.0
dqn,1,2927,-10.0
dqn,1,2928,-34.2
dqn,1,2941,-58.5
dqn,1,2944,-10.0
dqn,1,2945,-10.0
dqn,1,2948,-10.0
dqn,1,2950,-49.5
dqn,1,2956,-10.0
dqn,1,2959,-10.0
dqn,1,2962,-44.4
dqn,1,2967,-30.0
dqn,1,2969,-10.0
dqn,1,2970,-10.0
dqn,1,2972,-48.3
dqn,1,2973,-10.0
dqn,1,2975,-41.1
dqn,1,2979,-44.4
dqn,1,2986,-39.6
dqn,1,2989,-10.0
dqn,1,2990,-65.4
dqn,1,2991,-35.1
dqn,1,2997,-10.0
dqn,1,3003,-84.0
dqn,1,3006,-42.6
dqn,1,3008,-10.0
dqn,1,3009,-10.0
dqn,1,3012,-30.3
dqn,1,3013,-40.2
dqn,1,3014,-48.6
dqn,1,3018,-41.1
dqn,1,3019,-38.7
dqn,1,3020,-10.0
dqn,1,3021,-10.0
dqn,1,3025,-10.0
dqn,1,3029,-10.0
dqn,1,3031,-42.6
dqn,1,3032,-65.4
dqn,1,3033,-10.0
dqn,1,3034,-10.0
dqn,1,3035,-10.0
dqn,1,3036,-10.0
dqn,1,3038,-29.4
dqn,1,3043,-10.0
dqn,1,3046,-48.0
dqn,1,3047,-10.0
dqn,1,3048,-38.1
dqn,1,3052,-30.0
dqn,1,3053,-48.9
dqn,1,3057,-63.9
dqn,1,3059,-10.0
dqn,1,3063,-46.8
dqn,1,3067,-10.0
dqn,1,3068,-31.5
dqn,1,3076,-10.0
dqn,1,3080,-10.0
dqn,1,3082,-10.0
dqn,1,3089,-76.8
dqn,1,3093,-46.8
dqn,1,3102,-46.2
dqn,1,3105,-29.1
dqn,1,3107,-38.7
dqn,1,3115,-36.6
dqn,1,3121,-38.7
dqn,1,3122,-10.0
dqn,1,3124,-10.0
dqn,1,3126,-46.8
dqn,1,3130,-34.8
dqn,1,3131,-32.1
dqn,1,3137,-43.8
dqn,1,3138,-10.0
dqn,1,3141,-10.0
dqn,1,3142,-56.7
dqn,1,3143,-49.5
dqn,1,3145,-10.0
dqn,1,3148,-10.0
dqn,1,3151,-10.0
dqn,1,3154,-10.0
dqn,1,3157,-10.0
dqn,1,3160,-72.0
dqn,1,3165,-30.9
dqn,1,3167,-49.2
dqn,1,3170,-10.0
dqn,1,3171,-10.0
dqn,1,3174,-10.0
dqn,1,3186,-10.0
dqn,1,3192,-35.4
dqn,1,3194,-38.4
dqn,1,3195,-54.0
dqn,1,3198,-30.0
dqn,1,3202,-10.0
dqn,1,3203,-10.0
dqn,1,3206,-36.3
dqn,1,3207,-48.6
dqn,1,3213,-46.2
dqn,1,3216,-10.0
dqn,1,3229,-10.0
dqn,1,3230,-68.1
dqn,1,3235,-10.0
dqn,1,3239,-46.8
dqn,1,3243,-10.0
dqn,1,3244,-36.3
dqn,1,3250,-53.4
dqn,1,3254,-43.2
dqn,1,3264,-10.0
dqn,1,3265,-10.0
dqn,1,3266,-10.0
dqn,1,3268,-10.0
dqn,1,3276,-46.5
dqn,1,3277,-10.0
dqn,1,3279,-48.3
dqn,1,3280,-44.4
dqn,1,3281,-10.0
dqn,1,3287,-10.0
dqn,1,3288,-10.0
dqn,1,3294,-10.0
dqn,1,3299,-10.0
dqn,1,3300,-10.0
dqn,1,3302,-65.1
dqn,1,3306,-10.0
dqn,1,3317,-10.0
dqn,1,3319,-10.0
dqn,1,3323,-10.0
dqn,1,3332,-10.0
dqn,1,3338,-10.0
dqn,1,3351,-75.0
dqn,1,3353,-30.3
dqn,1,3356,-38.4
dqn,1,3361,-55.5
dqn,1,3363,-10.0
dqn,1,3368,-10.0
dqn,1,3369,-43.2
dqn,1,3370,-10.0
dqn,1,3383,-37.5
dqn,1,3387,-30.3
dqn,1,3391,-47.7
dqn,1,3395,-28.8
dqn,1,3398,-10.0
dqn,1,3400,-10.0
dqn,1,3401,-69.6
dqn,1,3405,-30.6
dqn,1,3411,-10.0
dqn,1,3414,-86.4
dqn,1,3416,-30.9
dqn,1,3425,-10.0
dqn,1,3432,-39.3
dqn,1,3436,-30.6
dqn,1,3439,-10.0
dqn,1,3442,-30.9
dqn,1,3444,-10.0
dqn,1,3460,-10.0
dqn,1,3461,-10.0
dqn,1,3463,-24.9
dqn,1,3466,-10.0
dqn,1,3467,-38.4
dqn,1,3468,-28.8
dqn,1,3482,-38.4
dqn,1,3487,-43.2
dqn,1,3489,-44.4
dqn,1,3497,-38.1
dqn,1,3499,-61.8
dqn,1,3503,-31.2
dqn,1,3504,-10.0
dqn,1,3505,-87.0
dqn,1,3511,-10.0
dqn,1,3518,-29.7
dqn,1,3524,-66.6
dqn,1,3542,-35.1
dqn,1,3545,-54.3
dqn,1,3550,-52.5
dqn,1,3554,-38.1
dqn,1,3555,-10.0
dqn,1,3556,-10.0
dqn,1,3559,-10.0
dqn,1,3565,-10.0
dqn,1,3571,-10.0
dqn,1,3576,-55.5
dqn,1,3583,-10.0
dqn,1,3591,-46.8
dqn,1,3594,-10.0
dqn,1,3608,-10.0
dqn,1,3615,-46.8
dqn,1,3616,-45.3
dqn,1,3617,-10.0
dqn,1,3619,-40.8
dqn,1,3626,-10.0
dqn,1,3632,-43.8
dqn,1,3643,-42.0
dqn,1,3651,-10.0
dqn,1,3656,-10.0
dqn,1,3661,-10.0
dqn,1,3663,-10.0
dqn,1,3665,-10.0
dqn,1,3667,-10.0
dqn,1,3683,-52.2
dqn,1,3688,-30.0
dqn,1,3690,-69.3
dqn,1,3691,-44.7
dqn,1,3695,-43.5
dqn,1,3698,-44.7
dqn,1,3702,-10.0
dqn,1,3704,-10.0
dqn,1,3713,-10.0
dqn,1,3730,-10.0
dqn,1,3737,-10.0
dqn,1,3745,-10.0
dqn,1,3752,-63.0
dqn,1,3759,-24.0
dqn,1,3760,-42.3
dqn,1,3761,-10.0
dqn,1,3763,-53.7
dqn,1,3770,-10.0
dqn,1,3782,-10.0
dqn,1,3793,-10.0
dqn,1,3795,-10.0
dqn,1,3797,-28.5
dqn,1,3798,-48.6
dqn,1,3804,-10.0
dqn,1,3807,-29.1
dqn,1,3809,-10.0
dqn,1,3816,-60.3
dqn,1,3817,-41.1
dqn,1,3822,-84.3
dqn,1,3825,-40.8
dqn,1,3827,-48.9
dqn,1,3831,-10.0
dqn,1,3832,-41.1
dqn,1,3833,-62.1
dqn,1,3840,-10.0
dqn,1,3857,-10.0
dqn,1,3864,-10.0
dqn,1,3884,-10.0
dqn,1,3885,-10.0
dqn,1,3889,-67.2
dqn,1,3891,-42.0
dqn,1,3893,-10.0
dqn,1,3903,-39.6
dqn,1,3912,-42.9
dqn,1,3923,-10.0
dqn,1,3927,-10.0
dqn,1,3937,-54.0
dqn,1,3944,-67.8
dqn,1,3946,-34.2
dqn,1,3951,-52.2
dqn,1,3960,-10.0
dqn,1,3965,-28.5
dqn,1,3969,-10.0
dqn,1,3996,-41.1
dqn,1,4000,-10.0
dqn,1,4006,-10.0
dqn,1,4015,-54.3
dqn,1,4021,-10.0
dqn,1,4023,-10.0
dqn,1,4026,-56.1
dqn,1,4038,-10.0
dqn,1,4043,-10.0
dqn,1,4052,-10.0
dqn,1,4058,-10.0
dqn,1,4064,-37.2
dqn,1,4066,-61.5
dqn,1,4072,-10.0
dqn,1,4085,-10.0
dqn,1,4090,-10.0
dqn,1,4092,-45.0
dqn,1,4099,-10.0
dqn,1,4105,-45.3
dqn,1,4109,-10.0
dqn,1,4111,-10.0
dqn,1,4116,-47.4
dqn,1,4119,-35.7
dqn,1,4121,-10.0
dqn,1,4128,-10.0
dqn,1,4129,-10.0
dqn,1,4131,-10.0
dqn,1,4133,-10.0
dqn,1,4134,-10.0
dqn,1,4140,-10.0
dqn,1,4157,-33.3
dqn,1,4159,-30.9
dqn,1,4163,-60.9
dqn,1,4170,-41.7
dqn,1,4171,-43.2
dqn,1,4178,-39.6
dqn,1,4183,-10.0
dqn,1,4194,-10.0
dqn,1,4198,-30.3
dqn,1,4199,-33.6
dqn,1,4205,-10.0
dqn,1,4237,-10.0
dqn,1,4238,-10.0
dqn,1,4239,-56.7
dqn,1,4251,-32.4
dqn,1,4264,-10.0
dqn,1,4265,-38.7
dqn,1,4271,-10.0
dqn,1,4275,-10.0
dqn,1,4281,-32.1
dqn,1,4296,-63.9
dqn,1,4308,-10.0
dqn,1,4314,-10.0
dqn,1,4316,-10.0
dqn,1,4319,-44.7
dqn,1,4321,-37.8
dqn,1,4324,-40.8
dqn,1,4326,-10.0
dqn,1,4336,-10.0
dqn,1,4341,-10.0
dqn,1,4354,-10.0
dqn,1,4377,-10.0
dqn,1,4383,-29.1
dqn,1,4388,-46.2
dqn,1,4393,-48.6
dqn,1,4420,-10.0
dqn,1,4427,-67.8
dqn,1,4428,-10.0
dqn,1,4437,-10.0
dqn,1,4443,-30.0
dqn,1,4449,-32.7
dqn,1,4458,-10.0
dqn,1,4462,-10.0
dqn,1,4469,-10.0
dqn,1,4484,-45.6
dqn,1,4488,-69.9
dqn,1,4491,-39.6
dqn,1,4518,-34.5
dqn,1,4519,-10.0
dqn,1,4524,-64.2
dqn,1,4537,-45.0
dqn,1,4571,-43.8
dqn,1,4582,-10.0
dqn,1,4603,-10.0
dqn,1,4606,-42.6
dqn,1,4608,-44.4
dqn,1,4618,-36.3
dqn,1,4642,-10.0
dqn,1,4645,-61.2
dqn,1,4669,-47.1
dqn,1,4682,-39.9
dqn,1,4694,-90.0
dqn,1,4705,-32.7
dqn,1,4711,-41.7
dqn,1,4724,-44.1
dqn,1,4759,-21.0
dqn,1,4792,-10.0
dqn,1,4805,-64.5
dqn,1,4815,-28.2
dqn,1,4830,-10.0
dqn,1,4834,-10.0
dqn,1,4841,-10.0
dqn,1,4847,-10.0
dqn,1,4912,-11.7
dqn,1,4936,-18.9
dqn,1,4942,-52.2
dqn,1,4968,-10.0
dqn,1,4989,-37.2
dqn,1,4991,-10.0
dqn,1,4996,-10.0
dqn,1,5004,-10.0
dqn,1,5020,-40.2
dqn,1,5073,-10.0
dqn,1,5105,-33.6
dqn,1,5163,-10.0
dqn,1,5185,-10.0
dqn,1,5240,-37.2
dqn,1,5284,-24.0
dqn,1,5311,-41.1
dqn,1,5326,-10.0
dqn,1,5387,-10.8
dqn,1,5437,-10.0
dqn,1,5460,-10.0
dqn,1,5500,-24.6
dqn,1,5532,-10.0
dqn,1,5537,-10.0
dqn,1,5557,-10.0
dqn,1,5576,-10.0
dqn,1,5578,-24.9
dqn,1,5619,-10.0
dqn,1,5706,-10.0
dqn,1,5791,-10.0
dqn,1,5815,-86.4
dqn,1,5876,-13.5
dqn,1,5881,-10.0
dqn,1,5911,-63.9
dqn,1,5918,-10.0
dqn,1,5922,-71.7
dqn,1,5926,-10.0
dqn,1,6017,-10.0
dqn,1,6042,-37.2
dqn,1,6061,-10.0
dqn,1,6098,-36.9
dqn,1,6108,-10.0
dqn,1,6111,-30.6
dqn,1,6136,-10.0
dqn,1,6195,-22.8
dqn,1,6199,-10.0
dqn,1,6239,-33.0
dqn,1,6240,-67.2
dqn,1,6270,-76.8
dqn,1,6276,-10.0
dqn,1,6294,-67.5
dqn,1,6302,-39.9
dqn,1,6377,-42.6
dqn,1,6467,-11.4
dqn,1,6490,-10.0
dqn,1,6511,-10.0
dqn,1,6533,-87.0
dqn,1,6539,-45.3
dqn,1,6555,-35.7
dqn,1,6573,-65.7
dqn,1,6586,-39.6
dqn,1,6598,-66.3
dqn,1,6608,-10.0
dqn,1,6611,-28.2
dqn,1,6629,-64.5
dqn,1,6712,-60.9
dqn,1,6752,-35.7
dqn,1,6846,-27.0
dqn,1,6854,-10.0
dqn,1,6873,-36.6
dqn,1,6971,-7.2
dqn,1,6981,-37.5
dqn,1,6996,-68.4
dqn,1,7017,-42.6
dqn,1,7026,-34.5
dqn,1,7078,-10.0
dqn,1,7082,-10.0
dqn,1,7137,-28.2
dqn,1,7142,-10.0
dqn,1,7171,-27.3
dqn,1,7226,-10.0
dqn,1,7234,-43.2
dqn,1,7253,-10.0
dqn,1,7272,-17.7
dqn,1,7322,-10.0
dqn,1,7338,-45.3
dqn,1,7360,-80.7
dqn,1,7386,-10.0
dqn,1,7416,-76.8
dqn,1,7486,-10.0
dqn,1,7490,-41.1
dqn,1,7495,-10.0
dqn,1,7502,-46.8
dqn,1,7506,-43.8
dqn,1,7558,-10.0
dqn,1,7559,-44.4
dqn,1,7567,-39.0
dqn,1,7583,-10.0
dqn,1,7613,-32.4
dqn,1,7659,-10.0
dqn,1,7687,-10.0
dqn,1,7836,-10.0
dqn,1,7853,-10.0
dqn,1,7894,-26.7
dqn,1,7904,-40.5
dqn,1,7952,-10.0
dqn,1,7969,-10.0
dqn,1,7996,-10.0
dqn,1,8016,-48.0
dqn,1,8018,-10.0
dqn,1,8022,-31.2
dqn,1,8101,-38.1
dqn,1,8151,-29.7
dqn,1,8154,-10.0
dqn,1,8334,10.5
dqn,1,8336,-10.0
dqn,1,8355,-10.0
dqn,1,8481,8.7
dqn,1,8591,-9.9
dqn,1,8615,-37.8
dqn,1,8661,-31.8
dqn,1,8669,-10.0
dqn,1,8679,-52.2
dqn,1,8699,-10.0
dqn,1,8755,-10.0
dqn,1,8760,-84.3
dqn,1,8762,-10.0
dqn,1,8805,-66.0
dqn,1,8808,-40.5
dqn,1,8845,-10.0
dqn,1,8889,-10.0
dqn,1,8916,-29.1
dqn,1,8953,-34.5
dqn,1,8970,-34.2
dqn,1,8999,-30.6
dqn,1,9015,-44.4
dqn,1,9051,-54.9
dqn,1,9057,-10.0
dqn,1,9058,-10.0
dqn,1,9132,-27.0
dqn,1,9182,-8.4
dqn,1,9185,-10.0
dqn,1,9213,-37.2
dqn,1,9218,-10.0
dqn,1,9283,-9.6
dqn,1,9285,-10.0
dqn,1,9309,-34.2
dqn,1,9313,-50.4
dqn,1,9355,-36.3
dqn,1,9386,-24.6
dqn,1,9441,-32.4
dqn,1,9463,-10.0
dqn,1,9480,-10.0
dqn,1,9516,-10.0
dqn,1,9561,-10.0
dqn,1,9565,-34.8
dqn,1,9586,-10.0
dqn,1,9626,-10.0
dqn,1,9632,-10.0
dqn,1,9757,-16.8
dqn,1,9781,-10.0
dqn,1,9789,-42.3
dqn,1,9795,-10.0
dqn,1,9797,-10.0
dqn,1,9849,-10.0
dqn,1,9856,-10.0
dqn,1,9874,-48.9
dqn,1,9877,-28.2
dqn,1,9881,-66.3
dqn,1,9933,-10.0
dqn,1,9988,-9.0
dqn,1,10086,-10.0
dqn,1,10087,-10.0
dqn,1,10145,-10.0
dqn,1,10202,-14.4
dqn,1,10250,-31.2
dqn,1,10276,-24.6
dqn,1,10286,-39.3
dqn,1,10295,-10.0
dqn,1,10303,-10.0
dqn,1,10337,-10.0
dqn,1,10485,12.0
dqn,1,10498,-10.0
dqn,1,10507,-45.3
dqn,1,10569,-24.6
dqn,1,10596,-10.0
dqn,1,10600,-10.0
dqn,1,10615,-81.3
dqn,1,10619,-10.0
dqn,1,10643,-36.3
dqn,1,10689,-10.0
dqn,1,10724,-43.8
dqn,1,10748,-35.4
dqn,1,10757,-28.8
dqn,1,10779,-32.4
dqn,1,10816,-33.6
dqn,1,10829,-10.0
dqn,1,10844,-10.0
dqn,1,10864,-48.3
dqn,1,10875,-37.2
dqn,1,10928,-10.0
dqn,1,10978,-10.0
dqn,1,10996,-48.9
dqn,1,11019,-10.0
dqn,1,11021,-10.0
dqn,1,11022,-62.4
dqn,1,11057,-34.2
dqn,1,11058,-40.2
dqn,1,11064,-36.9
dqn,1,11093,-36.0
dqn,1,11286,-10.0
dqn,1,11331,-10.0
dqn,1,11384,-31.5
dqn,1,11406,-55.8
dqn,1,11432,-39.6
dqn,1,11446,-10.0
dqn,1,11581,-50.0
dqn,1,11598,-10.0
dqn,1,11600,-10.0
dqn,1,11628,-54.3
dqn,1,11673,-10.0
dqn,1,11675,-42.6
dqn,1,11741,-29.1
dqn,1,11765,-31.2
dqn,1,11815,-10.0
dqn,1,11816,-10.0
dqn,1,11823,-10.0
dqn,1,11863,-10.0
dqn,1,11951,-17.1
dqn,1,11957,-38.7
dqn,1,11980,-72.0
dqn,1,11987,-10.0
dqn,1,12028,-10.0
dqn,1,12058,-58.5
dqn,1,12080,-10.0
dqn,1,12137,-14.1
dqn,1,12191,-16.2
dqn,1,12248,-10.0
dqn,1,12264,-40.8
dqn,1,12281,-10.0
dqn,1,12305,-29.4
dqn,1,12364,-11.4
dqn,1,12469,-10.0
dqn,1,12473,-10.0
dqn,1,12487,-40.2
dqn,1,12500,-10.0
dqn,1,12531,-23.1
dqn,1,12607,-13.2
dqn,1,12682,-39.3
dqn,1,12755,-10.0
dqn,1,12763,-27.6
dqn,1,12799,-51.6
dqn,1,12805,-39.9
dqn,1,12815,-10.0
dqn,1,12821,-28.2
dqn,1,12859,-10.0
dqn,1,12869,-10.0
dqn,1,12893,-10.0
dqn,1,12896,-36.3
dqn,1,12922,-35.1
dqn,1,12979,-10.0
dqn,1,13049,-10.0
dqn,1,13057,-67.5
dqn,1,13076,-41.7
dqn,1,13138,-13.8
dqn,1,13168,-10.0
dqn,1,13176,-62.7
dqn,1,13193,-10.0
dqn,1,13341,-34.5
dqn,1,13371,-10.0
dqn,1,13387,-26.4
dqn,1,13394,-10.0
dqn,1,13521,0.9
dqn,1,13534,-25.2
dqn,1,13576,-19.2
dqn,1,13578,-10.0
dqn,1,13616,-10.0
dqn,1,13620,-10.0
dqn,1,13641,-42.9
dqn,1,13661,-38.7
dqn,1,13664,-10.0
dqn,1,13687,-63.0
dqn,1,13695,-10.0
dqn,1,13696,-10.0
dqn,1,13716,-10.0
dqn,1,13770,-10.0
dqn,1,13820,-21.0
dqn,1,13828,-32.1
dqn,1,13856,-41.1
dqn,1,13902,-27.6
dqn,1,13945,-10.0
dqn,1,13961,-32.4
dqn,1,13965,-10.0
dqn,1,13980,-32.7
dqn,1,13998,-10.0
dqn,1,14012,-10.0
dqn,1,14015,-28.2
dqn,1,14113,-11.1
dqn,1,14178,-50.4
dqn,1,14222,-28.2
dqn,1,14254,-10.0
dqn,1,14305,-10.0
dqn,1,14348,-36.9
dqn,1,14411,-52.2
dqn,1,14431,-37.5
dqn,1,14446,-50.7
dqn,1,14499,-10.0
dqn,1,14502,-47.1
dqn,1,14507,-10.0
dqn,1,14522,-10.0
dqn,1,14541,-10.0
dqn,1,14550,-10.0
dqn,1,14597,-10.0
dqn,1,14636,-29.7
dqn,1,14646,-23.1
dqn,1,14682,-10.0
dqn,1,14695,-41.4
dqn,1,14728,-44.1
dqn,1,14759,-39.9
dqn,1,14845,-5.4
dqn,1,14846,-56.7
dqn,1,14875,-10.0
dqn,1,14881,-36.9
dqn,1,14882,-10.0
dqn,1,14967,-10.0
dqn,1,14997,-10.0
dqn,1,15033,-10.0
dqn,1,15044,-40.2
dqn,1,15091,-33.9
dqn,1,15111,-10.0
dqn,1,15136,-40.2
dqn,1,15220,-24.3
dqn,1,15228,-46.8
dqn,1,15239,-10.0
dqn,1,15272,-29.1
dqn,1,15277,-10.0
dqn,1,15280,-43.8
dqn,1,15339,-10.0
dqn,1,15341,-28.5
dqn,1,15390,-52.8
dqn,1,15408,-10.0
dqn,1,15478,-10.0
dqn,1,15509,-37.8
dqn,1,15536,-10.0
dqn,1,15632,-2.1
dqn,1,15706,-1.2
dqn,1,15734,-10.0
dqn,1,15751,-45.0
dqn,1,15792,-10.0
dqn,1,15849,-10.0
dqn,1,15860,-58.8
dqn,1,15946,-61.5
dqn,1,15979,-10.0
dqn,1,15989,-29.4
dqn,1,16017,-28.8
dqn,1,16076,-10.0
dqn,1,16095,-33.0
dqn,1,16097,-10.0
dqn,1,16129,-10.0
dqn,1,16157,-10.0
dqn,1,16175,-39.6
dqn,1,16220,-72.3
dqn,1,16223,-50.7
dqn,1,16245,-10.0
dqn,1,16249,-10.0
dqn,1,16280,-52.5
dqn,1,16293,-10.0
dqn,1,16296,-10.0
dqn,1,16341,-10.0
dqn,1,16346,-33.3
dqn,1,16360,-10.0
dqn,1,16364,-47.7
dqn,1,16377,-10.0
dqn,1,16423,-18.6
dqn,1,16456,-10.0
dqn,1,16474,-23.7
dqn,1,16510,-10.0
dqn,1,16516,-45.6
dqn,1,16539,-16.5
dqn,1,16542,-54.3
dqn,1,16565,-16.5
dqn,1,16588,-10.0
dqn,1,16611,-33.6
dqn,1,16617,-10.0
dqn,1,16618,-10.0
dqn,1,16660,-10.0
dqn,1,16704,-25.2
dqn,1,16733,-10.0
dqn,1,16779,-10.0
dqn,1,16780,-10.0
dqn,1,16820,-10.0
dqn,1,16840,-10.0
dqn,1,16878,-33.3
dqn,1,16897,-10.0
dqn,1,16899,-10.0
dqn,1,16938,-54.0
dqn,1,16950,-43.5
dqn,1,16955,-27.6
dqn,1,16969,-10.0
dqn,1,16998,-58.8
dqn,1,17021,-24.0
dqn,1,17039,-10.0
dqn,1,17052,-10.0
dqn,1,17066,-10.0
dqn,1,17125,-25.2
dqn,1,17135,-10.0
dqn,1,17165,-10.0
dqn,1,17221,-32.4
dqn,1,17226,-10.0
dqn,1,17267,-10.0
dqn,1,17268,-10.0
dqn,1,17275,-43.5
dqn,1,17284,-40.8
dqn,1,17361,-10.0
dqn,1,17487,-10.0
dqn,1,17503,-10.0
dqn,1,17517,-10.0
dqn,1,17533,-27.6
dqn,1,17576,-30.3
dqn,1,17622,-54.6
dqn,1,17639,-28.8
dqn,1,17644,-10.0
dqn,1,17696,-38.7
dqn,1,17703,-65.4
dqn,1,17724,-25.5
dqn,1,17847,-10.0
dqn,1,17848,-10.0
dqn,1,17855,-10.0
dqn,1,17896,-10.0
dqn,1,17963,-29.1
dqn,1,17978,-10.0
dqn,1,18001,-10.0
dqn,1,18055,-10.0
dqn,1,18071,-30.6
dqn,1,18089,-10.0
dqn,1,18093,-10.0
dqn,1,18099,-46.2
dqn,1,18172,-63.9
dqn,1,18174,-10.0
dqn,1,18194,-29.4
dqn,1,18197,-10.0
dqn,1,18223,-18.3
dqn,1,18254,-10.0
dqn,1,18369,-10.0
dqn,1,18423,-10.0
dqn,1,18458,-32.7
dqn,1,18470,-41.1
dqn,1,18632,-10.0
dqn,1,18641,-10.0
dqn,1,18645,-37.8
dqn,1,18665,-38.4
dqn,1,18689,-10.0
dqn,1,18734,-18.9
dqn,1,18745,-10.0
dqn,1,18747,-10.0
dqn,1,18760,-81.9
dqn,1,18820,-10.0
dqn,1,18853,-10.0
dqn,1,18975,-12.9
dqn,1,18987,-10.0
dqn,1,19008,-10.0
dqn,1,19021,-41.1
dqn,1,19025,-10.0
dqn,1,19029,-10.0
dqn,1,19089,-10.0
dqn,1,19093,-10.0
dqn,1,19120,-35.4
dqn,1,19137,-10.0
dqn,1,19190,-19.5
dqn,1,19265,-45.3
dqn,1,19268,-48.3
dqn,1,19293,-10.0
dqn,1,19339,-10.0
dqn,1,19399,-10.0
dqn,1,19441,-10.0
dqn,1,19451,-66.9
dqn,1,19490,-19.8
dqn,1,19492,-28.5
dqn,1,19523,-10.0
dqn,1,19573,-25.5
dqn,1,19578,-10.0
dqn,1,19580,-85.2
dqn,1,19593,-37.5
dqn,1,19603,-10.0
dqn,1,19620,-10.0
dqn,1,19642,-50.4
dqn,1,19643,-10.0
dqn,1,19714,-10.0
dqn,1,19793,-8.7
dqn,1,19858,-11.7
dqn,1,19867,-10.0
dqn,1,19917,-14.1
dqn,1,19918,-10.0
dqn,1,19936,-10.0
dqn,1,19960,-55.2
dqn,1,19968,-32.1
dqn,1,19999,-56.4
dqn,1,20041,-27.9
dqn,1,20053,-10.0
dqn,1,20058,-53.7
dqn,1,20092,-19.8
dqn,1,20094,-10.0
dqn,1,20120,-10.0
dqn,1,20147,-10.0
dqn,1,20154,-40.8
dqn,1,20162,-10.0
dqn,1,20163,-10.0
dqn,1,20199,-32.7
dqn,1,20247,-17.4
dqn,1,20307,-10.0
dqn,1,20316,-10.0
dqn,1,20318,-10.0
dqn,1,20371,-21.3
dqn,1,20382,-59.1
dqn,1,20383,-10.0
dqn,1,20403,-10.0
dqn,1,20423,-36.9
dqn,1,20429,-30.6
dqn,1,20435,-39.9
dqn,1,20450,-39.3
dqn,1,20461,-42.3
dqn,1,20483,-10.0
dqn,1,20569,-15.6
dqn,1,20570,-78.6
dqn,1,20662,-6.9
dqn,1,20668,-48.0
dqn,1,20702,-45.0
dqn,1,20709,-10.0
dqn,1,20711,-31.8
dqn,1,20721,-37.5
dqn,1,20732,-39.3
dqn,1,20774,-30.9
dqn,1,20786,-35.4
dqn,1,20790,-10.0
dqn,1,20819,-36.6
dqn,1,20888,-28.5
dqn,1,20905,-10.0
dqn,1,20938,-40.2
dqn,1,20958,-10.0
dqn,1,21001,-66.0
dqn,1,21026,-10.0
dqn,1,21073,-10.0
dqn,1,21083,-10.0
dqn,1,21128,-34.5
dqn,1,21137,-28.5
dqn,1,21189,-10.0
dqn,1,21193,-10.0
dqn,1,21208,-10.0
dqn,1,21265,-19.5
dqn,1,21304,-10.0
dqn,1,21307,-50.7
dqn,1,21348,-66.6
dqn,1,21456,-10.0
dqn,1,21479,-10.0
dqn,1,21481,-48.6
dqn,1,21519,-10.0
dqn,1,21530,-10.0
dqn,1,21598,-42.0
dqn,1,21604,-41.4
dqn,1,21630,-10.0
dqn,1,21648,-43.5
dqn,1,21815,11.1
dqn,1,21817,-10.0
dqn,1,21837,-10.0
dqn,1,21853,-10.0
dqn,1,21865,-45.3
dqn,1,21877,-10.0
dqn,1,21904,-35.1
dqn,1,21919,-39.0
dqn,1,22006,-23.4
dqn,1,22007,-10.0
dqn,1,22032,-10.0
dqn,1,22138,6.3
dqn,1,22144,-38.7
dqn,1,22176,-10.0
dqn,1,22185,-38.7
dqn,1,22190,-10.0
dqn,1,22196,-10.0
dqn,1,22202,-10.0
dqn,1,22240,-27.6
dqn,1,22291,-29.4
dqn,1,22299,-36.3
dqn,1,22330,-29.4
dqn,1,22393,-51.0
dqn,1,22419,-24.6
dqn,1,22422,-10.0
dqn,1,22423,-72.6
dqn,1,22424,-10.0
dqn,1,22427,-39.6
dqn,1,22433,-10.0
dqn,1,22532,-41.4
dqn,1,22545,-43.2
dqn,1,22564,-26.7
dqn,1,22571,-60.6
dqn,1,22594,-10.0
dqn,1,22619,-86.1
dqn,1,22623,-61.5
dqn,1,22632,-10.0
dqn,1,22641,-10.0
dqn,1,22660,-34.8
dqn,1,22675,-10.0
dqn,1,22709,-28.5
dqn,1,22722,-10.0
dqn,1,22758,-10.0
dqn,1,22760,-41.7
dqn,1,22766,-47.1
dqn,1,22794,-10.0
dqn,1,22816,-22.5
dqn,1,22823,-76.8
dqn,1,22854,-31.2
dqn,1,22860,-10.0
dqn,1,22888,-10.0
dqn,1,22889,-43.2
dqn,1,22918,-22.5
dqn,1,22956,-10.0
dqn,1,22966,-37.5
dqn,1,22971,-10.0
dqn,1,23007,-32.7
dqn,1,23055,-27.9
dqn,1,23078,-10.0
dqn,1,23145,-23.7
dqn,1,23149,-10.0
dqn,1,23264,-33.0
dqn,1,23279,-10.0
dqn,1,23309,-10.0
dqn,1,23346,-10.0
dqn,1,23431,-39.6
dqn,1,23478,-11.4
dqn,1,23506,-35.4
dqn,1,23522,-34.2
dqn,1,23544,-10.0
dqn,1,23556,-10.0
dqn,1,23565,-84.6
dqn,1,23577,-10.0
dqn,1,23578,-64.8
dqn,1,23581,-28.2
dqn,1,23666,-24.3
dqn,1,23704,-10.0
dqn,1,23709,-10.0
dqn,1,23721,-10.0
dqn,1,23746,-10.0
dqn,1,23752,-10.0
dqn,1,23771,-41.4
dqn,1,23815,-10.0
dqn,1,23847,-10.0
dqn,1,23857,-28.8
dqn,1,23869,-10.0
dqn,1,23906,-57.3
dqn,1,23935,-17.4
dqn,1,23963,-10.0
dqn,1,24055,-1.5
dqn,1,24072,-51.9
dqn,1,24080,-10.0
dqn,1,24133,-10.0
dqn,1,24137,-39.3
dqn,1,24188,-25.2
dqn,1,24189,-10.0
dqn,1,24194,-30.3
dqn,1,24222,-10.0
dqn,1,24291,-10.0
dqn,1,24388,-10.0
dqn,1,24390,-42.9
dqn,1,24402,-67.5
dqn,1,24448,-10.0
dqn,1,24536,-10.0
dqn,1,24664,7.2
dqn,1,24699,-10.0
dqn,1,24720,-39.0
dqn,1,24734,-21.9
dqn,1,24740,-29.1
dqn,1,24760,-36.6
dqn,1,24778,-20.7
dqn,1,24809,-10.0
dqn,1,24853,-21.6
dqn,1,24888,-18.6
dqn,1,24895,-10.0
dqn,1,24961,-10.0
dqn,1,25024,-10.2
dqn,1,25053,-10.0
dqn,1,25077,-42.3
dqn,1,25090,-53.1
dqn,1,25093,-10.0
dqn,1,25124,-10.0
dqn,1,25136,-39.9
dqn,1,25139,-47.1
dqn,1,25166,-10.0
dqn,1,25179,-25.2
dqn,1,25191,-35.4
dqn,1,25218,-36.9
dqn,1,25244,-10.0
dqn,1,25289,-10.0
dqn,1,25335,-10.0
dqn,1,25383,-34.5
dqn,1,25454,-10.0
dqn,1,25458,-10.0
dqn,1,25473,-66.6
dqn,1,25500,-10.0
dqn,1,25505,-10.0
dqn,1,25516,-10.0
dqn,1,25662,-1.2
dqn,1,25703,-73.5
dqn,1,25725,-28.8
dqn,1,25750,-10.0
dqn,1,25805,-38.7
dqn,1,25829,-10.0
dqn,1,25852,-47.4
dqn,1,25907,-14.7
dqn,1,25910,-38.4
dqn,1,25969,-10.0
dqn,1,25994,-62.4
dqn,1,26000,-35.4
dqn,1,26137,-50.0
dqn,1,26161,-40.8
dqn,1,26186,-18.0
dqn,1,26264,-10.0
dqn,1,26308,-10.0
dqn,1,26336,-10.0
dqn,1,26338,-10.0
dqn,1,26405,-10.0
dqn,1,26419,-10.0
dqn,1,26422,-10.0
dqn,1,26454,-10.0
dqn,1,26465,-10.0
dqn,1,26476,-10.0
dqn,1,26530,-10.0
dqn,1,26551,-10.0
dqn,1,26579,-15.0
dqn,1,26596,-10.0
dqn,1,26657,-24.0
dqn,1,26661,-46.5
dqn,1,26664,-52.8
dqn,1,26665,-10.0
dqn,1,26766,-6.3
dqn,1,26811,-80.1
dqn,1,26817,-10.0
dqn,1,26826,-42.0
dqn,1,26862,-10.0
dqn,1,26863,-42.6
dqn,1,26979,-10.0
dqn,1,26980,-69.6
dqn,1,26981,-31.5
dqn,1,27006,-10.0
dqn,1,27015,-10.0
dqn,1,27037,-10.0
dqn,1,27044,-10.0
dqn,1,27103,-61.2
dqn,1,27123,-10.0
dqn,1,27141,-10.0
dqn,1,27156,-38.4
dqn,1,27162,-10.0
dqn,1,27171,-46.2
dqn,1,27190,-10.0
dqn,1,27239,-11.4
dqn,1,27258,-33.0
dqn,1,27303,-10.0
dqn,1,27328,-10.0
dqn,1,27334,-10.0
dqn,1,27369,-10.0
dqn,1,27403,-30.3
dqn,1,27417,-10.0
dqn,1,27437,-10.0
dqn,1,27502,-25.5
dqn,1,27507,-52.8
dqn,1,27508,-43.2
dqn,1,27564,-10.0
dqn,1,27578,-40.5
dqn,1,27588,-36.0
dqn,1,27618,-10.0
dqn,1,27623,-37.5
dqn,1,27661,-20.1
dqn,1,27676,-39.0
dqn,1,27688,-45.9
dqn,1,27709,-59.4
dqn,1,27754,-33.9
dqn,1,27757,-10.0
dqn,1,27792,-27.9
dqn,1,27815,-10.0
dqn,1,27824,-54.3
dqn,1,27835,-32.1
dqn,1,27846,-10.0
dqn,1,27877,-10.0
dqn,1,27927,-10.0
dqn,1,27942,-10.0
dqn,1,28047,-36.0
dqn,1,28088,-26.4
dqn,1,28136,-27.9
dqn,1,28142,-10.0
dqn,1,28159,-36.3
dqn,1,28200,-42.0
dqn,1,28215,-44.7
dqn,1,28223,-31.5
dqn,1,28228,-66.3
dqn,1,28237,-10.0
dqn,1,28238,-10.0
dqn,1,28366,-10.0
dqn,1,28393,-39.0
dqn,1,28404,-64.2
dqn,1,28428,-63.9
dqn,1,28454,-34.8
dqn,1,28489,-21.3
dqn,1,28524,-10.0
dqn,1,28554,-14.4
dqn,1,28578,-10.0
dqn,1,28589,-35.4
dqn,1,28613,-35.4
dqn,1,28628,-10.0
dqn,1,28647,-10.0
dqn,1,28762,-8.7
dqn,1,28796,-10.0
dqn,1,28807,-10.0
dqn,1,28881,-10.0
dqn,1,28915,-10.0
dqn,1,28952,-10.0
dqn,1,28967,-10.0
dqn,1,28978,-10.0
dqn,1,28997,-39.3
dqn,1,29061,-46.5
dqn,1,29115,-33.0
dqn,1,29132,-35.4
dqn,1,29177,-10.0
dqn,1,29197,-39.6
dqn,1,29304,-21.6
dqn,1,29306,-30.9
dqn,1,29308,-44.1
dqn,1,29311,-30.9
dqn,1,29315,-10.0
dqn,1,29339,-49.8
dqn,1,29365,-10.0
dqn,1,29430,-10.0
dqn,1,29470,-45.0
dqn,1,29496,-28.2
dqn,1,29517,-10.0
dqn,1,29519,-25.5
dqn,1,29575,-10.0
dqn,1,29581,-39.6
dqn,1,29608,-10.0
dqn,1,29610,-42.3
dqn,1,29615,-47.4
dqn,1,29662,-54.3
dqn,1,29685,-10.0
dqn,1,29726,-10.0
dqn,1,29741,-10.0
dqn,1,29757,-10.0
dqn,1,29760,-10.0
dqn,1,29782,-10.0
dqn,1,29787,-43.5
dqn,1,29804,-10.0
dqn,1,29830,-10.0
dqn,1,29876,-10.0
dqn,1,29877,-10.0
dqn,1,29894,-20.4
dqn,1,29932,-10.0
dqn,1,29950,-10.0
dqn,1,29959,-39.0
dqn,1,29973,-10.0
dqn,1,29998,-62.4
dqn,1,30004,-43.8
dqn,1,30018,-10.0
dqn,1,30021,-10.0
dqn,1,30028,-41.1
dqn,1,30088,-33.6
dqn,1,30093,-47.4
dqn,1,30104,-10.0
dqn,1,30121,-26.1
dqn,1,30134,-10.0
dqn,1,30154,-10.0
dqn,1,30160,-39.9
dqn,1,30208,-10.0
dqn,1,30240,-35.1
dqn,1,30246,-10.0
dqn,1,30282,-43.5
dqn,1,30330,-18.0
dqn,1,30339,-33.3
dqn,1,30400,-10.0
dqn,1,30498,-19.8
dqn,1,30503,-46.2
dqn,1,30573,-8.1
dqn,1,30610,-45.9
dqn,1,30650,-50.4
dqn,1,30712,-13.8
dqn,1,30734,-10.0
dqn,1,30761,-10.0
dqn,1,30827,-10.0
dqn,1,30939,-29.1
dqn,1,30940,-10.0
dqn,1,30967,-26.7
dqn,1,30991,-10.0
dqn,1,31027,-10.0
dqn,1,31086,-10.0
dqn,1,31104,-10.0
dqn,1,31106,-30.3
dqn,1,31143,-10.0
dqn,1,31165,-16.8
dqn,1,31206,-36.6
dqn,1,31239,-10.0
dqn,1,31332,-10.0
dqn,1,31336,-48.0
dqn,1,31394,-10.0
dqn,1,31464,-10.0
dqn,1,31561,-3.3
dqn,1,31639,-10.0
dqn,1,31657,-39.0
dqn,1,31678,-10.0
dqn,1,31768,-18.0
dqn,1,31802,-39.0
dqn,1,31857,-10.0
dqn,1,31925,-10.8
dqn,1,31944,-38.7
dqn,1,31955,-10.0
dqn,1,32000,-10.0
dqn,1,32040,-10.0
dqn,1,32052,-10.0
dqn,1,32055,-10.0
dqn,1,32057,-10.0
dqn,1,32110,-10.0
dqn,1,32160,-10.0
dqn,1,32221,-10.0
dqn,1,32263,-10.0
dqn,1,32271,-10.0
dqn,1,32276,-44.1
dqn,1,32305,-10.0
dqn,1,32314,-31.2
dqn,1,32316,-10.0
dqn,1,32332,-62.7
dqn,1,32363,-31.2
dqn,1,32374,-10.0
dqn,1,32383,-10.0
dqn,1,32443,-27.6
dqn,1,32444,-10.0
dqn,1,32502,-18.0
dqn,1,32541,-10.0
dqn,1,32544,-10.0
dqn,1,32546,-10.0
dqn,1,32573,-10.0
dqn,1,32614,-37.8
dqn,1,32660,-10.0
dqn,1,32677,-38.1
dqn,1,32701,-10.0
dqn,1,32707,-41.7
dqn,1,32727,-62.4
dqn,1,32785,-29.7
dqn,1,32791,-10.0
dqn,1,32803,-40.8
dqn,1,32908,-10.0
dqn,1,32938,-22.8
dqn,1,32952,-36.3
dqn,1,32961,-10.0
dqn,1,32992,-10.0
dqn,1,33067,-9.0
dqn,1,33070,-31.5
dqn,1,33088,-10.0
dqn,1,33089,-10.0
dqn,1,33094,-66.3
dqn,1,33110,-10.0
dqn,1,33111,-25.8
dqn,1,33159,-55.5
dqn,1,33160,-44.4
dqn,1,33162,-36.6
dqn,1,33185,-33.6
dqn,1,33207,-38.1
dqn,1,33276,-10.0
dqn,1,33290,-41.4
dqn,1,33329,-19.8
dqn,1,33441,-15.3
dqn,1,33514,-10.0
dqn,1,33525,-64.5
dqn,1,33618,-10.0
dqn,1,33715,-5.7
dqn,1,33750,-37.5
dqn,1,33794,-10.0
dqn,1,33826,-10.0
dqn,1,33901,-10.0
dqn,1,33928,-35.4
dqn,1,33934,-10.0
dqn,1,33978,-10.0
dqn,1,34014,-10.0
dqn,1,34064,-10.0
dqn,1,34076,-10.0
dqn,1,34112,-36.3
dqn,1,34115,-10.0
dqn,1,34140,-54.6
dqn,1,34159,-43.2
dqn,1,34161,-38.7
dqn,1,34163,-34.8
dqn,1,34216,-25.5
dqn,1,34268,-10.0
dqn,1,34309,-41.7
dqn,1,34311,-10.0
dqn,1,34323,-10.0
dqn,1,34411,-9.6
dqn,1,34415,-31.2
dqn,1,34425,-26.1
dqn,1,34445,-10.0
dqn,1,34480,-30.9
dqn,1,34501,-26.1
dqn,1,34512,-28.5
dqn,1,34573,-10.0
dqn,1,34578,-10.0
dqn,1,34603,-44.1
dqn,1,34668,-3.9
dqn,1,34734,-21.9
dqn,1,34752,-48.6
dqn,1,34768,-38.7
dqn,1,34802,-35.4
dqn,1,34835,-10.0
dqn,1,34841,-10.0
dqn,1,34852,-35.7
dqn,1,34859,-10.0
dqn,1,34866,-10.0
dqn,1,34867,-70.8
dqn,1,34956,-4.5
dqn,1,35013,-26.4
dqn,1,35072,-10.0
dqn,1,35080,-34.2
dqn,1,35131,-10.0
dqn,1,35153,-10.0
dqn,1,35154,-10.0
dqn,1,35196,-60.3
dqn,1,35208,-10.0
dqn,1,35217,-10.0
dqn,1,35227,-90.6
dqn,1,35253,-10.0
dqn,1,35284,-33.9
dqn,1,35286,-10.0
dqn,1,35287,-42.3
dqn,1,35296,-46.2
dqn,1,35424,6.0
dqn,1,35429,-10.0
dqn,1,35436,-35.1
dqn,1,35480,-10.0
dqn,1,35504,-42.0
dqn,1,35538,-46.8
dqn,1,35543,-43.2
dqn,1,35576,-52.8
dqn,1,35597,-35.1
dqn,1,35686,-15.6
dqn,1,35718,-10.0
dqn,1,35722,-10.0
dqn,1,35724,-28.5
dqn,1,35756,-31.8
dqn,1,35807,-33.9
dqn,1,35845,-17.7
dqn,1,35850,-85.8
dqn,1,35907,-10.0
dqn,1,36030,-10.0
dqn,1,36038,-59.4
dqn,1,36131,-42.0
dqn,1,36161,-10.0
dqn,1,36240,-10.0
dqn,1,36242,-25.5
dqn,1,36291,-10.0
dqn,1,36301,-38.7
dqn,1,36317,-74.1
dqn,1,36334,-49.2
dqn,1,36405,-10.0
dqn,1,36515,-15.9
dqn,1,36557,-39.0
dqn,1,36575,-10.0
dqn,1,36600,-10.0
dqn,1,36601,-54.0
dqn,1,36622,-32.4
dqn,1,36637,-30.3
dqn,1,36659,-10.0
dqn,1,36685,-10.0
dqn,1,36700,-10.0
dqn,1,36753,-38.1
dqn,1,36763,-34.2
dqn,1,36948,-10.0
dqn,1,36952,-10.0
dqn,1,36984,-37.5
dqn,1,37011,-77.7
dqn,1,37040,-10.0
dqn,1,37114,-19.5
dqn,1,37160,-35.1
dqn,1,37171,-41.7
dqn,1,37217,-10.0
dqn,1,37265,-10.0
dqn,1,37295,-23.4
dqn,1,37495,-2.4
dqn,1,37513,-44.1
dqn,1,37572,-10.0
dqn,1,37586,-10.0
dqn,1,37626,-10.0
dqn,1,37648,-40.5
dqn,1,37692,-10.0
dqn,1,37699,-40.8
dqn,1,37775,-17.7
dqn,1,37783,-28.5
dqn,1,37800,-10.0
dqn,1,37843,-10.0
dqn,1,37936,-10.0
dqn,1,37957,-10.0
dqn,1,38023,-25.8
dqn,1,38046,-10.0
dqn,1,38098,-10.0
dqn,1,38133,-10.0
dqn,1,38171,-10.0
dqn,1,38284,-9.6
dqn,1,38285,-10.0
dqn,1,38328,-10.0
dqn,1,38355,-85.5
dqn,1,38366,-10.0
dqn,1,38493,-7.5
dqn,1,38578,-10.0
dqn,1,38590,-42.0
dqn,1,38643,-10.0
dqn,1,38749,-35.7
dqn,1,38779,-10.0
dqn,1,38803,-10.0
dqn,1,38832,-40.2
dqn,1,38893,-10.0
dqn,1,38919,-10.0
dqn,1,38927,-10.0
dqn,1,38965,-42.6
dqn,1,38989,-10.0
dqn,1,39006,-57.0
dqn,1,39009,-31.5
dqn,1,39050,-10.0
dqn,1,39072,-42.3
dqn,1,39074,-10.0
dqn,1,39103,-32.7
dqn,1,39106,-10.0
dqn,1,39119,-41.4
dqn,1,39136,-10.0
dqn,1,39184,-10.0
dqn,1,39199,-10.0
dqn,1,39200,-69.6
dqn,1,39210,-10.0
dqn,1,39211,-10.0
dqn,1,39214,-10.0
dqn,1,39219,-43.2
dqn,1,39237,-29.4
dqn,1,39244,-46.8
dqn,1,39277,-10.0
dqn,1,39279,-10.0
dqn,1,39325,-35.1
dqn,1,39346,-29.7
dqn,1,39369,-30.3
dqn,1,39387,-38.1
dqn,1,39419,-37.5
dqn,1,39438,-10.0
dqn,1,39495,-39.9
dqn,1,39496,-45.0
dqn,1,39624,3.0
dqn,1,39627,-10.0
dqn,1,39653,-10.0
dqn,1,39720,-19.2
dqn,1,39722,-53.4
dqn,1,39810,-6.0
dqn,1,39819,-28.5
dqn,1,39820,-43.2
dqn,1,39902,-20.1
dqn,1,39954,-29.1
dqn,1,40016,-10.0
dqn,1,40093,-10.0
dqn,1,40128,-10.0
dqn,1,40193,-10.0
dqn,1,40221,-22.8
dqn,1,40228,-10.0
dqn,1,40229,-41.4
dqn,1,40248,-10.0
dqn,1,40284,-31.5
dqn,1,40357,-10.0
dqn,1,40373,-10.0
dqn,1,40441,-23.1
dqn,1,40456,-39.0
dqn,1,40534,-19.2
dqn,1,40574,-24.6
dqn,1,40576,-10.0
dqn,1,40607,-26.7
dqn,1,40608,-10.0
dqn,1,40631,-10.0
dqn,1,40633,-48.3
dqn,1,40647,-43.5
dqn,1,40696,-50.4
dqn,1,40746,-56.1
dqn,1,40757,-44.4
dqn,1,40761,-10.0
dqn,1,40777,-18.6
dqn,1,40779,-42.9
dqn,1,40828,-27.6
dqn,1,40830,-10.0
dqn,1,40880,-30.6
dqn,1,40886,-10.0
dqn,1,40902,-27.6
dqn,1,40913,-82.5
dqn,1,40940,-10.0
dqn,1,40941,-10.0
dqn,1,41001,-10.0
dqn,1,41002,-10.0
dqn,1,41022,-10.0
dqn,1,41046,-10.0
dqn,1,41092,-10.0
dqn,1,41162,-10.0
dqn,1,41177,-49.8
dqn,1,41196,-33.3
dqn,1,41240,-40.5
dqn,1,41246,-10.0
dqn,1,41291,-10.0
dqn,1,41310,-10.0
dqn,1,41346,-10.0
dqn,1,41457,-10.0
dqn,1,41482,-41.4
dqn,1,41506,-10.0
dqn,1,41525,-10.0
dqn,1,41531,-43.2
dqn,1,41533,-10.0
dqn,1,41542,-10.0
dqn,1,41553,-10.0
dqn,1,41581,-10.0
dqn,1,41582,-10.0
dqn,1,41611,-10.0
dqn,1,41624,-10.0
dqn,1,41632,-10.0
dqn,1,41660,-10.0
dqn,1,41677,-10.0
dqn,1,41715,-10.0
dqn,1,41739,-60.3
dqn,1,41749,-10.0
dqn,1,41812,-38.1
dqn,1,41821,-10.0
dqn,1,41841,-10.0
dqn,1,41842,-48.9
dqn,1,41893,-28.5
dqn,1,41898,-10.0
dqn,1,41901,-53.4
dqn,1,41905,-34.8
dqn,1,41969,-25.5
dqn,1,41983,-10.0
dqn,1,41993,-10.0
dqn,1,42059,-23.7
dqn,1,42061,-53.4
dqn,1,42084,-10.0
dqn,1,42088,-10.0
dqn,1,42133,-10.0
dqn,1,42194,-35.4
dqn,1,42218,-10.0
dqn,1,42232,-40.5
dqn,1,42243,-38.4
dqn,1,42333,-10.0
dqn,1,42361,-10.0
dqn,1,42365,-10.0
dqn,1,42419,-10.0
dqn,1,42510,-42.6
dqn,1,42527,-39.9
dqn,1,42572,-10.0
dqn,1,42647,-10.0
dqn,1,42659,-22.5
dqn,1,42678,-38.7
dqn,1,42687,-22.8
dqn,1,42724,-27.9
dqn,1,42741,-82.2
dqn,1,42790,-10.0
dqn,1,42804,-50.1
dqn,1,42864,-10.0
dqn,1,42884,-30.0
dqn,1,42919,-10.0
dqn,1,42959,-14.1
dqn,1,43060,-10.0
dqn,1,43096,-10.0
dqn,1,43107,-64.2
dqn,1,43166,-10.0
dqn,1,43195,-10.0
dqn,1,43197,-10.0
dqn,1,43198,-10.0
dqn,1,43229,-10.0
dqn,1,43245,-44.1
dqn,1,43308,-30.0
dqn,1,43383,-20.1
dqn,1,43402,-10.0
dqn,1,43426,-38.4
dqn,1,43443,-10.0
dqn,1,43459,-31.2
dqn,1,43542,-16.8
dqn,1,43577,-43.8
dqn,1,43601,-10.0
dqn,1,43604,-10.0
dqn,1,43617,-10.0
dqn,1,43653,-10.0
dqn,1,43678,-10.0
dqn,1,43689,-10.0
dqn,1,43715,-10.0
dqn,1,43717,-10.0
dqn,1,43754,-10.0
dqn,1,43826,-10.0
dqn,1,43844,-10.0
dqn,1,43852,-10.0
dqn,1,43896,-29.4
dqn,1,43923,-10.0
dqn,1,43934,-10.0
dqn,1,43939,-10.0
dqn,1,43941,-10.0
dqn,1,43971,-84.6
dqn,1,43980,-39.9
dqn,1,44031,-10.0
dqn,1,44032,-10.0
dqn,1,44063,-10.0
dqn,1,44068,-10.0
dqn,1,44111,-10.0
dqn,1,44117,-10.0
dqn,1,44139,-22.5
dqn,1,44155,-40.8
dqn,1,44159,-10.0
dqn,1,44240,-17.1
dqn,1,44281,-10.0
dqn,1,44288,-10.0
dqn,1,44383,-14.4
dqn,1,44504,-0.9
dqn,1,44512,-42.6
dqn,1,44520,-10.0
dqn,1,44534,-32.4
dqn,1,44545,-41.7
dqn,1,44621,-10.0
dqn,1,44649,-10.0
dqn,1,44704,-10.0
dqn,1,44715,-64.5
dqn,1,44717,-10.0
dqn,1,44745,-54.0
dqn,1,44749,-10.0
dqn,1,44761,-39.6
dqn,1,44793,-35.1
dqn,1,44855,-10.0
dqn,1,44875,-48.0
dqn,1,44894,-36.9
dqn,1,44910,-10.0
dqn,1,44913,-56.1
dqn,1,44920,-34.5
dqn,1,44954,-35.1
dqn,1,44955,-10.0
dqn,1,44956,-35.7
dqn,1,44957,-10.0
dqn,1,44977,-10.0
dqn,1,45001,-10.0
dqn,1,45010,-33.9
dqn,1,45029,-49.5
dqn,1,45030,-25.2
dqn,1,45053,-10.0
dqn,1,45083,-46.2
dqn,1,45090,-10.0
dqn,1,45120,-30.3
dqn,1,45203,-10.0
dqn,1,45244,-32.4
dqn,1,45263,-36.0
dqn,1,45308,-30.0
dqn,1,45334,-71.1
dqn,1,45339,-47.4
dqn,1,45350,-37.2
dqn,1,45351,-42.0
dqn,1,45398,-30.3
dqn,1,45401,-10.0
dqn,1,45439,-42.9
dqn,1,45493,-38.1
dqn,1,45498,-10.0
dqn,1,45532,-10.0
dqn,1,45570,-10.0
dqn,1,45573,-10.0
dqn,1,45618,-10.0
dqn,1,45675,-12.0
dqn,1,45706,-10.0
dqn,1,45715,-68.4
dqn,1,45722,-10.0
dqn,1,45731,-37.8
dqn,1,45763,-10.0
dqn,1,45829,-10.0
dqn,1,45888,-10.0
dqn,1,45915,-34.5
dqn,1,45973,-52.5
dqn,1,46002,-34.5
dqn,1,46056,-32.7
dqn,1,46083,-26.4
dqn,1,46153,-10.0
dqn,1,46163,-90.6
dqn,1,46225,-10.0
dqn,1,46229,-42.0
dqn,1,46243,-21.9
dqn,1,46260,-10.0
dqn,1,46299,-10.0
dqn,1,46340,-36.6
dqn,1,46411,-21.6
dqn,1,46422,-10.0
dqn,1,46430,-10.0
dqn,1,46444,-63.6
dqn,1,46471,-61.8
dqn,1,46497,-46.5
dqn,1,46498,-45.3
dqn,1,46520,-55.8
dqn,1,46521,-10.0
dqn,1,46570,-10.0
dqn,1,46614,-10.0
dqn,1,46626,-37.8
dqn,1,46658,-60.3
dqn,1,46661,-10.0
dqn,1,46694,-32.4
dqn,1,46737,-10.0
dqn,1,46767,-20.1
dqn,1,46791,-10.0
dqn,1,46819,-40.5
dqn,1,46881,-31.2
dqn,1,46901,-10.0
dqn,1,46910,-33.3
dqn,1,47011,-10.0
dqn,1,47023,-22.5
dqn,1,47079,-14.4
dqn,1,47112,-10.0
dqn,1,47139,-25.8
dqn,1,47175,-82.8
dqn,1,47179,-48.0
dqn,1,47195,-10.0
dqn,1,47204,-10.0
dqn,1,47214,-10.0
dqn,1,47247,-10.0
dqn,1,47273,-34.5
dqn,1,47340,-10.0
dqn,1,47347,-51.6
dqn,1,47379,-10.0
dqn,1,47448,-10.8
dqn,1,47468,-10.0
dqn,1,47533,-10.0
dqn,1,47556,-50.1
dqn,1,47562,-41.7
dqn,1,47568,-39.6
dqn,1,47598,-10.0
dqn,1,47614,-10.0
dqn,1,47618,-45.9
dqn,1,47675,-10.0
dqn,1,47746,-10.0
dqn,1,47801,-37.2
dqn,1,47804,-72.0
dqn,1,47846,-30.6
dqn,1,47930,-10.0
dqn,1,47952,-27.9
dqn,1,47958,-10.0
dqn,1,47978,-19.5
dqn,1,47984,-10.0
dqn,1,47996,-10.0
dqn,1,48011,-34.8
dqn,1,48040,-22.5
dqn,1,48078,-10.0
dqn,1,48087,-37.8
dqn,1,48091,-42.3
dqn,1,48104,-10.0
dqn,1,48222,3.0
dqn,1,48279,-16.8
dqn,1,48284,-77.4
dqn,1,48307,-36.6
dqn,1,48318,-10.0
dqn,1,48349,-16.2
dqn,1,48367,-26.4
dqn,1,48423,-8.7
dqn,1,48433,-10.0
dqn,1,48435,-62.1
dqn,1,48487,-10.0
dqn,1,48497,-26.1
dqn,1,48524,-10.0
dqn,1,48529,-10.0
dqn,1,48565,-29.7
dqn,1,48585,-10.0
dqn,1,48619,-55.5
dqn,1,48622,-72.0
dqn,1,48702,-10.0
dqn,1,48708,-10.0
dqn,1,48709,-43.5
dqn,1,48753,-41.1
dqn,1,48784,-10.0
dqn,1,48814,-20.1
dqn,1,48843,-64.2
dqn,1,48856,-10.0
dqn,1,48902,-10.0
dqn,1,48951,-10.0
dqn,1,49066,-3.9
dqn,1,49101,-10.0
dqn,1,49142,-10.0
dqn,1,49149,-46.8
dqn,1,49165,-63.6
dqn,1,49194,-10.0
dqn,1,49256,-10.0
dqn,1,49272,-10.0
dqn,1,49313,-10.0
dqn,1,49346,-33.6
dqn,1,49376,-10.0
dqn,1,49383,-10.0
dqn,1,49419,-34.8
dqn,1,49425,-10.0
dqn,1,49456,-10.0
dqn,1,49466,-66.9
dqn,1,49474,-70.5
dqn,1,49594,6.9
dqn,1,49596,-49.5
dqn,1,49599,-48.6
dqn,1,49626,-10.0
dqn,1,49711,-10.0
dqn,1,49734,-10.0
dqn,1,49743,-32.1
dqn,1,49757,-51.0
dqn,1,49763,-37.2
dqn,1,49778,-39.0
dqn,1,49807,-10.0
dqn,1,49836,-10.0
dqn,1,49889,-13.2
dqn,1,49903,-10.0
dqn,1,49933,-10.0
dqn,1,49958,-10.0
dqn,1,49966,-10.0
dqn,1,49995,-54.0
dqn,2,1,-10.0
dqn,2,5,-30.6
dqn,2,6,-10.0
dqn,2,7,-42.9
dqn,2,9,-43.2
dqn,2,10,-48.9
dqn,2,11,-10.0
dqn,2,12,-10.0
dqn,2,13,-10.0
dqn,2,15,-10.0
dqn,2,17,-48.6
dqn,2,20,-48.0
dqn,2,22,-44.4
dqn,2,25,-10.0
dqn,2,26,-49.8
dqn,2,27,-10.0
dqn,2,28,-10.0
dqn,2,29,-10.0
dqn,2,30,-43.2
dqn,2,32,-45.0
dqn,2,33,-10.0
dqn,2,34,-10.0
dqn,2,35,-10.0
dqn,2,36,-10.0
dqn,2,37,-53.4
dqn,2,38,-42.3
dqn,2,42,-43.5
dqn,2,43,-78.6
dqn,2,44,-69.6
dqn,2,45,-10.0
dqn,2,46,-10.0
dqn,2,47,-10.0
dqn,2,48,-10.0
dqn,2,49,-10.0
dqn,2,51,-10.0
dqn,2,52,-10.0
dqn,2,54,-22.8
dqn,2,55,-41.1
dqn,2,56,-10.0
dqn,2,57,-10.0
dqn,2,59,-42.9
dqn,2,61,-10.0
dqn,2,63,-28.5
dqn,2,64,-10.0
dqn,2,65,-25.8
dqn,2,66,-10.0
dqn,2,67,-48.6
dqn,2,68,-10.0
dqn,2,69,-31.5
dqn,2,70,-42.0
dqn,2,71,-25.2
dqn,2,72,-31.2
dqn,2,73,-35.1
dqn,2,74,-54.0
dqn,2,75,-10.0
dqn,2,76,-25.8
dqn,2,77,-47.1
dqn,2,78,-10.0
dqn,2,80,-53.7
dqn,2,81,-56.7
dqn,2,82,-10.0
dqn,2,83,-43.2
dqn,2,84,-32.1
dqn,2,86,-10.0
dqn,2,87,-43.2
dqn,2,88,-44.4
dqn,2,90,-10.0
dqn,2,91,-41.1
dqn,2,92,-36.3
dqn,2,93,-10.0
dqn,2,94,-61.5
dqn,2,99,-48.3
dqn,2,101,-36.0
dqn,2,102,-10.0
dqn,2,103,-44.4
dqn,2,104,-36.3
dqn,2,106,-10.0
dqn,2,108,-10.0
dqn,2,109,-45.3
dqn,2,110,-42.3
dqn,2,111,-10.0
dqn,2,112,-10.0
dqn,2,113,-10.0
dqn,2,114,-38.7
dqn,2,116,-10.0
dqn,2,117,-10.0
dqn,2,118,-32.1
dqn,2,119,-44.1
dqn,2,121,-10.0
dqn,2,123,-25.5
dqn,2,125,-10.0
dqn,2,127,-42.9
dqn,2,132,-10.0
dqn,2,133,-10.0
dqn,2,134,-41.1
dqn,2,137,-44.7
dqn,2,138,-44.4
dqn,2,139,-56.7
dqn,2,140,-48.6
dqn,2,141,-41.4
dqn,2,142,-43.2
dqn,2,143,-47.1
dqn,2,144,-28.8
dqn,2,145,-10.0
dqn,2,146,-10.0
dqn,2,147,-10.0
dqn,2,149,-44.4
dqn,2,150,-10.0
dqn,2,151,-32.1
dqn,2,153,-22.8
dqn,2,154,-25.8
dqn,2,155,-10.0
dqn,2,156,-44.4
dqn,2,159,-10.0
dqn,2,160,-10.0
dqn,2,161,-30.9
dqn,2,165,-10.0
dqn,2,167,-49.2
dqn,2,168,-10.0
dqn,2,170,-10.0
dqn,2,175,-39.0
dqn,2,177,-42.9
dqn,2,178,-10.0
dqn,2,179,-32.1
dqn,2,181,-10.0
dqn,2,183,-39.9
dqn,2,184,-10.0
dqn,2,185,-35.7
dqn,2,187,-51.0
dqn,2,192,-10.0
dqn,2,193,-68.1
dqn,2,194,-10.0
dqn,2,195,-42.9
dqn,2,196,-10.0
dqn,2,197,-34.2
dqn,2,198,-61.5
dqn,2,200,-10.0
dqn,2,202,-10.0
dqn,2,205,-10.0
dqn,2,206,-36.9
dqn,2,207,-10.0
dqn,2,210,-48.0
dqn,2,213,-10.0
dqn,2,214,-10.0
dqn,2,215,-72.6
dqn,2,216,-10.0
dqn,2,219,-10.0
dqn,2,222,-10.0
dqn,2,223,-49.8
dqn,2,224,-10.0
dqn,2,225,-10.0
dqn,2,226,-10.0
dqn,2,228,-10.0
dqn,2,231,-44.7
dqn,2,233,-10.0
dqn,2,234,-10.0
dqn,2,235,-10.0
dqn,2,236,-10.0
dqn,2,237,-10.0
dqn,2,239,-10.0
dqn,2,242,-10.0
dqn,2,243,-10.0
dqn,2,244,-10.0
dqn,2,246,-42.6
dqn,2,247,-10.0
dqn,2,252,-30.0
dqn,2,254,-44.1
dqn,2,255,-44.4
dqn,2,256,-45.0
dqn,2,257,-70.8
dqn,2,258,-10.0
dqn,2,259,-10.0
dqn,2,260,-10.0
dqn,2,261,-10.0
dqn,2,262,-38.7
dqn,2,263,-72.6
dqn,2,264,-10.0
dqn,2,265,-35.7
dqn,2,266,-72.6
dqn,2,267,-10.0
dqn,2,268,-10.0
dqn,2,269,-40.2
dqn,2,270,-32.1
dqn,2,272,-10.0
dqn,2,273,-10.0
dqn,2,275,-41.7
dqn,2,276,-10.0
dqn,2,277,-65.4
dqn,2,278,-34.5
dqn,2,280,-10.0
dqn,2,281,-44.7
dqn,2,283,-35.4
dqn,2,284,-44.4
dqn,2,285,-43.2
dqn,2,287,-36.6
dqn,2,289,-42.0
dqn,2,292,-10.0
dqn,2,293,-10.0
dqn,2,294,-10.0
dqn,2,295,-43.2
dqn,2,297,-30.6
dqn,2,301,-31.2
dqn,2,302,-54.0
dqn,2,303,-10.0
dqn,2,304,-44.4
dqn,2,307,-10.0
dqn,2,309,-10.0
dqn,2,310,-33.6
dqn,2,312,-44.1
dqn,2,313,-25.2
dqn,2,314,-48.9
dqn,2,315,-45.3
dqn,2,316,-33.6
dqn,2,317,-10.0
dqn,2,318,-93.3
dqn,2,320,-10.0
dqn,2,321,-31.5
dqn,2,322,-10.0
dqn,2,323,-45.3
dqn,2,324,-54.0
dqn,2,325,-93.3
dqn,2,327,-62.1
dqn,2,328,-10.0
dqn,2,330,-10.0
dqn,2,331,-10.0
dqn,2,333,-10.0
dqn,2,335,-10.0
dqn,2,336,-78.6
dqn,2,337,-40.2
dqn,2,338,-25.2
dqn,2,340,-10.0
dqn,2,341,-10.0
dqn,2,342,-10.0
dqn,2,344,-10.0
dqn,2,345,-44.4
dqn,2,346,-10.0
dqn,2,347,-10.0
dqn,2,352,-30.3
dqn,2,353,-48.9
dqn,2,356,-38.1
dqn,2,358,-10.0
dqn,2,359,-45.0
dqn,2,361,-10.0
dqn,2,365,-43.5
dqn,2,366,-10.0
dqn,2,367,-10.0
dqn,2,369,-65.1
dqn,2,370,-23.1
dqn,2,371,-10.0
dqn,2,373,-10.0
dqn,2,374,-36.3
dqn,2,376,-10.0
dqn,2,377,-10.0
dqn,2,383,-10.0
dqn,2,384,-10.0
dqn,2,385,-42.6
dqn,2,386,-10.0
dqn,2,387,-10.0
dqn,2,389,-10.0
dqn,2,390,-10.0
dqn,2,391,-10.0
dqn,2,392,-10.0
dqn,2,393,-42.9
dqn,2,394,-10.0
dqn,2,395,-10.0
dqn,2,398,-10.0
dqn,2,402,-55.8
dqn,2,405,-10.0
dqn,2,406,-42.9
dqn,2,408,-10.0
dqn,2,409,-10.0
dqn,2,410,-67.2
dqn,2,413,-35.1
dqn,2,415,-10.0
dqn,2,416,-10.0
dqn,2,418,-10.0
dqn,2,419,-54.0
dqn,2,421,-42.3
dqn,2,422,-67.2
dqn,2,423,-10.0
dqn,2,426,-48.0
dqn,2,428,-56.4
dqn,2,431,-10.0
dqn,2,432,-10.0
dqn,2,435,-37.8
dqn,2,436,-25.2
dqn,2,438,-10.0
dqn,2,443,-10.0
dqn,2,446,-53.4
dqn,2,448,-10.0
dqn,2,449,-10.0
dqn,2,450,-10.0
dqn,2,451,-10.0
dqn,2,457,-10.0
dqn,2,459,-10.0
dqn,2,464,-47.7
dqn,2,465,-61.8
dqn,2,467,-35.4
dqn,2,469,-10.0
dqn,2,470,-10.0
dqn,2,471,-10.0
dqn,2,473,-10.0
dqn,2,474,-10.0
dqn,2,475,-10.0
dqn,2,476,-42.3
dqn,2,478,-10.0
dqn,2,479,-40.2
dqn,2,480,-35.7
dqn,2,481,-23.1
dqn,2,482,-25.8
dqn,2,492,-66.9
dqn,2,493,-10.0
dqn,2,497,-47.7
dqn,2,499,-10.0
dqn,2,500,-41.1
dqn,2,503,-53.4
dqn,2,506,-61.2
dqn,2,507,-36.9
dqn,2,508,-10.0
dqn,2,509,-25.8
dqn,2,510,-10.0
dqn,2,511,-30.9
dqn,2,512,-10.0
dqn,2,514,-10.0
dqn,2,516,-48.3
dqn,2,517,-10.0
dqn,2,518,-31.2
dqn,2,522,-10.0
dqn,2,523,-35.7
dqn,2,524,-25.8
dqn,2,525,-10.0
dqn,2,527,-10.0
dqn,2,530,-10.0
dqn,2,532,-48.3
dqn,2,534,-10.0
dqn,2,536,-10.0
dqn,2,537,-10.0
dqn,2,538,-31.5
dqn,2,539,-54.0
dqn,2,540,-10.0
dqn,2,542,-42.9
dqn,2,543,-44.4
dqn,2,548,-10.0
dqn,2,549,-46.8
dqn,2,551,-10.0
dqn,2,557,-10.0
dqn,2,558,-10.0
dqn,2,559,-45.3
dqn,2,562,-61.8
dqn,2,567,-10.0
dqn,2,568,-10.0
dqn,2,569,-47.4
dqn,2,570,-43.2
dqn,2,571,-48.6
dqn,2,572,-72.6
dqn,2,573,-44.4
dqn,2,575,-44.7
dqn,2,577,-43.8
dqn,2,580,-10.0
dqn,2,584,-10.0
dqn,2,585,-35.1
dqn,2,586,-34.5
dqn,2,587,-42.3
dqn,2,588,-10.0
dqn,2,592,-55.8
dqn,2,593,-35.7
dqn,2,595,-31.2
dqn,2,596,-54.9
dqn,2,600,-42.3
dqn,2,601,-10.0
dqn,2,605,-10.0
dqn,2,606,-10.0
dqn,2,607,-10.0
dqn,2,611,-44.4
dqn,2,613,-47.4
dqn,2,614,-10.0
dqn,2,615,-10.0
dqn,2,617,-44.1
dqn,2,620,-92.7
dqn,2,624,-10.0
dqn,2,626,-42.3
dqn,2,627,-10.0
dqn,2,628,-45.3
dqn,2,630,-33.9
dqn,2,631,-34.2
dqn,2,632,-10.0
dqn,2,638,-27.3
dqn,2,639,-10.0
dqn,2,640,-40.2
dqn,2,641,-10.0
dqn,2,643,-47.1
dqn,2,645,-53.1
dqn,2,646,-10.0
dqn,2,647,-10.0
dqn,2,648,-10.0
dqn,2,650,-25.5
dqn,2,651,-42.6
dqn,2,652,-10.0
dqn,2,653,-10.0
dqn,2,654,-10.0
dqn,2,655,-43.2
dqn,2,656,-30.9
dqn,2,658,-30.6
dqn,2,659,-53.7
dqn,2,660,-44.7
dqn,2,663,-10.0
dqn,2,664,-48.6
dqn,2,665,-32.1
dqn,2,666,-10.0
dqn,2,667,-10.0
dqn,2,668,-28.8
dqn,2,669,-10.0
dqn,2,670,-54.0
dqn,2,671,-10.0
dqn,2,672,-62.1
dqn,2,674,-10.0
dqn,2,675,-10.0
dqn,2,676,-10.0
dqn,2,677,-31.2
dqn,2,679,-33.3
dqn,2,680,-10.0
dqn,2,682,-10.0
dqn,2,683,-10.0
dqn,2,684,-10.0
dqn,2,688,-28.8
dqn,2,691,-43.8
dqn,2,692,-25.2
dqn,2,694,-10.0
dqn,2,697,-40.5
dqn,2,698,-31.5
dqn,2,699,-10.0
dqn,2,700,-70.8
dqn,2,701,-10.0
dqn,2,702,-30.9
dqn,2,703,-28.8
dqn,2,704,-10.0
dqn,2,705,-10.0
dqn,2,707,-42.9
dqn,2,708,-34.2
dqn,2,711,-46.8
dqn,2,712,-10.0
dqn,2,713,-10.0
dqn,2,714,-33.6
dqn,2,715,-10.0
dqn,2,716,-10.0
dqn,2,717,-10.0
dqn,2,722,-10.0
dqn,2,723,-10.0
dqn,2,726,-72.0
dqn,2,728,-10.0
dqn,2,729,-39.0
dqn,2,730,-53.7
dqn,2,731,-10.0
dqn,2,732,-10.0
dqn,2,735,-10.0
dqn,2,736,-42.3
dqn,2,738,-10.0
dqn,2,740,-10.0
dqn,2,742,-10.0
dqn,2,745,-61.8
dqn,2,746,-32.1
dqn,2,751,-66.3
dqn,2,752,-43.2
dqn,2,754,-10.0
dqn,2,755,-48.6
dqn,2,756,-45.0
dqn,2,760,-10.0
dqn,2,761,-10.0
dqn,2,762,-43.2
dqn,2,763,-10.0
dqn,2,764,-40.2
dqn,2,765,-36.9
dqn,2,766,-10.0
dqn,2,768,-43.8
dqn,2,769,-10.0
dqn,2,770,-10.0
dqn,2,771,-61.8
dqn,2,772,-10.0
dqn,2,774,-10.0
dqn,2,775,-10.0
dqn,2,776,-10.0
dqn,2,778,-45.0
dqn,2,779,-10.0
dqn,2,781,-10.0
dqn,2,782,-28.8
dqn,2,784,-31.8
dqn,2,786,-10.0
dqn,2,787,-10.0
dqn,2,788,-10.0
dqn,2,789,-10.0
dqn,2,790,-10.0
dqn,2,791,-62.1
dqn,2,792,-10.0
dqn,2,793,-10.0
dqn,2,795,-10.0
dqn,2,798,-10.0
dqn,2,799,-10.0
dqn,2,800,-10.0
dqn,2,805,-10.0
dqn,2,806,-10.0
dqn,2,807,-10.0
dqn,2,808,-43.2
dqn,2,809,-10.0
dqn,2,810,-54.9
dqn,2,811,-93.3
dqn,2,812,-10.0
dqn,2,813,-32.1
dqn,2,815,-10.0
dqn,2,817,-10.0
dqn,2,819,-33.9
dqn,2,822,-10.0
dqn,2,828,-10.0
dqn,2,832,-32.7
dqn,2,834,-10.0
dqn,2,835,-35.7
dqn,2,837,-34.2
dqn,2,840,-42.6
dqn,2,841,-10.0
dqn,2,842,-10.0
dqn,2,843,-33.6
dqn,2,844,-10.0
dqn,2,845,-10.0
dqn,2,847,-41.7
dqn,2,848,-10.0
dqn,2,849,-10.0
dqn,2,850,-34.5
dqn,2,851,-10.0
dqn,2,852,-32.1
dqn,2,853,-69.6
dqn,2,855,-10.0
dqn,2,856,-10.0
dqn,2,857,-41.1
dqn,2,860,-44.7
dqn,2,861,-10.0
dqn,2,862,-10.0
dqn,2,863,-35.7
dqn,2,864,-10.0
dqn,2,865,-10.0
dqn,2,866,-32.1
dqn,2,868,-45.0
dqn,2,869,-39.0
dqn,2,872,-10.0
dqn,2,875,-41.7
dqn,2,879,-43.8
dqn,2,881,-44.1
dqn,2,885,-10.0
dqn,2,887,-10.0
dqn,2,890,-64.2
dqn,2,892,-10.0
dqn,2,893,-39.0
dqn,2,894,-49.2
dqn,2,895,-10.0
dqn,2,896,-70.8
dqn,2,897,-41.1
dqn,2,899,-42.9
dqn,2,900,-43.2
dqn,2,903,-48.9
dqn,2,907,-43.5
dqn,2,908,-42.9
dqn,2,910,-10.0
dqn,2,912,-41.7
dqn,2,913,-35.1
dqn,2,915,-46.5
dqn,2,916,-10.0
dqn,2,919,-70.2
dqn,2,920,-54.9
dqn,2,924,-10.0
dqn,2,928,-10.0
dqn,2,929,-54.0
dqn,2,930,-56.7
dqn,2,931,-10.0
dqn,2,933,-46.5
dqn,2,935,-10.0
dqn,2,937,-10.0
dqn,2,938,-44.4
dqn,2,939,-47.1
dqn,2,940,-10.0
dqn,2,942,-10.0
dqn,2,943,-46.8
dqn,2,945,-43.8
dqn,2,946,-10.0
dqn,2,948,-10.0
dqn,2,950,-10.0
dqn,2,951,-10.0
dqn,2,952,-10.0
dqn,2,953,-10.0
dqn,2,954,-10.0
dqn,2,955,-56.7
dqn,2,957,-46.5
dqn,2,958,-10.0
dqn,2,961,-84.9
dqn,2,962,-28.8
dqn,2,963,-45.0
dqn,2,965,-10.0
dqn,2,970,-46.2
dqn,2,971,-10.0
dqn,2,975,-31.2
dqn,2,976,-48.9
dqn,2,977,-10.0
dqn,2,980,-92.7
dqn,2,981,-10.0
dqn,2,982,-10.0
dqn,2,983,-10.0
dqn,2,984,-41.1
dqn,2,986,-10.0
dqn,2,987,-48.6
dqn,2,989,-10.0
dqn,2,991,-10.0
dqn,2,995,-10.0
dqn,2,996,-10.0
dqn,2,998,-37.8
dqn,2,1004,-85.5
dqn,2,1005,-36.3
dqn,2,1006,-49.2
dqn,2,1007,-44.7
dqn,2,1009,-10.0
dqn,2,1012,-42.0
dqn,2,1013,-42.6
dqn,2,1014,-41.4
dqn,2,1017,-41.4
dqn,2,1021,-44.4
dqn,2,1022,-61.5
dqn,2,1023,-10.0
dqn,2,1027,-47.7
dqn,2,1030,-10.0
dqn,2,1031,-67.2
dqn,2,1035,-43.5
dqn,2,1036,-10.0
dqn,2,1038,-10.0
dqn,2,1039,-49.2
dqn,2,1041,-10.0
dqn,2,1042,-10.0
dqn,2,1043,-40.2
dqn,2,1044,-54.0
dqn,2,1045,-10.0
dqn,2,1046,-38.7
dqn,2,1047,-10.0
dqn,2,1049,-48.6
dqn,2,1051,-34.8
dqn,2,1053,-10.0
dqn,2,1054,-45.3
dqn,2,1055,-48.9
dqn,2,1056,-10.0
dqn,2,1058,-10.0
dqn,2,1059,-33.6
dqn,2,1060,-35.7
dqn,2,1062,-10.0
dqn,2,1064,-53.4
dqn,2,1066,-53.7
dqn,2,1068,-40.8
dqn,2,1070,-33.3
dqn,2,1071,-54.0
dqn,2,1072,-10.0
dqn,2,1074,-67.8
dqn,2,1075,-10.0
dqn,2,1076,-10.0
dqn,2,1078,-10.0
dqn,2,1079,-10.0
dqn,2,1080,-10.0
dqn,2,1082,-40.8
dqn,2,1083,-10.0
dqn,2,1084,-45.3
dqn,2,1086,-10.0
dqn,2,1087,-35.1
dqn,2,1088,-42.6
dqn,2,1091,-56.1
dqn,2,1093,-10.0
dqn,2,1095,-10.0
dqn,2,1100,-52.2
dqn,2,1105,-10.0
dqn,2,1108,-10.0
dqn,2,1109,-10.0
dqn,2,1112,-54.3
dqn,2,1114,-10.0
dqn,2,1115,-10.0
dqn,2,1118,-10.0
dqn,2,1119,-10.0
dqn,2,1120,-56.7
dqn,2,1121,-41.1
dqn,2,1122,-48.6
dqn,2,1124,-40.8
dqn,2,1126,-10.0
dqn,2,1129,-56.1
dqn,2,1133,-10.0
dqn,2,1134,-47.4
dqn,2,1145,-38.1
dqn,2,1146,-10.0
dqn,2,1148,-42.3
dqn,2,1149,-42.3
dqn,2,1150,-44.4
dqn,2,1151,-10.0
dqn,2,1153,-10.0
dqn,2,1154,-10.0
dqn,2,1155,-40.2
dqn,2,1156,-49.2
dqn,2,1157,-46.8
dqn,2,1158,-10.0
dqn,2,1164,-53.4
dqn,2,1165,-61.5
dqn,2,1166,-35.7
dqn,2,1167,-10.0
dqn,2,1168,-10.0
dqn,2,1171,-10.0
dqn,2,1172,-10.0
dqn,2,1173,-34.2
dqn,2,1174,-10.0
dqn,2,1176,-39.9
dqn,2,1177,-10.0
dqn,2,1179,-10.0
dqn,2,1181,-48.3
dqn,2,1183,-10.0
dqn,2,1185,-10.0
dqn,2,1186,-48.6
dqn,2,1189,-33.0
dqn,2,1194,-10.0
dqn,2,1197,-10.0
dqn,2,1198,-10.0
dqn,2,1200,-10.0
dqn,2,1202,-44.4
dqn,2,1203,-42.0
dqn,2,1204,-72.6
dqn,2,1206,-10.0
dqn,2,1209,-52.8
dqn,2,1211,-10.0
dqn,2,1213,-10.0
dqn,2,1216,-56.1
dqn,2,1217,-34.5
dqn,2,1219,-38.4
dqn,2,1220,-41.4
dqn,2,1223,-10.0
dqn,2,1224,-10.0
dqn,2,1225,-10.0
dqn,2,1226,-10.0
dqn,2,1228,-10.0
dqn,2,1236,-10.0
dqn,2,1237,-10.0
dqn,2,1241,-10.0
dqn,2,1242,-10.0
dqn,2,1244,-69.3
dqn,2,1245,-10.0
dqn,2,1248,-10.0
dqn,2,1254,-66.0
dqn,2,1255,-10.0
dqn,2,1256,-30.9
dqn,2,1259,-39.6
dqn,2,1260,-43.2
dqn,2,1262,-10.0
dqn,2,1264,-10.0
dqn,2,1265,-35.1
dqn,2,1266,-56.7
dqn,2,1269,-64.2
dqn,2,1270,-10.0
dqn,2,1271,-10.0
dqn,2,1272,-10.0
dqn,2,1273,-10.0
dqn,2,1274,-48.6
dqn,2,1275,-10.0
dqn,2,1280,-10.0
dqn,2,1282,-10.0
dqn,2,1283,-10.0
dqn,2,1285,-10.0
dqn,2,1286,-10.0
dqn,2,1287,-10.0
dqn,2,1289,-10.0
dqn,2,1290,-10.0
dqn,2,1291,-10.0
dqn,2,1293,-10.0
dqn,2,1296,-10.0
dqn,2,1298,-56.4
dqn,2,1299,-70.8
dqn,2,1302,-10.0
dqn,2,1305,-24.6
dqn,2,1306,-10.0
dqn,2,1307,-10.0
dqn,2,1308,-10.0
dqn,2,1315,-41.4
dqn,2,1320,-10.0
dqn,2,1321,-54.0
dqn,2,1322,-10.0
dqn,2,1325,-10.0
dqn,2,1328,-31.5
dqn,2,1329,-42.6
dqn,2,1332,-44.1
dqn,2,1334,-10.0
dqn,2,1335,-10.0
dqn,2,1337,-37.8
dqn,2,1338,-49.8
dqn,2,1339,-10.0
dqn,2,1343,-10.0
dqn,2,1345,-86.7
dqn,2,1346,-10.0
dqn,2,1349,-40.5
dqn,2,1353,-10.0
dqn,2,1356,-42.6
dqn,2,1357,-42.9
dqn,2,1363,-10.0
dqn,2,1365,-39.9
dqn,2,1369,-43.8
dqn,2,1372,-30.0
dqn,2,1374,-10.0
dqn,2,1375,-10.0
dqn,2,1376,-34.5
dqn,2,1378,-39.9
dqn,2,1379,-10.0
dqn,2,1380,-31.2
dqn,2,1381,-93.3
dqn,2,1384,-10.0
dqn,2,1385,-10.0
dqn,2,1387,-30.3
dqn,2,1391,-10.0
dqn,2,1393,-10.0
dqn,2,1403,-10.0
dqn,2,1404,-33.6
dqn,2,1405,-10.0
dqn,2,1408,-66.9
dqn,2,1409,-54.9
dqn,2,1410,-10.0
dqn,2,1411,-10.0
dqn,2,1416,-10.0
dqn,2,1419,-10.0
dqn,2,1420,-29.7
dqn,2,1421,-10.0
dqn,2,1423,-10.0
dqn,2,1426,-10.0
dqn,2,1428,-10.0
dqn,2,1429,-65.4
dqn,2,1430,-31.2
dqn,2,1431,-10.0
dqn,2,1432,-41.1
dqn,2,1433,-49.8
dqn,2,1434,-48.6
dqn,2,1435,-10.0
dqn,2,1436,-29.7
dqn,2,1437,-36.9
dqn,2,1441,-10.0
dqn,2,1443,-44.1
dqn,2,1444,-10.0
dqn,2,1446,-33.9
dqn,2,1447,-10.0
dqn,2,1448,-10.0
dqn,2,1449,-46.8
dqn,2,1450,-45.3
dqn,2,1451,-10.0
dqn,2,1454,-10.0
dqn,2,1455,-49.5
dqn,2,1458,-10.0
dqn,2,1459,-10.0
dqn,2,1460,-31.2
dqn,2,1461,-38.4
dqn,2,1463,-30.3
dqn,2,1464,-10.0
dqn,2,1465,-51.3
dqn,2,1466,-10.0
dqn,2,1467,-54.9
dqn,2,1468,-10.0
dqn,2,1469,-72.6
dqn,2,1471,-10.0
dqn,2,1473,-42.6
dqn,2,1480,-29.7
dqn,2,1481,-10.0
dqn,2,1482,-54.0
dqn,2,1483,-38.4
dqn,2,1485,-31.2
dqn,2,1489,-10.0
dqn,2,1490,-54.0
dqn,2,1491,-28.8
dqn,2,1492,-72.6
dqn,2,1495,-10.0
dqn,2,1496,-10.0
dqn,2,1499,-66.9
dqn,2,1500,-10.0
dqn,2,1501,-10.0
dqn,2,1502,-47.7
dqn,2,1503,-72.6
dqn,2,1507,-10.0
dqn,2,1508,-10.0
dqn,2,1509,-10.0
dqn,2,1510,-10.0
dqn,2,1511,-32.1
dqn,2,1513,-31.8
dqn,2,1514,-64.8
dqn,2,1517,-64.8
dqn,2,1518,-42.6
dqn,2,1520,-10.0
dqn,2,1521,-44.1
dqn,2,1522,-38.4
dqn,2,1525,-10.0
dqn,2,1526,-45.0
dqn,2,1528,-29.4
dqn,2,1533,-48.3
dqn,2,1535,-10.0
dqn,2,1539,-10.0
dqn,2,1541,-44.7
dqn,2,1543,-61.2
dqn,2,1544,-32.1
dqn,2,1545,-68.1
dqn,2,1548,-43.8
dqn,2,1549,-43.2
dqn,2,1550,-42.9
dqn,2,1551,-10.0
dqn,2,1553,-10.0
dqn,2,1557,-43.8
dqn,2,1560,-10.0
dqn,2,1563,-10.0
dqn,2,1566,-10.0
dqn,2,1572,-10.0
dqn,2,1578,-10.0
dqn,2,1579,-47.1
dqn,2,1580,-53.7
dqn,2,1581,-10.0
dqn,2,1582,-10.0
dqn,2,1584,-10.0
dqn,2,1586,-10.0
dqn,2,1587,-56.7
dqn,2,1588,-10.0
dqn,2,1592,-10.0
dqn,2,1593,-10.0
dqn,2,1596,-42.6
dqn,2,1597,-33.6
dqn,2,1598,-48.6
dqn,2,1599,-10.0
dqn,2,1600,-38.7
dqn,2,1601,-44.1
dqn,2,1602,-64.8
dqn,2,1603,-35.7
dqn,2,1605,-10.0
dqn,2,1606,-39.0
dqn,2,1608,-10.0
dqn,2,1610,-44.1
dqn,2,1613,-28.2
dqn,2,1618,-43.5
dqn,2,1620,-38.7
dqn,2,1622,-42.3
dqn,2,1624,-10.0
dqn,2,1625,-29.7
dqn,2,1631,-10.0
dqn,2,1639,-60.3
dqn,2,1641,-10.0
dqn,2,1643,-31.2
dqn,2,1660,-35.4
dqn,2,1662,-10.0
dqn,2,1664,-10.0
dqn,2,1668,-10.0
dqn,2,1670,-70.5
dqn,2,1673,-25.2
dqn,2,1676,-10.0
dqn,2,1677,-62.4
dqn,2,1678,-30.9
dqn,2,1679,-49.5
dqn,2,1685,-41.7
dqn,2,1695,-10.0
dqn,2,1699,-30.3
dqn,2,1700,-43.2
dqn,2,1701,-10.0
dqn,2,1705,-39.3
dqn,2,1706,-48.6
dqn,2,1710,-63.9
dqn,2,1714,-10.0
dqn,2,1716,-33.9
dqn,2,1717,-10.0
dqn,2,1721,-10.0
dqn,2,1723,-49.5
dqn,2,1734,-10.0
dqn,2,1735,-10.0
dqn,2,1737,-31.2
dqn,2,1738,-10.0
dqn,2,1739,-10.0
dqn,2,1740,-36.9
dqn,2,1742,-56.4
dqn,2,1744,-10.0
dqn,2,1745,-10.0
dqn,2,1746,-10.0
dqn,2,1747,-44.4
dqn,2,1748,-10.0
dqn,2,1752,-10.0
dqn,2,1755,-28.2
dqn,2,1757,-53.1
dqn,2,1765,-10.0
dqn,2,1766,-10.0
dqn,2,1768,-10.0
dqn,2,1769,-10.0
dqn,2,1775,-10.0
dqn,2,1776,-48.6
dqn,2,1778,-10.0
dqn,2,1780,-34.2
dqn,2,1781,-10.0
dqn,2,1783,-10.0
dqn,2,1785,-10.0
dqn,2,1787,-53.7
dqn,2,1788,-30.9
dqn,2,1791,-10.0
dqn,2,1794,-42.0
dqn,2,1795,-33.6
dqn,2,1797,-51.0
dqn,2,1802,-41.7
dqn,2,1803,-48.9
dqn,2,1807,-10.0
dqn,2,1811,-10.0
dqn,2,1813,-69.3
dqn,2,1814,-33.6
dqn,2,1815,-42.0
dqn,2,1819,-24.9
dqn,2,1823,-46.5
dqn,2,1824,-10.0
dqn,2,1825,-56.7
dqn,2,1827,-51.0
dqn,2,1832,-10.0
dqn,2,1833,-10.0
dqn,2,1835,-33.9
dqn,2,1837,-44.1
dqn,2,1838,-10.0
dqn,2,1839,-10.0
dqn,2,1841,-40.8
dqn,2,1843,-10.0
dqn,2,1845,-48.9
dqn,2,1847,-39.9
dqn,2,1849,-22.8
dqn,2,1850,-29.7
dqn,2,1852,-48.6
dqn,2,1853,-47.4
dqn,2,1855,-10.0
dqn,2,1857,-46.5
dqn,2,1859,-28.5
dqn,2,1861,-61.2
dqn,2,1862,-70.8
dqn,2,1867,-85.8
dqn,2,1870,-10.0
dqn,2,1871,-35.7
dqn,2,1872,-10.0
dqn,2,1873,-47.4
dqn,2,1875,-29.4
dqn,2,1876,-10.0
dqn,2,1879,-10.0
dqn,2,1880,-28.8
dqn,2,1884,-10.0
dqn,2,1886,-10.0
dqn,2,1887,-40.2
dqn,2,1888,-10.0
dqn,2,1889,-10.0
dqn,2,1892,-10.0
dqn,2,1895,-43.8
dqn,2,1897,-72.3
dqn,2,1898,-10.0
dqn,2,1899,-54.0
dqn,2,1900,-43.5
dqn,2,1901,-10.0
dqn,2,1903,-42.0
dqn,2,1904,-10.0
dqn,2,1910,-10.0
dqn,2,1911,-10.0
dqn,2,1912,-10.0
dqn,2,1913,-10.0
dqn,2,1914,-10.0
dqn,2,1915,-10.0
dqn,2,1916,-10.0
dqn,2,1922,-10.0
dqn,2,1924,-10.0
dqn,2,1926,-42.9
dqn,2,1931,-68.4
dqn,2,1933,-10.0
dqn,2,1938,-41.4
dqn,2,1939,-10.0
dqn,2,1943,-41.1
dqn,2,1945,-10.0
dqn,2,1947,-10.0
dqn,2,1948,-10.0
dqn,2,1954,-41.7
dqn,2,1955,-45.3
dqn,2,1956,-42.3
dqn,2,1957,-10.0
dqn,2,1964,-45.6
dqn,2,1968,-41.1
dqn,2,1972,-10.0
dqn,2,1975,-34.5
dqn,2,1976,-10.0
dqn,2,1977,-10.0
dqn,2,1978,-10.0
dqn,2,1979,-10.0
dqn,2,1981,-42.6
dqn,2,1982,-69.6
dqn,2,1990,-43.2
dqn,2,1992,-10.0
dqn,2,1993,-33.6
dqn,2,1994,-49.2
dqn,2,1995,-31.5
dqn,2,1997,-67.8
dqn,2,1998,-31.5
dqn,2,2000,-10.0
dqn,2,2001,-42.3
dqn,2,2003,-53.4
dqn,2,2004,-10.0
dqn,2,2005,-54.0
dqn,2,2006,-10.0
dqn,2,2008,-10.0
dqn,2,2011,-48.9
dqn,2,2013,-42.9
dqn,2,2014,-10.0
dqn,2,2015,-10.0
dqn,2,2016,-10.0
dqn,2,2017,-56.7
dqn,2,2019,-10.0
dqn,2,2020,-10.0
dqn,2,2023,-10.0
dqn,2,2033,-10.0
dqn,2,2036,-28.2
dqn,2,2041,-10.0
dqn,2,2048,-42.9
dqn,2,2053,-10.0
dqn,2,2054,-10.0
dqn,2,2057,-42.6
dqn,2,2058,-10.0
dqn,2,2060,-10.0
dqn,2,2061,-44.4
dqn,2,2063,-10.0
dqn,2,2065,-10.0
dqn,2,2067,-40.8
dqn,2,2068,-10.0
dqn,2,2072,-10.0
dqn,2,2078,-28.2
dqn,2,2079,-10.0
dqn,2,2083,-48.0
dqn,2,2084,-30.9
dqn,2,2085,-10.0
dqn,2,2086,-35.7
dqn,2,2090,-38.1
dqn,2,2092,-46.5
dqn,2,2094,-10.0
dqn,2,2096,-69.3
dqn,2,2097,-45.3
dqn,2,2099,-10.0
dqn,2,2100,-10.0
dqn,2,2107,-60.6
dqn,2,2108,-25.8
dqn,2,2110,-31.2
dqn,2,2112,-30.6
dqn,2,2113,-44.4
dqn,2,2117,-47.7
dqn,2,2126,-10.0
dqn,2,2130,-10.0
dqn,2,2133,-46.2
dqn,2,2136,-10.0
dqn,2,2146,-23.1
dqn,2,2147,-38.1
dqn,2,2149,-10.0
dqn,2,2150,-10.0
dqn,2,2152,-10.0
dqn,2,2158,-48.3
dqn,2,2166,-10.0
dqn,2,2168,-48.3
dqn,2,2170,-10.0
dqn,2,2172,-33.3
dqn,2,2174,-53.7
dqn,2,2175,-45.0
dqn,2,2177,-10.0
dqn,2,2182,-10.0
dqn,2,2183,-10.0
dqn,2,2185,-38.7
dqn,2,2188,-10.0
dqn,2,2192,-55.8
dqn,2,2194,-35.4
dqn,2,2195,-43.5
dqn,2,2196,-10.0
dqn,2,2198,-69.3
dqn,2,2200,-47.4
dqn,2,2201,-70.8
dqn,2,2202,-45.3
dqn,2,2204,-10.0
dqn,2,2205,-10.0
dqn,2,2206,-10.0
dqn,2,2211,-85.8
dqn,2,2212,-25.8
dqn,2,2213,-30.9
dqn,2,2214,-93.3
dqn,2,2216,-10.0
dqn,2,2218,-10.0
dqn,2,2221,-10.0
dqn,2,2222,-41.1
dqn,2,2223,-32.1
dqn,2,2225,-10.0
dqn,2,2226,-10.0
dqn,2,2229,-10.0
dqn,2,2233,-10.0
dqn,2,2234,-10.0
dqn,2,2236,-78.3
dqn,2,2237,-10.0
dqn,2,2240,-10.0
dqn,2,2241,-43.2
dqn,2,2244,-33.0
dqn,2,2246,-67.2
dqn,2,2254,-10.0
dqn,2,2258,-36.0
dqn,2,2263,-77.4
dqn,2,2267,-41.4
dqn,2,2268,-10.0
dqn,2,2270,-93.0
dqn,2,2271,-10.0
dqn,2,2275,-29.7
dqn,2,2277,-53.4
dqn,2,2280,-10.0
dqn,2,2281,-36.3
dqn,2,2282,-38.4
dqn,2,2288,-30.6
dqn,2,2289,-10.0
dqn,2,2290,-10.0
dqn,2,2291,-40.2
dqn,2,2296,-66.9
dqn,2,2297,-69.6
dqn,2,2298,-45.3
dqn,2,2300,-72.3
dqn,2,2302,-10.0
dqn,2,2305,-10.0
dqn,2,2306,-35.7
dqn,2,2309,-37.8
dqn,2,2312,-10.0
dqn,2,2313,-45.3
dqn,2,2314,-38.7
dqn,2,2317,-10.0
dqn,2,2319,-69.3
dqn,2,2320,-10.0
dqn,2,2322,-10.0
dqn,2,2326,-10.0
dqn,2,2328,-10.0
dqn,2,2331,-10.0
dqn,2,2333,-10.0
dqn,2,2334,-10.0
dqn,2,2339,-10.0
dqn,2,2341,-10.0
dqn,2,2343,-56.4
dqn,2,2344,-10.0
dqn,2,2348,-10.0
dqn,2,2350,-10.0
dqn,2,2351,-44.4
dqn,2,2353,-39.9
dqn,2,2354,-44.4
dqn,2,2355,-10.0
dqn,2,2357,-69.3
dqn,2,2362,-10.0
dqn,2,2364,-54.6
dqn,2,2365,-44.4
dqn,2,2370,-10.0
dqn,2,2371,-42.3
dqn,2,2372,-10.0
dqn,2,2373,-10.0
dqn,2,2377,-10.0
dqn,2,2378,-44.1
dqn,2,2380,-10.0
dqn,2,2381,-10.0
dqn,2,2383,-40.8
dqn,2,2393,-52.2
dqn,2,2395,-40.8
dqn,2,2397,-10.0
dqn,2,2399,-37.8
dqn,2,2406,-41.1
dqn,2,2407,-25.2
dqn,2,2408,-10.0
dqn,2,2415,-10.0
dqn,2,2416,-48.9
dqn,2,2417,-25.2
dqn,2,2418,-29.7
dqn,2,2426,-52.8
dqn,2,2431,-10.0
dqn,2,2433,-36.0
dqn,2,2435,-72.3
dqn,2,2437,-31.2
dqn,2,2439,-25.5
dqn,2,2440,-10.0
dqn,2,2441,-10.0
dqn,2,2442,-36.3
dqn,2,2457,-57.9
dqn,2,2458,-10.0
dqn,2,2459,-10.0
dqn,2,2464,-10.0
dqn,2,2472,-10.0
dqn,2,2474,-43.8
dqn,2,2475,-56.7
dqn,2,2477,-44.1
dqn,2,2480,-37.8
dqn,2,2485,-60.6
dqn,2,2488,-40.5
dqn,2,2489,-42.0
dqn,2,2499,-10.0
dqn,2,2500,-10.0
dqn,2,2501,-10.0
dqn,2,2503,-39.9
dqn,2,2505,-10.0
dqn,2,2515,-36.0
dqn,2,2519,-60.9
dqn,2,2522,-10.0
dqn,2,2525,-69.0
dqn,2,2526,-10.0
dqn,2,2527,-44.1
dqn,2,2531,-10.0
dqn,2,2534,-30.9
dqn,2,2536,-28.5
dqn,2,2538,-39.9
dqn,2,2539,-30.9
dqn,2,2542,-10.0
dqn,2,2546,-10.0
dqn,2,2548,-46.8
dqn,2,2549,-93.3
dqn,2,2551,-31.8
dqn,2,2554,-10.0
dqn,2,2558,-46.5
dqn,2,2559,-10.0
dqn,2,2561,-30.9
dqn,2,2562,-62.1
dqn,2,2564,-37.8
dqn,2,2569,-39.9
dqn,2,2575,-10.0
dqn,2,2580,-10.0
dqn,2,2584,-53.1
dqn,2,2585,-10.0
dqn,2,2591,-41.4
dqn,2,2596,-10.0
dqn,2,2597,-43.2
dqn,2,2599,-10.0
dqn,2,2603,-71.7
dqn,2,2604,-10.0
dqn,2,2607,-10.0
dqn,2,2608,-10.0
dqn,2,2609,-44.4
dqn,2,2612,-69.0
dqn,2,2615,-10.0
dqn,2,2624,-44.4
dqn,2,2628,-10.0
dqn,2,2630,-56.4
dqn,2,2631,-10.0
dqn,2,2641,-32.4
dqn,2,2644,-10.0
dqn,2,2649,-46.2
dqn,2,2650,-10.0
dqn,2,2651,-10.0
dqn,2,2654,-34.5
dqn,2,2658,-66.3
dqn,2,2659,-10.0
dqn,2,2661,-10.0
dqn,2,2662,-10.0
dqn,2,2663,-42.6
dqn,2,2664,-30.6
dqn,2,2669,-35.7
dqn,2,2670,-10.0
dqn,2,2673,-10.0
dqn,2,2677,-10.0
dqn,2,2678,-10.0
dqn,2,2679,-42.9
dqn,2,2687,-10.0
dqn,2,2688,-41.4
dqn,2,2690,-31.8
dqn,2,2692,-10.0
dqn,2,2693,-53.7
dqn,2,2696,-10.0
dqn,2,2700,-46.2
dqn,2,2702,-44.4
dqn,2,2703,-10.0
dqn,2,2709,-10.0
dqn,2,2710,-10.0
dqn,2,2711,-10.0
dqn,2,2713,-49.2
dqn,2,2715,-10.0
dqn,2,2716,-10.0
dqn,2,2719,-43.8
dqn,2,2720,-45.0
dqn,2,2722,-48.3
dqn,2,2724,-44.1
dqn,2,2725,-10.0
dqn,2,2731,-37.2
dqn,2,2740,-10.0
dqn,2,2741,-72.6
dqn,2,2742,-10.0
dqn,2,2746,-55.8
dqn,2,2747,-51.3
dqn,2,2752,-42.3
dqn,2,2753,-10.0
dqn,2,2754,-36.3
dqn,2,2758,-40.2
dqn,2,2759,-10.0
dqn,2,2762,-10.0
dqn,2,2763,-10.0
dqn,2,2767,-47.7
dqn,2,2768,-10.0
dqn,2,2772,-53.1
dqn,2,2773,-10.0
dqn,2,2788,-38.1
dqn,2,2793,-44.1
dqn,2,2802,-10.0
dqn,2,2803,-44.4
dqn,2,2804,-41.4
dqn,2,2808,-48.6
dqn,2,2812,-10.0
dqn,2,2813,-56.7
dqn,2,2817,-31.2
dqn,2,2822,-45.6
dqn,2,2831,-46.5
dqn,2,2833,-10.0
dqn,2,2834,-33.6
dqn,2,2835,-40.2
dqn,2,2836,-10.0
dqn,2,2845,-40.5
dqn,2,2849,-68.7
dqn,2,2850,-54.9
dqn,2,2853,-10.0
dqn,2,2859,-37.2
dqn,2,2861,-31.2
dqn,2,2862,-10.0
dqn,2,2863,-10.0
dqn,2,2867,-10.0
dqn,2,2873,-39.9
dqn,2,2874,-10.0
dqn,2,2875,-36.9
dqn,2,2878,-48.0
dqn,2,2879,-10.0
dqn,2,2881,-10.0
dqn,2,2885,-10.0
dqn,2,2894,-28.2
dqn,2,2897,-10.0
dqn,2,2902,-10.0
dqn,2,2912,-35.7
dqn,2,2916,-30.0
dqn,2,2917,-38.7
dqn,2,2919,-48.3
dqn,2,2928,-59.1
dqn,2,2938,-10.0
dqn,2,2942,-22.2
dqn,2,2946,-10.0
dqn,2,2947,-10.0
dqn,2,2949,-28.5
dqn,2,2953,-37.5
dqn,2,2959,-10.0
dqn,2,2965,-51.9
dqn,2,2970,-43.2
dqn,2,2971,-10.0
dqn,2,2976,-10.0
dqn,2,2977,-67.2
dqn,2,2992,-10.0
dqn,2,2993,-10.0
dqn,2,2994,-43.2
dqn,2,2998,-10.0
dqn,2,3000,-10.0
dqn,2,3003,-10.0
dqn,2,3004,-10.0
dqn,2,3011,-10.0
dqn,2,3012,-31.2
dqn,2,3013,-10.0
dqn,2,3015,-10.0
dqn,2,3019,-37.5
dqn,2,3021,-10.0
dqn,2,3024,-72.0
dqn,2,3025,-10.0
dqn,2,3029,-10.0
dqn,2,3037,-10.0
dqn,2,3042,-10.0
dqn,2,3043,-10.0
dqn,2,3044,-10.0
dqn,2,3052,-10.0
dqn,2,3054,-44.1
dqn,2,3056,-30.9
dqn,2,3064,-28.5
dqn,2,3065,-10.0
dqn,2,3067,-30.6
dqn,2,3073,-10.0
dqn,2,3074,-10.0
dqn,2,3075,-10.0
dqn,2,3077,-10.0
dqn,2,3083,-45.6
dqn,2,3086,-72.0
dqn,2,3092,-45.6
dqn,2,3094,-39.9
dqn,2,3095,-10.0
dqn,2,3102,-10.0
dqn,2,3107,-33.3
dqn,2,3109,-10.0
dqn,2,3111,-36.0
dqn,2,3122,-37.2
dqn,2,3126,-10.0
dqn,2,3128,-10.0
dqn,2,3129,-93.3
dqn,2,3130,-62.1
dqn,2,3131,-78.6
dqn,2,3135,-10.0
dqn,2,3138,-66.9
dqn,2,3143,-45.6
dqn,2,3149,-10.0
dqn,2,3155,-10.0
dqn,2,3164,-10.0
dqn,2,3168,-10.0
dqn,2,3171,-10.0
dqn,2,3173,-10.0
dqn,2,3178,-47.7
dqn,2,3179,-10.0
dqn,2,3181,-10.0
dqn,2,3191,-10.0
dqn,2,3192,-78.6
dqn,2,3200,-28.8
dqn,2,3201,-38.7
dqn,2,3203,-10.0
dqn,2,3205,-35.4
dqn,2,3211,-10.0
dqn,2,3217,-32.7
dqn,2,3225,-59.7
dqn,2,3226,-10.0
dqn,2,3229,-28.2
dqn,2,3230,-10.0
dqn,2,3237,-29.1
dqn,2,3239,-51.0
dqn,2,3240,-48.6
dqn,2,3246,-27.3
dqn,2,3247,-39.0
dqn,2,3249,-61.5
dqn,2,3251,-10.0
dqn,2,3255,-10.0
dqn,2,3264,-36.0
dqn,2,3266,-10.0
dqn,2,3270,-10.0
dqn,2,3273,-42.9
dqn,2,3276,-10.0
dqn,2,3282,-60.0
dqn,2,3284,-10.0
dqn,2,3285,-10.0
dqn,2,3286,-44.4
dqn,2,3290,-43.5
dqn,2,3292,-66.9
dqn,2,3294,-29.4
dqn,2,3295,-10.0
dqn,2,3300,-68.4
dqn,2,3308,-76.5
dqn,2,3311,-53.4
dqn,2,3318,-31.8
dqn,2,3319,-69.6
dqn,2,3320,-10.0
dqn,2,3324,-10.0
dqn,2,3326,-48.9
dqn,2,3331,-30.9
dqn,2,3333,-38.7
dqn,2,3338,-34.5
dqn,2,3341,-10.0
dqn,2,3345,-30.3
dqn,2,3347,-44.7
dqn,2,3355,-41.1
dqn,2,3366,-10.0
dqn,2,3375,-10.0
dqn,2,3386,-10.0
dqn,2,3387,-47.4
dqn,2,3393,-10.0
dqn,2,3396,-10.0
dqn,2,3398,-86.7
dqn,2,3401,-42.9
dqn,2,3402,-10.0
dqn,2,3404,-61.2
dqn,2,3405,-48.6
dqn,2,3407,-56.4
dqn,2,3408,-10.0
dqn,2,3410,-10.0
dqn,2,3419,-10.0
dqn,2,3423,-60.6
dqn,2,3425,-10.0
dqn,2,3428,-38.1
dqn,2,3429,-10.0
dqn,2,3432,-43.8
dqn,2,3433,-47.1
dqn,2,3434,-10.0
dqn,2,3437,-78.0
dqn,2,3440,-48.0
dqn,2,3442,-10.0
dqn,2,3443,-10.0
dqn,2,3445,-10.0
dqn,2,3447,-42.9
dqn,2,3448,-10.0
dqn,2,3449,-47.1
dqn,2,3450,-10.0
dqn,2,3451,-10.0
dqn,2,3452,-40.2
dqn,2,3453,-10.0
dqn,2,3468,-36.9
dqn,2,3472,-10.0
dqn,2,3478,-28.2
dqn,2,3483,-84.3
dqn,2,3486,-10.0
dqn,2,3492,-33.0
dqn,2,3504,-10.0
dqn,2,3505,-10.0
dqn,2,3510,-45.9
dqn,2,3520,-10.0
dqn,2,3525,-10.0
dqn,2,3526,-10.0
dqn,2,3527,-10.0
dqn,2,3528,-56.7
dqn,2,3531,-10.0
dqn,2,3548,-21.0
dqn,2,3551,-10.0
dqn,2,3558,-10.0
dqn,2,3559,-10.0
dqn,2,3566,-10.0
dqn,2,3568,-10.0
dqn,2,3573,-10.0
dqn,2,3575,-31.2
dqn,2,3581,-43.8
dqn,2,3584,-48.0
dqn,2,3595,-10.0
dqn,2,3596,-10.0
dqn,2,3601,-45.9
dqn,2,3602,-47.4
dqn,2,3603,-10.0
dqn,2,3613,-10.0
dqn,2,3617,-46.5
dqn,2,3623,-52.5
dqn,2,3629,-47.4
dqn,2,3634,-44.1
dqn,2,3639,-10.0
dqn,2,3654,-10.0
dqn,2,3659,-34.5
dqn,2,3660,-42.9
dqn,2,3684,-10.0
dqn,2,3687,-10.0
dqn,2,3690,-10.0
dqn,2,3691,-35.7
dqn,2,3694,-33.6
dqn,2,3695,-53.7
dqn,2,3708,-10.0
dqn,2,3714,-32.1
dqn,2,3715,-10.0
dqn,2,3721,-30.0
dqn,2,3723,-72.3
dqn,2,3725,-56.4
dqn,2,3734,-46.2
dqn,2,3739,-10.0
dqn,2,3740,-10.0
dqn,2,3748,-30.0
dqn,2,3750,-47.1
dqn,2,3755,-41.1
dqn,2,3759,-10.0
dqn,2,3760,-33.6
dqn,2,3767,-10.0
dqn,2,3780,-10.0
dqn,2,3782,-10.0
dqn,2,3786,-24.9
dqn,2,3799,-10.0
dqn,2,3800,-54.0
dqn,2,3802,-10.0
dqn,2,3809,-38.4
dqn,2,3810,-48.9
dqn,2,3812,-44.4
dqn,2,3813,-10.0
dqn,2,3815,-10.0
dqn,2,3817,-10.0
dqn,2,3818,-45.3
dqn,2,3827,-46.5
dqn,2,3830,-44.4
dqn,2,3836,-60.3
dqn,2,3860,-10.0
dqn,2,3862,-67.8
dqn,2,3864,-10.0
dqn,2,3870,-84.0
dqn,2,3877,-40.5
dqn,2,3884,-29.1
dqn,2,3897,-10.0
dqn,2,3898,-10.0
dqn,2,3930,-33.9
dqn,2,3938,-36.3
dqn,2,3952,-60.9
dqn,2,3954,-10.0
dqn,2,3956,-10.0
dqn,2,3966,-40.5
dqn,2,3984,-20.7
dqn,2,3987,-48.0
dqn,2,3995,-10.0
dqn,2,3997,-42.6
dqn,2,3999,-10.0
dqn,2,4001,-38.4
dqn,2,4006,-10.0
dqn,2,4025,-10.0
dqn,2,4034,-48.9
dqn,2,4038,-45.9
dqn,2,4039,-31.5
dqn,2,4041,-54.6
dqn,2,4043,-31.2
dqn,2,4072,-40.2
dqn,2,4114,-10.0
dqn,2,4120,-10.0
dqn,2,4135,-49.8
dqn,2,4147,-45.3
dqn,2,4148,-10.0
dqn,2,4149,-10.0
dqn,2,4152,-10.0
dqn,2,4171,-30.3
dqn,2,4179,-51.9
dqn,2,4185,-10.0
dqn,2,4186,-48.6
dqn,2,4190,-42.3
dqn,2,4193,-67.5
dqn,2,4203,-10.0
dqn,2,4204,-10.0
dqn,2,4206,-61.2
dqn,2,4212,-10.0
dqn,2,4218,-10.0
dqn,2,4226,-10.0
dqn,2,4232,-38.7
dqn,2,4237,-10.0
dqn,2,4242,-41.7
dqn,2,4250,-39.0
dqn,2,4256,-10.0
dqn,2,4272,-10.0
dqn,2,4275,-10.0
dqn,2,4278,-10.0
dqn,2,4303,-10.0
dqn,2,4315,-35.4
dqn,2,4321,-10.0
dqn,2,4326,-10.0
dqn,2,4329,-10.0
dqn,2,4335,-32.1
dqn,2,4341,-66.6
dqn,2,4352,-10.0
dqn,2,4356,-29.7
dqn,2,4358,-39.9
dqn,2,4359,-10.0
dqn,2,4371,-10.0
dqn,2,4383,-40.8
dqn,2,4386,-30.0
dqn,2,4403,-20.4
dqn,2,4419,-35.7
dqn,2,4427,-10.0
dqn,2,4436,-29.7
dqn,2,4440,-48.6
dqn,2,4451,-10.0
dqn,2,4467,-24.3
dqn,2,4475,-10.0
dqn,2,4480,-10.0
dqn,2,4491,-10.0
dqn,2,4497,-33.0
dqn,2,4499,-10.0
dqn,2,4508,-10.0
dqn,2,4525,-10.0
dqn,2,4541,-10.0
dqn,2,4551,-10.0
dqn,2,4580,-10.0
dqn,2,4586,-10.0
dqn,2,4597,-10.0
dqn,2,4618,-38.4
dqn,2,4626,-70.5
dqn,2,4628,-10.0
dqn,2,4640,-10.0
dqn,2,4653,-43.8
dqn,2,4671,-38.1
dqn,2,4687,-10.0
dqn,2,4690,-35.1
dqn,2,4697,-10.0
dqn,2,4716,-10.0
dqn,2,4722,-30.0
dqn,2,4743,-17.1
dqn,2,4764,-10.0
dqn,2,4768,-10.0
dqn,2,4772,-10.0
dqn,2,4777,-30.3
dqn,2,4788,-10.0
dqn,2,4790,-10.0
dqn,2,4798,-10.0
dqn,2,4799,-10.0
dqn,2,4802,-31.5
dqn,2,4805,-43.5
dqn,2,4806,-44.1
dqn,2,4839,-22.5
dqn,2,4875,-43.2
dqn,2,4908,-30.6
dqn,2,4939,-22.5
dqn,2,4954,-10.0
dqn,2,4989,-34.5
dqn,2,5003,-10.0
dqn,2,5012,-10.0
dqn,2,5015,-34.5
dqn,2,5082,-45.0
dqn,2,5112,-10.0
dqn,2,5187,-26.4
dqn,2,5191,-32.7
dqn,2,5202,-10.0
dqn,2,5211,-10.0
dqn,2,5244,-10.0
dqn,2,5261,-25.8
dqn,2,5271,-10.0
dqn,2,5294,-10.0
dqn,2,5325,-21.9
dqn,2,5332,-10.0
dqn,2,5344,-39.6
dqn,2,5361,-29.4
dqn,2,5398,-29.4
dqn,2,5404,-10.0
dqn,2,5496,-10.0
dqn,2,5505,-70.2
dqn,2,5520,-27.9
dqn,2,5554,-10.0
dqn,2,5567,-10.0
dqn,2,5647,-10.0
dqn,2,5663,-44.7
dqn,2,5743,-10.0
dqn,2,5774,-52.5
dqn,2,5807,-35.7
dqn,2,5840,-69.0
dqn,2,5861,-10.0
dqn,2,5866,-10.0
dqn,2,5867,-10.0
dqn,2,5973,-10.0
dqn,2,5977,-31.2
dqn,2,6000,-10.0
dqn,2,6015,-10.0
dqn,2,6022,-27.0
dqn,2,6050,-10.0
dqn,2,6051,-10.0
dqn,2,6052,-10.0
dqn,2,6066,-10.0
dqn,2,6076,-28.8
dqn,2,6092,-10.0
dqn,2,6158,-6.3
dqn,2,6219,-10.0
dqn,2,6233,-10.0
dqn,2,6258,-10.0
dqn,2,6271,-36.6
dqn,2,6283,-10.0
dqn,2,6331,-29.4
dqn,2,6353,-10.0
dqn,2,6466,-15.0
dqn,2,6467,-39.0
dqn,2,6511,-10.0
dqn,2,6513,-65.1
dqn,2,6526,-37.5
dqn,2,6549,-54.9
dqn,2,6577,-78.9
dqn,2,6676,-11.7
dqn,2,6679,-41.7
dqn,2,6681,-28.5
dqn,2,6692,-44.7
dqn,2,6693,-10.0
dqn,2,6713,-10.0
dqn,2,6771,-28.2
dqn,2,6857,-42.6
dqn,2,6945,-10.0
dqn,2,6946,-10.0
dqn,2,6956,-10.0
dqn,2,6982,-10.0
dqn,2,7036,-10.0
dqn,2,7089,-29.1
dqn,2,7131,-58.5
dqn,2,7134,-10.0
dqn,2,7162,-10.0
dqn,2,7208,-10.0
dqn,2,7214,-10.0
dqn,2,7265,-39.0
dqn,2,7286,-36.3
dqn,2,7289,-39.6
dqn,2,7307,-10.0
dqn,2,7338,-36.3
dqn,2,7425,-41.4
dqn,2,7443,-80.4
dqn,2,7467,-10.0
dqn,2,7474,-30.3
dqn,2,7513,-81.9
dqn,2,7570,-37.2
dqn,2,7604,-34.8
dqn,2,7623,-10.0
dqn,2,7634,-10.0
dqn,2,7642,-59.4
dqn,2,7690,-10.0
dqn,2,7692,-37.8
dqn,2,7696,-10.0
dqn,2,7703,-10.0
dqn,2,7735,-10.0
dqn,2,7767,-10.0
dqn,2,7771,-10.0
dqn,2,7776,-21.9
dqn,2,7798,-37.2
dqn,2,7811,-10.0
dqn,2,7855,-10.0
dqn,2,7864,-59.1
dqn,2,7904,-10.0
dqn,2,7912,-10.0
dqn,2,7939,-24.3
dqn,2,7963,-10.0
dqn,2,7980,-27.3
dqn,2,7981,-23.1
dqn,2,8044,-10.0
dqn,2,8068,-10.0
dqn,2,8083,-40.5
dqn,2,8112,-30.6
dqn,2,8130,-10.0
dqn,2,8131,-41.1
dqn,2,8161,-10.0
dqn,2,8168,-67.8
dqn,2,8175,-10.0
dqn,2,8226,-10.0
dqn,2,8251,-10.0
dqn,2,8263,-33.0
dqn,2,8350,-10.0
dqn,2,8383,-10.0
dqn,2,8389,-10.0
dqn,2,8396,-10.0
dqn,2,8418,-10.0
dqn,2,8454,-23.7
dqn,2,8554,-10.0
dqn,2,8574,-20.1
dqn,2,8616,-25.8
dqn,2,8649,-10.0
dqn,2,8703,-10.0
dqn,2,8704,-33.6
dqn,2,8720,-10.0
dqn,2,8759,-10.0
dqn,2,8765,-65.7
dqn,2,8773,-47.1
dqn,2,8900,-10.0
dqn,2,8901,-10.0
dqn,2,8911,-40.5
dqn,2,8917,-29.1
dqn,2,8926,-10.0
dqn,2,8935,-10.0
dqn,2,8939,-10.0
dqn,2,8959,-10.0
dqn,2,8982,-10.0
dqn,2,8986,-10.0
dqn,2,8989,-10.0
dqn,2,9008,-10.0
dqn,2,9026,-10.0
dqn,2,9036,-47.1
dqn,2,9092,-10.0
dqn,2,9094,-10.0
dqn,2,9118,-10.0
dqn,2,9192,-10.0
dqn,2,9195,-42.6
dqn,2,9256,-24.0
dqn,2,9262,-10.0
dqn,2,9264,-66.9
dqn,2,9271,-10.0
dqn,2,9284,-10.0
dqn,2,9334,-10.0
dqn,2,9347,-10.0
dqn,2,9399,-10.0
dqn,2,9479,-10.0
dqn,2,9534,-15.0
dqn,2,9565,-10.0
dqn,2,9614,-10.0
dqn,2,9672,-25.2
dqn,2,9682,-10.0
dqn,2,9729,-10.0
dqn,2,9809,-25.8
dqn,2,9820,-10.0
dqn,2,9889,-5.4
dqn,2,9954,-10.0
dqn,2,9969,-36.0
dqn,2,9973,-10.0
dqn,2,9985,-35.7
dqn,2,10034,-40.5
dqn,2,10093,-10.0
dqn,2,10099,-43.5
dqn,2,10146,-17.7
dqn,2,10151,-10.0
dqn,2,10161,-40.5
dqn,2,10173,-10.0
dqn,2,10186,-37.5
dqn,2,10239,-20.1
dqn,2,10268,-36.3
dqn,2,10277,-10.0
dqn,2,10291,-10.0
dqn,2,10302,-40.2
dqn,2,10309,-10.0
dqn,2,10385,-17.7
dqn,2,10387,-33.3
dqn,2,10491,-10.0
dqn,2,10502,-50.7
dqn,2,10528,-10.0
dqn,2,10533,-10.0
dqn,2,10592,-36.0
dqn,2,10662,-10.0
dqn,2,10679,-66.0
dqn,2,10682,-10.0
dqn,2,10694,-38.1
dqn,2,10705,-10.0
dqn,2,10736,-23.1
dqn,2,10737,-68.1
dqn,2,10747,-38.7
dqn,2,10766,-30.3
dqn,2,10784,-10.0
dqn,2,10808,-10.0
dqn,2,10864,-10.0
dqn,2,10871,-10.0
dqn,2,10955,-10.0
dqn,2,10966,-42.3
dqn,2,10971,-10.0
dqn,2,11004,-10.0
dqn,2,11030,-37.8
dqn,2,11120,-14.4
dqn,2,11173,-10.0
dqn,2,11213,-32.7
dqn,2,11350,-50.0
dqn,2,11378,-10.0
dqn,2,11380,-10.0
dqn,2,11421,-30.3
dqn,2,11425,-10.0
dqn,2,11445,-10.0
dqn,2,11468,-42.0
dqn,2,11473,-10.0
dqn,2,11574,-8.1
dqn,2,11591,-10.0
dqn,2,11620,-61.2
dqn,2,11640,-33.3
dqn,2,11663,-10.0
dqn,2,11736,-40.5
dqn,2,11793,-10.0
dqn,2,11802,-10.0
dqn,2,11809,-10.0
dqn,2,11831,-61.2
dqn,2,11914,-10.0
dqn,2,11919,-47.4
dqn,2,11978,-10.0
dqn,2,11981,-10.0
dqn,2,11984,-56.1
dqn,2,11995,-41.4
dqn,2,12010,-10.0
dqn,2,12025,-10.0
dqn,2,12141,-10.0
dqn,2,12147,-37.5
dqn,2,12169,-37.8
dqn,2,12171,-10.0
dqn,2,12249,-10.0
dqn,2,12262,-10.0
dqn,2,12330,-10.0
dqn,2,12422,-10.0
dqn,2,12441,-20.4
dqn,2,12445,-10.0
dqn,2,12479,-24.6
dqn,2,12495,-44.1
dqn,2,12524,-10.0
dqn,2,12558,-15.3
dqn,2,12570,-10.0
dqn,2,12580,-10.0
dqn,2,12622,-10.0
dqn,2,12632,-10.0
dqn,2,12647,-10.0
dqn,2,12759,-0.3
dqn,2,12823,-10.0
dqn,2,12825,-10.0
dqn,2,12838,-45.6
dqn,2,12850,-45.9
dqn,2,12871,-24.9
dqn,2,12876,-64.2
dqn,2,12892,-40.8
dqn,2,12907,-10.0
dqn,2,12966,-8.4
dqn,2,13035,-10.0
dqn,2,13124,-10.0
dqn,2,13133,-10.0
dqn,2,13148,-34.8
dqn,2,13182,-23.7
dqn,2,13188,-10.0
dqn,2,13196,-23.1
dqn,2,13235,-32.1
dqn,2,13308,-10.0
dqn,2,13333,-40.5
dqn,2,13378,-10.0
dqn,2,13385,-10.0
dqn,2,13389,-10.0
dqn,2,13395,-47.1
dqn,2,13522,-47.7
dqn,2,13562,-59.1
dqn,2,13577,-10.0
dqn,2,13596,-25.8
dqn,2,13604,-65.4
dqn,2,13630,-46.5
dqn,2,13655,-10.0
dqn,2,13659,-10.0
dqn,2,13681,-32.4
dqn,2,13700,-29.1
dqn,2,13727,-34.5
dqn,2,13732,-60.3
dqn,2,13747,-10.0
dqn,2,13859,-10.0
dqn,2,13860,-44.4
dqn,2,13915,-22.8
dqn,2,13967,-27.9
dqn,2,14030,-21.6
dqn,2,14043,-10.0
dqn,2,14087,-30.3
dqn,2,14099,-28.8
dqn,2,14101,-10.0
dqn,2,14119,-48.9
dqn,2,14225,-9.6
dqn,2,14260,-15.0
dqn,2,14266,-10.0
dqn,2,14271,-39.9
dqn,2,14304,-39.0
dqn,2,14330,-35.4
dqn,2,14347,-34.2
dqn,2,14368,-43.5
dqn,2,14442,-10.0
dqn,2,14445,-10.0
dqn,2,14496,-41.7
dqn,2,14527,-26.1
dqn,2,14568,-10.0
dqn,2,14592,-10.0
dqn,2,14619,-32.4
dqn,2,14622,-43.8
dqn,2,14624,-10.0
dqn,2,14651,-24.3
dqn,2,14658,-60.3
dqn,2,14681,-47.4
dqn,2,14692,-10.0
dqn,2,14730,-10.0
dqn,2,14747,-49.2
dqn,2,14756,-10.0
dqn,2,14784,-36.6
dqn,2,14807,-10.0
dqn,2,14835,-10.0
dqn,2,14859,-10.0
dqn,2,14885,-10.0
dqn,2,14904,-10.0
dqn,2,14920,-10.0
dqn,2,15108,-50.0
dqn,2,15206,0.3
dqn,2,15229,-36.6
dqn,2,15253,-22.8
dqn,2,15329,-56.1
dqn,2,15359,-10.0
dqn,2,15363,-10.0
dqn,2,15373,-10.0
dqn,2,15377,-60.9
dqn,2,15492,-13.2
dqn,2,15510,-10.0
dqn,2,15524,-10.0
dqn,2,15572,-21.6
dqn,2,15586,-30.6
dqn,2,15603,-49.2
dqn,2,15657,-10.0
dqn,2,15661,-10.0
dqn,2,15682,-81.0
dqn,2,15699,-35.4
dqn,2,15717,-62.1
dqn,2,15719,-10.0
dqn,2,15802,-10.0
dqn,2,15825,-10.0
dqn,2,15884,-29.4
dqn,2,15943,-10.0
dqn,2,15963,-35.4
dqn,2,16006,-22.5
dqn,2,16019,-40.8
dqn,2,16020,-10.0
dqn,2,16041,-32.1
dqn,2,16044,-30.6
dqn,2,16072,-40.5
dqn,2,16097,-10.0
dqn,2,16230,-10.0
dqn,2,16257,-10.0
dqn,2,16301,-49.2
dqn,2,16357,-26.7
dqn,2,16430,-18.6
dqn,2,16497,-10.0
dqn,2,16542,-31.5
dqn,2,16554,-10.0
dqn,2,16566,-30.9
dqn,2,16583,-67.8
dqn,2,16588,-10.0
dqn,2,16626,-42.9
dqn,2,16651,-10.0
dqn,2,16673,-29.4
dqn,2,16689,-10.0
dqn,2,16721,-10.0
dqn,2,16734,-43.2
dqn,2,16740,-10.0
dqn,2,16830,-10.0
dqn,2,16835,-77.4
dqn,2,16868,-28.5
dqn,2,16869,-41.4
dqn,2,16881,-10.0
dqn,2,16887,-29.4
dqn,2,16925,-10.0
dqn,2,17006,-10.0
dqn,2,17013,-69.0
dqn,2,17021,-10.0
dqn,2,17025,-30.3
dqn,2,17044,-48.6
dqn,2,17128,-36.6
dqn,2,17164,-34.2
dqn,2,17298,7.8
dqn,2,17329,-24.6
dqn,2,17335,-10.0
dqn,2,17370,-10.0
dqn,2,17418,-48.0
dqn,2,17423,-24.6
dqn,2,17436,-10.0
dqn,2,17444,-10.0
dqn,2,17448,-48.0
dqn,2,17449,-10.0
dqn,2,17576,-12.0
dqn,2,17602,-10.0
dqn,2,17618,-10.0
dqn,2,17666,-10.0
dqn,2,17698,-10.0
dqn,2,17779,-10.0
dqn,2,17830,-28.2
dqn,2,17897,-10.0
dqn,2,17908,-10.0
dqn,2,17916,-10.0
dqn,2,17992,-10.0
dqn,2,18058,-10.0
dqn,2,18120,-10.0
dqn,2,18163,-27.6
dqn,2,18167,-77.7
dqn,2,18168,-10.0
dqn,2,18178,-44.1
dqn,2,18229,-17.1
dqn,2,18250,-25.5
dqn,2,18257,-40.8
dqn,2,18277,-10.0
dqn,2,18306,-36.0
dqn,2,18404,-1.5
dqn,2,18432,-10.0
dqn,2,18514,-10.0
dqn,2,18539,-24.3
dqn,2,18545,-10.0
dqn,2,18558,-28.5
dqn,2,18568,-10.0
dqn,2,18582,-10.0
dqn,2,18603,-81.0
dqn,2,18604,-10.0
dqn,2,18666,-26.4
dqn,2,18776,1.2
dqn,2,18791,-10.0
dqn,2,18831,-19.2
dqn,2,18851,-10.0
dqn,2,18879,-10.0
dqn,2,18883,-47.7
dqn,2,18891,-10.0
dqn,2,18895,-10.0
dqn,2,18907,-53.4
dqn,2,18936,-45.6
dqn,2,18943,-10.0
dqn,2,18961,-10.0
dqn,2,19000,-22.2
dqn,2,19020,-28.8
dqn,2,19026,-30.6
dqn,2,19050,-28.8
dqn,2,19063,-45.6
dqn,2,19100,-10.0
dqn,2,19125,-40.2
dqn,2,19171,-18.0
dqn,2,19200,-10.0
dqn,2,19211,-42.3
dqn,2,19268,-10.0
dqn,2,19282,-49.8
dqn,2,19294,-10.0
dqn,2,19302,-10.0
dqn,2,19345,-10.0
dqn,2,19353,-10.0
dqn,2,19403,-32.4
dqn,2,19420,-10.0
dqn,2,19454,-10.0
dqn,2,19507,-10.0
dqn,2,19508,-10.0
dqn,2,19511,-10.0
dqn,2,19536,-41.7
dqn,2,19556,-10.0
dqn,2,19598,-10.0
dqn,2,19618,-79.8
dqn,2,19653,-10.0
dqn,2,19682,-22.5
dqn,2,19734,-10.0
dqn,2,19819,-42.3
dqn,2,19861,-34.5
dqn,2,19887,-36.9
dqn,2,19919,-10.0
dqn,2,19923,-35.4
dqn,2,19934,-10.0
dqn,2,19971,-10.0
dqn,2,19974,-10.0
dqn,2,19980,-10.0
dqn,2,19983,-36.3
dqn,2,19992,-10.0
dqn,2,19999,-48.0
dqn,2,20008,-46.2
dqn,2,20040,-39.3
dqn,2,20118,-12.0
dqn,2,20183,-23.7
dqn,2,20216,-10.0
dqn,2,20217,-49.2
dqn,2,20300,-6.3
dqn,2,20303,-10.0
dqn,2,20326,-10.0
dqn,2,20338,-10.0
dqn,2,20368,-35.7
dqn,2,20371,-38.1
dqn,2,20382,-10.0
dqn,2,20433,-27.9
dqn,2,20459,-10.0
dqn,2,20475,-39.0
dqn,2,20478,-10.0
dqn,2,20546,-11.4
dqn,2,20549,-10.0
dqn,2,20558,-52.5
dqn,2,20599,-10.0
dqn,2,20662,-24.6
dqn,2,20673,-51.0
dqn,2,20690,-38.7
dqn,2,20714,-10.0
dqn,2,20733,-37.8
dqn,2,20747,-10.0
dqn,2,20774,-26.4
dqn,2,20795,-10.0
dqn,2,20815,-63.9
dqn,2,20827,-10.0
dqn,2,20828,-38.4
dqn,2,20845,-42.6
dqn,2,20873,-10.0
dqn,2,20877,-42.0
dqn,2,20878,-43.2
dqn,2,20882,-47.7
dqn,2,20979,-22.5
dqn,2,20998,-10.0
dqn,2,21045,-18.3
dqn,2,21098,-10.0
dqn,2,21126,-33.0
dqn,2,21136,-46.2
dqn,2,21151,-10.0
dqn,2,21157,-10.0
dqn,2,21159,-53.1
dqn,2,21191,-10.0
dqn,2,21203,-10.0
dqn,2,21207,-10.0
dqn,2,21230,-19.2
dqn,2,21294,-27.9
dqn,2,21341,-23.1
dqn,2,21348,-38.4
dqn,2,21373,-24.0
dqn,2,21516,-2.7
dqn,2,21550,-10.0
dqn,2,21619,-10.0
dqn,2,21652,-35.7
dqn,2,21661,-83.1
dqn,2,21681,-10.0
dqn,2,21693,-10.0
dqn,2,21699,-10.0
dqn,2,21708,-10.0
dqn,2,21784,-10.0
dqn,2,21846,-10.0
dqn,2,21887,-34.8
dqn,2,21953,-10.0
dqn,2,21956,-10.0
dqn,2,21974,-10.0
dqn,2,21976,-10.0
dqn,2,22025,-10.0
dqn,2,22097,-22.2
dqn,2,22102,-10.0
dqn,2,22127,-62.4
dqn,2,22128,-49.5
dqn,2,22162,-38.7
dqn,2,22170,-40.2
dqn,2,22191,-37.2
dqn,2,22196,-37.5
dqn,2,22215,-37.5
dqn,2,22292,-0.3
dqn,2,22296,-10.0
dqn,2,22309,-47.7
dqn,2,22313,-30.6
dqn,2,22366,-27.0
dqn,2,22430,-10.0
dqn,2,22431,-35.7
dqn,2,22442,-10.0
dqn,2,22469,-10.0
dqn,2,22473,-34.8
dqn,2,22579,-10.0
dqn,2,22603,-10.0
dqn,2,22645,-10.0
dqn,2,22675,-10.0
dqn,2,22691,-10.0
dqn,2,22835,-10.0
dqn,2,22843,-10.0
dqn,2,22853,-10.0
dqn,2,22878,-40.5
dqn,2,22922,-34.8
dqn,2,22946,-10.0
dqn,2,22965,-31.5
dqn,2,22969,-10.0
dqn,2,23018,-10.0
dqn,2,23088,-10.0
dqn,2,23096,-41.1
dqn,2,23117,-35.1
dqn,2,23126,-39.6
dqn,2,23150,-38.4
dqn,2,23191,-10.0
dqn,2,23255,-10.0
dqn,2,23261,-37.2
dqn,2,23277,-10.0
dqn,2,23304,-10.0
dqn,2,23315,-90.3
dqn,2,23348,-27.3
dqn,2,23350,-10.0
dqn,2,23375,-10.0
dqn,2,23381,-10.0
dqn,2,23383,-10.0
dqn,2,23439,-17.1
dqn,2,23446,-10.0
dqn,2,23476,-10.0
dqn,2,23487,-41.4
dqn,2,23529,-10.0
dqn,2,23538,-36.0
dqn,2,23543,-10.0
dqn,2,23564,-37.2
dqn,2,23617,-10.0
dqn,2,23622,-42.0
dqn,2,23700,-10.0
dqn,2,23712,-10.0
dqn,2,23769,-30.0
dqn,2,23777,-47.4
dqn,2,23788,-10.0
dqn,2,23830,-10.0
dqn,2,23835,-47.4
dqn,2,23847,-62.1
dqn,2,23850,-10.0
dqn,2,23884,-10.0
dqn,2,23937,-10.0
dqn,2,23952,-10.0
dqn,2,23990,-10.0
dqn,2,24012,-10.0
dqn,2,24038,-47.4
dqn,2,24043,-10.0
dqn,2,24085,-10.0
dqn,2,24088,-10.0
dqn,2,24238,-3.9
dqn,2,24277,-10.0
dqn,2,24328,-10.0
dqn,2,24362,-10.0
dqn,2,24363,-10.0
dqn,2,24369,-10.0
dqn,2,24459,-10.0
dqn,2,24476,-26.1
dqn,2,24482,-33.6
dqn,2,24487,-10.0
dqn,2,24492,-84.3
dqn,2,24527,-36.6
dqn,2,24537,-10.0
dqn,2,24602,-34.8
dqn,2,24620,-73.5
dqn,2,24623,-38.4
dqn,2,24629,-10.0
dqn,2,24632,-33.0
dqn,2,24694,-10.0
dqn,2,24747,-10.0
dqn,2,24830,-22.2
dqn,2,24898,-13.5
dqn,2,24904,-55.2
dqn,2,24939,-21.9
dqn,2,24958,-10.0
dqn,2,24964,-39.6
dqn,2,24971,-42.6
dqn,2,24986,-45.3
dqn,2,25010,-37.5
dqn,2,25016,-10.0
dqn,2,25056,-10.0
dqn,2,25175,-10.0
dqn,2,25188,-10.0
dqn,2,25202,-10.0
dqn,2,25286,-10.0
dqn,2,25325,-36.3
dqn,2,25414,-10.0
dqn,2,25417,-30.9
dqn,2,25434,-36.3
dqn,2,25487,-46.8
dqn,2,25528,-10.0
dqn,2,25542,-10.0
dqn,2,25555,-10.0
dqn,2,25561,-10.0
dqn,2,25568,-10.0
dqn,2,25573,-10.0
dqn,2,25659,-10.0
dqn,2,25687,-36.6
dqn,2,25701,-34.2
dqn,2,25706,-27.6
dqn,2,25722,-33.6
dqn,2,25774,-10.0
dqn,2,25820,-29.7
dqn,2,25871,-10.0
dqn,2,25893,-25.2
dqn,2,25935,-10.0
dqn,2,25942,-24.0
dqn,2,25958,-10.0
dqn,2,25986,-10.0
dqn,2,25995,-63.0
dqn,2,26032,-30.6
dqn,2,26048,-10.0
dqn,2,26074,-27.0
dqn,2,26256,5.4
dqn,2,26305,-10.0
dqn,2,26318,-10.0
dqn,2,26328,-39.6
dqn,2,26339,-43.8
dqn,2,26399,-10.0
dqn,2,26452,-10.0
dqn,2,26469,-10.0
dqn,2,26476,-30.3
dqn,2,26489,-58.8
dqn,2,26524,-44.7
dqn,2,26546,-56.1
dqn,2,26575,-30.6
dqn,2,26576,-28.8
dqn,2,26596,-49.2
dqn,2,26774,10.8
dqn,2,26782,-10.0
dqn,2,26793,-37.2
dqn,2,26801,-27.6
dqn,2,26829,-10.0
dqn,2,26952,-10.0
dqn,2,26991,-20.7
dqn,2,27019,-10.0
dqn,2,27073,-10.0
dqn,2,27098,-46.8
dqn,2,27126,-10.0
dqn,2,27130,-10.0
dqn,2,27173,-13.2
dqn,2,27183,-58.8
dqn,2,27199,-10.0
dqn,2,27219,-35.4
dqn,2,27263,-20.7
dqn,2,27323,-10.0
dqn,2,27373,-10.0
dqn,2,27382,-23.4
dqn,2,27404,-19.5
dqn,2,27411,-38.4
dqn,2,27422,-10.0
dqn,2,27435,-32.7
dqn,2,27465,-10.0
dqn,2,27477,-59.1
dqn,2,27496,-29.7
dqn,2,27504,-10.0
dqn,2,27595,-43.8
dqn,2,27618,-10.0
dqn,2,27638,-35.4
dqn,2,27652,-39.3
dqn,2,27659,-60.3
dqn,2,27680,-10.0
dqn,2,27694,-10.0
dqn,2,27732,-10.0
dqn,2,27780,-10.0
dqn,2,27797,-49.2
dqn,2,27822,-31.5
dqn,2,27839,-10.0
dqn,2,27850,-31.2
dqn,2,27854,-10.0
dqn,2,27865,-35.7
dqn,2,27909,-30.6
dqn,2,27928,-87.9
dqn,2,27970,-10.0
dqn,2,27971,-10.0
dqn,2,27977,-37.2
dqn,2,28040,-10.0
dqn,2,28048,-54.6
dqn,2,28062,-58.2
dqn,2,28149,-15.3
dqn,2,28150,-44.4
dqn,2,28174,-18.9
dqn,2,28198,-86.4
dqn,2,28336,-10.0
dqn,2,28342,-36.6
dqn,2,28364,-10.0
dqn,2,28372,-36.6
dqn,2,28382,-10.0
dqn,2,28385,-60.9
dqn,2,28386,-10.0
dqn,2,28387,-38.7
dqn,2,28408,-39.3
dqn,2,28412,-39.3
dqn,2,28451,-50.7
dqn,2,28472,-10.0
dqn,2,28497,-10.0
dqn,2,28565,-10.0
dqn,2,28614,-25.8
dqn,2,28644,-17.1
dqn,2,28712,-10.0
dqn,2,28738,-41.1
dqn,2,28744,-41.1
dqn,2,28804,-10.0
dqn,2,28847,-32.7
dqn,2,28856,-10.0
dqn,2,28869,-39.6
dqn,2,28939,-16.2
dqn,2,28963,-10.0
dqn,2,28978,-10.0
dqn,2,28981,-35.1
dqn,2,28986,-10.0
dqn,2,29078,-10.0
dqn,2,29138,-10.0
dqn,2,29152,-39.3
dqn,2,29175,-34.5
dqn,2,29208,-10.0
dqn,2,29226,-10.0
dqn,2,29266,-24.6
dqn,2,29297,-45.9
dqn,2,29303,-10.0
dqn,2,29319,-44.1
dqn,2,29382,-26.7
dqn,2,29479,-40.8
dqn,2,29558,-55.2
dqn,2,29641,-48.0
dqn,2,29644,-70.2
dqn,2,29658,-32.4
dqn,2,29697,-23.1
dqn,2,29709,-37.8
dqn,2,29718,-10.0
dqn,2,29769,-32.1
dqn,2,29781,-10.0
dqn,2,29838,-23.4
dqn,2,29880,-10.0
dqn,2,29883,-54.3
dqn,2,29999,9.3
dqn,2,30017,-59.7
dqn,2,30055,-10.0
dqn,2,30077,-55.5
dqn,2,30098,-10.0
dqn,2,30133,-34.2
dqn,2,30259,8.7
dqn,2,30268,-46.2
dqn,2,30274,-10.0
dqn,2,30279,-10.0
dqn,2,30354,-10.0
dqn,2,30358,-48.3
dqn,2,30395,-33.6
dqn,2,30402,-10.0
dqn,2,30468,-10.0
dqn,2,30483,-31.5
dqn,2,30489,-27.3
dqn,2,30497,-10.0
dqn,2,30532,-34.2
dqn,2,30552,-42.9
dqn,2,30553,-44.1
dqn,2,30577,-34.2
dqn,2,30593,-10.0
dqn,2,30598,-36.9
dqn,2,30618,-25.8
dqn,2,30706,-10.0
dqn,2,30720,-10.0
dqn,2,30798,-10.0
dqn,2,30827,-17.4
dqn,2,30851,-33.3
dqn,2,30859,-42.0
dqn,2,30862,-10.0
dqn,2,30930,-41.7
dqn,2,30948,-51.6
dqn,2,30981,-57.6
dqn,2,30990,-10.0
dqn,2,30992,-10.0
dqn,2,31019,-10.0
dqn,2,31020,-42.9
dqn,2,31074,-19.8
dqn,2,31108,-10.0
dqn,2,31115,-10.0
dqn,2,31148,-69.0
dqn,2,31176,-10.0
dqn,2,31181,-10.0
dqn,2,31308,-34.8
dqn,2,31332,-10.0
dqn,2,31345,-10.0
dqn,2,31370,-10.0
dqn,2,31382,-35.1
dqn,2,31419,-10.0
dqn,2,31425,-30.0
dqn,2,31497,-32.7
dqn,2,31531,-57.3
dqn,2,31537,-45.6
dqn,2,31545,-43.2
dqn,2,31564,-62.7
dqn,2,31595,-10.0
dqn,2,31611,-45.0
dqn,2,31613,-10.0
dqn,2,31623,-10.0
dqn,2,31685,-67.2
dqn,2,31720,-18.6
dqn,2,31723,-10.0
dqn,2,31744,-10.0
dqn,2,31790,-10.0
dqn,2,31793,-10.0
dqn,2,31806,-10.0
dqn,2,31831,-10.0
dqn,2,31903,-72.0
dqn,2,31915,-43.5
dqn,2,31931,-66.3
dqn,2,31959,-40.8
dqn,2,32008,-10.0
dqn,2,32028,-10.0
dqn,2,32050,-10.0
dqn,2,32167,-6.6
dqn,2,32174,-54.9
dqn,2,32214,-10.0
dqn,2,32218,-66.6
dqn,2,32238,-35.7
dqn,2,32270,-10.0
dqn,2,32302,-37.5
dqn,2,32316,-27.0
dqn,2,32354,-10.0
dqn,2,32362,-33.6
dqn,2,32407,-29.1
dqn,2,32409,-10.0
dqn,2,32434,-60.3
dqn,2,32532,-10.0
dqn,2,32551,-29.1
dqn,2,32584,-10.0
dqn,2,32591,-10.0
dqn,2,32621,-62.1
dqn,2,32645,-38.4
dqn,2,32744,-15.0
dqn,2,32765,-48.0
dqn,2,32858,-10.0
dqn,2,32863,-10.0
dqn,2,32886,-10.0
dqn,2,32945,-18.9
dqn,2,32974,-40.2
dqn,2,33031,-30.3
dqn,2,33047,-10.0
dqn,2,33074,-77.7
dqn,2,33123,-29.7
dqn,2,33142,-10.0
dqn,2,33154,-10.0
dqn,2,33167,-10.0
dqn,2,33182,-39.0
dqn,2,33215,-10.0
dqn,2,33281,-25.5
dqn,2,33285,-10.0
dqn,2,33296,-10.0
dqn,2,33350,-10.0
dqn,2,33372,-42.3
dqn,2,33391,-28.2
dqn,2,33405,-57.6
dqn,2,33544,-10.0
dqn,2,33585,-10.0
dqn,2,33661,-10.0
dqn,2,33668,-43.5
dqn,2,33701,-10.0
dqn,2,33718,-37.5
dqn,2,33730,-41.4
dqn,2,33732,-46.5
dqn,2,33745,-10.0
dqn,2,33753,-10.0
dqn,2,33763,-10.0
dqn,2,33855,-11.1
dqn,2,33893,-10.0
dqn,2,33914,-10.0
dqn,2,33918,-10.0
dqn,2,33948,-10.0
dqn,2,33967,-10.0
dqn,2,33970,-10.0
dqn,2,33975,-10.0
dqn,2,33985,-10.0
dqn,2,33989,-39.3
dqn,2,34018,-36.3
dqn,2,34036,-10.0
dqn,2,34065,-61.2
dqn,2,34079,-50.1
dqn,2,34094,-39.0
dqn,2,34100,-39.9
dqn,2,34129,-10.0
dqn,2,34158,-10.0
dqn,2,34187,-10.0
dqn,2,34282,-10.0
dqn,2,34299,-67.8
dqn,2,34329,-10.0
dqn,2,34349,-33.0
dqn,2,34364,-10.0
dqn,2,34374,-10.0
dqn,2,34503,-10.0
dqn,2,34525,-10.0
dqn,2,34542,-24.0
dqn,2,34567,-10.0
dqn,2,34581,-10.0
dqn,2,34591,-10.0
dqn,2,34596,-35.1
dqn,2,34629,-34.5
dqn,2,34645,-62.7
dqn,2,34652,-10.0
dqn,2,34733,-14.7
dqn,2,34808,-18.0
dqn,2,34898,-10.0
dqn,2,34928,-29.7
dqn,2,34931,-10.0
dqn,2,34945,-35.1
dqn,2,35000,-15.9
dqn,2,35025,-26.4
dqn,2,35049,-41.7
dqn,2,35097,-29.1
dqn,2,35152,-10.0
dqn,2,35160,-10.0
dqn,2,35207,-64.8
dqn,2,35210,-48.3
dqn,2,35234,-54.9
dqn,2,35258,-10.0
dqn,2,35260,-53.1
dqn,2,35267,-38.4
dqn,2,35284,-48.9
dqn,2,35290,-43.8
dqn,2,35298,-28.8
dqn,2,35321,-10.0
dqn,2,35340,-39.9
dqn,2,35352,-10.0
dqn,2,35390,-10.0
dqn,2,35473,-10.0
dqn,2,35547,-10.0
dqn,2,35550,-10.0
dqn,2,35554,-10.0
dqn,2,35555,-43.2
dqn,2,35639,-10.0
dqn,2,35697,-10.0
dqn,2,35727,-10.0
dqn,2,35762,-30.9
dqn,2,35797,-10.0
dqn,2,35810,-66.0
dqn,2,35811,-49.8
dqn,2,35850,-10.0
dqn,2,35878,-41.4
dqn,2,35896,-36.0
dqn,2,35901,-66.9
dqn,2,35914,-10.0
dqn,2,35925,-35.7
dqn,2,35944,-44.4
dqn,2,35984,-28.5
dqn,2,35988,-10.0
dqn,2,36049,-10.0
dqn,2,36077,-10.0
dqn,2,36085,-10.0
dqn,2,36139,-28.2
dqn,2,36141,-10.0
dqn,2,36168,-60.3
dqn,2,36202,-10.0
dqn,2,36232,-10.0
dqn,2,36260,-10.0
dqn,2,36276,-10.0
dqn,2,36289,-32.1
dqn,2,36408,-10.0
dqn,2,36412,-10.0
dqn,2,36416,-30.3
dqn,2,36439,-10.0
dqn,2,36452,-19.5
dqn,2,36467,-10.0
dqn,2,36525,-10.0
dqn,2,36549,-10.0
dqn,2,36553,-10.0
dqn,2,36584,-10.0
dqn,2,36586,-10.0
dqn,2,36605,-10.0
dqn,2,36651,-27.6
dqn,2,36659,-76.5
dqn,2,36704,-32.1
dqn,2,36705,-10.0
dqn,2,36711,-10.0
dqn,2,36737,-36.9
dqn,2,36744,-10.0
dqn,2,36774,-40.2
dqn,2,36783,-10.0
dqn,2,36848,-10.0
dqn,2,36900,-31.8
dqn,2,36937,-30.3
dqn,2,36954,-10.0
dqn,2,37013,-10.0
dqn,2,37015,-10.0
dqn,2,37098,-19.8
dqn,2,37111,-27.6
dqn,2,37122,-22.8
dqn,2,37123,-10.0
dqn,2,37159,-38.1
dqn,2,37282,-10.0
dqn,2,37335,-10.0
dqn,2,37356,-39.3
dqn,2,37411,-10.0
dqn,2,37450,-10.0
dqn,2,37500,-29.7
dqn,2,37613,1.5
dqn,2,37625,-10.0
dqn,2,37640,-38.4
dqn,2,37648,-47.7
dqn,2,37728,-10.0
dqn,2,37732,-10.0
dqn,2,37782,-10.0
dqn,2,37803,-59.4
dqn,2,37817,-38.4
dqn,2,37848,-10.0
dqn,2,37863,-58.2
dqn,2,37874,-28.5
dqn,2,37894,-10.0
dqn,2,37986,-10.0
dqn,2,37989,-33.6
dqn,2,37999,-84.3
dqn,2,38029,-10.0
dqn,2,38049,-10.0
dqn,2,38087,-35.7
dqn,2,38095,-26.7
dqn,2,38119,-10.0
dqn,2,38152,-10.0
dqn,2,38185,-10.0
dqn,2,38214,-10.0
dqn,2,38238,-10.0
dqn,2,38258,-59.7
dqn,2,38290,-10.0
dqn,2,38326,-10.0
dqn,2,38427,-10.0
dqn,2,38500,-27.0
dqn,2,38504,-43.5
dqn,2,38528,-10.0
dqn,2,38566,-10.0
dqn,2,38575,-10.0
dqn,2,38585,-38.7
dqn,2,38599,-40.2
dqn,2,38623,-10.0
dqn,2,38640,-30.9
dqn,2,38664,-10.0
dqn,2,38736,-40.2
dqn,2,38746,-32.4
dqn,2,38761,-40.5
dqn,2,38805,-54.3
dqn,2,38858,-29.1
dqn,2,38959,-32.4
dqn,2,38967,-59.7
dqn,2,38970,-10.0
dqn,2,38984,-40.5
dqn,2,39008,-10.0
dqn,2,39032,-10.0
dqn,2,39072,-18.9
dqn,2,39136,-10.0
dqn,2,39166,-10.0
dqn,2,39173,-59.7
dqn,2,39192,-28.2
dqn,2,39223,-10.0
dqn,2,39263,-42.3
dqn,2,39274,-10.0
dqn,2,39287,-36.6
dqn,2,39324,-42.9
dqn,2,39391,-16.5
dqn,2,39397,-10.0
dqn,2,39503,-10.0
dqn,2,39510,-38.4
dqn,2,39522,-10.0
dqn,2,39528,-10.0
dqn,2,39538,-10.0
dqn,2,39554,-44.7
dqn,2,39564,-10.0
dqn,2,39601,-10.0
dqn,2,39611,-10.0
dqn,2,39687,-21.9
dqn,2,39700,-10.0
dqn,2,39716,-38.7
dqn,2,39719,-10.0
dqn,2,39729,-29.4
dqn,2,39762,-37.8
dqn,2,39776,-10.0
dqn,2,39782,-10.0
dqn,2,39785,-10.0
dqn,2,39917,0.3
dqn,2,39923,-10.0
dqn,2,39970,-28.5
dqn,2,39987,-33.3
dqn,2,40007,-43.2
dqn,2,40028,-56.4
dqn,2,40065,-10.0
dqn,2,40066,-10.0
dqn,2,40072,-28.2
dqn,2,40109,-29.4
dqn,2,40140,-10.0
dqn,2,40175,-55.2
dqn,2,40179,-47.7
dqn,2,40196,-21.0
dqn,2,40210,-68.7
dqn,2,40213,-43.8
dqn,2,40257,-10.0
dqn,2,40313,-10.0
dqn,2,40356,-10.0
dqn,2,40366,-10.0
dqn,2,40397,-33.3
dqn,2,40427,-10.0
dqn,2,40443,-35.7
dqn,2,40491,-30.9
dqn,2,40526,-10.0
dqn,2,40580,-10.0
dqn,2,40585,-37.5
dqn,2,40597,-39.0
dqn,2,40622,-10.0
dqn,2,40676,-10.0
dqn,2,40689,-10.0
dqn,2,40723,-15.9
dqn,2,40731,-51.9
dqn,2,40732,-10.0
dqn,2,40764,-25.2
dqn,2,40788,-10.0
dqn,2,40812,-10.0
dqn,2,40865,-9.6
dqn,2,40876,-10.0
dqn,2,40890,-89.4
dqn,2,40910,-61.5
dqn,2,40932,-42.3
dqn,2,41029,-10.0
dqn,2,41056,-15.3
dqn,2,41098,-81.0
dqn,2,41175,-10.0
dqn,2,41192,-10.0
dqn,2,41211,-51.3
dqn,2,41220,-10.0
dqn,2,41313,-10.0
dqn,2,41364,-10.0
dqn,2,41372,-10.0
dqn,2,41379,-10.0
dqn,2,41451,-10.0
dqn,2,41513,-51.3
dqn,2,41518,-10.0
dqn,2,41561,-18.3
dqn,2,41618,-68.7
dqn,2,41626,-10.0
dqn,2,41644,-10.0
dqn,2,41708,-10.0
dqn,2,41774,-10.0
dqn,2,41780,-10.0
dqn,2,41782,-35.4
dqn,2,41783,-10.0
dqn,2,41791,-34.2
dqn,2,41799,-45.6
dqn,2,41809,-54.0
dqn,2,41854,-27.9
dqn,2,41866,-69.3
dqn,2,41909,-38.7
dqn,2,41929,-10.0
dqn,2,41958,-27.3
dqn,2,41978,-10.0
dqn,2,41980,-46.5
dqn,2,42030,-10.0
dqn,2,42051,-42.9
dqn,2,42068,-10.0
dqn,2,42085,-10.0
dqn,2,42091,-10.0
dqn,2,42098,-53.1
dqn,2,42120,-10.0
dqn,2,42131,-39.6
dqn,2,42138,-83.7
dqn,2,42201,-10.0
dqn,2,42223,-10.0
dqn,2,42228,-43.2
dqn,2,42253,-31.2
dqn,2,42264,-10.0
dqn,2,42275,-10.0
dqn,2,42304,-10.0
dqn,2,42317,-44.1
dqn,2,42332,-10.0
dqn,2,42389,-10.0
dqn,2,42399,-51.3
dqn,2,42415,-35.7
dqn,2,42456,-10.0
dqn,2,42465,-10.0
dqn,2,42488,-10.0
dqn,2,42548,-25.5
dqn,2,42554,-10.0
dqn,2,42557,-10.0
dqn,2,42565,-31.5
dqn,2,42586,-10.0
dqn,2,42589,-10.0
dqn,2,42606,-49.2
dqn,2,42629,-38.7
dqn,2,42648,-37.8
dqn,2,42669,-48.0
dqn,2,42672,-42.0
dqn,2,42712,-31.8
dqn,2,42722,-10.0
dqn,2,42731,-10.0
dqn,2,42734,-35.1
dqn,2,42744,-28.5
dqn,2,42784,-31.2
dqn,2,42787,-10.0
dqn,2,42800,-37.5
dqn,2,42802,-10.0
dqn,2,42814,-64.2
dqn,2,42840,-85.8
dqn,2,42903,-10.0
dqn,2,42905,-54.6
dqn,2,42934,-31.8
dqn,2,42950,-10.0
dqn,2,42957,-10.0
dqn,2,42973,-10.0
dqn,2,42985,-10.0
dqn,2,42986,-28.8
dqn,2,43001,-34.5
dqn,2,43062,-10.0
dqn,2,43092,-31.5
dqn,2,43101,-39.9
dqn,2,43162,-10.0
dqn,2,43197,-43.8
dqn,2,43225,-43.2
dqn,2,43272,-40.2
dqn,2,43399,-10.8
dqn,2,43439,-10.0
dqn,2,43549,-10.0
dqn,2,43587,-10.0
dqn,2,43630,-10.0
dqn,2,43661,-33.3
dqn,2,43672,-30.6
dqn,2,43780,-3.6
dqn,2,43830,-10.0
dqn,2,43851,-38.7
dqn,2,43913,-10.0
dqn,2,43930,-27.3
dqn,2,43965,-18.6
dqn,2,43966,-10.0
dqn,2,43967,-31.2
dqn,2,43977,-23.1
dqn,2,43979,-53.7
dqn,2,44031,-10.0
dqn,2,44038,-28.8
dqn,2,44048,-64.8
dqn,2,44108,-10.0
dqn,2,44134,-10.0
dqn,2,44139,-10.0
dqn,2,44170,-34.2
dqn,2,44243,-10.0
dqn,2,44326,-14.4
dqn,2,44439,-10.0
dqn,2,44468,-10.0
dqn,2,44477,-10.0
dqn,2,44510,-60.0
dqn,2,44511,-32.1
dqn,2,44566,-10.0
dqn,2,44594,-33.0
dqn,2,44601,-10.0
dqn,2,44606,-68.4
dqn,2,44610,-10.0
dqn,2,44628,-26.4
dqn,2,44640,-35.7
dqn,2,44685,-40.5
dqn,2,44713,-10.0
dqn,2,44804,-1.8
dqn,2,44822,-10.0
dqn,2,44831,-68.4
dqn,2,44841,-10.0
dqn,2,44971,-5.7
dqn,2,45051,-10.0
dqn,2,45060,-46.2
dqn,2,45146,-10.0
dqn,2,45156,-38.4
dqn,2,45265,-10.0
dqn,2,45282,-39.9
dqn,2,45293,-10.0
dqn,2,45317,-10.0
dqn,2,45382,-10.0
dqn,2,45389,-10.0
dqn,2,45426,-10.0
dqn,2,45481,-22.2
dqn,2,45488,-10.0
dqn,2,45491,-10.0
dqn,2,45495,-10.0
dqn,2,45519,-10.0
dqn,2,45541,-36.6
dqn,2,45572,-31.2
dqn,2,45611,-10.0
dqn,2,45640,-10.0
dqn,2,45656,-45.3
dqn,2,45659,-10.0
dqn,2,45668,-10.0
dqn,2,45685,-80.7
dqn,2,45704,-39.9
dqn,2,45708,-31.2
dqn,2,45783,-21.0
dqn,2,45884,-10.0
dqn,2,45895,-53.7
dqn,2,45919,-10.0
dqn,2,45949,-10.0
dqn,2,45955,-10.0
dqn,2,46033,-19.2
dqn,2,46062,-10.0
dqn,2,46067,-36.9
dqn,2,46115,-39.9
dqn,2,46127,-25.5
dqn,2,46138,-46.8
dqn,2,46176,-32.1
dqn,2,46184,-10.0
dqn,2,46190,-10.0
dqn,2,46241,-10.0
dqn,2,46247,-27.3
dqn,2,46269,-48.6
dqn,2,46316,-30.3
dqn,2,46322,-10.0
dqn,2,46355,-10.0
dqn,2,46366,-10.0
dqn,2,46432,-51.3
dqn,2,46454,-64.5
dqn,2,46455,-49.2
dqn,2,46490,-10.0
dqn,2,46538,-33.3
dqn,2,46569,-10.0
dqn,2,46678,7.2
dqn,2,46683,-10.0
dqn,2,46692,-10.0
dqn,2,46699,-63.6
dqn,2,46712,-32.1
dqn,2,46763,-10.0
dqn,2,46797,-52.2
dqn,2,46856,-10.0
dqn,2,46900,-31.5
dqn,2,46909,-10.0
dqn,2,46917,-36.6
dqn,2,46929,-10.0
dqn,2,46946,-36.6
dqn,2,46963,-57.3
dqn,2,46965,-25.5
dqn,2,47005,-10.0
dqn,2,47021,-44.1
dqn,2,47100,-12.3
dqn,2,47129,-10.0
dqn,2,47175,-30.9
dqn,2,47181,-24.3
dqn,2,47240,-10.0
dqn,2,47255,-10.0
dqn,2,47294,-45.3
dqn,2,47314,-48.3
dqn,2,47323,-10.0
dqn,2,47341,-23.7
dqn,2,47364,-63.0
dqn,2,47382,-10.0
dqn,2,47497,-4.5
dqn,2,47536,-10.0
dqn,2,47537,-67.2
dqn,2,47586,-64.2
dqn,2,47593,-10.0
dqn,2,47607,-34.8
dqn,2,47636,-26.1
dqn,2,47643,-10.0
dqn,2,47674,-10.0
dqn,2,47768,-10.8
dqn,2,47776,-44.7
dqn,2,47885,-10.0
dqn,2,47916,-10.0
dqn,2,47939,-10.0
dqn,2,47973,-10.0
dqn,2,48001,-35.1
dqn,2,48015,-43.2
dqn,2,48024,-27.3
dqn,2,48038,-10.0
dqn,2,48041,-48.6
dqn,2,48091,-10.0
dqn,2,48123,-33.9
dqn,2,48143,-45.6
dqn,2,48144,-10.0
dqn,2,48147,-10.0
dqn,2,48161,-45.6
dqn,2,48236,-3.6
dqn,2,48237,-54.9
dqn,2,48455,3.6
dqn,2,48459,-10.0
dqn,2,48462,-33.9
dqn,2,48467,-10.0
dqn,2,48489,-31.8
dqn,2,48545,-10.0
dqn,2,48576,-35.4
dqn,2,48602,-40.2
dqn,2,48617,-10.0
dqn,2,48633,-60.9
dqn,2,48638,-10.0
dqn,2,48720,-14.4
dqn,2,48784,-10.0
dqn,2,48926,-0.3
dqn,2,48956,-10.0
dqn,2,48957,-10.0
dqn,2,48978,-10.0
dqn,2,48998,-19.5
dqn,2,49072,-10.0
dqn,2,49077,-30.9
dqn,2,49079,-44.1
dqn,2,49090,-10.0
dqn,2,49097,-10.0
dqn,2,49118,-27.6
dqn,2,49124,-69.3
dqn,2,49147,-10.0
dqn,2,49188,-10.0
dqn,2,49214,-10.0
dqn,2,49230,-10.0
dqn,2,49259,-35.1
dqn,2,49273,-40.5
dqn,2,49279,-41.4
dqn,2,49292,-10.0
dqn,2,49306,-83.1
dqn,2,49322,-10.0
dqn,2,49443,7.2
dqn,2,49444,-10.0
dqn,2,49447,-40.5
dqn,2,49581,-10.0
dqn,2,49595,-38.4
dqn,2,49650,-69.3
dqn,2,49703,-23.4
dqn,2,49764,-10.0
dqn,2,49773,-83.1
dqn,2,49784,-10.0
dqn,2,49785,-42.0
dqn,2,49786,-69.6
dqn,2,49797,-10.0
dqn,2,49845,-10.0
dqn,2,49924,-10.0
dqn,2,49932,-10.0
dqn,2,49937,-10.0
ppo,0,2,-10.0
ppo,0,5,-10.0
ppo,0,6,-10.0
ppo,0,9,-10.0
ppo,0,10,-10.0
ppo,0,11,-10.0
ppo,0,14,-29.1
ppo,0,15,-70.8
ppo,0,18,-42.6
ppo,0,19,-10.0
ppo,0,21,-30.3
ppo,0,23,-10.0
ppo,0,24,-48.6
ppo,0,25,-40.2
ppo,0,26,-31.5
ppo,0,27,-48.6
ppo,0,28,-10.0
ppo,0,31,-42.0
ppo,0,32,-67.2
ppo,0,34,-61.8
ppo,0,35,-10.0
ppo,0,36,-48.9
ppo,0,37,-10.0
ppo,0,38,-42.3
ppo,0,39,-41.1
ppo,0,40,-10.0
ppo,0,41,-10.0
ppo,0,42,-41.4
ppo,0,43,-30.9
ppo,0,44,-10.0
ppo,0,47,-10.0
ppo,0,48,-43.2
ppo,0,49,-10.0
ppo,0,51,-37.8
ppo,0,52,-38.4
ppo,0,54,-42.3
ppo,0,56,-44.7
ppo,0,57,-42.9
ppo,0,58,-49.2
ppo,0,60,-46.5
ppo,0,61,-10.0
ppo,0,62,-10.0
ppo,0,63,-10.0
ppo,0,66,-10.0
ppo,0,67,-42.3
ppo,0,68,-10.0
ppo,0,73,-42.0
ppo,0,74,-30.6
ppo,0,75,-10.0
ppo,0,76,-38.7
ppo,0,77,-10.0
ppo,0,78,-10.0
ppo,0,79,-48.9
ppo,0,81,-10.0
ppo,0,82,-56.7
ppo,0,83,-40.2
ppo,0,84,-42.9
ppo,0,87,-10.0
ppo,0,89,-85.2
ppo,0,90,-10.0
ppo,0,91,-10.0
ppo,0,92,-93.3
ppo,0,97,-45.9
ppo,0,99,-22.8
ppo,0,100,-48.6
ppo,0,101,-10.0
ppo,0,103,-28.5
ppo,0,104,-10.0
ppo,0,106,-10.0
ppo,0,107,-10.0
ppo,0,109,-10.0
ppo,0,110,-42.0
ppo,0,111,-10.0
ppo,0,114,-48.6
ppo,0,116,-48.3
ppo,0,117,-49.8
ppo,0,118,-29.7
ppo,0,122,-10.0
ppo,0,124,-10.0
ppo,0,125,-32.1
ppo,0,126,-10.0
ppo,0,128,-10.0
ppo,0,132,-43.5
ppo,0,134,-44.4
ppo,0,135,-10.0
ppo,0,136,-36.3
ppo,0,138,-48.3
ppo,0,140,-42.9
ppo,0,141,-30.9
ppo,0,142,-41.1
ppo,0,143,-10.0
ppo,0,144,-10.0
ppo,0,147,-30.9
ppo,0,148,-10.0
ppo,0,149,-48.6
ppo,0,151,-36.6
ppo,0,152,-10.0
ppo,0,153,-45.0
ppo,0,154,-42.9
ppo,0,156,-10.0
ppo,0,157,-10.0
ppo,0,159,-10.0
ppo,0,160,-10.0
ppo,0,161,-10.0
ppo,0,162,-40.2
ppo,0,163,-48.6
ppo,0,164,-10.0
ppo,0,165,-41.1
ppo,0,166,-10.0
ppo,0,167,-43.2
ppo,0,169,-28.5
ppo,0,170,-47.4
ppo,0,171,-38.1
ppo,0,174,-60.9
ppo,0,175,-30.9
ppo,0,176,-10.0
ppo,0,177,-47.1
ppo,0,178,-28.8
ppo,0,179,-10.0
ppo,0,180,-41.1
ppo,0,183,-10.0
ppo,0,185,-10.0
ppo,0,187,-10.0
ppo,0,188,-10.0
ppo,0,189,-69.6
ppo,0,190,-51.3
ppo,0,191,-36.9
ppo,0,192,-54.0
ppo,0,193,-10.0
ppo,0,194,-10.0
ppo,0,195,-25.2
ppo,0,197,-10.0
ppo,0,198,-10.0
ppo,0,200,-54.6
ppo,0,201,-47.7
ppo,0,202,-69.6
ppo,0,206,-64.5
ppo,0,208,-10.0
ppo,0,210,-10.0
ppo,0,212,-56.4
ppo,0,213,-10.0
ppo,0,214,-36.9
ppo,0,215,-30.9
ppo,0,216,-10.0
ppo,0,217,-10.0
ppo,0,218,-10.0
ppo,0,221,-53.4
ppo,0,222,-10.0
ppo,0,223,-54.9
ppo,0,224,-44.1
ppo,0,225,-65.4
ppo,0,226,-46.8
ppo,0,228,-69.3
ppo,0,230,-36.6
ppo,0,231,-10.0
ppo,0,233,-10.0
ppo,0,234,-10.0
ppo,0,236,-10.0
ppo,0,237,-70.8
ppo,0,238,-48.9
ppo,0,239,-64.8
ppo,0,242,-47.1
ppo,0,243,-49.5
ppo,0,244,-44.1
ppo,0,245,-46.8
ppo,0,246,-43.2
ppo,0,247,-28.8
ppo,0,249,-10.0
ppo,0,250,-29.7
ppo,0,253,-42.9
ppo,0,254,-33.6
ppo,0,255,-34.5
ppo,0,257,-10.0
ppo,0,259,-48.3
ppo,0,261,-10.0
ppo,0,262,-10.0
ppo,0,265,-31.5
ppo,0,266,-10.0
ppo,0,267,-38.7
ppo,0,268,-10.0
ppo,0,269,-31.5
ppo,0,270,-31.2
ppo,0,271,-10.0
ppo,0,272,-45.3
ppo,0,274,-10.0
ppo,0,275,-10.0
ppo,0,276,-10.0
ppo,0,280,-10.0
ppo,0,282,-44.7
ppo,0,283,-40.2
ppo,0,285,-10.0
ppo,0,286,-85.5
ppo,0,287,-10.0
ppo,0,292,-10.0
ppo,0,293,-48.6
ppo,0,294,-10.0
ppo,0,299,-10.0
ppo,0,301,-10.0
ppo,0,304,-22.5
ppo,0,308,-10.0
ppo,0,310,-10.0
ppo,0,312,-10.0
ppo,0,313,-10.0
ppo,0,318,-27.6
ppo,0,320,-30.6
ppo,0,321,-56.7
ppo,0,324,-10.0
ppo,0,325,-10.0
ppo,0,327,-10.0
ppo,0,329,-31.2
ppo,0,330,-46.8
ppo,0,331,-10.0
ppo,0,334,-10.0
ppo,0,335,-10.0
ppo,0,338,-46.2
ppo,0,339,-62.1
ppo,0,340,-10.0
ppo,0,341,-65.4
ppo,0,342,-10.0
ppo,0,344,-34.2
ppo,0,346,-10.0
ppo,0,347,-38.7
ppo,0,349,-10.0
ppo,0,351,-38.1
ppo,0,352,-10.0
ppo,0,353,-48.6
ppo,0,354,-10.0
ppo,0,355,-10.0
ppo,0,357,-10.0
ppo,0,358,-10.0
ppo,0,359,-46.8
ppo,0,360,-48.6
ppo,0,361,-10.0
ppo,0,364,-10.0
ppo,0,366,-10.0
ppo,0,367,-62.4
ppo,0,369,-10.0
ppo,0,371,-40.8
ppo,0,372,-36.9
ppo,0,373,-10.0
ppo,0,375,-10.0
ppo,0,377,-38.7
ppo,0,378,-10.0
ppo,0,381,-10.0
ppo,0,382,-48.6
ppo,0,383,-10.0
ppo,0,387,-10.0
ppo,0,388,-10.0
ppo,0,389,-30.9
ppo,0,390,-10.0
ppo,0,391,-10.0
ppo,0,392,-53.7
ppo,0,393,-10.0
ppo,0,394,-49.8
ppo,0,396,-45.0
ppo,0,397,-10.0
ppo,0,398,-33.6
ppo,0,399,-10.0
ppo,0,400,-10.0
ppo,0,401,-33.6
ppo,0,402,-56.7
ppo,0,403,-10.0
ppo,0,405,-67.8
ppo,0,406,-10.0
ppo,0,408,-30.6
ppo,0,409,-10.0
ppo,0,410,-62.4
ppo,0,411,-25.8
ppo,0,412,-61.5
ppo,0,413,-33.6
ppo,0,414,-61.5
ppo,0,415,-10.0
ppo,0,419,-43.2
ppo,0,420,-48.9
ppo,0,421,-72.6
ppo,0,422,-36.9
ppo,0,424,-10.0
ppo,0,425,-85.5
ppo,0,426,-69.6
ppo,0,429,-35.1
ppo,0,431,-44.7
ppo,0,432,-67.2
ppo,0,433,-28.8
ppo,0,434,-36.3
ppo,0,435,-38.4
ppo,0,436,-10.0
ppo,0,437,-10.0
ppo,0,438,-46.8
ppo,0,440,-10.0
ppo,0,441,-10.0
ppo,0,442,-10.0
ppo,0,443,-10.0
ppo,0,444,-10.0
ppo,0,446,-65.1
ppo,0,447,-10.0
ppo,0,448,-72.6
ppo,0,449,-44.4
ppo,0,451,-10.0
ppo,0,453,-10.0
ppo,0,454,-72.6
ppo,0,455,-10.0
ppo,0,456,-10.0
ppo,0,457,-10.0
ppo,0,458,-10.0
ppo,0,460,-10.0
ppo,0,462,-29.4
ppo,0,463,-44.4
ppo,0,464,-45.3
ppo,0,465,-10.0
ppo,0,466,-10.0
ppo,0,468,-10.0
ppo,0,469,-47.1
ppo,0,471,-69.3
ppo,0,472,-69.6
ppo,0,473,-44.4
ppo,0,474,-33.6
ppo,0,475,-41.4
ppo,0,477,-37.8
ppo,0,479,-49.2
ppo,0,480,-41.1
ppo,0,481,-54.0
ppo,0,483,-10.0
ppo,0,484,-10.0
ppo,0,485,-46.8
ppo,0,486,-42.0
ppo,0,489,-48.6
ppo,0,490,-10.0
ppo,0,493,-30.9
ppo,0,494,-10.0
ppo,0,495,-54.0
ppo,0,497,-42.0
ppo,0,500,-10.0
ppo,0,501,-10.0
ppo,0,502,-31.5
ppo,0,503,-10.0
ppo,0,504,-38.1
ppo,0,506,-10.0
ppo,0,509,-10.0
ppo,0,510,-67.5
ppo,0,511,-48.6
ppo,0,512,-69.6
ppo,0,513,-10.0
ppo,0,514,-28.8
ppo,0,515,-10.0
ppo,0,516,-10.0
ppo,0,517,-42.0
ppo,0,518,-62.4
ppo,0,520,-10.0
ppo,0,521,-10.0
ppo,0,523,-10.0
ppo,0,525,-33.9
ppo,0,526,-10.0
ppo,0,527,-10.0
ppo,0,529,-78.3
ppo,0,530,-43.2
ppo,0,531,-85.5
ppo,0,534,-10.0
ppo,0,536,-10.0
ppo,0,537,-10.0
ppo,0,538,-10.0
ppo,0,542,-36.0
ppo,0,544,-37.8
ppo,0,545,-10.0
ppo,0,546,-10.0
ppo,0,547,-25.8
ppo,0,548,-46.8
ppo,0,550,-10.0
ppo,0,551,-44.4
ppo,0,552,-65.4
ppo,0,554,-10.0
ppo,0,558,-10.0
ppo,0,559,-67.5
ppo,0,560,-10.0
ppo,0,561,-10.0
ppo,0,563,-10.0
ppo,0,565,-10.0
ppo,0,566,-28.8
ppo,0,567,-25.8
ppo,0,570,-48.0
ppo,0,572,-10.0
ppo,0,573,-53.4
ppo,0,574,-10.0
ppo,0,575,-10.0
ppo,0,577,-10.0
ppo,0,578,-47.7
ppo,0,580,-10.0
ppo,0,582,-10.0
ppo,0,583,-45.0
ppo,0,584,-10.0
ppo,0,586,-10.0
ppo,0,587,-10.0
ppo,0,589,-10.0
ppo,0,590,-10.0
ppo,0,591,-42.3
ppo,0,592,-42.6
ppo,0,593,-10.0
ppo,0,596,-52.8
ppo,0,598,-10.0
ppo,0,599,-10.0
ppo,0,601,-53.7
ppo,0,603,-45.0
ppo,0,604,-42.0
ppo,0,605,-10.0
ppo,0,606,-32.1
ppo,0,607,-10.0
ppo,0,608,-44.4
ppo,0,609,-28.8
ppo,0,610,-10.0
ppo,0,611,-10.0
ppo,0,613,-10.0
ppo,0,614,-31.2
ppo,0,615,-40.2
ppo,0,618,-10.0
ppo,0,619,-45.3
ppo,0,622,-10.0
ppo,0,623,-10.0
ppo,0,624,-10.0
ppo,0,626,-10.0
ppo,0,629,-66.6
ppo,0,631,-10.0
ppo,0,632,-10.0
ppo,0,634,-42.9
ppo,0,635,-93.3
ppo,0,637,-10.0
ppo,0,638,-31.2
ppo,0,639,-10.0
ppo,0,641,-46.8
ppo,0,642,-10.0
ppo,0,643,-10.0
ppo,0,645,-44.7
ppo,0,646,-42.0
ppo,0,647,-41.1
ppo,0,649,-10.0
ppo,0,650,-48.6
ppo,0,651,-10.0
ppo,0,653,-53.7
ppo,0,654,-10.0
ppo,0,655,-10.0
ppo,0,656,-10.0
ppo,0,657,-30.9
ppo,0,658,-10.0
ppo,0,659,-87.0
ppo,0,660,-10.0
ppo,0,661,-33.6
ppo,0,664,-35.7
ppo,0,665,-10.0
ppo,0,666,-33.6
ppo,0,667,-10.0
ppo,0,668,-10.0
ppo,0,669,-38.1
ppo,0,671,-10.0
ppo,0,672,-10.0
ppo,0,673,-10.0
ppo,0,674,-44.1
ppo,0,675,-41.4
ppo,0,676,-67.5
ppo,0,677,-31.5
ppo,0,678,-44.4
ppo,0,680,-31.8
ppo,0,683,-10.0
ppo,0,684,-35.7
ppo,0,685,-10.0
ppo,0,687,-38.1
ppo,0,689,-48.6
ppo,0,690,-10.0
ppo,0,691,-48.6
ppo,0,694,-10.0
ppo,0,696,-10.0
ppo,0,698,-10.0
ppo,0,699,-10.0
ppo,0,701,-40.8
ppo,0,702,-10.0
ppo,0,703,-31.5
ppo,0,707,-10.0
ppo,0,710,-10.0
ppo,0,712,-56.4
ppo,0,713,-10.0
ppo,0,715,-48.9
ppo,0,716,-43.2
ppo,0,717,-10.0
ppo,0,718,-10.0
ppo,0,719,-10.0
ppo,0,722,-10.0
ppo,0,723,-45.3
ppo,0,724,-65.4
ppo,0,725,-56.7
ppo,0,726,-10.0
ppo,0,727,-10.0
ppo,0,728,-10.0
ppo,0,729,-48.9
ppo,0,731,-10.0
ppo,0,732,-40.2
ppo,0,733,-10.0
ppo,0,734,-45.3
ppo,0,735,-49.2
ppo,0,736,-87.0
ppo,0,737,-10.0
ppo,0,741,-10.0
ppo,0,742,-42.6
ppo,0,748,-63.3
ppo,0,751,-44.4
ppo,0,752,-10.0
ppo,0,753,-48.6
ppo,0,754,-44.7
ppo,0,755,-25.8
ppo,0,756,-10.0
ppo,0,757,-10.0
ppo,0,758,-10.0
ppo,0,759,-10.0
ppo,0,760,-10.0
ppo,0,761,-42.3
ppo,0,763,-10.0
ppo,0,764,-10.0
ppo,0,765,-48.6
ppo,0,766,-45.3
ppo,0,767,-45.0
ppo,0,768,-10.0
ppo,0,769,-10.0
ppo,0,772,-54.3
ppo,0,773,-44.4
ppo,0,774,-10.0
ppo,0,775,-10.0
ppo,0,777,-10.0
ppo,0,778,-44.7
ppo,0,779,-40.2
ppo,0,781,-10.0
ppo,0,782,-10.0
ppo,0,784,-34.8
ppo,0,786,-10.0
ppo,0,787,-35.7
ppo,0,788,-25.8
ppo,0,791,-42.9
ppo,0,792,-10.0
ppo,0,795,-10.0
ppo,0,796,-28.8
ppo,0,797,-35.7
ppo,0,798,-10.0
ppo,0,799,-10.0
ppo,0,804,-42.0
ppo,0,805,-10.0
ppo,0,807,-42.0
ppo,0,808,-10.0
ppo,0,809,-10.0
ppo,0,810,-10.0
ppo,0,811,-54.9
ppo,0,812,-10.0
ppo,0,813,-10.0
ppo,0,816,-46.5
ppo,0,818,-42.6
ppo,0,820,-10.0
ppo,0,821,-10.0
ppo,0,822,-10.0
ppo,0,823,-65.4
ppo,0,824,-10.0
ppo,0,826,-10.0
ppo,0,827,-46.8
ppo,0,828,-10.0
ppo,0,830,-10.0
ppo,0,831,-10.0
ppo,0,832,-31.5
ppo,0,834,-10.0
ppo,0,835,-48.6
ppo,0,836,-48.6
ppo,0,838,-10.0
ppo,0,839,-48.6
ppo,0,840,-10.0
ppo,0,841,-54.9
ppo,0,842,-54.0
ppo,0,843,-53.7
ppo,0,844,-10.0
ppo,0,846,-38.4
ppo,0,848,-10.0
ppo,0,850,-10.0
ppo,0,851,-42.9
ppo,0,852,-10.0
ppo,0,854,-10.0
ppo,0,855,-36.3
ppo,0,857,-28.5
ppo,0,860,-10.0
ppo,0,862,-51.0
ppo,0,864,-33.9
ppo,0,867,-10.0
ppo,0,868,-87.0
ppo,0,871,-29.1
ppo,0,872,-10.0
ppo,0,873,-10.0
ppo,0,874,-10.0
ppo,0,875,-46.8
ppo,0,878,-30.0
ppo,0,880,-10.0
ppo,0,881,-54.9
ppo,0,882,-10.0
ppo,0,883,-40.2
ppo,0,886,-33.0
ppo,0,887,-10.0
ppo,0,888,-10.0
ppo,0,890,-42.6
ppo,0,891,-10.0
ppo,0,892,-32.1
ppo,0,893,-10.0
ppo,0,894,-10.0
ppo,0,895,-30.9
ppo,0,897,-69.3
ppo,0,901,-10.0
ppo,0,903,-10.0
ppo,0,904,-10.0
ppo,0,905,-10.0
ppo,0,906,-10.0
ppo,0,907,-69.6
ppo,0,908,-10.0
ppo,0,909,-10.0
ppo,0,912,-72.0
ppo,0,915,-10.0
ppo,0,917,-10.0
ppo,0,918,-44.4
ppo,0,919,-10.0
ppo,0,920,-43.2
ppo,0,921,-10.0
ppo,0,922,-33.6
ppo,0,923,-32.1
ppo,0,926,-10.0
ppo,0,928,-10.0
ppo,0,929,-10.0
ppo,0,932,-10.0
ppo,0,933,-10.0
ppo,0,935,-10.0
ppo,0,938,-10.0
ppo,0,940,-42.0
ppo,0,941,-10.0
ppo,0,942,-54.0
ppo,0,943,-10.0
ppo,0,944,-33.6
ppo,0,945,-10.0
ppo,0,948,-10.0
ppo,0,950,-42.9
ppo,0,951,-10.0
ppo,0,952,-10.0
ppo,0,955,-10.0
ppo,0,961,-43.2
ppo,0,962,-10.0
ppo,0,963,-47.4
ppo,0,964,-10.0
ppo,0,965,-10.0
ppo,0,966,-10.0
ppo,0,969,-10.0
ppo,0,970,-30.9
ppo,0,971,-10.0
ppo,0,972,-10.0
ppo,0,973,-43.2
ppo,0,974,-10.0
ppo,0,976,-42.9
ppo,0,977,-10.0
ppo,0,978,-54.0
ppo,0,982,-10.0
ppo,0,983,-44.7
ppo,0,984,-44.4
ppo,0,985,-35.1
ppo,0,987,-35.4
ppo,0,988,-10.0
ppo,0,990,-10.0
ppo,0,991,-36.9
ppo,0,992,-69.6
ppo,0,993,-35.7
ppo,0,994,-54.9
ppo,0,995,-33.6
ppo,0,997,-10.0
ppo,0,998,-67.2
ppo,0,999,-10.0
ppo,0,1000,-10.0
ppo,0,1001,-67.5
ppo,0,1002,-36.9
ppo,0,1003,-10.0
ppo,0,1005,-54.6
ppo,0,1006,-44.4
ppo,0,1008,-10.0
ppo,0,1009,-10.0
ppo,0,1010,-78.6
ppo,0,1011,-35.1
ppo,0,1012,-44.4
ppo,0,1014,-10.0
ppo,0,1015,-10.0
ppo,0,1016,-10.0
ppo,0,1017,-10.0
ppo,0,1019,-48.3
ppo,0,1020,-49.5
ppo,0,1021,-10.0
ppo,0,1022,-45.3
ppo,0,1023,-10.0
ppo,0,1024,-53.4
ppo,0,1025,-38.7
ppo,0,1026,-10.0
ppo,0,1027,-10.0
ppo,0,1028,-38.7
ppo,0,1031,-53.1
ppo,0,1032,-33.6
ppo,0,1033,-10.0
ppo,0,1035,-10.0
ppo,0,1036,-10.0
ppo,0,1038,-10.0
ppo,0,1040,-10.0
ppo,0,1041,-10.0
ppo,0,1043,-30.9
ppo,0,1044,-10.0
ppo,0,1046,-47.1
ppo,0,1049,-31.5
ppo,0,1052,-10.0
ppo,0,1053,-10.0
ppo,0,1054,-25.8
ppo,0,1055,-10.0
ppo,0,1057,-10.0
ppo,0,1058,-43.2
ppo,0,1061,-10.0
ppo,0,1063,-67.2
ppo,0,1064,-48.6
ppo,0,1066,-10.0
ppo,0,1067,-10.0
ppo,0,1069,-33.3
ppo,0,1070,-39.0
ppo,0,1071,-42.9
ppo,0,1072,-28.8
ppo,0,1073,-41.1
ppo,0,1074,-10.0
ppo,0,1075,-10.0
ppo,0,1076,-10.0
ppo,0,1077,-10.0
ppo,0,1079,-10.0
ppo,0,1081,-24.9
ppo,0,1083,-44.1
ppo,0,1085,-34.8
ppo,0,1086,-29.7
ppo,0,1090,-10.0
ppo,0,1091,-10.0
ppo,0,1092,-10.0
ppo,0,1094,-10.0
ppo,0,1095,-32.1
ppo,0,1096,-54.9
ppo,0,1097,-10.0
ppo,0,1098,-10.0
ppo,0,1099,-10.0
ppo,0,1100,-56.7
ppo,0,1101,-10.0
ppo,0,1103,-10.0
ppo,0,1104,-48.9
ppo,0,1106,-40.8
ppo,0,1107,-10.0
ppo,0,1108,-10.0
ppo,0,1109,-54.0
ppo,0,1111,-10.0
ppo,0,1113,-43.2
ppo,0,1114,-10.0
ppo,0,1121,-33.9
ppo,0,1122,-48.6
ppo,0,1123,-10.0
ppo,0,1125,-10.0
ppo,0,1127,-42.6
ppo,0,1128,-10.0
ppo,0,1129,-10.0
ppo,0,1130,-48.6
ppo,0,1131,-10.0
ppo,0,1132,-10.0
ppo,0,1133,-10.0
ppo,0,1134,-65.4
ppo,0,1135,-10.0
ppo,0,1136,-54.9
ppo,0,1137,-23.1
ppo,0,1138,-69.6
ppo,0,1139,-10.0
ppo,0,1140,-10.0
ppo,0,1141,-49.5
ppo,0,1142,-10.0
ppo,0,1143,-10.0
ppo,0,1146,-72.0
ppo,0,1147,-54.0
ppo,0,1151,-40.2
ppo,0,1152,-10.0
ppo,0,1153,-10.0
ppo,0,1154,-10.0
ppo,0,1155,-10.0
ppo,0,1157,-47.1
ppo,0,1158,-10.0
ppo,0,1159,-67.2
ppo,0,1160,-10.0
ppo,0,1161,-48.6
ppo,0,1163,-47.4
ppo,0,1167,-10.0
ppo,0,1168,-25.8
ppo,0,1169,-41.1
ppo,0,1170,-10.0
ppo,0,1171,-10.0
ppo,0,1172,-10.0
ppo,0,1173,-56.7
ppo,0,1174,-43.2
ppo,0,1175,-10.0
ppo,0,1176,-10.0
ppo,0,1178,-10.0
ppo,0,1179,-45.0
ppo,0,1180,-38.1
ppo,0,1181,-10.0
ppo,0,1185,-84.6
ppo,0,1186,-41.1
ppo,0,1187,-87.0
ppo,0,1188,-10.0
ppo,0,1192,-38.1
ppo,0,1193,-62.1
ppo,0,1194,-40.2
ppo,0,1195,-10.0
ppo,0,1196,-46.8
ppo,0,1197,-42.3
ppo,0,1198,-62.1
ppo,0,1199,-10.0
ppo,0,1201,-10.0
ppo,0,1202,-44.7
ppo,0,1203,-64.8
ppo,0,1204,-31.5
ppo,0,1208,-42.0
ppo,0,1210,-10.0
ppo,0,1212,-10.0
ppo,0,1213,-43.2
ppo,0,1215,-10.0
ppo,0,1216,-10.0
ppo,0,1219,-10.0
ppo,0,1220,-85.5
ppo,0,1221,-38.7
ppo,0,1224,-48.0
ppo,0,1225,-10.0
ppo,0,1226,-40.2
ppo,0,1230,-60.9
ppo,0,1231,-10.0
ppo,0,1232,-78.6
ppo,0,1234,-39.9
ppo,0,1235,-10.0
ppo,0,1236,-10.0
ppo,0,1237,-10.0
ppo,0,1238,-10.0
ppo,0,1239,-10.0
ppo,0,1240,-10.0
ppo,0,1241,-39.0
ppo,0,1244,-10.0
ppo,0,1245,-10.0
ppo,0,1246,-10.0
ppo,0,1253,-10.0
ppo,0,1254,-10.0
ppo,0,1255,-10.0
ppo,0,1257,-34.8
ppo,0,1258,-31.5
ppo,0,1259,-10.0
ppo,0,1263,-10.0
ppo,0,1264,-10.0
ppo,0,1265,-45.3
ppo,0,1266,-10.0
ppo,0,1267,-48.6
ppo,0,1270,-10.0
ppo,0,1272,-38.1
ppo,0,1273,-44.4
ppo,0,1274,-10.0
ppo,0,1275,-30.9
ppo,0,1277,-10.0
ppo,0,1278,-56.7
ppo,0,1279,-42.9
ppo,0,1280,-36.9
ppo,0,1282,-10.0
ppo,0,1283,-10.0
ppo,0,1285,-31.8
ppo,0,1286,-10.0
ppo,0,1287,-10.0
ppo,0,1289,-25.5
ppo,0,1290,-10.0
ppo,0,1291,-54.0
ppo,0,1292,-56.7
ppo,0,1293,-34.5
ppo,0,1294,-44.4
ppo,0,1296,-10.0
ppo,0,1297,-54.0
ppo,0,1300,-48.3
ppo,0,1301,-10.0
ppo,0,1302,-33.6
ppo,0,1303,-10.0
ppo,0,1304,-10.0
ppo,0,1305,-10.0
ppo,0,1306,-10.0
ppo,0,1308,-44.1
ppo,0,1309,-10.0
ppo,0,1310,-43.2
ppo,0,1311,-10.0
ppo,0,1313,-42.6
ppo,0,1315,-10.0
ppo,0,1316,-38.4
ppo,0,1317,-10.0
ppo,0,1318,-42.9
ppo,0,1320,-61.5
ppo,0,1321,-45.0
ppo,0,1323,-10.0
ppo,0,1325,-10.0
ppo,0,1326,-10.0
ppo,0,1327,-54.0
ppo,0,1328,-54.0
ppo,0,1329,-48.6
ppo,0,1333,-43.5
ppo,0,1335,-41.7
ppo,0,1336,-47.4
ppo,0,1337,-10.0
ppo,0,1338,-48.6
ppo,0,1340,-10.0
ppo,0,1344,-40.2
ppo,0,1345,-10.0
ppo,0,1346,-44.4
ppo,0,1348,-33.9
ppo,0,1350,-10.0
ppo,0,1351,-42.9
ppo,0,1355,-27.9
ppo,0,1357,-10.0
ppo,0,1358,-25.8
ppo,0,1359,-62.4
ppo,0,1360,-10.0
ppo,0,1363,-10.0
ppo,0,1364,-10.0
ppo,0,1366,-28.5
ppo,0,1367,-10.0
ppo,0,1368,-10.0
ppo,0,1369,-10.0
ppo,0,1374,-10.0
ppo,0,1376,-10.0
ppo,0,1378,-40.8
ppo,0,1379,-65.4
ppo,0,1380,-10.0
ppo,0,1381,-54.9
ppo,0,1382,-10.0
ppo,0,1384,-10.0
ppo,0,1385,-10.0
ppo,0,1389,-10.0
ppo,0,1390,-43.2
ppo,0,1391,-40.2
ppo,0,1392,-69.6
ppo,0,1394,-54.6
ppo,0,1395,-49.5
ppo,0,1396,-35.7
ppo,0,1399,-39.6
ppo,0,1401,-10.0
ppo,0,1402,-10.0
ppo,0,1403,-48.9
ppo,0,1406,-33.9
ppo,0,1407,-45.3
ppo,0,1409,-10.0
ppo,0,1410,-29.7
ppo,0,1411,-67.2
ppo,0,1412,-10.0
ppo,0,1413,-41.1
ppo,0,1416,-54.3
ppo,0,1419,-60.9
ppo,0,1421,-62.1
ppo,0,1422,-10.0
ppo,0,1423,-10.0
ppo,0,1424,-47.1
ppo,0,1425,-10.0
ppo,0,1426,-56.7
ppo,0,1427,-41.1
ppo,0,1428,-10.0
ppo,0,1429,-10.0
ppo,0,1431,-42.9
ppo,0,1434,-10.0
ppo,0,1435,-48.6
ppo,0,1436,-10.0
ppo,0,1438,-10.0
ppo,0,1439,-28.8
ppo,0,1440,-10.0
ppo,0,1441,-10.0
ppo,0,1442,-10.0
ppo,0,1443,-32.1
ppo,0,1444,-10.0
ppo,0,1445,-69.6
ppo,0,1446,-38.1
ppo,0,1448,-10.0
ppo,0,1449,-36.3
ppo,0,1451,-10.0
ppo,0,1452,-41.1
ppo,0,1453,-23.1
ppo,0,1455,-41.7
ppo,0,1456,-10.0
ppo,0,1457,-10.0
ppo,0,1459,-36.0
ppo,0,1460,-10.0
ppo,0,1462,-10.0
ppo,0,1463,-48.6
ppo,0,1464,-54.9
ppo,0,1465,-10.0
ppo,0,1468,-10.0
ppo,0,1469,-40.2
ppo,0,1470,-38.7
ppo,0,1471,-10.0
ppo,0,1472,-38.7
ppo,0,1473,-49.8
ppo,0,1475,-10.0
ppo,0,1477,-10.0
ppo,0,1478,-10.0
ppo,0,1479,-10.0
ppo,0,1483,-39.3
ppo,0,1485,-42.9
ppo,0,1486,-10.0
ppo,0,1488,-45.0
ppo,0,1489,-41.1
ppo,0,1490,-10.0
ppo,0,1491,-10.0
ppo,0,1492,-32.1
ppo,0,1496,-10.0
ppo,0,1497,-32.1
ppo,0,1498,-69.6
ppo,0,1500,-51.0
ppo,0,1501,-10.0
ppo,0,1502,-10.0
ppo,0,1504,-10.0
ppo,0,1505,-41.1
ppo,0,1506,-49.2
ppo,0,1507,-10.0
ppo,0,1508,-32.1
ppo,0,1510,-30.9
ppo,0,1511,-10.0
ppo,0,1512,-10.0
ppo,0,1513,-10.0
ppo,0,1514,-10.0
ppo,0,1515,-45.3
ppo,0,1516,-10.0
ppo,0,1517,-10.0
ppo,0,1518,-65.4
ppo,0,1519,-48.6
ppo,0,1520,-10.0
ppo,0,1521,-10.0
ppo,0,1522,-10.0
ppo,0,1525,-10.0
ppo,0,1527,-67.2
ppo,0,1530,-10.0
ppo,0,1532,-46.5
ppo,0,1534,-10.0
ppo,0,1535,-10.0
ppo,0,1537,-10.0
ppo,0,1538,-43.2
ppo,0,1540,-10.0
ppo,0,1542,-10.0
ppo,0,1544,-48.3
ppo,0,1546,-45.0
ppo,0,1549,-10.0
ppo,0,1550,-87.0
ppo,0,1551,-42.9
ppo,0,1552,-54.0
ppo,0,1554,-28.5
ppo,0,1555,-43.2
ppo,0,1556,-46.8
ppo,0,1557,-10.0
ppo,0,1560,-10.0
ppo,0,1561,-40.2
ppo,0,1562,-10.0
ppo,0,1563,-28.8
ppo,0,1565,-30.6
ppo,0,1567,-10.0
ppo,0,1568,-38.7
ppo,0,1570,-10.0
ppo,0,1571,-44.7
ppo,0,1572,-10.0
ppo,0,1576,-10.0
ppo,0,1577,-10.0
ppo,0,1578,-49.2
ppo,0,1580,-44.1
ppo,0,1581,-10.0
ppo,0,1582,-87.0
ppo,0,1583,-54.0
ppo,0,1584,-10.0
ppo,0,1585,-10.0
ppo,0,1586,-28.8
ppo,0,1587,-44.4
ppo,0,1589,-10.0
ppo,0,1590,-10.0
ppo,0,1591,-28.8
ppo,0,1592,-54.9
ppo,0,1595,-10.0
ppo,0,1596,-10.0
ppo,0,1597,-10.0
ppo,0,1598,-48.6
ppo,0,1599,-10.0
ppo,0,1600,-10.0
ppo,0,1602,-10.0
ppo,0,1605,-10.0
ppo,0,1606,-10.0
ppo,0,1608,-37.8
ppo,0,1609,-10.0
ppo,0,1610,-42.0
ppo,0,1618,-41.1
ppo,0,1619,-48.6
ppo,0,1621,-35.4
ppo,0,1625,-10.0
ppo,0,1626,-10.0
ppo,0,1627,-10.0
ppo,0,1628,-10.0
ppo,0,1629,-46.8
ppo,0,1630,-35.7
ppo,0,1632,-10.0
ppo,0,1633,-10.0
ppo,0,1634,-34.5
ppo,0,1635,-48.6
ppo,0,1636,-25.8
ppo,0,1637,-10.0
ppo,0,1638,-10.0
ppo,0,1639,-40.2
ppo,0,1641,-10.0
ppo,0,1645,-10.0
ppo,0,1646,-10.0
ppo,0,1647,-10.0
ppo,0,1649,-10.0
ppo,0,1650,-53.4
ppo,0,1651,-28.8
ppo,0,1654,-46.2
ppo,0,1655,-10.0
ppo,0,1656,-61.8
ppo,0,1657,-10.0
ppo,0,1659,-54.6
ppo,0,1660,-10.0
ppo,0,1661,-10.0
ppo,0,1666,-10.0
ppo,0,1667,-67.2
ppo,0,1668,-44.4
ppo,0,1669,-10.0
ppo,0,1670,-10.0
ppo,0,1673,-53.4
ppo,0,1674,-10.0
ppo,0,1675,-36.9
ppo,0,1676,-30.9
ppo,0,1677,-47.7
ppo,0,1678,-10.0
ppo,0,1680,-45.0
ppo,0,1681,-10.0
ppo,0,1682,-69.6
ppo,0,1684,-33.3
ppo,0,1685,-40.2
ppo,0,1686,-29.7
ppo,0,1687,-10.0
ppo,0,1688,-10.0
ppo,0,1689,-25.8
ppo,0,1690,-10.0
ppo,0,1691,-38.7
ppo,0,1693,-56.4
ppo,0,1694,-10.0
ppo,0,1698,-10.0
ppo,0,1699,-61.5
ppo,0,1700,-42.9
ppo,0,1703,-10.0
ppo,0,1705,-53.7
ppo,0,1706,-62.4
ppo,0,1707,-45.3
ppo,0,1708,-31.5
ppo,0,1709,-10.0
ppo,0,1710,-46.8
ppo,0,1711,-35.1
ppo,0,1713,-56.4
ppo,0,1714,-10.0
ppo,0,1716,-10.0
ppo,0,1719,-10.0
ppo,0,1720,-44.7
ppo,0,1723,-10.0
ppo,0,1726,-22.5
ppo,0,1730,-10.0
ppo,0,1731,-10.0
ppo,0,1732,-10.0
ppo,0,1733,-69.6
ppo,0,1735,-78.3
ppo,0,1736,-44.4
ppo,0,1737,-78.6
ppo,0,1738,-31.5
ppo,0,1739,-10.0
ppo,0,1741,-43.2
ppo,0,1742,-54.0
ppo,0,1745,-86.4
ppo,0,1747,-34.2
ppo,0,1749,-10.0
ppo,0,1750,-10.0
ppo,0,1753,-44.7
ppo,0,1754,-10.0
ppo,0,1755,-10.0
ppo,0,1756,-38.7
ppo,0,1757,-10.0
ppo,0,1760,-44.4
ppo,0,1762,-53.1
ppo,0,1763,-10.0
ppo,0,1764,-10.0
ppo,0,1765,-10.0
ppo,0,1767,-10.0
ppo,0,1769,-53.7
ppo,0,1770,-10.0
ppo,0,1771,-10.0
ppo,0,1773,-35.4
ppo,0,1775,-10.0
ppo,0,1776,-10.0
ppo,0,1777,-47.7
ppo,0,1778,-10.0
ppo,0,1779,-10.0
ppo,0,1780,-10.0
ppo,0,1782,-46.8
ppo,0,1783,-44.4
ppo,0,1784,-42.0
ppo,0,1787,-66.9
ppo,0,1789,-10.0
ppo,0,1790,-10.0
ppo,0,1791,-31.5
ppo,0,1794,-36.3
ppo,0,1797,-41.7
ppo,0,1798,-35.7
ppo,0,1799,-10.0
ppo,0,1800,-45.3
ppo,0,1803,-10.0
ppo,0,1804,-33.6
ppo,0,1805,-45.3
ppo,0,1807,-48.3
ppo,0,1808,-93.3
ppo,0,1810,-10.0
ppo,0,1813,-53.4
ppo,0,1815,-22.8
ppo,0,1816,-10.0
ppo,0,1817,-10.0
ppo,0,1818,-10.0
ppo,0,1819,-10.0
ppo,0,1820,-42.3
ppo,0,1821,-10.0
ppo,0,1823,-31.8
ppo,0,1824,-10.0
ppo,0,1825,-10.0
ppo,0,1826,-10.0
ppo,0,1828,-10.0
ppo,0,1830,-10.0
ppo,0,1831,-10.0
ppo,0,1832,-10.0
ppo,0,1833,-46.8
ppo,0,1834,-10.0
ppo,0,1836,-36.6
ppo,0,1840,-37.2
ppo,0,1843,-10.0
ppo,0,1844,-10.0
ppo,0,1845,-10.0
ppo,0,1847,-28.5
ppo,0,1848,-10.0
ppo,0,1849,-53.4
ppo,0,1854,-45.6
ppo,0,1856,-40.8
ppo,0,1857,-53.4
ppo,0,1859,-10.0
ppo,0,1861,-10.0
ppo,0,1862,-10.0
ppo,0,1864,-46.5
ppo,0,1866,-61.2
ppo,0,1867,-10.0
ppo,0,1868,-54.9
ppo,0,1870,-78.3
ppo,0,1872,-22.8
ppo,0,1873,-10.0
ppo,0,1874,-10.0
ppo,0,1876,-10.0
ppo,0,1877,-10.0
ppo,0,1878,-93.3
ppo,0,1879,-10.0
ppo,0,1880,-32.1
ppo,0,1882,-86.7
ppo,0,1883,-10.0
ppo,0,1884,-31.2
ppo,0,1886,-10.0
ppo,0,1887,-65.4
ppo,0,1889,-33.9
ppo,0,1890,-10.0
ppo,0,1892,-61.8
ppo,0,1893,-10.0
ppo,0,1894,-10.0
ppo,0,1895,-10.0
ppo,0,1896,-10.0
ppo,0,1897,-49.8
ppo,0,1898,-10.0
ppo,0,1899,-10.0
ppo,0,1900,-34.5
ppo,0,1903,-42.6
ppo,0,1909,-41.7
ppo,0,1910,-10.0
ppo,0,1911,-48.9
ppo,0,1913,-42.6
ppo,0,1914,-35.1
ppo,0,1915,-44.1
ppo,0,1918,-47.1
ppo,0,1919,-10.0
ppo,0,1920,-35.7
ppo,0,1921,-10.0
ppo,0,1924,-53.1
ppo,0,1925,-10.0
ppo,0,1926,-10.0
ppo,0,1928,-72.3
ppo,0,1930,-10.0
ppo,0,1935,-10.0
ppo,0,1936,-10.0
ppo,0,1937,-68.1
ppo,0,1938,-10.0
ppo,0,1940,-10.0
ppo,0,1943,-10.0
ppo,0,1946,-40.5
ppo,0,1947,-10.0
ppo,0,1948,-10.0
ppo,0,1949,-42.0
ppo,0,1952,-92.7
ppo,0,1953,-42.9
ppo,0,1954,-10.0
ppo,0,1955,-10.0
ppo,0,1956,-10.0
ppo,0,1957,-54.0
ppo,0,1958,-49.8
ppo,0,1959,-10.0
ppo,0,1960,-61.8
ppo,0,1961,-43.2
ppo,0,1962,-43.2
ppo,0,1964,-67.8
ppo,0,1965,-31.5
ppo,0,1967,-49.5
ppo,0,1969,-45.0
ppo,0,1972,-10.0
ppo,0,1973,-10.0
ppo,0,1974,-42.3
ppo,0,1975,-62.4
ppo,0,1976,-10.0
ppo,0,1977,-28.8
ppo,0,1978,-10.0
ppo,0,1981,-48.9
ppo,0,1982,-10.0
ppo,0,1985,-10.0
ppo,0,1986,-29.7
ppo,0,1987,-39.0
ppo,0,1988,-44.4
ppo,0,1989,-35.7
ppo,0,1993,-53.1
ppo,0,1998,-47.4
ppo,0,1999,-33.6
ppo,0,2001,-10.0
ppo,0,2002,-35.7
ppo,0,2003,-10.0
ppo,0,2005,-10.0
ppo,0,2007,-42.0
ppo,0,2009,-53.4
ppo,0,2010,-10.0
ppo,0,2011,-42.9
ppo,0,2012,-40.2
ppo,0,2015,-10.0
ppo,0,2016,-35.7
ppo,0,2019,-44.7
ppo,0,2020,-10.0
ppo,0,2021,-10.0
ppo,0,2022,-10.0
ppo,0,2023,-85.5
ppo,0,2024,-10.0
ppo,0,2025,-10.0
ppo,0,2028,-48.0
ppo,0,2029,-62.4
ppo,0,2030,-46.8
ppo,0,2032,-38.1
ppo,0,2033,-33.6
ppo,0,2034,-10.0
ppo,0,2035,-10.0
ppo,0,2036,-35.1
ppo,0,2037,-49.5
ppo,0,2038,-28.8
ppo,0,2039,-54.0
ppo,0,2042,-10.0
ppo,0,2043,-44.7
ppo,0,2045,-42.9
ppo,0,2047,-42.3
ppo,0,2048,-10.0
ppo,0,2049,-10.0
ppo,0,2050,-10.0
ppo,0,2052,-48.6
ppo,0,2054,-10.0
ppo,0,2056,-10.0
ppo,0,2058,-10.0
ppo,0,2060,-48.3
ppo,0,2062,-10.0
ppo,0,2063,-10.0
ppo,0,2064,-34.5
ppo,0,2070,-41.4
ppo,0,2071,-38.1
ppo,0,2072,-72.6
ppo,0,2073,-30.9
ppo,0,2077,-10.0
ppo,0,2080,-10.0
ppo,0,2081,-10.0
ppo,0,2082,-10.0
ppo,0,2083,-10.0
ppo,0,2084,-10.0
ppo,0,2087,-10.0
ppo,0,2088,-61.5
ppo,0,2090,-10.0
ppo,0,2091,-10.0
ppo,0,2092,-10.0
ppo,0,2093,-10.0
ppo,0,2094,-61.5
ppo,0,2096,-10.0
ppo,0,2098,-10.0
ppo,0,2099,-10.0
ppo,0,2103,-10.0
ppo,0,2104,-42.3
ppo,0,2107,-42.3
ppo,0,2108,-10.0
ppo,0,2109,-49.5
ppo,0,2111,-46.5
ppo,0,2112,-10.0
ppo,0,2113,-10.0
ppo,0,2119,-10.0
ppo,0,2121,-10.0
ppo,0,2122,-10.0
ppo,0,2123,-10.0
ppo,0,2124,-10.0
ppo,0,2125,-41.1
ppo,0,2126,-10.0
ppo,0,2127,-44.1
ppo,0,2128,-43.2
ppo,0,2130,-10.0
ppo,0,2131,-10.0
ppo,0,2132,-10.0
ppo,0,2133,-10.0
ppo,0,2134,-10.0
ppo,0,2136,-48.3
ppo,0,2140,-10.0
ppo,0,2142,-10.0
ppo,0,2143,-10.0
ppo,0,2144,-48.6
ppo,0,2149,-10.0
ppo,0,2151,-44.7
ppo,0,2153,-10.0
ppo,0,2155,-72.3
ppo,0,2159,-71.7
ppo,0,2160,-41.1
ppo,0,2161,-43.2
ppo,0,2162,-44.4
ppo,0,2163,-85.5
ppo,0,2164,-10.0
ppo,0,2166,-48.3
ppo,0,2170,-10.0
ppo,0,2171,-87.0
ppo,0,2173,-54.6
ppo,0,2175,-10.0
ppo,0,2177,-10.0
ppo,0,2181,-10.0
ppo,0,2184,-48.0
ppo,0,2186,-33.3
ppo,0,2188,-56.4
ppo,0,2190,-33.3
ppo,0,2191,-10.0
ppo,0,2193,-10.0
ppo,0,2194,-10.0
ppo,0,2196,-33.9
ppo,0,2197,-61.8
ppo,0,2198,-10.0
ppo,0,2202,-47.7
ppo,0,2204,-10.0
ppo,0,2205,-10.0
ppo,0,2206,-30.9
ppo,0,2207,-10.0
ppo,0,2208,-10.0
ppo,0,2209,-10.0
ppo,0,2210,-38.7
ppo,0,2211,-10.0
ppo,0,2212,-10.0
ppo,0,2213,-64.8
ppo,0,2215,-10.0
ppo,0,2216,-62.4
ppo,0,2217,-10.0
ppo,0,2219,-46.5
ppo,0,2221,-10.0
ppo,0,2222,-48.6
ppo,0,2223,-10.0
ppo,0,2224,-65.4
ppo,0,2225,-10.0
ppo,0,2228,-10.0
ppo,0,2229,-31.5
ppo,0,2230,-48.6
ppo,0,2233,-10.0
ppo,0,2235,-49.2
ppo,0,2237,-10.0
ppo,0,2238,-10.0
ppo,0,2241,-42.9
ppo,0,2242,-10.0
ppo,0,2244,-31.8
ppo,0,2246,-10.0
ppo,0,2249,-43.8
ppo,0,2250,-10.0
ppo,0,2252,-33.9
ppo,0,2253,-10.0
ppo,0,2254,-25.8
ppo,0,2255,-68.1
ppo,0,2257,-30.3
ppo,0,2261,-42.3
ppo,0,2264,-54.3
ppo,0,2265,-10.0
ppo,0,2267,-10.0
ppo,0,2269,-10.0
ppo,0,2276,-10.0
ppo,0,2278,-36.0
ppo,0,2280,-48.6
ppo,0,2281,-10.0
ppo,0,2282,-10.0
ppo,0,2286,-10.0
ppo,0,2287,-10.0
ppo,0,2289,-69.3
ppo,0,2291,-10.0
ppo,0,2293,-30.6
ppo,0,2299,-52.2
ppo,0,2300,-10.0
ppo,0,2301,-10.0
ppo,0,2302,-10.0
ppo,0,2303,-10.0
ppo,0,2306,-10.0
ppo,0,2307,-10.0
ppo,0,2308,-10.0
ppo,0,2309,-38.7
ppo,0,2310,-61.8
ppo,0,2312,-53.1
ppo,0,2313,-10.0
ppo,0,2314,-10.0
ppo,0,2316,-10.0
ppo,0,2320,-43.8
ppo,0,2321,-42.3
ppo,0,2322,-10.0
ppo,0,2324,-10.0
ppo,0,2326,-10.0
ppo,0,2333,-29.7
ppo,0,2336,-44.1
ppo,0,2338,-10.0
ppo,0,2340,-10.0
ppo,0,2341,-32.1
ppo,0,2343,-10.0
ppo,0,2344,-10.0
ppo,0,2345,-87.0
ppo,0,2346,-44.1
ppo,0,2352,-10.0
ppo,0,2357,-43.2
ppo,0,2358,-10.0
ppo,0,2359,-51.3
ppo,0,2360,-10.0
ppo,0,2361,-38.7
ppo,0,2362,-10.0
ppo,0,2364,-10.0
ppo,0,2365,-10.0
ppo,0,2366,-10.0
ppo,0,2371,-10.0
ppo,0,2373,-25.5
ppo,0,2381,-10.0
ppo,0,2382,-48.6
ppo,0,2385,-35.7
ppo,0,2386,-10.0
ppo,0,2389,-10.0
ppo,0,2397,-45.0
ppo,0,2399,-34.2
ppo,0,2400,-10.0
ppo,0,2402,-36.0
ppo,0,2404,-10.0
ppo,0,2405,-10.0
ppo,0,2406,-10.0
ppo,0,2408,-10.0
ppo,0,2410,-30.9
ppo,0,2418,-68.7
ppo,0,2419,-10.0
ppo,0,2426,-10.0
ppo,0,2428,-42.9
ppo,0,2430,-10.0
ppo,0,2431,-10.0
ppo,0,2433,-10.0
ppo,0,2434,-10.0
ppo,0,2435,-10.0
ppo,0,2439,-10.0
ppo,0,2440,-31.2
ppo,0,2441,-68.1
ppo,0,2442,-10.0
ppo,0,2444,-54.6
ppo,0,2445,-10.0
ppo,0,2447,-30.6
ppo,0,2448,-10.0
ppo,0,2450,-38.4
ppo,0,2451,-10.0
ppo,0,2452,-40.2
ppo,0,2453,-32.1
ppo,0,2454,-10.0
ppo,0,2455,-42.3
ppo,0,2456,-70.8
ppo,0,2458,-42.6
ppo,0,2459,-10.0
ppo,0,2460,-10.0
ppo,0,2462,-48.3
ppo,0,2463,-10.0
ppo,0,2465,-46.5
ppo,0,2466,-45.0
ppo,0,2468,-39.9
ppo,0,2469,-45.3
ppo,0,2470,-36.9
ppo,0,2471,-10.0
ppo,0,2473,-10.0
ppo,0,2474,-10.0
ppo,0,2476,-10.0
ppo,0,2479,-10.0
ppo,0,2482,-43.8
ppo,0,2484,-49.2
ppo,0,2485,-38.1
ppo,0,2487,-42.0
ppo,0,2488,-31.5
ppo,0,2489,-10.0
ppo,0,2490,-40.2
ppo,0,2491,-68.1
ppo,0,2492,-10.0
ppo,0,2495,-10.0
ppo,0,2498,-42.6
ppo,0,2499,-10.0
ppo,0,2501,-10.0
ppo,0,2502,-10.0
ppo,0,2504,-10.0
ppo,0,2507,-10.0
ppo,0,2508,-43.2
ppo,0,2509,-10.0
ppo,0,2510,-10.0
ppo,0,2513,-10.0
ppo,0,2516,-10.0
ppo,0,2517,-44.7
ppo,0,2518,-10.0
ppo,0,2521,-10.0
ppo,0,2522,-42.3
ppo,0,2526,-10.0
ppo,0,2527,-38.4
ppo,0,2529,-10.0
ppo,0,2530,-35.7
ppo,0,2532,-10.0
ppo,0,2533,-48.9
ppo,0,2534,-10.0
ppo,0,2535,-41.4
ppo,0,2536,-10.0
ppo,0,2538,-64.5
ppo,0,2539,-10.0
ppo,0,2541,-24.9
ppo,0,2542,-10.0
ppo,0,2543,-56.7
ppo,0,2544,-10.0
ppo,0,2546,-62.1
ppo,0,2549,-37.5
ppo,0,2550,-10.0
ppo,0,2553,-41.7
ppo,0,2554,-53.7
ppo,0,2556,-10.0
ppo,0,2557,-10.0
ppo,0,2559,-10.0
ppo,0,2560,-10.0
ppo,0,2561,-10.0
ppo,0,2563,-67.2
ppo,0,2564,-10.0
ppo,0,2565,-10.0
ppo,0,2567,-10.0
ppo,0,2568,-10.0
ppo,0,2569,-10.0
ppo,0,2570,-10.0
ppo,0,2572,-10.0
ppo,0,2574,-10.0
ppo,0,2576,-38.4
ppo,0,2577,-61.5
ppo,0,2580,-10.0
ppo,0,2584,-45.9
ppo,0,2585,-25.2
ppo,0,2587,-10.0
ppo,0,2588,-10.0
ppo,0,2590,-10.0
ppo,0,2591,-72.6
ppo,0,2592,-10.0
ppo,0,2594,-30.6
ppo,0,2595,-10.0
ppo,0,2598,-34.5
ppo,0,2600,-42.9
ppo,0,2601,-10.0
ppo,0,2604,-10.0
ppo,0,2605,-32.1
ppo,0,2606,-10.0
ppo,0,2610,-10.0
ppo,0,2611,-10.0
ppo,0,2612,-10.0
ppo,0,2613,-10.0
ppo,0,2614,-25.8
ppo,0,2615,-10.0
ppo,0,2617,-10.0
ppo,0,2618,-10.0
ppo,0,2619,-10.0
ppo,0,2620,-10.0
ppo,0,2622,-53.7
ppo,0,2623,-35.1
ppo,0,2624,-10.0
ppo,0,2628,-10.0
ppo,0,2629,-10.0
ppo,0,2633,-31.2
ppo,0,2634,-61.5
ppo,0,2635,-78.6
ppo,0,2636,-10.0
ppo,0,2639,-10.0
ppo,0,2641,-56.4
ppo,0,2642,-10.0
ppo,0,2644,-10.0
ppo,0,2647,-39.6
ppo,0,2649,-10.0
ppo,0,2650,-43.2
ppo,0,2652,-10.0
ppo,0,2653,-10.0
ppo,0,2654,-10.0
ppo,0,2656,-10.0
ppo,0,2658,-42.0
ppo,0,2659,-10.0
ppo,0,2661,-10.0
ppo,0,2662,-33.6
ppo,0,2664,-10.0
ppo,0,2668,-10.0
ppo,0,2669,-10.0
ppo,0,2670,-10.0
ppo,0,2671,-10.0
ppo,0,2673,-10.0
ppo,0,2674,-10.0
ppo,0,2681,-29.7
ppo,0,2682,-69.6
ppo,0,2683,-10.0
ppo,0,2684,-10.0
ppo,0,2685,-10.0
ppo,0,2686,-10.0
ppo,0,2687,-10.0
ppo,0,2688,-44.4
ppo,0,2690,-10.0
ppo,0,2693,-42.6
ppo,0,2694,-10.0
ppo,0,2695,-10.0
ppo,0,2696,-10.0
ppo,0,2697,-44.1
ppo,0,2698,-10.0
ppo,0,2699,-10.0
ppo,0,2700,-10.0
ppo,0,2701,-10.0
ppo,0,2704,-10.0
ppo,0,2706,-10.0
ppo,0,2707,-10.0
ppo,0,2708,-42.6
ppo,0,2709,-10.0
ppo,0,2711,-10.0
ppo,0,2712,-25.2
ppo,0,2714,-10.0
ppo,0,2715,-10.0
ppo,0,2717,-10.0
ppo,0,2718,-39.0
ppo,0,2721,-64.2
ppo,0,2722,-10.0
ppo,0,2723,-30.9
ppo,0,2724,-10.0
ppo,0,2725,-53.7
ppo,0,2728,-10.0
ppo,0,2729,-10.0
ppo,0,2730,-10.0
ppo,0,2731,-45.3
ppo,0,2732,-10.0
ppo,0,2733,-10.0
ppo,0,2734,-68.1
ppo,0,2735,-30.9
ppo,0,2737,-10.0
ppo,0,2740,-10.0
ppo,0,2741,-49.8
ppo,0,2742,-61.8
ppo,0,2743,-10.0
ppo,0,2745,-10.0
ppo,0,2746,-78.6
ppo,0,2747,-48.6
ppo,0,2750,-10.0
ppo,0,2751,-10.0
ppo,0,2754,-10.0
ppo,0,2755,-93.3
ppo,0,2756,-10.0
ppo,0,2757,-41.1
ppo,0,2758,-10.0
ppo,0,2759,-10.0
ppo,0,2760,-35.1
ppo,0,2766,-10.0
ppo,0,2767,-10.0
ppo,0,2768,-48.6
ppo,0,2769,-45.3
ppo,0,2774,-48.6
ppo,0,2775,-10.0
ppo,0,2776,-35.7
ppo,0,2778,-10.0
ppo,0,2781,-40.5
ppo,0,2787,-10.0
ppo,0,2789,-10.0
ppo,0,2790,-10.0
ppo,0,2791,-10.0
ppo,0,2792,-42.3
ppo,0,2793,-32.1
ppo,0,2794,-40.2
ppo,0,2795,-10.0
ppo,0,2796,-10.0
ppo,0,2797,-43.2
ppo,0,2800,-10.0
ppo,0,2801,-68.1
ppo,0,2802,-44.1
ppo,0,2804,-42.9
ppo,0,2805,-10.0
ppo,0,2808,-10.0
ppo,0,2809,-10.0
ppo,0,2812,-53.4
ppo,0,2813,-10.0
ppo,0,2814,-10.0
ppo,0,2815,-10.0
ppo,0,2820,-68.4
ppo,0,2821,-10.0
ppo,0,2822,-10.0
ppo,0,2824,-43.2
ppo,0,2825,-31.2
ppo,0,2827,-10.0
ppo,0,2830,-10.0
ppo,0,2831,-10.0
ppo,0,2833,-10.0
ppo,0,2837,-10.0
ppo,0,2838,-30.9
ppo,0,2839,-23.1
ppo,0,2840,-67.2
ppo,0,2843,-10.0
ppo,0,2844,-43.2
ppo,0,2845,-42.3
ppo,0,2850,-10.0
ppo,0,2852,-10.0
ppo,0,2853,-10.0
ppo,0,2854,-10.0
ppo,0,2855,-10.0
ppo,0,2858,-46.8
ppo,0,2860,-10.0
ppo,0,2861,-10.0
ppo,0,2862,-10.0
ppo,0,2864,-10.0
ppo,0,2865,-42.9
ppo,0,2866,-28.8
ppo,0,2867,-10.0
ppo,0,2869,-10.0
ppo,0,2870,-10.0
ppo,0,2872,-69.3
ppo,0,2874,-31.8
ppo,0,2875,-10.0
ppo,0,2876,-10.0
ppo,0,2877,-10.0
ppo,0,2878,-10.0
ppo,0,2879,-10.0
ppo,0,2881,-10.0
ppo,0,2882,-10.0
ppo,0,2884,-10.0
ppo,0,2885,-10.0
ppo,0,2886,-42.3
ppo,0,2887,-10.0
ppo,0,2888,-10.0
ppo,0,2892,-48.0
ppo,0,2894,-10.0
ppo,0,2895,-72.6
ppo,0,2896,-10.0
ppo,0,2897,-10.0
ppo,0,2898,-10.0
ppo,0,2899,-25.8
ppo,0,2900,-10.0
ppo,0,2901,-10.0
ppo,0,2902,-41.1
ppo,0,2904,-10.0
ppo,0,2906,-10.0
ppo,0,2907,-54.9
ppo,0,2909,-48.6
ppo,0,2911,-10.0
ppo,0,2912,-10.0
ppo,0,2913,-10.0
ppo,0,2916,-10.0
ppo,0,2917,-44.7
ppo,0,2920,-10.0
ppo,0,2921,-10.0
ppo,0,2922,-10.0
ppo,0,2923,-10.0
ppo,0,2924,-10.0
ppo,0,2926,-39.9
ppo,0,2927,-70.8
ppo,0,2928,-10.0
ppo,0,2929,-10.0
ppo,0,2933,-10.0
ppo,0,2936,-10.0
ppo,0,2938,-10.0
ppo,0,2940,-10.0
ppo,0,2941,-67.5
ppo,0,2943,-10.0
ppo,0,2944,-10.0
ppo,0,2947,-92.7
ppo,0,2948,-10.0
ppo,0,2951,-30.3
ppo,0,2952,-30.9
ppo,0,2953,-10.0
ppo,0,2954,-45.3
ppo,0,2955,-56.7
ppo,0,2956,-10.0
ppo,0,2957,-10.0
ppo,0,2958,-69.6
ppo,0,2959,-32.1
ppo,0,2960,-10.0
ppo,0,2961,-10.0
ppo,0,2962,-62.4
ppo,0,2965,-10.0
ppo,0,2966,-10.0
ppo,0,2967,-36.9
ppo,0,2969,-44.1
ppo,0,2971,-10.0
ppo,0,2973,-10.0
ppo,0,2974,-30.9
ppo,0,2975,-48.6
ppo,0,2976,-33.6
ppo,0,2979,-24.6
ppo,0,2980,-10.0
ppo,0,2981,-10.0
ppo,0,2982,-49.5
ppo,0,2983,-45.3
ppo,0,2985,-43.8
ppo,0,2987,-42.0
ppo,0,2988,-44.4
ppo,0,2990,-10.0
ppo,0,2991,-10.0
ppo,0,2993,-40.8
ppo,0,2994,-10.0
ppo,0,2995,-10.0
ppo,0,2997,-10.0
ppo,0,3000,-10.0
ppo,0,3001,-10.0
ppo,0,3003,-44.1
ppo,0,3008,-10.0
ppo,0,3009,-10.0
ppo,0,3011,-61.5
ppo,0,3013,-10.0
ppo,0,3014,-10.0
ppo,0,3015,-10.0
ppo,0,3016,-10.0
ppo,0,3019,-10.0
ppo,0,3020,-10.0
ppo,0,3021,-33.6
ppo,0,3022,-10.0
ppo,0,3023,-10.0
ppo,0,3024,-43.2
ppo,0,3025,-10.0
ppo,0,3026,-10.0
ppo,0,3027,-10.0
ppo,0,3029,-93.0
ppo,0,3031,-44.4
ppo,0,3032,-10.0
ppo,0,3033,-36.9
ppo,0,3035,-10.0
ppo,0,3037,-10.0
ppo,0,3038,-35.1
ppo,0,3039,-10.0
ppo,0,3042,-10.0
ppo,0,3044,-10.0
ppo,0,3045,-10.0
ppo,0,3051,-10.0
ppo,0,3053,-10.0
ppo,0,3057,-55.8
ppo,0,3062,-10.0
ppo,0,3065,-28.2
ppo,0,3066,-10.0
ppo,0,3067,-10.0
ppo,0,3068,-10.0
ppo,0,3069,-10.0
ppo,0,3070,-10.0
ppo,0,3072,-31.8
ppo,0,3073,-10.0
ppo,0,3079,-65.7
ppo,0,3081,-10.0
ppo,0,3082,-46.8
ppo,0,3083,-72.6
ppo,0,3086,-10.0
ppo,0,3088,-67.8
ppo,0,3089,-10.0
ppo,0,3090,-10.0
ppo,0,3092,-10.0
ppo,0,3093,-10.0
ppo,0,3094,-10.0
ppo,0,3099,-10.0
ppo,0,3100,-10.0
ppo,0,3101,-10.0
ppo,0,3103,-53.1
ppo,0,3105,-10.0
ppo,0,3106,-10.0
ppo,0,3108,-93.0
ppo,0,3109,-10.0
ppo,0,3110,-40.2
ppo,0,3112,-10.0
ppo,0,3114,-30.3
ppo,0,3116,-10.0
ppo,0,3118,-10.0
ppo,0,3119,-10.0
ppo,0,3120,-10.0
ppo,0,3121,-10.0
ppo,0,3122,-10.0
ppo,0,3123,-10.0
ppo,0,3124,-25.8
ppo,0,3125,-28.8
ppo,0,3126,-68.1
ppo,0,3129,-10.0
ppo,0,3130,-10.0
ppo,0,3132,-10.0
ppo,0,3133,-10.0
ppo,0,3134,-29.7
ppo,0,3135,-10.0
ppo,0,3137,-10.0
ppo,0,3140,-22.5
ppo,0,3142,-53.1
ppo,0,3145,-10.0
ppo,0,3147,-10.0
ppo,0,3148,-72.6
ppo,0,3151,-10.0
ppo,0,3152,-10.0
ppo,0,3153,-44.7
ppo,0,3157,-10.0
ppo,0,3158,-25.8
ppo,0,3159,-10.0
ppo,0,3161,-85.2
ppo,0,3162,-10.0
ppo,0,3163,-10.0
ppo,0,3166,-10.0
ppo,0,3167,-10.0
ppo,0,3168,-10.0
ppo,0,3169,-48.9
ppo,0,3171,-10.0
ppo,0,3176,-10.0
ppo,0,3180,-10.0
ppo,0,3181,-30.6
ppo,0,3182,-10.0
ppo,0,3184,-10.0
ppo,0,3188,-10.0
ppo,0,3189,-10.0
ppo,0,3191,-10.0
ppo,0,3194,-30.9
ppo,0,3195,-32.1
ppo,0,3197,-10.0
ppo,0,3198,-29.7
ppo,0,3199,-10.0
ppo,0,3203,-86.1
ppo,0,3207,-10.0
ppo,0,3209,-10.0
ppo,0,3211,-10.0
ppo,0,3213,-10.0
ppo,0,3214,-48.9
ppo,0,3216,-31.2
ppo,0,3217,-10.0
ppo,0,3218,-10.0
ppo,0,3220,-86.7
ppo,0,3222,-10.0
ppo,0,3223,-10.0
ppo,0,3224,-10.0
ppo,0,3227,-10.0
ppo,0,3228,-10.0
ppo,0,3229,-10.0
ppo,0,3234,-10.0
ppo,0,3235,-41.1
ppo,0,3236,-10.0
ppo,0,3237,-10.0
ppo,0,3238,-10.0
ppo,0,3239,-10.0
ppo,0,3240,-10.0
ppo,0,3242,-24.9
ppo,0,3244,-10.0
ppo,0,3245,-10.0
ppo,0,3246,-10.0
ppo,0,3248,-10.0
ppo,0,3251,-25.2
ppo,0,3252,-10.0
ppo,0,3253,-10.0
ppo,0,3255,-31.8
ppo,0,3256,-10.0
ppo,0,3260,-10.0
ppo,0,3263,-48.0
ppo,0,3264,-10.0
ppo,0,3265,-10.0
ppo,0,3266,-10.0
ppo,0,3267,-10.0
ppo,0,3268,-10.0
ppo,0,3269,-44.4
ppo,0,3271,-28.5
ppo,0,3273,-54.6
ppo,0,3274,-10.0
ppo,0,3276,-25.5
ppo,0,3277,-10.0
ppo,0,3278,-40.2
ppo,0,3279,-10.0
ppo,0,3280,-10.0
ppo,0,3281,-10.0
ppo,0,3282,-10.0
ppo,0,3283,-10.0
ppo,0,3284,-10.0
ppo,0,3285,-38.1
ppo,0,3286,-10.0
ppo,0,3287,-36.3
ppo,0,3291,-10.0
ppo,0,3292,-10.0
ppo,0,3295,-10.0
ppo,0,3296,-10.0
ppo,0,3297,-36.3
ppo,0,3299,-30.3
ppo,0,3300,-10.0
ppo,0,3304,-34.2
ppo,0,3306,-10.0
ppo,0,3307,-69.6
ppo,0,3308,-10.0
ppo,0,3310,-10.0
ppo,0,3311,-10.0
ppo,0,3312,-48.6
ppo,0,3313,-10.0
ppo,0,3314,-10.0
ppo,0,3315,-10.0
ppo,0,3316,-44.4
ppo,0,3318,-10.0
ppo,0,3323,-10.0
ppo,0,3332,-70.2
ppo,0,3336,-10.0
ppo,0,3337,-42.3
ppo,0,3338,-10.0
ppo,0,3341,-40.5
ppo,0,3342,-10.0
ppo,0,3343,-10.0
ppo,0,3344,-10.0
ppo,0,3347,-10.0
ppo,0,3348,-38.7
ppo,0,3349,-35.7
ppo,0,3350,-10.0
ppo,0,3352,-10.0
ppo,0,3353,-10.0
ppo,0,3355,-10.0
ppo,0,3359,-10.0
ppo,0,3360,-28.8
ppo,0,3361,-10.0
ppo,0,3362,-10.0
ppo,0,3363,-10.0
ppo,0,3364,-32.1
ppo,0,3365,-10.0
ppo,0,3366,-62.1
ppo,0,3368,-10.0
ppo,0,3371,-10.0
ppo,0,3372,-10.0
ppo,0,3373,-10.0
ppo,0,3374,-32.1
ppo,0,3376,-10.0
ppo,0,3379,-31.5
ppo,0,3381,-67.8
ppo,0,3382,-10.0
ppo,0,3384,-10.0
ppo,0,3387,-10.0
ppo,0,3388,-33.6
ppo,0,3389,-10.0
ppo,0,3390,-10.0
ppo,0,3392,-85.2
ppo,0,3395,-10.0
ppo,0,3396,-45.3
ppo,0,3397,-10.0
ppo,0,3400,-61.2
ppo,0,3401,-10.0
ppo,0,3404,-86.4
ppo,0,3406,-10.0
ppo,0,3407,-10.0
ppo,0,3412,-52.2
ppo,0,3413,-25.2
ppo,0,3415,-31.2
ppo,0,3416,-10.0
ppo,0,3418,-10.0
ppo,0,3419,-56.7
ppo,0,3420,-41.1
ppo,0,3421,-31.5
ppo,0,3422,-40.2
ppo,0,3423,-35.1
ppo,0,3424,-10.0
ppo,0,3425,-41.4
ppo,0,3427,-10.0
ppo,0,3428,-10.0
ppo,0,3429,-10.0
ppo,0,3430,-10.0
ppo,0,3432,-10.0
ppo,0,3433,-45.3
ppo,0,3434,-10.0
ppo,0,3435,-10.0
ppo,0,3437,-10.0
ppo,0,3438,-10.0
ppo,0,3440,-72.3
ppo,0,3441,-10.0
ppo,0,3442,-10.0
ppo,0,3443,-10.0
ppo,0,3444,-10.0
ppo,0,3445,-10.0
ppo,0,3446,-10.0
ppo,0,3449,-40.5
ppo,0,3450,-10.0
ppo,0,3451,-10.0
ppo,0,3453,-33.3
ppo,0,3454,-45.0
ppo,0,3456,-10.0
ppo,0,3460,-10.0
ppo,0,3461,-10.0
ppo,0,3462,-10.0
ppo,0,3463,-10.0
ppo,0,3465,-10.0
ppo,0,3466,-10.0
ppo,0,3467,-10.0
ppo,0,3469,-48.3
ppo,0,3470,-10.0
ppo,0,3472,-10.0
ppo,0,3473,-10.0
ppo,0,3474,-10.0
ppo,0,3476,-10.0
ppo,0,3478,-56.4
ppo,0,3479,-10.0
ppo,0,3482,-25.2
ppo,0,3483,-49.8
ppo,0,3484,-10.0
ppo,0,3485,-10.0
ppo,0,3486,-46.8
ppo,0,3487,-10.0
ppo,0,3488,-10.0
ppo,0,3489,-28.8
ppo,0,3490,-10.0
ppo,0,3491,-10.0
ppo,0,3493,-10.0
ppo,0,3494,-10.0
ppo,0,3496,-10.0
ppo,0,3497,-10.0
ppo,0,3500,-10.0
ppo,0,3501,-10.0
ppo,0,3503,-40.8
ppo,0,3506,-10.0
ppo,0,3507,-64.8
ppo,0,3508,-10.0
ppo,0,3510,-10.0
ppo,0,3511,-10.0
ppo,0,3512,-10.0
ppo,0,3514,-10.0
ppo,0,3517,-52.8
ppo,0,3518,-54.0
ppo,0,3520,-42.9
ppo,0,3521,-67.5
ppo,0,3522,-10.0
ppo,0,3526,-10.0
ppo,0,3527,-43.2
ppo,0,3528,-10.0
ppo,0,3529,-10.0
ppo,0,3530,-10.0
ppo,0,3531,-10.0
ppo,0,3532,-34.2
ppo,0,3534,-10.0
ppo,0,3535,-10.0
ppo,0,3538,-10.0
ppo,0,3539,-48.6
ppo,0,3541,-66.9
ppo,0,3543,-10.0
ppo,0,3544,-10.0
ppo,0,3545,-10.0
ppo,0,3547,-47.4
ppo,0,3549,-10.0
ppo,0,3550,-93.3
ppo,0,3551,-10.0
ppo,0,3554,-92.7
ppo,0,3555,-10.0
ppo,0,3556,-54.0
ppo,0,3559,-10.0
ppo,0,3560,-41.1
ppo,0,3564,-10.0
ppo,0,3565,-10.0
ppo,0,3566,-10.0
ppo,0,3567,-10.0
ppo,0,3568,-10.0
ppo,0,3569,-10.0
ppo,0,3571,-10.0
ppo,0,3572,-25.8
ppo,0,3573,-10.0
ppo,0,3576,-10.0
ppo,0,3577,-10.0
ppo,0,3579,-10.0
ppo,0,3580,-10.0
ppo,0,3581,-25.2
ppo,0,3586,-10.0
ppo,0,3587,-70.8
ppo,0,3588,-10.0
ppo,0,3592,-39.3
ppo,0,3599,-54.9
ppo,0,3601,-10.0
ppo,0,3602,-44.7
ppo,0,3603,-48.6
ppo,0,3604,-44.7
ppo,0,3605,-10.0
ppo,0,3606,-67.2
ppo,0,3608,-10.0
ppo,0,3609,-45.3
ppo,0,3611,-10.0
ppo,0,3612,-39.0
ppo,0,3613,-10.0
ppo,0,3617,-10.0
ppo,0,3618,-10.0
ppo,0,3620,-10.0
ppo,0,3622,-10.0
ppo,0,3623,-10.0
ppo,0,3624,-10.0
ppo,0,3625,-10.0
ppo,0,3627,-10.0
ppo,0,3628,-10.0
ppo,0,3631,-10.0
ppo,0,3633,-10.0
ppo,0,3634,-42.3
ppo,0,3636,-10.0
ppo,0,3637,-10.0
ppo,0,3638,-10.0
ppo,0,3639,-10.0
ppo,0,3640,-10.0
ppo,0,3647,-10.0
ppo,0,3648,-10.0
ppo,0,3649,-10.0
ppo,0,3650,-10.0
ppo,0,3651,-10.0
ppo,0,3652,-10.0
ppo,0,3653,-10.0
ppo,0,3654,-38.4
ppo,0,3655,-70.8
ppo,0,3658,-10.0
ppo,0,3660,-67.2
ppo,0,3661,-69.6
ppo,0,3667,-60.3
ppo,0,3671,-10.0
ppo,0,3672,-10.0
ppo,0,3676,-38.1
ppo,0,3677,-10.0
ppo,0,3678,-10.0
ppo,0,3679,-10.0
ppo,0,3680,-10.0
ppo,0,3681,-10.0
ppo,0,3682,-10.0
ppo,0,3683,-33.6
ppo,0,3684,-10.0
ppo,0,3685,-10.0
ppo,0,3686,-10.0
ppo,0,3687,-25.2
ppo,0,3688,-10.0
ppo,0,3690,-46.8
ppo,0,3691,-10.0
ppo,0,3694,-10.0
ppo,0,3696,-10.0
ppo,0,3697,-10.0
ppo,0,3698,-10.0
ppo,0,3699,-10.0
ppo,0,3700,-30.6
ppo,0,3702,-10.0
ppo,0,3703,-10.0
ppo,0,3704,-10.0
ppo,0,3707,-10.0
ppo,0,3708,-44.4
ppo,0,3709,-10.0
ppo,0,3710,-10.0
ppo,0,3711,-10.0
ppo,0,3715,-10.0
ppo,0,3718,-10.0
ppo,0,3722,-10.0
ppo,0,3723,-48.6
ppo,0,3724,-10.0
ppo,0,3725,-10.0
ppo,0,3727,-10.0
ppo,0,3729,-10.0
ppo,0,3730,-10.0
ppo,0,3734,-10.0
ppo,0,3736,-10.0
ppo,0,3737,-41.1
ppo,0,3738,-10.0
ppo,0,3741,-10.0
ppo,0,3742,-10.0
ppo,0,3743,-10.0
ppo,0,3744,-41.1
ppo,0,3747,-24.6
ppo,0,3750,-30.9
ppo,0,3751,-10.0
ppo,0,3752,-10.0
ppo,0,3754,-10.0
ppo,0,3755,-41.1
ppo,0,3759,-10.0
ppo,0,3760,-10.0
ppo,0,3761,-42.9
ppo,0,3762,-49.8
ppo,0,3765,-10.0
ppo,0,3766,-10.0
ppo,0,3769,-10.0
ppo,0,3771,-38.4
ppo,0,3772,-38.4
ppo,0,3774,-61.8
ppo,0,3777,-10.0
ppo,0,3778,-62.4
ppo,0,3779,-10.0
ppo,0,3781,-10.0
ppo,0,3782,-10.0
ppo,0,3784,-34.8
ppo,0,3785,-33.6
ppo,0,3787,-10.0
ppo,0,3790,-10.0
ppo,0,3791,-10.0
ppo,0,3792,-10.0
ppo,0,3794,-10.0
ppo,0,3796,-38.4
ppo,0,3797,-10.0
ppo,0,3799,-56.4
ppo,0,3800,-10.0
ppo,0,3801,-10.0
ppo,0,3802,-10.0
ppo,0,3804,-10.0
ppo,0,3807,-10.0
ppo,0,3808,-10.0
ppo,0,3809,-10.0
ppo,0,3811,-10.0
ppo,0,3816,-10.0
ppo,0,3820,-10.0
ppo,0,3821,-25.8
ppo,0,3822,-10.0
ppo,0,3824,-10.0
ppo,0,3826,-10.0
ppo,0,3827,-10.0
ppo,0,3828,-10.0
ppo,0,3831,-44.7
ppo,0,3832,-10.0
ppo,0,3834,-44.1
ppo,0,3835,-40.2
ppo,0,3839,-10.0
ppo,0,3840,-10.0
ppo,0,3843,-10.0
ppo,0,3845,-10.0
ppo,0,3847,-10.0
ppo,0,3848,-10.0
ppo,0,3851,-10.0
ppo,0,3854,-10.0
ppo,0,3855,-10.0
ppo,0,3856,-45.3
ppo,0,3859,-44.7
ppo,0,3861,-10.0
ppo,0,3863,-10.0
ppo,0,3864,-10.0
ppo,0,3865,-10.0
ppo,0,3867,-45.0
ppo,0,3868,-10.0
ppo,0,3871,-48.0
ppo,0,3872,-43.2
ppo,0,3873,-67.2
ppo,0,3874,-39.0
ppo,0,3875,-10.0
ppo,0,3876,-85.5
ppo,0,3877,-54.9
ppo,0,3878,-10.0
ppo,0,3879,-40.2
ppo,0,3880,-45.0
ppo,0,3881,-10.0
ppo,0,3882,-10.0
ppo,0,3883,-10.0
ppo,0,3884,-10.0
ppo,0,3885,-35.7
ppo,0,3890,-10.0
ppo,0,3892,-10.0
ppo,0,3893,-47.1
ppo,0,3895,-10.0
ppo,0,3896,-25.8
ppo,0,3897,-40.2
ppo,0,3898,-10.0
ppo,0,3900,-39.9
ppo,0,3901,-10.0
ppo,0,3903,-10.0
ppo,0,3906,-10.0
ppo,0,3907,-61.5
ppo,0,3908,-36.9
ppo,0,3909,-10.0
ppo,0,3910,-10.0
ppo,0,3911,-10.0
ppo,0,3912,-10.0
ppo,0,3913,-44.1
ppo,0,3914,-10.0
ppo,0,3915,-41.4
ppo,0,3917,-10.0
ppo,0,3919,-67.2
ppo,0,3920,-10.0
ppo,0,3921,-10.0
ppo,0,3922,-10.0
ppo,0,3924,-10.0
ppo,0,3925,-49.2
ppo,0,3926,-10.0
ppo,0,3927,-10.0
ppo,0,3929,-10.0
ppo,0,3931,-10.0
ppo,0,3932,-10.0
ppo,0,3933,-10.0
ppo,0,3934,-10.0
ppo,0,3935,-10.0
ppo,0,3937,-42.6
ppo,0,3939,-10.0
ppo,0,3941,-10.0
ppo,0,3945,-10.0
ppo,0,3946,-44.4
ppo,0,3947,-61.8
ppo,0,3948,-70.8
ppo,0,3949,-43.5
ppo,0,3950,-10.0
ppo,0,3952,-31.8
ppo,0,3955,-10.0
ppo,0,3956,-65.4
ppo,0,3958,-10.0
ppo,0,3959,-40.2
ppo,0,3960,-40.2
ppo,0,3961,-29.7
ppo,0,3963,-10.0
ppo,0,3965,-10.0
ppo,0,3966,-25.8
ppo,0,3967,-10.0
ppo,0,3968,-40.2
ppo,0,3969,-10.0
ppo,0,3972,-54.3
ppo,0,3973,-40.2
ppo,0,3974,-10.0
ppo,0,3977,-46.8
ppo,0,3978,-87.0
ppo,0,3981,-42.6
ppo,0,3983,-10.0
ppo,0,3985,-70.5
ppo,0,3986,-78.6
ppo,0,3987,-62.1
ppo,0,3988,-10.0
ppo,0,3989,-44.7
ppo,0,3991,-62.1
ppo,0,3993,-10.0
ppo,0,3994,-48.9
ppo,0,3996,-45.0
ppo,0,3997,-10.0
ppo,0,3999,-10.0
ppo,0,4001,-10.0
ppo,0,4002,-10.0
ppo,0,4004,-10.0
ppo,0,4009,-10.0
ppo,0,4010,-35.1
ppo,0,4012,-10.0
ppo,0,4013,-10.0
ppo,0,4017,-10.0
ppo,0,4018,-10.0
ppo,0,4019,-10.0
ppo,0,4021,-10.0
ppo,0,4022,-10.0
ppo,0,4024,-47.1
ppo,0,4026,-45.0
ppo,0,4030,-10.0
ppo,0,4031,-10.0
ppo,0,4033,-10.0
ppo,0,4034,-10.0
ppo,0,4035,-10.0
ppo,0,4037,-25.5
ppo,0,4038,-10.0
ppo,0,4039,-42.3
ppo,0,4041,-10.0
ppo,0,4043,-10.0
ppo,0,4044,-41.1
ppo,0,4046,-42.0
ppo,0,4047,-10.0
ppo,0,4048,-38.7
ppo,0,4049,-43.2
ppo,0,4050,-36.3
ppo,0,4052,-10.0
ppo,0,4053,-10.0
ppo,0,4054,-10.0
ppo,0,4055,-36.3
ppo,0,4056,-10.0
ppo,0,4058,-10.0
ppo,0,4059,-10.0
ppo,0,4061,-10.0
ppo,0,4062,-62.1
ppo,0,4064,-10.0
ppo,0,4065,-10.0
ppo,0,4066,-10.0
ppo,0,4067,-10.0
ppo,0,4068,-10.0
ppo,0,4070,-31.2
ppo,0,4071,-10.0
ppo,0,4072,-10.0
ppo,0,4073,-44.7
ppo,0,4074,-10.0
ppo,0,4075,-54.0
ppo,0,4076,-10.0
ppo,0,4077,-10.0
ppo,0,4080,-10.0
ppo,0,4082,-10.0
ppo,0,4086,-46.5
ppo,0,4088,-10.0
ppo,0,4090,-48.3
ppo,0,4091,-48.9
ppo,0,4094,-10.0
ppo,0,4096,-10.0
ppo,0,4097,-10.0
ppo,0,4098,-10.0
ppo,0,4099,-10.0
ppo,0,4100,-53.7
ppo,0,4101,-10.0
ppo,0,4102,-10.0
ppo,0,4103,-10.0
ppo,0,4104,-10.0
ppo,0,4105,-10.0
ppo,0,4109,-10.0
ppo,0,4111,-10.0
ppo,0,4113,-28.5
ppo,0,4120,-10.0
ppo,0,4121,-10.0
ppo,0,4125,-10.0
ppo,0,4126,-10.0
ppo,0,4128,-10.0
ppo,0,4130,-10.0
ppo,0,4131,-10.0
ppo,0,4132,-30.9
ppo,0,4133,-10.0
ppo,0,4134,-10.0
ppo,0,4137,-10.0
ppo,0,4138,-10.0
ppo,0,4139,-10.0
ppo,0,4140,-10.0
ppo,0,4142,-10.0
ppo,0,4143,-10.0
ppo,0,4144,-10.0
ppo,0,4148,-10.0
ppo,0,4149,-10.0
ppo,0,4151,-10.0
ppo,0,4152,-10.0
ppo,0,4155,-10.0
ppo,0,4156,-10.0
ppo,0,4157,-10.0
ppo,0,4158,-10.0
ppo,0,4159,-10.0
ppo,0,4161,-10.0
ppo,0,4163,-10.0
ppo,0,4164,-10.0
ppo,0,4165,-10.0
ppo,0,4167,-10.0
ppo,0,4169,-10.0
ppo,0,4171,-10.0
ppo,0,4172,-10.0
ppo,0,4173,-10.0
ppo,0,4174,-10.0
ppo,0,4175,-10.0
ppo,0,4176,-10.0
ppo,0,4178,-10.0
ppo,0,4179,-10.0
ppo,0,4182,-10.0
ppo,0,4189,-10.0
ppo,0,4190,-10.0
ppo,0,4191,-10.0
ppo,0,4193,-10.0
ppo,0,4194,-45.0
ppo,0,4195,-40.2
ppo,0,4196,-10.0
ppo,0,4198,-10.0
ppo,0,4200,-10.0
ppo,0,4203,-25.2
ppo,0,4206,-10.0
ppo,0,4208,-10.0
ppo,0,4209,-10.0
ppo,0,4211,-10.0
ppo,0,4212,-10.0
ppo,0,4214,-10.0
ppo,0,4217,-10.0
ppo,0,4218,-10.0
ppo,0,4219,-10.0
ppo,0,4220,-78.6
ppo,0,4222,-10.0
ppo,0,4227,-10.0
ppo,0,4231,-10.0
ppo,0,4233,-10.0
ppo,0,4235,-10.0
ppo,0,4236,-10.0
ppo,0,4237,-10.0
ppo,0,4239,-10.0
ppo,0,4241,-65.1
ppo,0,4243,-10.0
ppo,0,4244,-10.0
ppo,0,4245,-10.0
ppo,0,4246,-10.0
ppo,0,4248,-41.1
ppo,0,4249,-10.0
ppo,0,4250,-10.0
ppo,0,4251,-10.0
ppo,0,4254,-10.0
ppo,0,4257,-10.0
ppo,0,4258,-10.0
ppo,0,4259,-10.0
ppo,0,4260,-10.0
ppo,0,4261,-42.9
ppo,0,4262,-10.0
ppo,0,4267,-10.0
ppo,0,4271,-10.0
ppo,0,4272,-10.0
ppo,0,4273,-10.0
ppo,0,4274,-10.0
ppo,0,4275,-10.0
ppo,0,4276,-10.0
ppo,0,4279,-42.0
ppo,0,4280,-10.0
ppo,0,4283,-10.0
ppo,0,4284,-10.0
ppo,0,4285,-25.8
ppo,0,4286,-10.0
ppo,0,4289,-10.0
ppo,0,4291,-10.0
ppo,0,4296,-10.0
ppo,0,4298,-42.9
ppo,0,4300,-45.0
ppo,0,4301,-10.0
ppo,0,4304,-28.2
ppo,0,4305,-10.0
ppo,0,4306,-10.0
ppo,0,4307,-10.0
ppo,0,4308,-10.0
ppo,0,4309,-10.0
ppo,0,4312,-10.0
ppo,0,4313,-10.0
ppo,0,4314,-10.0
ppo,0,4319,-10.0
ppo,0,4320,-10.0
ppo,0,4322,-10.0
ppo,0,4323,-10.0
ppo,0,4324,-10.0
ppo,0,4326,-10.0
ppo,0,4328,-10.0
ppo,0,4330,-10.0
ppo,0,4332,-10.0
ppo,0,4337,-10.0
ppo,0,4338,-47.1
ppo,0,4342,-45.9
ppo,0,4343,-10.0
ppo,0,4344,-10.0
ppo,0,4345,-10.0
ppo,0,4346,-10.0
ppo,0,4347,-10.0
ppo,0,4349,-67.8
ppo,0,4350,-10.0
ppo,0,4351,-10.0
ppo,0,4353,-10.0
ppo,0,4358,-10.0
ppo,0,4361,-10.0
ppo,0,4363,-10.0
ppo,0,4364,-10.0
ppo,0,4366,-10.0
ppo,0,4367,-48.6
ppo,0,4369,-10.0
ppo,0,4370,-54.0
ppo,0,4371,-10.0
ppo,0,4372,-10.0
ppo,0,4373,-10.0
ppo,0,4375,-10.0
ppo,0,4377,-10.0
ppo,0,4380,-10.0
ppo,0,4383,-10.0
ppo,0,4385,-10.0
ppo,0,4388,-10.0
ppo,0,4390,-41.1
ppo,0,4393,-10.0
ppo,0,4394,-10.0
ppo,0,4395,-10.0
ppo,0,4396,-10.0
ppo,0,4399,-60.9
ppo,0,4402,-10.0
ppo,0,4404,-69.3
ppo,0,4406,-24.9
ppo,0,4407,-10.0
ppo,0,4408,-10.0
ppo,0,4409,-10.0
ppo,0,4412,-10.0
ppo,0,4413,-48.9
ppo,0,4415,-10.0
ppo,0,4416,-10.0
ppo,0,4418,-35.4
ppo,0,4421,-10.0
ppo,0,4422,-10.0
ppo,0,4423,-10.0
ppo,0,4424,-10.0
ppo,0,4425,-10.0
ppo,0,4426,-10.0
ppo,0,4428,-10.0
ppo,0,4429,-10.0
ppo,0,4431,-10.0
ppo,0,4432,-10.0
ppo,0,4434,-10.0
ppo,0,4435,-32.1
ppo,0,4437,-66.9
ppo,0,4438,-10.0
ppo,0,4440,-10.0
ppo,0,4441,-10.0
ppo,0,4443,-30.6
ppo,0,4444,-10.0
ppo,0,4445,-10.0
ppo,0,4447,-24.9
ppo,0,4448,-10.0
ppo,0,4449,-10.0
ppo,0,4450,-10.0
ppo,0,4454,-10.0
ppo,0,4455,-10.0
ppo,0,4456,-10.0
ppo,0,4460,-10.0
ppo,0,4461,-10.0
ppo,0,4462,-10.0
ppo,0,4463,-10.0
ppo,0,4466,-10.0
ppo,0,4469,-29.1
ppo,0,4471,-45.0
ppo,0,4472,-10.0
ppo,0,4473,-10.0
ppo,0,4474,-10.0
ppo,0,4475,-10.0
ppo,0,4477,-10.0
ppo,0,4478,-10.0
ppo,0,4479,-10.0
ppo,0,4483,-10.0
ppo,0,4484,-10.0
ppo,0,4486,-10.0
ppo,0,4487,-49.5
ppo,0,4488,-10.0
ppo,0,4489,-48.6
ppo,0,4491,-10.0
ppo,0,4493,-45.0
ppo,0,4494,-10.0
ppo,0,4497,-10.0
ppo,0,4498,-53.7
ppo,0,4500,-10.0
ppo,0,4502,-10.0
ppo,0,4504,-10.0
ppo,0,4505,-10.0
ppo,0,4506,-10.0
ppo,0,4508,-10.0
ppo,0,4509,-10.0
ppo,0,4511,-10.0
ppo,0,4513,-10.0
ppo,0,4514,-10.0
ppo,0,4516,-85.2
ppo,0,4517,-33.6
ppo,0,4522,-10.0
ppo,0,4523,-10.0
ppo,0,4524,-10.0
ppo,0,4529,-10.0
ppo,0,4533,-10.0
ppo,0,4535,-10.0
ppo,0,4536,-10.0
ppo,0,4538,-10.0
ppo,0,4540,-10.0
ppo,0,4541,-10.0
ppo,0,4543,-10.0
ppo,0,4544,-48.6
ppo,0,4545,-10.0
ppo,0,4548,-10.0
ppo,0,4549,-35.7
ppo,0,4550,-10.0
ppo,0,4551,-10.0
ppo,0,4554,-10.0
ppo,0,4555,-10.0
ppo,0,4556,-41.1
ppo,0,4557,-10.0
ppo,0,4558,-10.0
ppo,0,4559,-10.0
ppo,0,4560,-10.0
ppo,0,4562,-10.0
ppo,0,4564,-10.0
ppo,0,4565,-10.0
ppo,0,4567,-10.0
ppo,0,4568,-10.0
ppo,0,4569,-10.0
ppo,0,4570,-10.0
ppo,0,4571,-10.0
ppo,0,4573,-10.0
ppo,0,4574,-10.0
ppo,0,4576,-10.0
ppo,0,4578,-10.0
ppo,0,4580,-10.0
ppo,0,4581,-10.0
ppo,0,4582,-10.0
ppo,0,4583,-10.0
ppo,0,4584,-10.0
ppo,0,4585,-10.0
ppo,0,4588,-10.0
ppo,0,4590,-10.0
ppo,0,4591,-10.0
ppo,0,4592,-10.0
ppo,0,4593,-45.3
ppo,0,4595,-10.0
ppo,0,4596,-10.0
ppo,0,4597,-10.0
ppo,0,4598,-10.0
ppo,0,4601,-10.0
ppo,0,4602,-10.0
ppo,0,4603,-10.0
ppo,0,4604,-10.0
ppo,0,4605,-10.0
ppo,0,4607,-37.8
ppo,0,4609,-42.0
ppo,0,4610,-70.8
ppo,0,4611,-10.0
ppo,0,4614,-10.0
ppo,0,4618,-10.0
ppo,0,4620,-10.0
ppo,0,4622,-10.0
ppo,0,4623,-10.0
ppo,0,4625,-10.0
ppo,0,4627,-10.0
ppo,0,4628,-10.0
ppo,0,4629,-10.0
ppo,0,4630,-10.0
ppo,0,4635,-10.0
ppo,0,4636,-10.0
ppo,0,4637,-42.3
ppo,0,4639,-10.0
ppo,0,4640,-10.0
ppo,0,4643,-10.0
ppo,0,4644,-10.0
ppo,0,4645,-10.0
ppo,0,4649,-10.0
ppo,0,4651,-42.9
ppo,0,4653,-41.7
ppo,0,4654,-45.0
ppo,0,4656,-10.0
ppo,0,4657,-10.0
ppo,0,4658,-10.0
ppo,0,4659,-10.0
ppo,0,4660,-10.0
ppo,0,4661,-10.0
ppo,0,4664,-10.0
ppo,0,4667,-10.0
ppo,0,4668,-10.0
ppo,0,4669,-10.0
ppo,0,4670,-10.0
ppo,0,4671,-35.7
ppo,0,4673,-10.0
ppo,0,4674,-10.0
ppo,0,4676,-10.0
ppo,0,4678,-10.0
ppo,0,4679,-10.0
ppo,0,4680,-10.0
ppo,0,4681,-10.0
ppo,0,4682,-10.0
ppo,0,4683,-51.3
ppo,0,4684,-10.0
ppo,0,4686,-67.2
ppo,0,4689,-10.0
ppo,0,4690,-10.0
ppo,0,4691,-10.0
ppo,0,4692,-10.0
ppo,0,4693,-31.5
ppo,0,4694,-10.0
ppo,0,4695,-10.0
ppo,0,4696,-10.0
ppo,0,4699,-10.0
ppo,0,4701,-10.0
ppo,0,4702,-10.0
ppo,0,4703,-10.0
ppo,0,4704,-10.0
ppo,0,4705,-10.0
ppo,0,4709,-10.0
ppo,0,4710,-10.0
ppo,0,4711,-43.5
ppo,0,4712,-10.0
ppo,0,4716,-10.0
ppo,0,4720,-10.0
ppo,0,4721,-10.0
ppo,0,4723,-10.0
ppo,0,4725,-38.1
ppo,0,4727,-48.6
ppo,0,4729,-10.0
ppo,0,4730,-45.0
ppo,0,4731,-10.0
ppo,0,4732,-10.0
ppo,0,4733,-10.0
ppo,0,4734,-10.0
ppo,0,4736,-22.8
ppo,0,4737,-10.0
ppo,0,4739,-10.0
ppo,0,4741,-10.0
ppo,0,4742,-87.0
ppo,0,4743,-10.0
ppo,0,4744,-10.0
ppo,0,4746,-10.0
ppo,0,4748,-10.0
ppo,0,4749,-10.0
ppo,0,4750,-10.0
ppo,0,4752,-10.0
ppo,0,4753,-10.0
ppo,0,4756,-10.0
ppo,0,4759,-10.0
ppo,0,4764,-10.0
ppo,0,4765,-10.0
ppo,0,4766,-10.0
ppo,0,4767,-48.6
ppo,0,4768,-10.0
ppo,0,4769,-28.8
ppo,0,4770,-48.9
ppo,0,4771,-10.0
ppo,0,4773,-10.0
ppo,0,4774,-10.0
ppo,0,4776,-10.0
ppo,0,4777,-10.0
ppo,0,4778,-10.0
ppo,0,4783,-10.0
ppo,0,4786,-10.0
ppo,0,4788,-10.0
ppo,0,4789,-48.6
ppo,0,4792,-10.0
ppo,0,4794,-10.0
ppo,0,4795,-10.0
ppo,0,4796,-10.0
ppo,0,4797,-10.0
ppo,0,4799,-10.0
ppo,0,4804,-10.0
ppo,0,4805,-10.0
ppo,0,4807,-10.0
ppo,0,4808,-10.0
ppo,0,4809,-10.0
ppo,0,4810,-45.3
ppo,0,4811,-10.0
ppo,0,4812,-10.0
ppo,0,4815,-10.0
ppo,0,4819,-10.0
ppo,0,4822,-10.0
ppo,0,4824,-10.0
ppo,0,4825,-10.0
ppo,0,4828,-28.2
ppo,0,4830,-10.0
ppo,0,4831,-10.0
ppo,0,4832,-10.0
ppo,0,4833,-10.0
ppo,0,4835,-10.0
ppo,0,4836,-10.0
ppo,0,4837,-10.0
ppo,0,4838,-10.0
ppo,0,4839,-10.0
ppo,0,4841,-10.0
ppo,0,4842,-10.0
ppo,0,4844,-10.0
ppo,0,4846,-10.0
ppo,0,4847,-10.0
ppo,0,4849,-10.0
ppo,0,4853,-10.0
ppo,0,4854,-10.0
ppo,0,4856,-10.0
ppo,0,4858,-10.0
ppo,0,4859,-10.0
ppo,0,4860,-42.9
ppo,0,4861,-10.0
ppo,0,4862,-10.0
ppo,0,4864,-10.0
ppo,0,4867,-10.0
ppo,0,4868,-10.0
ppo,0,4870,-36.0
ppo,0,4871,-31.5
ppo,0,4879,-10.0
ppo,0,4881,-10.0
ppo,0,4882,-10.0
ppo,0,4885,-10.0
ppo,0,4887,-10.0
ppo,0,4888,-10.0
ppo,0,4889,-10.0
ppo,0,4890,-10.0
ppo,0,4891,-10.0
ppo,0,4894,-10.0
ppo,0,4895,-10.0
ppo,0,4896,-10.0
ppo,0,4898,-10.0
ppo,0,4900,-10.0
ppo,0,4903,-10.0
ppo,0,4904,-10.0
ppo,0,4905,-10.0
ppo,0,4906,-10.0
ppo,0,4907,-10.0
ppo,0,4909,-10.0
ppo,0,4911,-34.2
ppo,0,4912,-10.0
ppo,0,4914,-10.0
ppo,0,4915,-10.0
ppo,0,4916,-10.0
ppo,0,4917,-41.1
ppo,0,4918,-10.0
ppo,0,4920,-44.4
ppo,0,4921,-10.0
ppo,0,4922,-10.0
ppo,0,4924,-10.0
ppo,0,4925,-10.0
ppo,0,4930,-10.0
ppo,0,4932,-10.0
ppo,0,4933,-10.0
ppo,0,4935,-10.0
ppo,0,4937,-10.0
ppo,0,4938,-10.0
ppo,0,4939,-10.0
ppo,0,4940,-10.0
ppo,0,4941,-10.0
ppo,0,4942,-47.4
ppo,0,4943,-10.0
ppo,0,4944,-42.9
ppo,0,4945,-10.0
ppo,0,4947,-10.0
ppo,0,4948,-10.0
ppo,0,4949,-10.0
ppo,0,4952,-61.8
ppo,0,4954,-10.0
ppo,0,4956,-10.0
ppo,0,4957,-10.0
ppo,0,4959,-85.2
ppo,0,4960,-10.0
ppo,0,4961,-56.7
ppo,0,4962,-10.0
ppo,0,4965,-10.0
ppo,0,4968,-10.0
ppo,0,4969,-10.0
ppo,0,4975,-10.0
ppo,0,4976,-10.0
ppo,0,4977,-10.0
ppo,0,4979,-10.0
ppo,0,4981,-10.0
ppo,0,4982,-67.2
ppo,0,4984,-10.0
ppo,0,4985,-10.0
ppo,0,4990,-52.5
ppo,0,4991,-41.4
ppo,0,4993,-24.9
ppo,0,4996,-10.0
ppo,0,4997,-10.0
ppo,0,4999,-10.0
ppo,0,5000,-10.0
ppo,0,5009,-10.0
ppo,0,5010,-10.0
ppo,0,5011,-10.0
ppo,0,5012,-10.0
ppo,0,5013,-10.0
ppo,0,5015,-10.0
ppo,0,5016,-10.0
ppo,0,5017,-10.0
ppo,0,5018,-10.0
ppo,0,5019,-10.0
ppo,0,5020,-25.8
ppo,0,5021,-38.4
ppo,0,5022,-45.3
ppo,0,5023,-35.1
ppo,0,5025,-10.0
ppo,0,5026,-10.0
ppo,0,5027,-10.0
ppo,0,5028,-30.9
ppo,0,5030,-46.5
ppo,0,5031,-10.0
ppo,0,5033,-10.0
ppo,0,5034,-30.9
ppo,0,5035,-10.0
ppo,0,5036,-10.0
ppo,0,5037,-10.0
ppo,0,5040,-10.0
ppo,0,5042,-10.0
ppo,0,5043,-10.0
ppo,0,5044,-10.0
ppo,0,5045,-10.0
ppo,0,5047,-10.0
ppo,0,5051,-10.0
ppo,0,5052,-43.2
ppo,0,5053,-10.0
ppo,0,5055,-10.0
ppo,0,5057,-10.0
ppo,0,5059,-10.0
ppo,0,5060,-44.7
ppo,0,5067,-10.0
ppo,0,5068,-10.0
ppo,0,5071,-10.0
ppo,0,5072,-10.0
ppo,0,5073,-10.0
ppo,0,5074,-10.0
ppo,0,5075,-10.0
ppo,0,5080,-30.3
ppo,0,5081,-30.9
ppo,0,5082,-10.0
ppo,0,5083,-10.0
ppo,0,5084,-31.5
ppo,0,5085,-40.2
ppo,0,5086,-10.0
ppo,0,5087,-10.0
ppo,0,5088,-10.0
ppo,0,5089,-43.2
ppo,0,5090,-10.0
ppo,0,5091,-10.0
ppo,0,5092,-10.0
ppo,0,5093,-10.0
ppo,0,5095,-10.0
ppo,0,5098,-10.0
ppo,0,5101,-10.0
ppo,0,5103,-10.0
ppo,0,5105,-10.0
ppo,0,5106,-10.0
ppo,0,5107,-10.0
ppo,0,5111,-43.5
ppo,0,5112,-10.0
ppo,0,5118,-42.9
ppo,0,5119,-10.0
ppo,0,5121,-48.3
ppo,0,5123,-44.4
ppo,0,5124,-10.0
ppo,0,5125,-10.0
ppo,0,5126,-42.6
ppo,0,5129,-10.0
ppo,0,5130,-10.0
ppo,0,5131,-23.1
ppo,0,5134,-10.0
ppo,0,5135,-10.0
ppo,0,5137,-10.0
ppo,0,5138,-10.0
ppo,0,5139,-10.0
ppo,0,5143,-10.0
ppo,0,5144,-10.0
ppo,0,5146,-10.0
ppo,0,5147,-10.0
ppo,0,5148,-36.3
ppo,0,5149,-47.1
ppo,0,5150,-30.9
ppo,0,5153,-10.0
ppo,0,5159,-10.0
ppo,0,5161,-10.0
ppo,0,5162,-10.0
ppo,0,5164,-10.0
ppo,0,5166,-10.0
ppo,0,5167,-10.0
ppo,0,5169,-10.0
ppo,0,5170,-10.0
ppo,0,5171,-69.6
ppo,0,5173,-10.0
ppo,0,5175,-10.0
ppo,0,5178,-10.0
ppo,0,5179,-30.9
ppo,0,5181,-10.0
ppo,0,5182,-10.0
ppo,0,5183,-10.0
ppo,0,5184,-10.0
ppo,0,5186,-53.1
ppo,0,5187,-10.0
ppo,0,5190,-10.0
ppo,0,5191,-10.0
ppo,0,5197,-10.0
ppo,0,5198,-34.5
ppo,0,5199,-10.0
ppo,0,5201,-48.9
ppo,0,5202,-10.0
ppo,0,5203,-10.0
ppo,0,5205,-10.0
ppo,0,5213,-10.0
ppo,0,5214,-10.0
ppo,0,5218,-10.0
ppo,0,5219,-10.0
ppo,0,5221,-10.0
ppo,0,5222,-10.0
ppo,0,5224,-10.0
ppo,0,5225,-68.1
ppo,0,5226,-10.0
ppo,0,5227,-10.0
ppo,0,5230,-10.0
ppo,0,5232,-10.0
ppo,0,5234,-10.0
ppo,0,5238,-44.4
ppo,0,5239,-53.7
ppo,0,5240,-45.3
ppo,0,5243,-10.0
ppo,0,5244,-10.0
ppo,0,5246,-10.0
ppo,0,5248,-10.0
ppo,0,5253,-30.9
ppo,0,5254,-10.0
ppo,0,5255,-10.0
ppo,0,5258,-10.0
ppo,0,5260,-49.2
ppo,0,5262,-10.0
ppo,0,5263,-10.0
ppo,0,5264,-61.5
ppo,0,5265,-10.0
ppo,0,5266,-10.0
ppo,0,5267,-10.0
ppo,0,5268,-10.0
ppo,0,5271,-10.0
ppo,0,5272,-10.0
ppo,0,5273,-10.0
ppo,0,5274,-10.0
ppo,0,5278,-10.0
ppo,0,5285,-10.0
ppo,0,5286,-10.0
ppo,0,5287,-10.0
ppo,0,5288,-10.0
ppo,0,5289,-10.0
ppo,0,5290,-10.0
ppo,0,5291,-10.0
ppo,0,5293,-10.0
ppo,0,5294,-10.0
ppo,0,5295,-35.1
ppo,0,5296,-56.7
ppo,0,5297,-10.0
ppo,0,5298,-10.0
ppo,0,5302,-10.0
ppo,0,5304,-10.0
ppo,0,5308,-10.0
ppo,0,5309,-10.0
ppo,0,5310,-10.0
ppo,0,5313,-46.2
ppo,0,5314,-10.0
ppo,0,5315,-10.0
ppo,0,5318,-10.0
ppo,0,5319,-10.0
ppo,0,5321,-10.0
ppo,0,5322,-62.4
ppo,0,5323,-10.0
ppo,0,5324,-10.0
ppo,0,5325,-10.0
ppo,0,5326,-10.0
ppo,0,5327,-10.0
ppo,0,5329,-10.0
ppo,0,5330,-10.0
ppo,0,5331,-32.1
ppo,0,5332,-10.0
ppo,0,5334,-10.0
ppo,0,5335,-10.0
ppo,0,5337,-10.0
ppo,0,5338,-10.0
ppo,0,5340,-10.0
ppo,0,5341,-10.0
ppo,0,5342,-45.3
ppo,0,5343,-10.0
ppo,0,5344,-10.0
ppo,0,5345,-32.1
ppo,0,5346,-10.0
ppo,0,5347,-10.0
ppo,0,5349,-10.0
ppo,0,5350,-30.9
ppo,0,5351,-10.0
ppo,0,5352,-10.0
ppo,0,5353,-10.0
ppo,0,5354,-10.0
ppo,0,5355,-40.2
ppo,0,5359,-10.0
ppo,0,5360,-10.0
ppo,0,5361,-41.1
ppo,0,5363,-10.0
ppo,0,5364,-10.0
ppo,0,5365,-10.0
ppo,0,5367,-10.0
ppo,0,5369,-10.0
ppo,0,5372,-10.0
ppo,0,5376,-10.0
ppo,0,5379,-53.4
ppo,0,5381,-10.0
ppo,0,5384,-10.0
ppo,0,5385,-10.0
ppo,0,5386,-10.0
ppo,0,5387,-10.0
ppo,0,5388,-10.0
ppo,0,5390,-10.0
ppo,0,5391,-10.0
ppo,0,5393,-31.2
ppo,0,5394,-25.2
ppo,0,5395,-10.0
ppo,0,5396,-10.0
ppo,0,5397,-10.0
ppo,0,5400,-10.0
ppo,0,5401,-10.0
ppo,0,5402,-10.0
ppo,0,5404,-10.0
ppo,0,5406,-66.9
ppo,0,5407,-10.0
ppo,0,5408,-38.4
ppo,0,5409,-10.0
ppo,0,5410,-10.0
ppo,0,5411,-10.0
ppo,0,5413,-10.0
ppo,0,5414,-10.0
ppo,0,5415,-10.0
ppo,0,5416,-10.0
ppo,0,5417,-10.0
ppo,0,5418,-10.0
ppo,0,5420,-10.0
ppo,0,5422,-10.0
ppo,0,5424,-10.0
ppo,0,5426,-10.0
ppo,0,5427,-38.4
ppo,0,5429,-10.0
ppo,0,5431,-10.0
ppo,0,5433,-47.4
ppo,0,5434,-10.0
ppo,0,5435,-42.3
ppo,0,5436,-10.0
ppo,0,5438,-10.0
ppo,0,5439,-10.0
ppo,0,5440,-10.0
ppo,0,5441,-10.0
ppo,0,5443,-10.0
ppo,0,5444,-10.0
ppo,0,5445,-10.0
ppo,0,5446,-87.0
ppo,0,5447,-10.0
ppo,0,5448,-10.0
ppo,0,5451,-10.0
ppo,0,5452,-10.0
ppo,0,5453,-10.0
ppo,0,5454,-10.0
ppo,0,5458,-10.0
ppo,0,5459,-10.0
ppo,0,5460,-29.7
ppo,0,5462,-10.0
ppo,0,5463,-10.0
ppo,0,5465,-10.0
ppo,0,5468,-10.0
ppo,0,5470,-10.0
ppo,0,5471,-10.0
ppo,0,5473,-10.0
ppo,0,5474,-41.1
ppo,0,5475,-10.0
ppo,0,5476,-10.0
ppo,0,5480,-10.0
ppo,0,5483,-10.0
ppo,0,5484,-10.0
ppo,0,5485,-10.0
ppo,0,5487,-10.0
ppo,0,5488,-10.0
ppo,0,5489,-10.0
ppo,0,5490,-30.9
ppo,0,5492,-10.0
ppo,0,5494,-10.0
ppo,0,5495,-10.0
ppo,0,5496,-36.3
ppo,0,5497,-10.0
ppo,0,5498,-10.0
ppo,0,5499,-32.1
ppo,0,5500,-10.0
ppo,0,5502,-10.0
ppo,0,5508,-39.9
ppo,0,5510,-44.4
ppo,0,5512,-10.0
ppo,0,5515,-10.0
ppo,0,5517,-10.0
ppo,0,5521,-10.0
ppo,0,5522,-10.0
ppo,0,5523,-25.8
ppo,0,5524,-10.0
ppo,0,5525,-10.0
ppo,0,5528,-10.0
ppo,0,5530,-10.0
ppo,0,5531,-10.0
ppo,0,5532,-69.6
ppo,0,5533,-10.0
ppo,0,5534,-10.0
ppo,0,5535,-10.0
ppo,0,5536,-10.0
ppo,0,5537,-10.0
ppo,0,5538,-10.0
ppo,0,5540,-10.0
ppo,0,5544,-53.1
ppo,0,5545,-10.0
ppo,0,5546,-34.5
ppo,0,5549,-39.6
ppo,0,5552,-10.0
ppo,0,5554,-10.0
ppo,0,5558,-67.2
ppo,0,5559,-36.9
ppo,0,5568,-10.0
ppo,0,5569,-10.0
ppo,0,5571,-10.0
ppo,0,5572,-10.0
ppo,0,5573,-10.0
ppo,0,5576,-10.0
ppo,0,5578,-10.0
ppo,0,5580,-10.0
ppo,0,5582,-10.0
ppo,0,5583,-10.0
ppo,0,5584,-10.0
ppo,0,5585,-46.8
ppo,0,5586,-10.0
ppo,0,5587,-10.0
ppo,0,5588,-10.0
ppo,0,5589,-10.0
ppo,0,5591,-33.3
ppo,0,5593,-10.0
ppo,0,5594,-10.0
ppo,0,5597,-61.8
ppo,0,5598,-30.6
ppo,0,5601,-10.0
ppo,0,5602,-10.0
ppo,0,5603,-10.0
ppo,0,5606,-10.0
ppo,0,5608,-10.0
ppo,0,5609,-10.0
ppo,0,5610,-54.0
ppo,0,5611,-10.0
ppo,0,5612,-10.0
ppo,0,5613,-10.0
ppo,0,5614,-10.0
ppo,0,5615,-10.0
ppo,0,5616,-42.6
ppo,0,5619,-10.0
ppo,0,5620,-10.0
ppo,0,5622,-10.0
ppo,0,5623,-10.0
ppo,0,5624,-10.0
ppo,0,5625,-48.6
ppo,0,5630,-10.0
ppo,0,5631,-10.0
ppo,0,5632,-10.0
ppo,0,5633,-25.8
ppo,0,5636,-10.0
ppo,0,5637,-10.0
ppo,0,5640,-10.0
ppo,0,5642,-10.0
ppo,0,5643,-10.0
ppo,0,5644,-41.1
ppo,0,5645,-10.0
ppo,0,5646,-30.9
ppo,0,5648,-10.0
ppo,0,5650,-10.0
ppo,0,5651,-10.0
ppo,0,5652,-10.0
ppo,0,5653,-10.0
ppo,0,5654,-10.0
ppo,0,5656,-10.0
ppo,0,5657,-10.0
ppo,0,5662,-10.0
ppo,0,5663,-10.0
ppo,0,5664,-10.0
ppo,0,5665,-10.0
ppo,0,5666,-10.0
ppo,0,5667,-10.0
ppo,0,5670,-10.0
ppo,0,5671,-10.0
ppo,0,5672,-56.7
ppo,0,5673,-10.0
ppo,0,5674,-10.0
ppo,0,5675,-10.0
ppo,0,5678,-10.0
ppo,0,5680,-10.0
ppo,0,5681,-10.0
ppo,0,5682,-48.9
ppo,0,5684,-35.4
ppo,0,5685,-10.0
ppo,0,5686,-62.1
ppo,0,5687,-10.0
ppo,0,5689,-10.0
ppo,0,5690,-10.0
ppo,0,5692,-10.0
ppo,0,5693,-10.0
ppo,0,5694,-10.0
ppo,0,5695,-10.0
ppo,0,5696,-10.0
ppo,0,5697,-10.0
ppo,0,5698,-10.0
ppo,0,5699,-10.0
ppo,0,5700,-10.0
ppo,0,5702,-10.0
ppo,0,5703,-10.0
ppo,0,5704,-10.0
ppo,0,5705,-44.7
ppo,0,5706,-10.0
ppo,0,5707,-10.0
ppo,0,5708,-10.0
ppo,0,5711,-10.0
ppo,0,5712,-10.0
ppo,0,5714,-10.0
ppo,0,5715,-10.0
ppo,0,5716,-10.0
ppo,0,5717,-10.0
ppo,0,5719,-44.1
ppo,0,5720,-10.0
ppo,0,5721,-10.0
ppo,0,5725,-10.0
ppo,0,5726,-10.0
ppo,0,5727,-10.0
ppo,0,5728,-10.0
ppo,0,5730,-10.0
ppo,0,5732,-69.3
ppo,0,5734,-10.0
ppo,0,5737,-10.0
ppo,0,5738,-10.0
ppo,0,5740,-10.0
ppo,0,5741,-10.0
ppo,0,5744,-10.0
ppo,0,5749,-10.0
ppo,0,5750,-10.0
ppo,0,5751,-10.0
ppo,0,5752,-10.0
ppo,0,5754,-10.0
ppo,0,5755,-48.6
ppo,0,5756,-10.0
ppo,0,5757,-10.0
ppo,0,5758,-10.0
ppo,0,5763,-10.0
ppo,0,5766,-10.0
ppo,0,5767,-10.0
ppo,0,5768,-10.0
ppo,0,5769,-47.7
ppo,0,5770,-10.0
ppo,0,5771,-10.0
ppo,0,5773,-10.0
ppo,0,5774,-93.3
ppo,0,5775,-10.0
ppo,0,5776,-10.0
ppo,0,5778,-10.0
ppo,0,5779,-41.1
ppo,0,5780,-10.0
ppo,0,5781,-10.0
ppo,0,5783,-10.0
ppo,0,5784,-33.6
ppo,0,5786,-10.0
ppo,0,5787,-10.0
ppo,0,5790,-10.0
ppo,0,5791,-10.0
ppo,0,5792,-10.0
ppo,0,5793,-43.2
ppo,0,5794,-10.0
ppo,0,5795,-10.0
ppo,0,5796,-40.2
ppo,0,5797,-10.0
ppo,0,5798,-10.0
ppo,0,5799,-67.2
ppo,0,5801,-10.0
ppo,0,5802,-10.0
ppo,0,5804,-24.9
ppo,0,5806,-10.0
ppo,0,5807,-10.0
ppo,0,5811,-10.0
ppo,0,5812,-10.0
ppo,0,5813,-10.0
ppo,0,5818,-10.0
ppo,0,5819,-45.0
ppo,0,5821,-10.0
ppo,0,5823,-10.0
ppo,0,5824,-32.1
ppo,0,5826,-10.0
ppo,0,5828,-61.8
ppo,0,5829,-10.0
ppo,0,5830,-10.0
ppo,0,5831,-10.0
ppo,0,5832,-10.0
ppo,0,5833,-10.0
ppo,0,5834,-10.0
ppo,0,5837,-84.9
ppo,0,5838,-10.0
ppo,0,5841,-37.8
ppo,0,5842,-10.0
ppo,0,5843,-36.9
ppo,0,5844,-10.0
ppo,0,5846,-10.0
ppo,0,5847,-34.5
ppo,0,5848,-10.0
ppo,0,5849,-38.7
ppo,0,5852,-10.0
ppo,0,5853,-10.0
ppo,0,5854,-10.0
ppo,0,5855,-10.0
ppo,0,5856,-44.4
ppo,0,5857,-10.0
ppo,0,5858,-28.8
ppo,0,5860,-10.0
ppo,0,5864,-10.0
ppo,0,5866,-10.0
ppo,0,5869,-10.0
ppo,0,5870,-10.0
ppo,0,5871,-10.0
ppo,0,5874,-10.0
ppo,0,5875,-10.0
ppo,0,5877,-10.0
ppo,0,5879,-41.1
ppo,0,5880,-10.0
ppo,0,5884,-48.6
ppo,0,5885,-10.0
ppo,0,5886,-10.0
ppo,0,5887,-10.0
ppo,0,5891,-67.2
ppo,0,5893,-31.2
ppo,0,5895,-10.0
ppo,0,5896,-10.0
ppo,0,5898,-10.0
ppo,0,5902,-10.0
ppo,0,5905,-10.0
ppo,0,5906,-10.0
ppo,0,5910,-10.0
ppo,0,5911,-10.0
ppo,0,5913,-44.4
ppo,0,5916,-10.0
ppo,0,5917,-62.4
ppo,0,5918,-65.4
ppo,0,5920,-42.9
ppo,0,5922,-10.0
ppo,0,5923,-10.0
ppo,0,5924,-10.0
ppo,0,5927,-10.0
ppo,0,5928,-10.0
ppo,0,5931,-10.0
ppo,0,5932,-10.0
ppo,0,5933,-10.0
ppo,0,5935,-10.0
ppo,0,5936,-10.0
ppo,0,5939,-10.0
ppo,0,5941,-10.0
ppo,0,5943,-10.0
ppo,0,5944,-51.3
ppo,0,5945,-10.0
ppo,0,5946,-10.0
ppo,0,5947,-10.0
ppo,0,5948,-10.0
ppo,0,5950,-10.0
ppo,0,5952,-10.0
ppo,0,5955,-10.0
ppo,0,5957,-10.0
ppo,0,5960,-42.6
ppo,0,5965,-10.0
ppo,0,5969,-10.0
ppo,0,5971,-10.0
ppo,0,5972,-34.5
ppo,0,5973,-10.0
ppo,0,5975,-10.0
ppo,0,5978,-10.0
ppo,0,5979,-10.0
ppo,0,5981,-10.0
ppo,0,5983,-10.0
ppo,0,5984,-10.0
ppo,0,5985,-10.0
ppo,0,5987,-10.0
ppo,0,5988,-10.0
ppo,0,5989,-10.0
ppo,0,5993,-10.0
ppo,0,5994,-10.0
ppo,0,5995,-10.0
ppo,0,5999,-10.0
ppo,0,6000,-10.0
ppo,0,6001,-56.7
ppo,0,6003,-10.0
ppo,0,6005,-10.0
ppo,0,6007,-10.0
ppo,0,6011,-10.0
ppo,0,6012,-10.0
ppo,0,6015,-10.0
ppo,0,6017,-10.0
ppo,0,6018,-10.0
ppo,0,6019,-70.8
ppo,0,6021,-10.0
ppo,0,6023,-10.0
ppo,0,6024,-10.0
ppo,0,6026,-10.0
ppo,0,6027,-10.0
ppo,0,6028,-85.5
ppo,0,6029,-10.0
ppo,0,6030,-10.0
ppo,0,6031,-10.0
ppo,0,6033,-30.6
ppo,0,6036,-10.0
ppo,0,6037,-46.8
ppo,0,6038,-10.0
ppo,0,6039,-28.8
ppo,0,6041,-10.0
ppo,0,6042,-54.9
ppo,0,6046,-50.4
ppo,0,6047,-53.7
ppo,0,6049,-10.0
ppo,0,6051,-10.0
ppo,0,6053,-10.0
ppo,0,6054,-10.0
ppo,0,6055,-10.0
ppo,0,6057,-40.8
ppo,0,6058,-10.0
ppo,0,6060,-10.0
ppo,0,6064,-10.0
ppo,0,6069,-10.0
ppo,0,6071,-10.0
ppo,0,6072,-10.0
ppo,0,6073,-10.0
ppo,0,6074,-10.0
ppo,0,6075,-10.0
ppo,0,6076,-28.8
ppo,0,6077,-10.0
ppo,0,6079,-10.0
ppo,0,6080,-10.0
ppo,0,6083,-10.0
ppo,0,6087,-67.2
ppo,0,6088,-10.0
ppo,0,6089,-10.0
ppo,0,6090,-10.0
ppo,0,6092,-10.0
ppo,0,6095,-10.0
ppo,0,6098,-10.0
ppo,0,6099,-42.3
ppo,0,6102,-10.0
ppo,0,6103,-10.0
ppo,0,6104,-10.0
ppo,0,6107,-10.0
ppo,0,6109,-10.0
ppo,0,6111,-10.0
ppo,0,6113,-10.0
ppo,0,6117,-10.0
ppo,0,6120,-10.0
ppo,0,6121,-10.0
ppo,0,6124,-10.0
ppo,0,6125,-10.0
ppo,0,6127,-10.0
ppo,0,6128,-10.0
ppo,0,6129,-10.0
ppo,0,6130,-10.0
ppo,0,6131,-10.0
ppo,0,6132,-10.0
ppo,0,6135,-10.0
ppo,0,6140,-10.0
ppo,0,6142,-10.0
ppo,0,6145,-10.0
ppo,0,6146,-54.9
ppo,0,6149,-10.0
ppo,0,6152,-10.0
ppo,0,6154,-10.0
ppo,0,6158,-10.0
ppo,0,6161,-10.0
ppo,0,6162,-10.0
ppo,0,6166,-10.0
ppo,0,6169,-43.8
ppo,0,6170,-10.0
ppo,0,6171,-10.0
ppo,0,6172,-10.0
ppo,0,6174,-10.0
ppo,0,6179,-10.0
ppo,0,6180,-10.0
ppo,0,6181,-10.0
ppo,0,6182,-10.0
ppo,0,6183,-10.0
ppo,0,6184,-10.0
ppo,0,6185,-10.0
ppo,0,6186,-10.0
ppo,0,6187,-10.0
ppo,0,6188,-10.0
ppo,0,6190,-10.0
ppo,0,6191,-10.0
ppo,0,6194,-10.0
ppo,0,6195,-10.0
ppo,0,6196,-10.0
ppo,0,6200,-10.0
ppo,0,6201,-10.0
ppo,0,6202,-10.0
ppo,0,6203,-10.0
ppo,0,6206,-10.0
ppo,0,6207,-10.0
ppo,0,6208,-10.0
ppo,0,6209,-10.0
ppo,0,6210,-10.0
ppo,0,6211,-10.0
ppo,0,6214,-10.0
ppo,0,6215,-10.0
ppo,0,6216,-10.0
ppo,0,6217,-10.0
ppo,0,6218,-10.0
ppo,0,6219,-10.0
ppo,0,6222,-10.0
ppo,0,6223,-32.1
ppo,0,6225,-10.0
ppo,0,6226,-10.0
ppo,0,6228,-10.0
ppo,0,6229,-10.0
ppo,0,6232,-10.0
ppo,0,6233,-10.0
ppo,0,6234,-10.0
ppo,0,6235,-10.0
ppo,0,6236,-10.0
ppo,0,6237,-10.0
ppo,0,6239,-10.0
ppo,0,6240,-34.5
ppo,0,6241,-10.0
ppo,0,6242,-10.0
ppo,0,6243,-10.0
ppo,0,6244,-10.0
ppo,0,6245,-10.0
ppo,0,6246,-10.0
ppo,0,6247,-10.0
ppo,0,6250,-10.0
ppo,0,6252,-10.0
ppo,0,6253,-10.0
ppo,0,6256,-10.0
ppo,0,6257,-10.0
ppo,0,6258,-10.0
ppo,0,6259,-10.0
ppo,0,6260,-10.0
ppo,0,6261,-10.0
ppo,0,6263,-10.0
ppo,0,6264,-10.0
ppo,0,6265,-10.0
ppo,0,6267,-10.0
ppo,0,6268,-10.0
ppo,0,6271,-10.0
ppo,0,6280,-10.0
ppo,0,6281,-10.0
ppo,0,6283,-10.0
ppo,0,6288,-10.0
ppo,0,6290,-10.0
ppo,0,6291,-10.0
ppo,0,6292,-10.0
ppo,0,6293,-10.0
ppo,0,6296,-10.0
ppo,0,6297,-10.0
ppo,0,6298,-10.0
ppo,0,6300,-10.0
ppo,0,6301,-10.0
ppo,0,6302,-10.0
ppo,0,6303,-10.0
ppo,0,6306,-10.0
ppo,0,6307,-10.0
ppo,0,6308,-10.0
ppo,0,6309,-10.0
ppo,0,6310,-10.0
ppo,0,6311,-10.0
ppo,0,6312,-10.0
ppo,0,6314,-10.0
ppo,0,6315,-10.0
ppo,0,6318,-10.0
ppo,0,6320,-10.0
ppo,0,6321,-10.0
ppo,0,6322,-10.0
ppo,0,6324,-10.0
ppo,0,6325,-10.0
ppo,0,6326,-10.0
ppo,0,6328,-10.0
ppo,0,6329,-10.0
ppo,0,6330,-10.0
ppo,0,6331,-10.0
ppo,0,6332,-10.0
ppo,0,6334,-10.0
ppo,0,6336,-10.0
ppo,0,6338,-10.0
ppo,0,6340,-10.0
ppo,0,6341,-10.0
ppo,0,6342,-10.0
ppo,0,6343,-10.0
ppo,0,6345,-10.0
ppo,0,6346,-10.0
ppo,0,6348,-10.0
ppo,0,6349,-10.0
ppo,0,6351,-10.0
ppo,0,6356,-10.0
ppo,0,6359,-10.0
ppo,0,6360,-10.0
ppo,0,6363,-10.0
ppo,0,6364,-10.0
ppo,0,6365,-10.0
ppo,0,6366,-10.0
ppo,0,6367,-10.0
ppo,0,6370,-10.0
ppo,0,6371,-10.0
ppo,0,6372,-10.0
ppo,0,6373,-10.0
ppo,0,6374,-10.0
ppo,0,6375,-10.0
ppo,0,6377,-10.0
ppo,0,6379,-10.0
ppo,0,6381,-10.0
ppo,0,6383,-10.0
ppo,0,6387,-10.0
ppo,0,6390,-10.0
ppo,0,6391,-10.0
ppo,0,6392,-53.7
ppo,0,6394,-10.0
ppo,0,6395,-10.0
ppo,0,6396,-10.0
ppo,0,6399,-10.0
ppo,0,6401,-10.0
ppo,0,6403,-10.0
ppo,0,6404,-10.0
ppo,0,6406,-10.0
ppo,0,6407,-10.0
ppo,0,6408,-10.0
ppo,0,6409,-10.0
ppo,0,6410,-54.0
ppo,0,6411,-10.0
ppo,0,6412,-10.0
ppo,0,6413,-10.0
ppo,0,6414,-10.0
ppo,0,6415,-10.0
ppo,0,6416,-10.0
ppo,0,6418,-10.0
ppo,0,6419,-10.0
ppo,0,6420,-10.0
ppo,0,6424,-10.0
ppo,0,6426,-10.0
ppo,0,6427,-10.0
ppo,0,6428,-10.0
ppo,0,6435,-10.0
ppo,0,6436,-10.0
ppo,0,6439,-44.7
ppo,0,6440,-10.0
ppo,0,6444,-10.0
ppo,0,6446,-10.0
ppo,0,6448,-10.0
ppo,0,6450,-10.0
ppo,0,6451,-10.0
ppo,0,6452,-10.0
ppo,0,6453,-10.0
ppo,0,6454,-10.0
ppo,0,6458,-10.0
ppo,0,6460,-10.0
ppo,0,6461,-10.0
ppo,0,6463,-10.0
ppo,0,6465,-10.0
ppo,0,6466,-10.0
ppo,0,6469,-10.0
ppo,0,6470,-10.0
ppo,0,6471,-10.0
ppo,0,6472,-10.0
ppo,0,6473,-10.0
ppo,0,6474,-10.0
ppo,0,6475,-44.4
ppo,0,6476,-10.0
ppo,0,6477,-10.0
ppo,0,6478,-10.0
ppo,0,6481,-10.0
ppo,0,6484,-10.0
ppo,0,6485,-10.0
ppo,0,6487,-10.0
ppo,0,6490,-10.0
ppo,0,6492,-10.0
ppo,0,6493,-10.0
ppo,0,6496,-10.0
ppo,0,6497,-10.0
ppo,0,6499,-10.0
ppo,0,6500,-10.0
ppo,0,6502,-10.0
ppo,0,6503,-10.0
ppo,0,6508,-28.5
ppo,0,6511,-10.0
ppo,0,6512,-10.0
ppo,0,6517,-10.0
ppo,0,6519,-30.6
ppo,0,6520,-10.0
ppo,0,6522,-10.0
ppo,0,6523,-36.9
ppo,0,6525,-10.0
ppo,0,6526,-10.0
ppo,0,6528,-10.0
ppo,0,6529,-10.0
ppo,0,6530,-10.0
ppo,0,6531,-10.0
ppo,0,6534,-10.0
ppo,0,6537,-10.0
ppo,0,6538,-10.0
ppo,0,6539,-10.0
ppo,0,6540,-10.0
ppo,0,6542,-10.0
ppo,0,6543,-10.0
ppo,0,6544,-10.0
ppo,0,6546,-10.0
ppo,0,6550,-10.0
ppo,0,6552,-10.0
ppo,0,6553,-10.0
ppo,0,6554,-10.0
ppo,0,6555,-10.0
ppo,0,6556,-38.7
ppo,0,6558,-10.0
ppo,0,6559,-10.0
ppo,0,6562,-10.0
ppo,0,6563,-10.0
ppo,0,6564,-10.0
ppo,0,6565,-10.0
ppo,0,6566,-10.0
ppo,0,6567,-10.0
ppo,0,6568,-10.0
ppo,0,6570,-10.0
ppo,0,6571,-10.0
ppo,0,6572,-10.0
ppo,0,6574,-38.1
ppo,0,6575,-10.0
ppo,0,6576,-10.0
ppo,0,6577,-10.0
ppo,0,6578,-10.0
ppo,0,6579,-10.0
ppo,0,6581,-10.0
ppo,0,6582,-10.0
ppo,0,6583,-10.0
ppo,0,6584,-10.0
ppo,0,6585,-10.0
ppo,0,6586,-10.0
ppo,0,6588,-10.0
ppo,0,6589,-10.0
ppo,0,6595,-10.0
ppo,0,6596,-10.0
ppo,0,6597,-10.0
ppo,0,6598,-10.0
ppo,0,6599,-10.0
ppo,0,6600,-10.0
ppo,0,6602,-10.0
ppo,0,6605,-10.0
ppo,0,6606,-10.0
ppo,0,6608,-10.0
ppo,0,6609,-10.0
ppo,0,6610,-10.0
ppo,0,6611,-10.0
ppo,0,6614,-10.0
ppo,0,6615,-10.0
ppo,0,6617,-10.0
ppo,0,6619,-10.0
ppo,0,6620,-10.0
ppo,0,6621,-10.0
ppo,0,6622,-10.0
ppo,0,6623,-10.0
ppo,0,6624,-10.0
ppo,0,6625,-10.0
ppo,0,6627,-10.0
ppo,0,6628,-10.0
ppo,0,6631,-10.0
ppo,0,6633,-10.0
ppo,0,6635,-10.0
ppo,0,6636,-10.0
ppo,0,6637,-10.0
ppo,0,6638,-10.0
ppo,0,6639,-10.0
ppo,0,6640,-10.0
ppo,0,6641,-10.0
ppo,0,6643,-10.0
ppo,0,6644,-10.0
ppo,0,6645,-10.0
ppo,0,6646,-10.0
ppo,0,6649,-38.1
ppo,0,6650,-10.0
ppo,0,6651,-10.0
ppo,0,6653,-10.0
ppo,0,6656,-10.0
ppo,0,6657,-10.0
ppo,0,6661,-36.0
ppo,0,6662,-10.0
ppo,0,6663,-10.0
ppo,0,6664,-10.0
ppo,0,6665,-10.0
ppo,0,6666,-10.0
ppo,0,6669,-10.0
ppo,0,6670,-10.0
ppo,0,6671,-10.0
ppo,0,6672,-10.0
ppo,0,6674,-10.0
ppo,0,6675,-10.0
ppo,0,6677,-10.0
ppo,0,6681,-10.0
ppo,0,6683,-10.0
ppo,0,6684,-10.0
ppo,0,6688,-10.0
ppo,0,6689,-10.0
ppo,0,6690,-10.0
ppo,0,6691,-10.0
ppo,0,6692,-10.0
ppo,0,6693,-10.0
ppo,0,6694,-10.0
ppo,0,6695,-10.0
ppo,0,6696,-10.0
ppo,0,6697,-10.0
ppo,0,6698,-10.0
ppo,0,6699,-10.0
ppo,0,6700,-10.0
ppo,0,6701,-10.0
ppo,0,6702,-10.0
ppo,0,6703,-10.0
ppo,0,6708,-10.0
ppo,0,6709,-10.0
ppo,0,6711,-10.0
ppo,0,6712,-10.0
ppo,0,6714,-45.0
ppo,0,6715,-35.7
ppo,0,6716,-10.0
ppo,0,6718,-10.0
ppo,0,6722,-10.0
ppo,0,6723,-10.0
ppo,0,6724,-10.0
ppo,0,6725,-10.0
ppo,0,6726,-10.0
ppo,0,6727,-10.0
ppo,0,6728,-10.0
ppo,0,6729,-10.0
ppo,0,6731,-10.0
ppo,0,6733,-10.0
ppo,0,6734,-10.0
ppo,0,6735,-10.0
ppo,0,6737,-10.0
ppo,0,6739,-10.0
ppo,0,6741,-10.0
ppo,0,6743,-10.0
ppo,0,6745,-10.0
ppo,0,6750,-10.0
ppo,0,6751,-10.0
ppo,0,6752,-10.0
ppo,0,6754,-10.0
ppo,0,6761,-10.0
ppo,0,6762,-10.0
ppo,0,6763,-10.0
ppo,0,6764,-10.0
ppo,0,6765,-10.0
ppo,0,6767,-10.0
ppo,0,6769,-10.0
ppo,0,6770,-10.0
ppo,0,6772,-10.0
ppo,0,6773,-10.0
ppo,0,6774,-10.0
ppo,0,6775,-10.0
ppo,0,6777,-10.0
ppo,0,6778,-10.0
ppo,0,6779,-10.0
ppo,0,6781,-10.0
ppo,0,6782,-10.0
ppo,0,6783,-10.0
ppo,0,6784,-10.0
ppo,0,6785,-10.0
ppo,0,6786,-10.0
ppo,0,6787,-10.0
ppo,0,6788,-10.0
ppo,0,6789,-10.0
ppo,0,6790,-10.0
ppo,0,6792,-10.0
ppo,0,6796,-10.0
ppo,0,6797,-10.0
ppo,0,6800,-10.0
ppo,0,6802,-10.0
ppo,0,6804,-10.0
ppo,0,6805,-10.0
ppo,0,6806,-10.0
ppo,0,6808,-10.0
ppo,0,6810,-10.0
ppo,0,6811,-10.0
ppo,0,6812,-10.0
ppo,0,6815,-10.0
ppo,0,6816,-38.7
ppo,0,6819,-10.0
ppo,0,6821,-10.0
ppo,0,6822,-10.0
ppo,0,6823,-10.0
ppo,0,6825,-10.0
ppo,0,6826,-10.0
ppo,0,6827,-10.0
ppo,0,6830,-10.0
ppo,0,6831,-10.0
ppo,0,6834,-10.0
ppo,0,6835,-10.0
ppo,0,6836,-10.0
ppo,0,6838,-10.0
ppo,0,6839,-10.0
ppo,0,6841,-10.0
ppo,0,6842,-10.0
ppo,0,6844,-10.0
ppo,0,6845,-10.0
ppo,0,6846,-10.0
ppo,0,6847,-10.0
ppo,0,6848,-10.0
ppo,0,6849,-10.0
ppo,0,6850,-10.0
ppo,0,6851,-10.0
ppo,0,6852,-10.0
ppo,0,6853,-10.0
ppo,0,6854,-10.0
ppo,0,6855,-10.0
ppo,0,6856,-10.0
ppo,0,6857,-10.0
ppo,0,6858,-10.0
ppo,0,6859,-10.0
ppo,0,6860,-10.0
ppo,0,6861,-10.0
ppo,0,6862,-10.0
ppo,0,6865,-10.0
ppo,0,6866,-10.0
ppo,0,6867,-10.0
ppo,0,6869,-10.0
ppo,0,6870,-10.0
ppo,0,6871,-10.0
ppo,0,6874,-10.0
ppo,0,6876,-10.0
ppo,0,6877,-10.0
ppo,0,6878,-10.0
ppo,0,6880,-10.0
ppo,0,6881,-10.0
ppo,0,6882,-10.0
ppo,0,6883,-10.0
ppo,0,6884,-10.0
ppo,0,6886,-10.0
ppo,0,6888,-10.0
ppo,0,6890,-10.0
ppo,0,6891,-10.0
ppo,0,6895,-10.0
ppo,0,6897,-10.0
ppo,0,6898,-10.0
ppo,0,6901,-10.0
ppo,0,6902,-10.0
ppo,0,6903,-10.0
ppo,0,6904,-10.0
ppo,0,6905,-10.0
ppo,0,6907,-10.0
ppo,0,6908,-10.0
ppo,0,6911,-10.0
ppo,0,6912,-10.0
ppo,0,6913,-10.0
ppo,0,6914,-10.0
ppo,0,6918,-10.0
ppo,0,6920,-10.0
ppo,0,6921,-10.0
ppo,0,6922,-10.0
ppo,0,6923,-10.0
ppo,0,6928,-10.0
ppo,0,6929,-10.0
ppo,0,6930,-10.0
ppo,0,6933,-10.0
ppo,0,6936,-10.0
ppo,0,6938,-10.0
ppo,0,6939,-10.0
ppo,0,6945,-10.0
ppo,0,6948,-10.0
ppo,0,6949,-10.0
ppo,0,6950,-10.0
ppo,0,6951,-10.0
ppo,0,6954,-10.0
ppo,0,6956,-10.0
ppo,0,6958,-10.0
ppo,0,6960,-10.0
ppo,0,6962,-10.0
ppo,0,6963,-10.0
ppo,0,6965,-40.8
ppo,0,6966,-10.0
ppo,0,6967,-10.0
ppo,0,6968,-10.0
ppo,0,6969,-10.0
ppo,0,6970,-10.0
ppo,0,6971,-10.0
ppo,0,6974,-10.0
ppo,0,6975,-10.0
ppo,0,6976,-10.0
ppo,0,6977,-10.0
ppo,0,6978,-10.0
ppo,0,6979,-10.0
ppo,0,6980,-10.0
ppo,0,6982,-10.0
ppo,0,6983,-10.0
ppo,0,6985,-10.0
ppo,0,6986,-10.0
ppo,0,6987,-10.0
ppo,0,6989,-10.0
ppo,0,6990,-10.0
ppo,0,6993,-10.0
ppo,0,6995,-10.0
ppo,0,6996,-10.0
ppo,0,6997,-10.0
ppo,0,6999,-10.0
ppo,0,7000,-10.0
ppo,0,7003,-10.0
ppo,0,7004,-10.0
ppo,0,7006,-10.0
ppo,0,7007,-41.4
ppo,0,7008,-10.0
ppo,0,7009,-10.0
ppo,0,7011,-10.0
ppo,0,7012,-10.0
ppo,0,7013,-10.0
ppo,0,7014,-10.0
ppo,0,7015,-10.0
ppo,0,7016,-10.0
ppo,0,7017,-10.0
ppo,0,7018,-10.0
ppo,0,7020,-10.0
ppo,0,7021,-10.0
ppo,0,7023,-10.0
ppo,0,7024,-10.0
ppo,0,7025,-10.0
ppo,0,7029,-10.0
ppo,0,7030,-36.3
ppo,0,7031,-10.0
ppo,0,7032,-10.0
ppo,0,7033,-10.0
ppo,0,7034,-41.4
ppo,0,7035,-10.0
ppo,0,7036,-10.0
ppo,0,7038,-10.0
ppo,0,7039,-10.0
ppo,0,7040,-10.0
ppo,0,7043,-10.0
ppo,0,7044,-10.0
ppo,0,7045,-10.0
ppo,0,7046,-62.1
ppo,0,7049,-10.0
ppo,0,7051,-10.0
ppo,0,7052,-10.0
ppo,0,7053,-10.0
ppo,0,7055,-42.9
ppo,0,7056,-10.0
ppo,0,7057,-10.0
ppo,0,7058,-10.0
ppo,0,7059,-10.0
ppo,0,7060,-10.0
ppo,0,7062,-10.0
ppo,0,7064,-10.0
ppo,0,7065,-10.0
ppo,0,7067,-10.0
ppo,0,7068,-10.0
ppo,0,7069,-10.0
ppo,0,7070,-10.0
ppo,0,7073,-10.0
ppo,0,7074,-10.0
ppo,0,7076,-10.0
ppo,0,7077,-10.0
ppo,0,7079,-10.0
ppo,0,7080,-10.0
ppo,0,7081,-10.0
ppo,0,7084,-10.0
ppo,0,7085,-10.0
ppo,0,7090,-10.0
ppo,0,7092,-10.0
ppo,0,7095,-10.0
ppo,0,7097,-10.0
ppo,0,7098,-10.0
ppo,0,7100,-10.0
ppo,0,7101,-10.0
ppo,0,7103,-10.0
ppo,0,7104,-10.0
ppo,0,7105,-10.0
ppo,0,7106,-10.0
ppo,0,7107,-10.0
ppo,0,7108,-10.0
ppo,0,7109,-10.0
ppo,0,7110,-10.0
ppo,0,7111,-42.9
ppo,0,7112,-10.0
ppo,0,7114,-10.0
ppo,0,7115,-10.0
ppo,0,7116,-10.0
ppo,0,7117,-10.0
ppo,0,7118,-10.0
ppo,0,7119,-10.0
ppo,0,7122,-10.0
ppo,0,7123,-10.0
ppo,0,7124,-10.0
ppo,0,7125,-61.8
ppo,0,7126,-10.0
ppo,0,7127,-10.0
ppo,0,7128,-10.0
ppo,0,7129,-10.0
ppo,0,7131,-10.0
ppo,0,7132,-10.0
ppo,0,7133,-10.0
ppo,0,7134,-10.0
ppo,0,7139,-10.0
ppo,0,7140,-10.0
ppo,0,7141,-10.0
ppo,0,7143,-10.0
ppo,0,7145,-10.0
ppo,0,7147,-10.0
ppo,0,7150,-10.0
ppo,0,7152,-10.0
ppo,0,7153,-10.0
ppo,0,7156,-10.0
ppo,0,7159,-10.0
ppo,0,7161,-10.0
ppo,0,7164,-10.0
ppo,0,7167,-10.0
ppo,0,7168,-31.5
ppo,0,7169,-10.0
ppo,0,7170,-10.0
ppo,0,7172,-10.0
ppo,0,7173,-10.0
ppo,0,7175,-10.0
ppo,0,7176,-10.0
ppo,0,7177,-10.0
ppo,0,7179,-10.0
ppo,0,7181,-10.0
ppo,0,7183,-10.0
ppo,0,7184,-10.0
ppo,0,7185,-10.0
ppo,0,7187,-10.0
ppo,0,7191,-10.0
ppo,0,7192,-10.0
ppo,0,7194,-10.0
ppo,0,7195,-10.0
ppo,0,7196,-10.0
ppo,0,7198,-10.0
ppo,0,7200,-10.0
ppo,0,7202,-10.0
ppo,0,7203,-10.0
ppo,0,7205,-10.0
ppo,0,7206,-10.0
ppo,0,7207,-10.0
ppo,0,7208,-46.8
ppo,0,7209,-10.0
ppo,0,7210,-10.0
ppo,0,7211,-10.0
ppo,0,7212,-10.0
ppo,0,7214,-10.0
ppo,0,7216,-10.0
ppo,0,7218,-10.0
ppo,0,7219,-10.0
ppo,0,7221,-10.0
ppo,0,7222,-10.0
ppo,0,7224,-10.0
ppo,0,7225,-10.0
ppo,0,7226,-10.0
ppo,0,7227,-10.0
ppo,0,7228,-10.0
ppo,0,7229,-10.0
ppo,0,7230,-10.0
ppo,0,7232,-10.0
ppo,0,7235,-10.0
ppo,0,7241,-10.0
ppo,0,7245,-10.0
ppo,0,7246,-10.0
ppo,0,7248,-10.0
ppo,0,7252,-10.0
ppo,0,7253,-10.0
ppo,0,7255,-10.0
ppo,0,7257,-10.0
ppo,0,7258,-10.0
ppo,0,7259,-10.0
ppo,0,7261,-10.0
ppo,0,7262,-10.0
ppo,0,7263,-10.0
ppo,0,7264,-10.0
ppo,0,7265,-10.0
ppo,0,7266,-10.0
ppo,0,7267,-10.0
ppo,0,7269,-10.0
ppo,0,7270,-10.0
ppo,0,7272,-10.0
ppo,0,7273,-10.0
ppo,0,7275,-10.0
ppo,0,7279,-10.0
ppo,0,7282,-10.0
ppo,0,7283,-10.0
ppo,0,7288,-10.0
ppo,0,7290,-10.0
ppo,0,7293,-10.0
ppo,0,7294,-10.0
ppo,0,7295,-10.0
ppo,0,7297,-30.9
ppo,0,7299,-10.0
ppo,0,7301,-10.0
ppo,0,7305,-10.0
ppo,0,7307,-10.0
ppo,0,7308,-10.0
ppo,0,7309,-10.0
ppo,0,7310,-10.0
ppo,0,7311,-10.0
ppo,0,7312,-10.0
ppo,0,7314,-10.0
ppo,0,7315,-10.0
ppo,0,7317,-10.0
ppo,0,7322,-10.0
ppo,0,7323,-10.0
ppo,0,7327,-10.0
ppo,0,7328,-10.0
ppo,0,7330,-10.0
ppo,0,7331,-10.0
ppo,0,7332,-10.0
ppo,0,7333,-10.0
ppo,0,7335,-10.0
ppo,0,7337,-10.0
ppo,0,7338,-10.0
ppo,0,7339,-10.0
ppo,0,7341,-10.0
ppo,0,7342,-10.0
ppo,0,7345,-10.0
ppo,0,7346,-10.0
ppo,0,7347,-10.0
ppo,0,7348,-10.0
ppo,0,7349,-10.0
ppo,0,7350,-10.0
ppo,0,7351,-10.0
ppo,0,7354,-10.0
ppo,0,7356,-10.0
ppo,0,7357,-41.1
ppo,0,7360,-10.0
ppo,0,7363,-10.0
ppo,0,7364,-10.0
ppo,0,7365,-10.0
ppo,0,7366,-10.0
ppo,0,7367,-10.0
ppo,0,7369,-10.0
ppo,0,7370,-10.0
ppo,0,7371,-38.7
ppo,0,7375,-43.5
ppo,0,7376,-10.0
ppo,0,7379,-10.0
ppo,0,7380,-10.0
ppo,0,7382,-10.0
ppo,0,7383,-10.0
ppo,0,7385,-10.0
ppo,0,7387,-10.0
ppo,0,7389,-10.0
ppo,0,7391,-10.0
ppo,0,7394,-10.0
ppo,0,7395,-10.0
ppo,0,7398,-10.0
ppo,0,7399,-10.0
ppo,0,7400,-10.0
ppo,0,7402,-10.0
ppo,0,7403,-10.0
ppo,0,7404,-10.0
ppo,0,7405,-10.0
ppo,0,7406,-10.0
ppo,0,7407,-10.0
ppo,0,7408,-10.0
ppo,0,7409,-10.0
ppo,0,7411,-10.0
ppo,0,7412,-10.0
ppo,0,7413,-10.0
ppo,0,7414,-10.0
ppo,0,7416,-10.0
ppo,0,7420,-10.0
ppo,0,7421,-10.0
ppo,0,7423,-10.0
ppo,0,7424,-10.0
ppo,0,7425,-10.0
ppo,0,7428,-10.0
ppo,0,7429,-10.0
ppo,0,7430,-42.9
ppo,0,7431,-10.0
ppo,0,7432,-10.0
ppo,0,7433,-10.0
ppo,0,7435,-10.0
ppo,0,7437,-10.0
ppo,0,7440,-10.0
ppo,0,7442,-35.4
ppo,0,7443,-10.0
ppo,0,7445,-10.0
ppo,0,7446,-10.0
ppo,0,7447,-10.0
ppo,0,7452,-10.0
ppo,0,7453,-10.0
ppo,0,7457,-10.0
ppo,0,7458,-10.0
ppo,0,7459,-10.0
ppo,0,7460,-10.0
ppo,0,7461,-10.0
ppo,0,7462,-10.0
ppo,0,7463,-10.0
ppo,0,7465,-10.0
ppo,0,7466,-10.0
ppo,0,7468,-10.0
ppo,0,7469,-10.0
ppo,0,7470,-10.0
ppo,0,7471,-10.0
ppo,0,7474,-10.0
ppo,0,7475,-10.0
ppo,0,7477,-10.0
ppo,0,7479,-10.0
ppo,0,7482,-10.0
ppo,0,7483,-10.0
ppo,0,7484,-10.0
ppo,0,7486,-10.0
ppo,0,7488,-10.0
ppo,0,7491,-10.0
ppo,0,7492,-10.0
ppo,0,7496,-10.0
ppo,0,7497,-10.0
ppo,0,7498,-10.0
ppo,0,7499,-10.0
ppo,0,7501,-10.0
ppo,0,7502,-10.0
ppo,0,7505,-10.0
ppo,0,7506,-10.0
ppo,0,7507,-10.0
ppo,0,7508,-10.0
ppo,0,7511,-10.0
ppo,0,7513,-10.0
ppo,0,7514,-10.0
ppo,0,7516,-10.0
ppo,0,7518,-10.0
ppo,0,7519,-10.0
ppo,0,7523,-10.0
ppo,0,7528,-10.0
ppo,0,7530,-10.0
ppo,0,7531,-10.0
ppo,0,7532,-10.0
ppo,0,7533,-10.0
ppo,0,7534,-10.0
ppo,0,7536,-10.0
ppo,0,7537,-10.0
ppo,0,7538,-10.0
ppo,0,7540,-10.0
ppo,0,7545,-10.0
ppo,0,7547,-10.0
ppo,0,7551,-10.0
ppo,0,7552,-10.0
ppo,0,7553,-10.0
ppo,0,7554,-10.0
ppo,0,7557,-10.0
ppo,0,7558,-10.0
ppo,0,7561,-10.0
ppo,0,7564,-10.0
ppo,0,7565,-10.0
ppo,0,7566,-10.0
ppo,0,7568,-10.0
ppo,0,7569,-10.0
ppo,0,7570,-10.0
ppo,0,7571,-10.0
ppo,0,7572,-10.0
ppo,0,7573,-10.0
ppo,0,7574,-10.0
ppo,0,7575,-10.0
ppo,0,7577,-10.0
ppo,0,7578,-10.0
ppo,0,7579,-10.0
ppo,0,7581,-10.0
ppo,0,7582,-10.0
ppo,0,7583,-10.0
ppo,0,7584,-10.0
ppo,0,7585,-10.0
ppo,0,7589,-10.0
ppo,0,7590,-10.0
ppo,0,7594,-10.0
ppo,0,7602,-10.0
ppo,0,7603,-10.0
ppo,0,7607,-10.0
ppo,0,7609,-10.0
ppo,0,7611,-10.0
ppo,0,7612,-10.0
ppo,0,7613,-10.0
ppo,0,7614,-10.0
ppo,0,7616,-10.0
ppo,0,7617,-10.0
ppo,0,7618,-10.0
ppo,0,7620,-10.0
ppo,0,7621,-10.0
ppo,0,7623,-10.0
ppo,0,7629,-21.6
ppo,0,7630,-10.0
ppo,0,7634,-10.0
ppo,0,7637,-10.0
ppo,0,7639,-10.0
ppo,0,7640,-10.0
ppo,0,7643,-10.0
ppo,0,7644,-10.0
ppo,0,7645,-10.0
ppo,0,7646,-10.0
ppo,0,7648,-10.0
ppo,0,7650,-10.0
ppo,0,7651,-10.0
ppo,0,7652,-10.0
ppo,0,7654,-10.0
ppo,0,7655,-10.0
ppo,0,7656,-10.0
ppo,0,7657,-10.0
ppo,0,7661,-10.0
ppo,0,7663,-10.0
ppo,0,7664,-10.0
ppo,0,7665,-10.0
ppo,0,7666,-10.0
ppo,0,7669,-10.0
ppo,0,7671,-10.0
ppo,0,7673,-10.0
ppo,0,7674,-54.0
ppo,0,7675,-10.0
ppo,0,7676,-10.0
ppo,0,7677,-10.0
ppo,0,7678,-10.0
ppo,0,7679,-10.0
ppo,0,7683,-10.0
ppo,0,7684,-10.0
ppo,0,7685,-10.0
ppo,0,7686,-10.0
ppo,0,7687,-10.0
ppo,0,7688,-10.0
ppo,0,7690,-10.0
ppo,0,7692,-33.3
ppo,0,7693,-10.0
ppo,0,7694,-10.0
ppo,0,7695,-10.0
ppo,0,7697,-10.0
ppo,0,7698,-10.0
ppo,0,7700,-10.0
ppo,0,7701,-10.0
ppo,0,7702,-10.0
ppo,0,7706,-10.0
ppo,0,7708,-10.0
ppo,0,7709,-10.0
ppo,0,7710,-10.0
ppo,0,7711,-10.0
ppo,0,7712,-10.0
ppo,0,7714,-10.0
ppo,0,7715,-10.0
ppo,0,7716,-10.0
ppo,0,7717,-10.0
ppo,0,7719,-10.0
ppo,0,7720,-10.0
ppo,0,7722,-10.0
ppo,0,7724,-10.0
ppo,0,7725,-10.0
ppo,0,7726,-10.0
ppo,0,7727,-10.0
ppo,0,7729,-10.0
ppo,0,7730,-10.0
ppo,0,7733,-10.0
ppo,0,7735,-10.0
ppo,0,7736,-10.0
ppo,0,7737,-10.0
ppo,0,7738,-10.0
ppo,0,7740,-10.0
ppo,0,7741,-10.0
ppo,0,7742,-10.0
ppo,0,7743,-10.0
ppo,0,7744,-10.0
ppo,0,7748,-10.0
ppo,0,7750,-10.0
ppo,0,7751,-10.0
ppo,0,7752,-10.0
ppo,0,7754,-10.0
ppo,0,7755,-10.0
ppo,0,7757,-10.0
ppo,0,7758,-10.0
ppo,0,7760,-10.0
ppo,0,7763,-10.0
ppo,0,7765,-10.0
ppo,0,7766,-10.0
ppo,0,7767,-10.0
ppo,0,7769,-10.0
ppo,0,7770,-10.0
ppo,0,7771,-10.0
ppo,0,7773,-10.0
ppo,0,7774,-10.0
ppo,0,7775,-10.0
ppo,0,7776,-10.0
ppo,0,7777,-10.0
ppo,0,7778,-10.0
ppo,0,7779,-10.0
ppo,0,7780,-10.0
ppo,0,7781,-10.0
ppo,0,7782,-10.0
ppo,0,7783,-10.0
ppo,0,7786,-10.0
ppo,0,7788,-10.0
ppo,0,7789,-10.0
ppo,0,7790,-10.0
ppo,0,7795,-10.0
ppo,0,7796,-10.0
ppo,0,7797,-10.0
ppo,0,7800,-10.0
ppo,0,7801,-10.0
ppo,0,7802,-10.0
ppo,0,7803,-10.0
ppo,0,7804,-10.0
ppo,0,7805,-10.0
ppo,0,7808,-10.0
ppo,0,7809,-10.0
ppo,0,7810,-10.0
ppo,0,7811,-10.0
ppo,0,7812,-10.0
ppo,0,7813,-10.0
ppo,0,7815,-10.0
ppo,0,7816,-10.0
ppo,0,7817,-10.0
ppo,0,7818,-10.0
ppo,0,7819,-10.0
ppo,0,7820,-10.0
ppo,0,7821,-10.0
ppo,0,7823,-10.0
ppo,0,7824,-10.0
ppo,0,7825,-10.0
ppo,0,7826,-10.0
ppo,0,7827,-10.0
ppo,0,7828,-10.0
ppo,0,7829,-10.0
ppo,0,7831,-10.0
ppo,0,7834,-10.0
ppo,0,7837,-10.0
ppo,0,7839,-10.0
ppo,0,7840,-10.0
ppo,0,7841,-10.0
ppo,0,7842,-10.0
ppo,0,7843,-10.0
ppo,0,7844,-10.0
ppo,0,7845,-32.1
ppo,0,7846,-10.0
ppo,0,7848,-10.0
ppo,0,7849,-10.0
ppo,0,7850,-10.0
ppo,0,7851,-10.0
ppo,0,7852,-10.0
ppo,0,7853,-10.0
ppo,0,7854,-10.0
ppo,0,7855,-10.0
ppo,0,7856,-10.0
ppo,0,7857,-10.0
ppo,0,7858,-10.0
ppo,0,7863,-10.0
ppo,0,7864,-10.0
ppo,0,7865,-10.0
ppo,0,7868,-10.0
ppo,0,7869,-10.0
ppo,0,7872,-10.0
ppo,0,7873,-10.0
ppo,0,7874,-10.0
ppo,0,7875,-10.0
ppo,0,7876,-10.0
ppo,0,7878,-10.0
ppo,0,7880,-10.0
ppo,0,7881,-10.0
ppo,0,7882,-10.0
ppo,0,7883,-72.6
ppo,0,7884,-10.0
ppo,0,7885,-10.0
ppo,0,7886,-10.0
ppo,0,7888,-10.0
ppo,0,7890,-10.0
ppo,0,7892,-10.0
ppo,0,7893,-10.0
ppo,0,7894,-10.0
ppo,0,7895,-10.0
ppo,0,7898,-10.0
ppo,0,7899,-10.0
ppo,0,7900,-10.0
ppo,0,7902,-10.0
ppo,0,7904,-10.0
ppo,0,7905,-10.0
ppo,0,7906,-10.0
ppo,0,7912,-10.0
ppo,0,7913,-10.0
ppo,0,7915,-10.0
ppo,0,7916,-10.0
ppo,0,7917,-10.0
ppo,0,7918,-10.0
ppo,0,7920,-10.0
ppo,0,7922,-10.0
ppo,0,7925,-10.0
ppo,0,7927,-10.0
ppo,0,7928,-10.0
ppo,0,7929,-10.0
ppo,0,7932,-10.0
ppo,0,7933,-10.0
ppo,0,7934,-10.0
ppo,0,7938,-10.0
ppo,0,7940,-10.0
ppo,0,7941,-10.0
ppo,0,7942,-10.0
ppo,0,7943,-10.0
ppo,0,7945,-10.0
ppo,0,7947,-10.0
ppo,0,7948,-10.0
ppo,0,7949,-10.0
ppo,0,7950,-10.0
ppo,0,7951,-10.0
ppo,0,7952,-10.0
ppo,0,7953,-10.0
ppo,0,7958,-10.0
ppo,0,7959,-10.0
ppo,0,7960,-10.0
ppo,0,7963,-10.0
ppo,0,7965,-10.0
ppo,0,7967,-10.0
ppo,0,7969,-10.0
ppo,0,7970,-10.0
ppo,0,7971,-10.0
ppo,0,7972,-10.0
ppo,0,7973,-10.0
ppo,0,7974,-10.0
ppo,0,7975,-10.0
ppo,0,7977,-10.0
ppo,0,7980,-10.0
ppo,0,7981,-10.0
ppo,0,7982,-10.0
ppo,0,7983,-10.0
ppo,0,7984,-10.0
ppo,0,7985,-10.0
ppo,0,7986,-10.0
ppo,0,7987,-10.0
ppo,0,7988,-64.8
ppo,0,7990,-10.0
ppo,0,7992,-10.0
ppo,0,7993,-10.0
ppo,0,7995,-10.0
ppo,0,7997,-10.0
ppo,0,7998,-10.0
ppo,0,8000,-10.0
ppo,0,8003,-10.0
ppo,0,8004,-10.0
ppo,0,8005,-10.0
ppo,0,8006,-10.0
ppo,0,8007,-10.0
ppo,0,8008,-10.0
ppo,0,8009,-10.0
ppo,0,8010,-10.0
ppo,0,8013,-10.0
ppo,0,8014,-10.0
ppo,0,8015,-10.0
ppo,0,8016,-10.0
ppo,0,8017,-10.0
ppo,0,8020,-10.0
ppo,0,8021,-10.0
ppo,0,8022,-45.0
ppo,0,8025,-10.0
ppo,0,8026,-10.0
ppo,0,8027,-10.0
ppo,0,8028,-10.0
ppo,0,8029,-35.7
ppo,0,8030,-53.7
ppo,0,8032,-10.0
ppo,0,8033,-10.0
ppo,0,8035,-10.0
ppo,0,8036,-10.0
ppo,0,8037,-10.0
ppo,0,8038,-10.0
ppo,0,8039,-10.0
ppo,0,8041,-10.0
ppo,0,8042,-10.0
ppo,0,8044,-10.0
ppo,0,8045,-10.0
ppo,0,8046,-10.0
ppo,0,8047,-10.0
ppo,0,8048,-10.0
ppo,0,8051,-10.0
ppo,0,8052,-10.0
ppo,0,8053,-10.0
ppo,0,8054,-38.4
ppo,0,8058,-10.0
ppo,0,8059,-10.0
ppo,0,8060,-10.0
ppo,0,8063,-10.0
ppo,0,8064,-10.0
ppo,0,8065,-10.0
ppo,0,8066,-10.0
ppo,0,8067,-10.0
ppo,0,8068,-10.0
ppo,0,8069,-10.0
ppo,0,8070,-10.0
ppo,0,8071,-10.0
ppo,0,8074,-10.0
ppo,0,8076,-10.0
ppo,0,8077,-10.0
ppo,0,8078,-10.0
ppo,0,8079,-10.0
ppo,0,8080,-10.0
ppo,0,8082,-10.0
ppo,0,8083,-10.0
ppo,0,8084,-10.0
ppo,0,8086,-10.0
ppo,0,8087,-10.0
ppo,0,8088,-10.0
ppo,0,8090,-10.0
ppo,0,8091,-10.0
ppo,0,8092,-10.0
ppo,0,8094,-40.8
ppo,0,8095,-10.0
ppo,0,8096,-10.0
ppo,0,8097,-10.0
ppo,0,8098,-10.0
ppo,0,8102,-10.0
ppo,0,8103,-43.2
ppo,0,8107,-10.0
ppo,0,8108,-10.0
ppo,0,8109,-10.0
ppo,0,8110,-10.0
ppo,0,8116,-10.0
ppo,0,8117,-10.0
ppo,0,8119,-10.0
ppo,0,8121,-10.0
ppo,0,8122,-10.0
ppo,0,8123,-10.0
ppo,0,8124,-10.0
ppo,0,8125,-10.0
ppo,0,8127,-10.0
ppo,0,8129,-10.0
ppo,0,8131,-10.0
ppo,0,8132,-10.0
ppo,0,8133,-10.0
ppo,0,8134,-10.0
ppo,0,8135,-10.0
ppo,0,8136,-10.0
ppo,0,8138,-10.0
ppo,0,8141,-10.0
ppo,0,8142,-10.0
ppo,0,8144,-10.0
ppo,0,8147,-10.0
ppo,0,8149,-10.0
ppo,0,8150,-10.0
ppo,0,8154,-10.0
ppo,0,8155,-10.0
ppo,0,8156,-10.0
ppo,0,8157,-10.0
ppo,0,8159,-10.0
ppo,0,8160,-10.0
ppo,0,8161,-10.0
ppo,0,8162,-10.0
ppo,0,8163,-10.0
ppo,0,8164,-10.0
ppo,0,8165,-10.0
ppo,0,8166,-10.0
ppo,0,8167,-10.0
ppo,0,8169,-10.0
ppo,0,8170,-10.0
ppo,0,8171,-10.0
ppo,0,8172,-10.0
ppo,0,8175,-10.0
ppo,0,8178,-10.0
ppo,0,8180,-10.0
ppo,0,8183,-44.4
ppo,0,8185,-10.0
ppo,0,8186,-10.0
ppo,0,8188,-10.0
ppo,0,8189,-10.0
ppo,0,8192,-10.0
ppo,0,8195,-10.0
ppo,0,8196,-10.0
ppo,0,8197,-10.0
ppo,0,8199,-10.0
ppo,0,8200,-10.0
ppo,0,8201,-10.0
ppo,0,8202,-10.0
ppo,0,8203,-10.0
ppo,0,8204,-10.0
ppo,0,8205,-10.0
ppo,0,8206,-10.0
ppo,0,8207,-10.0
ppo,0,8208,-10.0
ppo,0,8210,-10.0
ppo,0,8211,-10.0
ppo,0,8212,-10.0
ppo,0,8213,-10.0
ppo,0,8214,-10.0
ppo,0,8215,-10.0
ppo,0,8219,-10.0
ppo,0,8222,-10.0
ppo,0,8223,-10.0
ppo,0,8224,-10.0
ppo,0,8225,-10.0
ppo,0,8226,-10.0
ppo,0,8227,-10.0
ppo,0,8228,-10.0
ppo,0,8229,-10.0
ppo,0,8231,-10.0
ppo,0,8233,-10.0
ppo,0,8234,-10.0
ppo,0,8238,-10.0
ppo,0,8240,-10.0
ppo,0,8241,-10.0
ppo,0,8243,-10.0
ppo,0,8244,-10.0
ppo,0,8246,-10.0
ppo,0,8247,-10.0
ppo,0,8249,-10.0
ppo,0,8250,-10.0
ppo,0,8251,-10.0
ppo,0,8252,-10.0
ppo,0,8253,-10.0
ppo,0,8254,-10.0
ppo,0,8256,-10.0
ppo,0,8257,-10.0
ppo,0,8258,-10.0
ppo,0,8259,-10.0
ppo,0,8260,-10.0
ppo,0,8261,-10.0
ppo,0,8263,-10.0
ppo,0,8264,-10.0
ppo,0,8265,-10.0
ppo,0,8267,-10.0
ppo,0,8269,-10.0
ppo,0,8270,-10.0
ppo,0,8271,-10.0
ppo,0,8273,-10.0
ppo,0,8274,-10.0
ppo,0,8275,-10.0
ppo,0,8276,-10.0
ppo,0,8278,-10.0
ppo,0,8279,-10.0
ppo,0,8281,-10.0
ppo,0,8282,-10.0
ppo,0,8283,-10.0
ppo,0,8284,-10.0
ppo,0,8288,-10.0
ppo,0,8289,-10.0
ppo,0,8291,-10.0
ppo,0,8292,-10.0
ppo,0,8293,-10.0
ppo,0,8294,-10.0
ppo,0,8295,-10.0
ppo,0,8297,-10.0
ppo,0,8298,-10.0
ppo,0,8299,-10.0
ppo,0,8301,-10.0
ppo,0,8302,-10.0
ppo,0,8303,-10.0
ppo,0,8305,-10.0
ppo,0,8307,-10.0
ppo,0,8309,-10.0
ppo,0,8311,-10.0
ppo,0,8312,-10.0
ppo,0,8314,-10.0
ppo,0,8315,-10.0
ppo,0,8316,-10.0
ppo,0,8318,-10.0
ppo,0,8319,-10.0
ppo,0,8321,-10.0
ppo,0,8324,-10.0
ppo,0,8325,-10.0
ppo,0,8326,-10.0
ppo,0,8327,-10.0
ppo,0,8328,-10.0
ppo,0,8329,-10.0
ppo,0,8330,-10.0
ppo,0,8332,-10.0
ppo,0,8333,-10.0
ppo,0,8334,-10.0
ppo,0,8335,-10.0
ppo,0,8337,-10.0
ppo,0,8338,-10.0
ppo,0,8339,-41.1
ppo,0,8340,-10.0
ppo,0,8341,-10.0
ppo,0,8342,-10.0
ppo,0,8343,-10.0
ppo,0,8344,-10.0
ppo,0,8346,-10.0
ppo,0,8348,-10.0
ppo,0,8349,-10.0
ppo,0,8350,-10.0
ppo,0,8351,-10.0
ppo,0,8353,-10.0
ppo,0,8354,-10.0
ppo,0,8355,-10.0
ppo,0,8356,-10.0
ppo,0,8357,-10.0
ppo,0,8359,-10.0
ppo,0,8360,-10.0
ppo,0,8361,-10.0
ppo,0,8362,-10.0
ppo,0,8363,-10.0
ppo,0,8364,-10.0
ppo,0,8365,-10.0
ppo,0,8366,-10.0
ppo,0,8367,-10.0
ppo,0,8368,-10.0
ppo,0,8369,-10.0
ppo,0,8370,-10.0
ppo,0,8373,-10.0
ppo,0,8374,-10.0
ppo,0,8375,-10.0
ppo,0,8376,-10.0
ppo,0,8378,-10.0
ppo,0,8379,-10.0
ppo,0,8380,-10.0
ppo,0,8381,-10.0
ppo,0,8382,-10.0
ppo,0,8383,-10.0
ppo,0,8384,-10.0
ppo,0,8385,-10.0
ppo,0,8386,-10.0
ppo,0,8388,-10.0
ppo,0,8389,-10.0
ppo,0,8390,-10.0
ppo,0,8393,-10.0
ppo,0,8394,-10.0
ppo,0,8395,-10.0
ppo,0,8397,-10.0
ppo,0,8398,-10.0
ppo,0,8401,-10.0
ppo,0,8402,-10.0
ppo,0,8403,-10.0
ppo,0,8404,-10.0
ppo,0,8405,-10.0
ppo,0,8406,-10.0
ppo,0,8407,-10.0
ppo,0,8408,-10.0
ppo,0,8409,-10.0
ppo,0,8412,-10.0
ppo,0,8414,-10.0
ppo,0,8415,-10.0
ppo,0,8416,-10.0
ppo,0,8417,-10.0
ppo,0,8418,-10.0
ppo,0,8419,-10.0
ppo,0,8422,-10.0
ppo,0,8423,-10.0
ppo,0,8424,-10.0
ppo,0,8426,-10.0
ppo,0,8427,-10.0
ppo,0,8428,-10.0
ppo,0,8429,-10.0
ppo,0,8432,-10.0
ppo,0,8433,-10.0
ppo,0,8435,-10.0
ppo,0,8436,-10.0
ppo,0,8437,-10.0
ppo,0,8438,-10.0
ppo,0,8439,-10.0
ppo,0,8440,-10.0
ppo,0,8441,-10.0
ppo,0,8442,-10.0
ppo,0,8443,-10.0
ppo,0,8444,-10.0
ppo,0,8445,-10.0
ppo,0,8446,-10.0
ppo,0,8447,-10.0
ppo,0,8448,-10.0
ppo,0,8449,-10.0
ppo,0,8450,-10.0
ppo,0,8451,-10.0
ppo,0,8452,-10.0
ppo,0,8456,-10.0
ppo,0,8457,-10.0
ppo,0,8458,-10.0
ppo,0,8459,-10.0
ppo,0,8460,-10.0
ppo,0,8462,-10.0
ppo,0,8463,-10.0
ppo,0,8464,-10.0
ppo,0,8465,-10.0
ppo,0,8466,-10.0
ppo,0,8467,-10.0
ppo,0,8468,-10.0
ppo,0,8469,-10.0
ppo,0,8471,-10.0
ppo,0,8472,-10.0
ppo,0,8473,-10.0
ppo,0,8475,-10.0
ppo,0,8476,-10.0
ppo,0,8477,-10.0
ppo,0,8479,-10.0
ppo,0,8482,-10.0
ppo,0,8483,-10.0
ppo,0,8484,-10.0
ppo,0,8485,-10.0
ppo,0,8486,-10.0
ppo,0,8487,-10.0
ppo,0,8488,-10.0
ppo,0,8489,-10.0
ppo,0,8490,-10.0
ppo,0,8492,-10.0
ppo,0,8494,-10.0
ppo,0,8495,-10.0
ppo,0,8496,-10.0
ppo,0,8498,-10.0
ppo,0,8500,-10.0
ppo,0,8501,-10.0
ppo,0,8502,-10.0
ppo,0,8503,-10.0
ppo,0,8504,-10.0
ppo,0,8505,-10.0
ppo,0,8506,-10.0
ppo,0,8507,-10.0
ppo,0,8508,-10.0
ppo,0,8509,-10.0
ppo,0,8512,-10.0
ppo,0,8513,-10.0
ppo,0,8514,-10.0
ppo,0,8517,-10.0
ppo,0,8518,-10.0
ppo,0,8520,-10.0
ppo,0,8522,-10.0
ppo,0,8524,-10.0
ppo,0,8525,-10.0
ppo,0,8527,-10.0
ppo,0,8530,-10.0
ppo,0,8532,-10.0
ppo,0,8533,-10.0
ppo,0,8534,-10.0
ppo,0,8535,-10.0
ppo,0,8536,-10.0
ppo,0,8538,-10.0
ppo,0,8539,-10.0
ppo,0,8541,-10.0
ppo,0,8544,-10.0
ppo,0,8546,-10.0
ppo,0,8547,-10.0
ppo,0,8548,-10.0
ppo,0,8549,-10.0
ppo,0,8551,-10.0
ppo,0,8552,-10.0
ppo,0,8553,-10.0
ppo,0,8554,-10.0
ppo,0,8555,-10.0
ppo,0,8557,-10.0
ppo,0,8559,-10.0
ppo,0,8560,-10.0
ppo,0,8561,-10.0
ppo,0,8562,-10.0
ppo,0,8563,-10.0
ppo,0,8565,-10.0
ppo,0,8567,-10.0
ppo,0,8570,-10.0
ppo,0,8572,-10.0
ppo,0,8573,-10.0
ppo,0,8574,-10.0
ppo,0,8575,-10.0
ppo,0,8576,-10.0
ppo,0,8577,-10.0
ppo,0,8578,-10.0
ppo,0,8580,-10.0
ppo,0,8581,-10.0
ppo,0,8583,-10.0
ppo,0,8584,-10.0
ppo,0,8585,-10.0
ppo,0,8586,-10.0
ppo,0,8590,-10.0
ppo,0,8591,-10.0
ppo,0,8593,-10.0
ppo,0,8594,-10.0
ppo,0,8596,-10.0
ppo,0,8597,-10.0
ppo,0,8598,-10.0
ppo,0,8599,-10.0
ppo,0,8603,-10.0
ppo,0,8604,-10.0
ppo,0,8605,-10.0
ppo,0,8606,-10.0
ppo,0,8607,-10.0
ppo,0,8609,-10.0
ppo,0,8610,-10.0
ppo,0,8612,-10.0
ppo,0,8613,-10.0
ppo,0,8614,-10.0
ppo,0,8615,-10.0
ppo,0,8616,-10.0
ppo,0,8617,-10.0
ppo,0,8618,-10.0
ppo,0,8619,-10.0
ppo,0,8620,-10.0
ppo,0,8621,-10.0
ppo,0,8622,-10.0
ppo,0,8623,-10.0
ppo,0,8624,-10.0
ppo,0,8625,-10.0
ppo,0,8626,-10.0
ppo,0,8627,-10.0
ppo,0,8628,-10.0
ppo,0,8629,-10.0
ppo,0,8630,-10.0
ppo,0,8631,-10.0
ppo,0,8634,-10.0
ppo,0,8635,-10.0
ppo,0,8637,-10.0
ppo,0,8639,-10.0
ppo,0,8642,-10.0
ppo,0,8643,-10.0
ppo,0,8644,-10.0
ppo,0,8645,-10.0
ppo,0,8646,-10.0
ppo,0,8647,-10.0
ppo,0,8649,-10.0
ppo,0,8650,-10.0
ppo,0,8651,-10.0
ppo,0,8654,-10.0
ppo,0,8656,-10.0
ppo,0,8657,-10.0
ppo,0,8658,-10.0
ppo,0,8659,-69.6
ppo,0,8660,-10.0
ppo,0,8662,-10.0
ppo,0,8663,-10.0
ppo,0,8664,-10.0
ppo,0,8666,-10.0
ppo,0,8668,-10.0
ppo,0,8669,-10.0
ppo,0,8670,-10.0
ppo,0,8671,-10.0
ppo,0,8672,-10.0
ppo,0,8673,-10.0
ppo,0,8674,-10.0
ppo,0,8676,-10.0
ppo,0,8677,-10.0
ppo,0,8681,-10.0
ppo,0,8682,-10.0
ppo,0,8683,-10.0
ppo,0,8684,-10.0
ppo,0,8686,-10.0
ppo,0,8687,-10.0
ppo,0,8689,-10.0
ppo,0,8690,-10.0
ppo,0,8691,-10.0
ppo,0,8693,-10.0
ppo,0,8694,-10.0
ppo,0,8697,-10.0
ppo,0,8701,-10.0
ppo,0,8702,-10.0
ppo,0,8703,-10.0
ppo,0,8704,-10.0
ppo,0,8705,-10.0
ppo,0,8706,-10.0
ppo,0,8707,-10.0
ppo,0,8708,-10.0
ppo,0,8709,-10.0
ppo,0,8710,-10.0
ppo,0,8711,-10.0
ppo,0,8712,-10.0
ppo,0,8713,-10.0
ppo,0,8714,-10.0
ppo,0,8716,-10.0
ppo,0,8717,-10.0
ppo,0,8720,-10.0
ppo,0,8721,-10.0
ppo,0,8723,-10.0
ppo,0,8724,-10.0
ppo,0,8725,-10.0
ppo,0,8727,-10.0
ppo,0,8728,-10.0
ppo,0,8729,-10.0
ppo,0,8730,-10.0
ppo,0,8731,-10.0
ppo,0,8732,-10.0
ppo,0,8734,-10.0
ppo,0,8735,-10.0
ppo,0,8736,-10.0
ppo,0,8737,-10.0
ppo,0,8739,-10.0
ppo,0,8741,-10.0
ppo,0,8742,-10.0
ppo,0,8743,-10.0
ppo,0,8744,-10.0
ppo,0,8746,-10.0
ppo,0,8750,-10.0
ppo,0,8751,-10.0
ppo,0,8752,-10.0
ppo,0,8753,-10.0
ppo,0,8754,-10.0
ppo,0,8756,-10.0
ppo,0,8757,-10.0
ppo,0,8759,-10.0
ppo,0,8760,-10.0
ppo,0,8761,-10.0
ppo,0,8762,-10.0
ppo,0,8763,-10.0
ppo,0,8764,-10.0
ppo,0,8766,-10.0
ppo,0,8767,-10.0
ppo,0,8769,-10.0
ppo,0,8770,-10.0
ppo,0,8771,-10.0
ppo,0,8772,-10.0
ppo,0,8773,-10.0
ppo,0,8774,-10.0
ppo,0,8776,-10.0
ppo,0,8777,-10.0
ppo,0,8778,-10.0
ppo,0,8780,-10.0
ppo,0,8782,-10.0
ppo,0,8783,-10.0
ppo,0,8784,-10.0
ppo,0,8785,-10.0
ppo,0,8788,-10.0
ppo,0,8790,-10.0
ppo,0,8791,-10.0
ppo,0,8792,-10.0
ppo,0,8793,-10.0
ppo,0,8794,-10.0
ppo,0,8795,-10.0
ppo,0,8796,-10.0
ppo,0,8799,-10.0
ppo,0,8800,-10.0
ppo,0,8801,-10.0
ppo,0,8803,-10.0
ppo,0,8804,-10.0
ppo,0,8806,-10.0
ppo,0,8807,-10.0
ppo,0,8809,-10.0
ppo,0,8810,-10.0
ppo,0,8811,-10.0
ppo,0,8812,-10.0
ppo,0,8815,-10.0
ppo,0,8817,-10.0
ppo,0,8818,-10.0
ppo,0,8819,-10.0
ppo,0,8821,-10.0
ppo,0,8824,-10.0
ppo,0,8825,-10.0
ppo,0,8827,-10.0
ppo,0,8829,-10.0
ppo,0,8831,-10.0
ppo,0,8833,-10.0
ppo,0,8835,-10.0
ppo,0,8839,-10.0
ppo,0,8840,-10.0
ppo,0,8841,-10.0
ppo,0,8842,-10.0
ppo,0,8844,-10.0
ppo,0,8846,-10.0
ppo,0,8847,-10.0
ppo,0,8849,-10.0
ppo,0,8851,-10.0
ppo,0,8852,-10.0
ppo,0,8853,-10.0
ppo,0,8854,-10.0
ppo,0,8855,-10.0
ppo,0,8856,-10.0
ppo,0,8858,-10.0
ppo,0,8859,-10.0
ppo,0,8860,-10.0
ppo,0,8861,-10.0
ppo,0,8864,-10.0
ppo,0,8865,-10.0
ppo,0,8867,-10.0
ppo,0,8868,-10.0
ppo,0,8869,-10.0
ppo,0,8870,-10.0
ppo,0,8871,-10.0
ppo,0,8872,-10.0
ppo,0,8873,-10.0
ppo,0,8876,-10.0
ppo,0,8877,-10.0
ppo,0,8879,-10.0
ppo,0,8880,-10.0
ppo,0,8881,-10.0
ppo,0,8882,-10.0
ppo,0,8884,-10.0
ppo,0,8885,-10.0
ppo,0,8886,-10.0
ppo,0,8887,-10.0
ppo,0,8888,-10.0
ppo,0,8889,-10.0
ppo,0,8890,-10.0
ppo,0,8891,-10.0
ppo,0,8893,-10.0
ppo,0,8894,-10.0
ppo,0,8895,-10.0
ppo,0,8896,-10.0
ppo,0,8897,-10.0
ppo,0,8898,-10.0
ppo,0,8899,-10.0
ppo,0,8900,-10.0
ppo,0,8901,-10.0
ppo,0,8902,-10.0
ppo,0,8903,-10.0
ppo,0,8904,-10.0
ppo,0,8905,-10.0
ppo,0,8906,-10.0
ppo,0,8907,-10.0
ppo,0,8908,-10.0
ppo,0,8909,-10.0
ppo,0,8910,-10.0
ppo,0,8911,-10.0
ppo,0,8913,-10.0
ppo,0,8915,-10.0
ppo,0,8917,-10.0
ppo,0,8918,-10.0
ppo,0,8920,-10.0
ppo,0,8921,-10.0
ppo,0,8922,-10.0
ppo,0,8924,-10.0
ppo,0,8925,-10.0
ppo,0,8926,-10.0
ppo,0,8927,-10.0
ppo,0,8928,-10.0
ppo,0,8929,-10.0
ppo,0,8930,-10.0
ppo,0,8931,-10.0
ppo,0,8932,-10.0
ppo,0,8933,-10.0
ppo,0,8934,-10.0
ppo,0,8935,-10.0
ppo,0,8939,-10.0
ppo,0,8941,-10.0
ppo,0,8943,-10.0
ppo,0,8945,-10.0
ppo,0,8946,-10.0
ppo,0,8948,-10.0
ppo,0,8949,-10.0
ppo,0,8950,-10.0
ppo,0,8951,-10.0
ppo,0,8952,-10.0
ppo,0,8953,-10.0
ppo,0,8954,-10.0
ppo,0,8955,-10.0
ppo,0,8957,-10.0
ppo,0,8962,-10.0
ppo,0,8963,-10.0
ppo,0,8964,-10.0
ppo,0,8965,-10.0
ppo,0,8966,-10.0
ppo,0,8967,-10.0
ppo,0,8968,-10.0
ppo,0,8970,-10.0
ppo,0,8971,-10.0
ppo,0,8972,-10.0
ppo,0,8973,-10.0
ppo,0,8974,-10.0
ppo,0,8977,-10.0
ppo,0,8978,-10.0
ppo,0,8979,-10.0
ppo,0,8981,-10.0
ppo,0,8982,-10.0
ppo,0,8983,-10.0
ppo,0,8984,-10.0
ppo,0,8985,-10.0
ppo,0,8987,-10.0
ppo,0,8988,-10.0
ppo,0,8989,-10.0
ppo,0,8991,-10.0
ppo,0,8992,-10.0
ppo,0,8993,-10.0
ppo,0,8994,-10.0
ppo,0,8995,-10.0
ppo,0,8998,-10.0
ppo,0,8999,-10.0
ppo,0,9004,-10.0
ppo,0,9006,-10.0
ppo,0,9007,-10.0
ppo,0,9008,-10.0
ppo,0,9009,-10.0
ppo,0,9010,-10.0
ppo,0,9011,-10.0
ppo,0,9014,-10.0
ppo,0,9016,-10.0
ppo,0,9017,-10.0
ppo,0,9019,-10.0
ppo,0,9020,-10.0
ppo,0,9021,-10.0
ppo,0,9023,-10.0
ppo,0,9024,-10.0
ppo,0,9025,-10.0
ppo,0,9026,-10.0
ppo,0,9028,-10.0
ppo,0,9030,-10.0
ppo,0,9031,-10.0
ppo,0,9034,-10.0
ppo,0,9035,-10.0
ppo,0,9036,-10.0
ppo,0,9037,-10.0
ppo,0,9038,-10.0
ppo,0,9040,-10.0
ppo,0,9042,-10.0
ppo,0,9045,-10.0
ppo,0,9046,-10.0
ppo,0,9047,-10.0
ppo,0,9048,-10.0
ppo,0,9050,-10.0
ppo,0,9051,-10.0
ppo,0,9052,-10.0
ppo,0,9053,-10.0
ppo,0,9055,-10.0
ppo,0,9056,-10.0
ppo,0,9057,-10.0
ppo,0,9058,-10.0
ppo,0,9062,-10.0
ppo,0,9063,-10.0
ppo,0,9065,-10.0
ppo,0,9066,-10.0
ppo,0,9067,-10.0
ppo,0,9068,-10.0
ppo,0,9071,-10.0
ppo,0,9073,-10.0
ppo,0,9074,-10.0
ppo,0,9076,-10.0
ppo,0,9078,-10.0
ppo,0,9080,-10.0
ppo,0,9082,-10.0
ppo,0,9084,-10.0
ppo,0,9085,-10.0
ppo,0,9087,-10.0
ppo,0,9089,-10.0
ppo,0,9090,-10.0
ppo,0,9091,-10.0
ppo,0,9092,-10.0
ppo,0,9093,-10.0
ppo,0,9094,-10.0
ppo,0,9096,-10.0
ppo,0,9097,-10.0
ppo,0,9098,-10.0
ppo,0,9099,-10.0
ppo,0,9100,-10.0
ppo,0,9101,-10.0
ppo,0,9103,-10.0
ppo,0,9104,-10.0
ppo,0,9105,-10.0
ppo,0,9107,-10.0
ppo,0,9108,-10.0
ppo,0,9109,-10.0
ppo,0,9110,-10.0
ppo,0,9111,-10.0
ppo,0,9112,-10.0
ppo,0,9115,-10.0
ppo,0,9116,-10.0
ppo,0,9117,-10.0
ppo,0,9119,-10.0
ppo,0,9120,-10.0
ppo,0,9122,-10.0
ppo,0,9123,-10.0
ppo,0,9124,-10.0
ppo,0,9126,-10.0
ppo,0,9128,-10.0
ppo,0,9130,-10.0
ppo,0,9131,-10.0
ppo,0,9133,-10.0
ppo,0,9134,-10.0
ppo,0,9136,-10.0
ppo,0,9137,-10.0
ppo,0,9138,-10.0
ppo,0,9139,-10.0
ppo,0,9140,-10.0
ppo,0,9144,-10.0
ppo,0,9145,-10.0
ppo,0,9146,-10.0
ppo,0,9148,-10.0
ppo,0,9149,-10.0
ppo,0,9150,-10.0
ppo,0,9152,-10.0
ppo,0,9154,-10.0
ppo,0,9156,-10.0
ppo,0,9157,-10.0
ppo,0,9158,-10.0
ppo,0,9159,-10.0
ppo,0,9162,-10.0
ppo,0,9163,-10.0
ppo,0,9164,-10.0
ppo,0,9165,-10.0
ppo,0,9167,-10.0
ppo,0,9168,-10.0
ppo,0,9169,-10.0
ppo,0,9170,-10.0
ppo,0,9171,-10.0
ppo,0,9172,-10.0
ppo,0,9173,-10.0
ppo,0,9174,-10.0
ppo,0,9175,-10.0
ppo,0,9176,-10.0
ppo,0,9177,-10.0
ppo,0,9178,-10.0
ppo,0,9179,-10.0
ppo,0,9182,-10.0
ppo,0,9183,-10.0
ppo,0,9184,-10.0
ppo,0,9187,-10.0
ppo,0,9188,-10.0
ppo,0,9189,-10.0
ppo,0,9190,-10.0
ppo,0,9191,-10.0
ppo,0,9192,-10.0
ppo,0,9193,-10.0
ppo,0,9194,-10.0
ppo,0,9195,-10.0
ppo,0,9196,-10.0
ppo,0,9198,-10.0
ppo,0,9199,-10.0
ppo,0,9200,-10.0
ppo,0,9201,-10.0
ppo,0,9202,-10.0
ppo,0,9203,-10.0
ppo,0,9204,-10.0
ppo,0,9206,-10.0
ppo,0,9209,-10.0
ppo,0,9210,-10.0
ppo,0,9211,-10.0
ppo,0,9212,-10.0
ppo,0,9213,-10.0
ppo,0,9214,-10.0
ppo,0,9215,-10.0
ppo,0,9216,-10.0
ppo,0,9218,-10.0
ppo,0,9220,-10.0
ppo,0,9221,-10.0
ppo,0,9228,-10.0
ppo,0,9229,-10.0
ppo,0,9231,-10.0
ppo,0,9232,-10.0
ppo,0,9233,-10.0
ppo,0,9234,-10.0
ppo,0,9235,-10.0
ppo,0,9236,-10.0
ppo,0,9237,-10.0
ppo,0,9238,-10.0
ppo,0,9239,-10.0
ppo,0,9240,-10.0
ppo,0,9241,-10.0
ppo,0,9244,-10.0
ppo,0,9245,-10.0
ppo,0,9247,-10.0
ppo,0,9248,-10.0
ppo,0,9249,-10.0
ppo,0,9251,-10.0
ppo,0,9253,-10.0
ppo,0,9254,-10.0
ppo,0,9255,-10.0
ppo,0,9257,-10.0
ppo,0,9258,-10.0
ppo,0,9260,-10.0
ppo,0,9263,-10.0
ppo,0,9264,-10.0
ppo,0,9265,-10.0
ppo,0,9266,-10.0
ppo,0,9268,-10.0
ppo,0,9270,-10.0
ppo,0,9272,-10.0
ppo,0,9274,-10.0
ppo,0,9275,-10.0
ppo,0,9276,-10.0
ppo,0,9277,-10.0
ppo,0,9278,-10.0
ppo,0,9280,-10.0
ppo,0,9283,-10.0
ppo,0,9285,-10.0
ppo,0,9286,-10.0
ppo,0,9287,-10.0
ppo,0,9288,-10.0
ppo,0,9289,-10.0
ppo,0,9290,-10.0
ppo,0,9291,-10.0
ppo,0,9294,-10.0
ppo,0,9295,-10.0
ppo,0,9296,-10.0
ppo,0,9297,-10.0
ppo,0,9298,-10.0
ppo,0,9299,-10.0
ppo,0,9300,-10.0
ppo,0,9301,-10.0
ppo,0,9302,-10.0
ppo,0,9303,-10.0
ppo,0,9305,-10.0
ppo,0,9307,-10.0
ppo,0,9309,-10.0
ppo,0,9310,-10.0
ppo,0,9312,-10.0
ppo,0,9317,-10.0
ppo,0,9318,-10.0
ppo,0,9319,-10.0
ppo,0,9320,-10.0
ppo,0,9321,-10.0
ppo,0,9323,-10.0
ppo,0,9324,-10.0
ppo,0,9325,-10.0
ppo,0,9326,-10.0
ppo,0,9327,-10.0
ppo,0,9330,-10.0
ppo,0,9332,-10.0
ppo,0,9333,-10.0
ppo,0,9334,-10.0
ppo,0,9335,-10.0
ppo,0,9336,-10.0
ppo,0,9337,-10.0
ppo,0,9338,-10.0
ppo,0,9339,-10.0
ppo,0,9341,-38.4
ppo,0,9342,-10.0
ppo,0,9343,-10.0
ppo,0,9346,-10.0
ppo,0,9347,-10.0
ppo,0,9349,-10.0
ppo,0,9350,-10.0
ppo,0,9352,-10.0
ppo,0,9353,-10.0
ppo,0,9354,-10.0
ppo,0,9355,-10.0
ppo,0,9356,-10.0
ppo,0,9357,-10.0
ppo,0,9358,-10.0
ppo,0,9360,-10.0
ppo,0,9361,-10.0
ppo,0,9363,-10.0
ppo,0,9364,-10.0
ppo,0,9365,-10.0
ppo,0,9366,-10.0
ppo,0,9367,-10.0
ppo,0,9368,-10.0
ppo,0,9369,-10.0
ppo,0,9370,-10.0
ppo,0,9371,-10.0
ppo,0,9372,-10.0
ppo,0,9373,-10.0
ppo,0,9374,-10.0
ppo,0,9375,-10.0
ppo,0,9376,-10.0
ppo,0,9378,-10.0
ppo,0,9379,-10.0
ppo,0,9380,-10.0
ppo,0,9381,-10.0
ppo,0,9382,-10.0
ppo,0,9384,-10.0
ppo,0,9385,-10.0
ppo,0,9386,-10.0
ppo,0,9388,-10.0
ppo,0,9389,-10.0
ppo,0,9391,-10.0
ppo,0,9392,-10.0
ppo,0,9394,-10.0
ppo,0,9396,-10.0
ppo,0,9400,-10.0
ppo,0,9401,-10.0
ppo,0,9402,-10.0
ppo,0,9404,-10.0
ppo,0,9407,-10.0
ppo,0,9408,-10.0
ppo,0,9409,-10.0
ppo,0,9411,-10.0
ppo,0,9412,-10.0
ppo,0,9413,-10.0
ppo,0,9414,-10.0
ppo,0,9418,-10.0
ppo,0,9419,-10.0
ppo,0,9421,-10.0
ppo,0,9422,-10.0
ppo,0,9423,-10.0
ppo,0,9424,-10.0
ppo,0,9425,-10.0
ppo,0,9427,-10.0
ppo,0,9429,-10.0
ppo,0,9431,-10.0
ppo,0,9432,-10.0
ppo,0,9433,-10.0
ppo,0,9434,-10.0
ppo,0,9437,-10.0
ppo,0,9439,-10.0
ppo,0,9440,-10.0
ppo,0,9441,-10.0
ppo,0,9442,-10.0
ppo,0,9443,-10.0
ppo,0,9445,-10.0
ppo,0,9446,-10.0
ppo,0,9447,-10.0
ppo,0,9448,-10.0
ppo,0,9449,-10.0
ppo,0,9451,-10.0
ppo,0,9452,-10.0
ppo,0,9453,-10.0
ppo,0,9454,-10.0
ppo,0,9455,-10.0
ppo,0,9456,-10.0
ppo,0,9457,-10.0
ppo,0,9459,-10.0
ppo,0,9460,-10.0
ppo,0,9462,-10.0
ppo,0,9466,-10.0
ppo,0,9467,-10.0
ppo,0,9471,-10.0
ppo,0,9472,-10.0
ppo,0,9473,-10.0
ppo,0,9474,-10.0
ppo,0,9477,-10.0
ppo,0,9479,-10.0
ppo,0,9480,-10.0
ppo,0,9481,-10.0
ppo,0,9482,-10.0
ppo,0,9483,-10.0
ppo,0,9484,-10.0
ppo,0,9485,-10.0
ppo,0,9487,-10.0
ppo,0,9488,-10.0
ppo,0,9489,-10.0
ppo,0,9491,-10.0
ppo,0,9494,-10.0
ppo,0,9495,-10.0
ppo,0,9496,-10.0
ppo,0,9497,-10.0
ppo,0,9498,-10.0
ppo,0,9499,-10.0
ppo,0,9500,-10.0
ppo,0,9501,-10.0
ppo,0,9502,-10.0
ppo,0,9504,-10.0
ppo,0,9505,-10.0
ppo,0,9506,-10.0
ppo,0,9507,-10.0
ppo,0,9508,-10.0
ppo,0,9509,-10.0
ppo,0,9510,-10.0
ppo,0,9511,-10.0
ppo,0,9512,-10.0
ppo,0,9513,-10.0
ppo,0,9515,-10.0
ppo,0,9516,-10.0
ppo,0,9518,-10.0
ppo,0,9519,-10.0
ppo,0,9520,-10.0
ppo,0,9521,-10.0
ppo,0,9522,-10.0
ppo,0,9523,-10.0
ppo,0,9524,-10.0
ppo,0,9525,-10.0
ppo,0,9526,-10.0
ppo,0,9531,-10.0
ppo,0,9533,-10.0
ppo,0,9534,-10.0
ppo,0,9535,-10.0
ppo,0,9537,-10.0
ppo,0,9538,-10.0
ppo,0,9539,-10.0
ppo,0,9540,-10.0
ppo,0,9541,-10.0
ppo,0,9542,-10.0
ppo,0,9543,-10.0
ppo,0,9544,-30.9
ppo,0,9545,-10.0
ppo,0,9547,-10.0
ppo,0,9548,-10.0
ppo,0,9549,-10.0
ppo,0,9550,-10.0
ppo,0,9551,-10.0
ppo,0,9552,-10.0
ppo,0,9553,-10.0
ppo,0,9554,-10.0
ppo,0,9555,-10.0
ppo,0,9557,-10.0
ppo,0,9560,-10.0
ppo,0,9562,-10.0
ppo,0,9564,-10.0
ppo,0,9565,-10.0
ppo,0,9566,-10.0
ppo,0,9567,-10.0
ppo,0,9569,-10.0
ppo,0,9571,-10.0
ppo,0,9573,-10.0
ppo,0,9574,-10.0
ppo,0,9575,-10.0
ppo,0,9576,-10.0
ppo,0,9577,-10.0
ppo,0,9578,-10.0
ppo,0,9581,-10.0
ppo,0,9584,-10.0
ppo,0,9586,-10.0
ppo,0,9587,-10.0
ppo,0,9588,-10.0
ppo,0,9589,-10.0
ppo,0,9590,-10.0
ppo,0,9591,-10.0
ppo,0,9592,-10.0
ppo,0,9593,-10.0
ppo,0,9595,-10.0
ppo,0,9596,-10.0
ppo,0,9597,-10.0
ppo,0,9598,-10.0
ppo,0,9599,-10.0
ppo,0,9600,-10.0
ppo,0,9601,-10.0
ppo,0,9603,-10.0
ppo,0,9604,-10.0
ppo,0,9605,-10.0
ppo,0,9607,-10.0
ppo,0,9609,-10.0
ppo,0,9611,-10.0
ppo,0,9615,-10.0
ppo,0,9617,-10.0
ppo,0,9618,-10.0
ppo,0,9619,-10.0
ppo,0,9621,-10.0
ppo,0,9622,-10.0
ppo,0,9623,-10.0
ppo,0,9624,-10.0
ppo,0,9625,-10.0
ppo,0,9627,-10.0
ppo,0,9628,-10.0
ppo,0,9629,-10.0
ppo,0,9631,-10.0
ppo,0,9632,-10.0
ppo,0,9633,-10.0
ppo,0,9635,-10.0
ppo,0,9638,-10.0
ppo,0,9640,-10.0
ppo,0,9641,-47.4
ppo,0,9642,-10.0
ppo,0,9643,-10.0
ppo,0,9644,-10.0
ppo,0,9645,-10.0
ppo,0,9647,-10.0
ppo,0,9648,-10.0
ppo,0,9651,-10.0
ppo,0,9652,-10.0
ppo,0,9653,-10.0
ppo,0,9654,-10.0
ppo,0,9655,-10.0
ppo,0,9657,-10.0
ppo,0,9658,-10.0
ppo,0,9660,-10.0
ppo,0,9661,-10.0
ppo,0,9662,-10.0
ppo,0,9668,-10.0
ppo,0,9669,-10.0
ppo,0,9670,-10.0
ppo,0,9673,-10.0
ppo,0,9674,-10.0
ppo,0,9677,-10.0
ppo,0,9679,-10.0
ppo,0,9680,-10.0
ppo,0,9681,-10.0
ppo,0,9683,-10.0
ppo,0,9686,-10.0
ppo,0,9688,-10.0
ppo,0,9689,-10.0
ppo,0,9690,-10.0
ppo,0,9692,-10.0
ppo,0,9693,-10.0
ppo,0,9694,-10.0
ppo,0,9695,-10.0
ppo,0,9696,-10.0
ppo,0,9697,-10.0
ppo,0,9699,-10.0
ppo,0,9701,-10.0
ppo,0,9703,-10.0
ppo,0,9704,-10.0
ppo,0,9705,-10.0
ppo,0,9707,-10.0
ppo,0,9709,-10.0
ppo,0,9710,-10.0
ppo,0,9711,-10.0
ppo,0,9712,-10.0
ppo,0,9713,-10.0
ppo,0,9714,-10.0
ppo,0,9716,-10.0
ppo,0,9717,-10.0
ppo,0,9719,-10.0
ppo,0,9720,-10.0
ppo,0,9721,-10.0
ppo,0,9722,-10.0
ppo,0,9723,-10.0
ppo,0,9724,-10.0
ppo,0,9725,-10.0
ppo,0,9726,-10.0
ppo,0,9727,-10.0
ppo,0,9729,-10.0
ppo,0,9731,-10.0
ppo,0,9732,-10.0
ppo,0,9735,-10.0
ppo,0,9736,-10.0
ppo,0,9737,-10.0
ppo,0,9738,-10.0
ppo,0,9739,-10.0
ppo,0,9744,-10.0
ppo,0,9745,-10.0
ppo,0,9746,-10.0
ppo,0,9747,-10.0
ppo,0,9749,-10.0
ppo,0,9751,-10.0
ppo,0,9753,-10.0
ppo,0,9754,-10.0
ppo,0,9755,-10.0
ppo,0,9756,-10.0
ppo,0,9757,-10.0
ppo,0,9760,-10.0
ppo,0,9761,-10.0
ppo,0,9763,-10.0
ppo,0,9764,-10.0
ppo,0,9765,-10.0
ppo,0,9766,-10.0
ppo,0,9767,-10.0
ppo,0,9768,-10.0
ppo,0,9770,-10.0
ppo,0,9771,-10.0
ppo,0,9772,-10.0
ppo,0,9773,-10.0
ppo,0,9774,-10.0
ppo,0,9775,-10.0
ppo,0,9776,-10.0
ppo,0,9777,-10.0
ppo,0,9778,-10.0
ppo,0,9779,-10.0
ppo,0,9781,-10.0
ppo,0,9783,-10.0
ppo,0,9784,-10.0
ppo,0,9785,-10.0
ppo,0,9786,-10.0
ppo,0,9787,-10.0
ppo,0,9788,-10.0
ppo,0,9789,-10.0
ppo,0,9791,-10.0
ppo,0,9792,-53.7
ppo,0,9793,-10.0
ppo,0,9797,-10.0
ppo,0,9799,-10.0
ppo,0,9800,-10.0
ppo,0,9802,-10.0
ppo,0,9803,-10.0
ppo,0,9804,-10.0
ppo,0,9806,-10.0
ppo,0,9808,-10.0
ppo,0,9811,-10.0
ppo,0,9812,-10.0
ppo,0,9813,-10.0
ppo,0,9814,-10.0
ppo,0,9815,-10.0
ppo,0,9816,-10.0
ppo,0,9817,-10.0
ppo,0,9822,-10.0
ppo,0,9823,-10.0
ppo,0,9824,-10.0
ppo,0,9825,-10.0
ppo,0,9826,-10.0
ppo,0,9827,-10.0
ppo,0,9829,-10.0
ppo,0,9831,-10.0
ppo,0,9832,-10.0
ppo,0,9834,-10.0
ppo,0,9835,-10.0
ppo,0,9836,-10.0
ppo,0,9837,-10.0
ppo,0,9838,-10.0
ppo,0,9841,-10.0
ppo,0,9842,-10.0
ppo,0,9843,-10.0
ppo,0,9844,-10.0
ppo,0,9846,-10.0
ppo,0,9847,-10.0
ppo,0,9848,-10.0
ppo,0,9849,-10.0
ppo,0,9850,-10.0
ppo,0,9852,-10.0
ppo,0,9853,-10.0
ppo,0,9854,-10.0
ppo,0,9857,-10.0
ppo,0,9863,-10.0
ppo,0,9864,-10.0
ppo,0,9865,-10.0
ppo,0,9866,-10.0
ppo,0,9867,-10.0
ppo,0,9869,-10.0
ppo,0,9870,-10.0
ppo,0,9872,-10.0
ppo,0,9873,-10.0
ppo,0,9875,-10.0
ppo,0,9876,-10.0
ppo,0,9878,-10.0
ppo,0,9879,-10.0
ppo,0,9881,-10.0
ppo,0,9882,-10.0
ppo,0,9884,-10.0
ppo,0,9885,-10.0
ppo,0,9887,-10.0
ppo,0,9890,-10.0
ppo,0,9891,-10.0
ppo,0,9892,-10.0
ppo,0,9893,-10.0
ppo,0,9895,-10.0
ppo,0,9897,-10.0
ppo,0,9898,-10.0
ppo,0,9899,-10.0
ppo,0,9900,-10.0
ppo,0,9903,-10.0
ppo,0,9904,-10.0
ppo,0,9905,-10.0
ppo,0,9906,-10.0
ppo,0,9907,-10.0
ppo,0,9908,-10.0
ppo,0,9909,-10.0
ppo,0,9911,-10.0
ppo,0,9912,-10.0
ppo,0,9913,-10.0
ppo,0,9914,-10.0
ppo,0,9915,-10.0
ppo,0,9916,-10.0
ppo,0,9917,-10.0
ppo,0,9918,-10.0
ppo,0,9919,-10.0
ppo,0,9920,-10.0
ppo,0,9921,-10.0
ppo,0,9922,-10.0
ppo,0,9923,-10.0
ppo,0,9924,-10.0
ppo,0,9925,-10.0
ppo,0,9926,-10.0
ppo,0,9927,-10.0
ppo,0,9928,-10.0
ppo,0,9930,-10.0
ppo,0,9931,-10.0
ppo,0,9932,-10.0
ppo,0,9933,-10.0
ppo,0,9934,-10.0
ppo,0,9936,-10.0
ppo,0,9940,-10.0
ppo,0,9941,-10.0
ppo,0,9942,-10.0
ppo,0,9943,-10.0
ppo,0,9944,-10.0
ppo,0,9948,-10.0
ppo,0,9949,-10.0
ppo,0,9950,-10.0
ppo,0,9951,-10.0
ppo,0,9952,-10.0
ppo,0,9954,-10.0
ppo,0,9956,-10.0
ppo,0,9957,-10.0
ppo,0,9958,-10.0
ppo,0,9959,-10.0
ppo,0,9960,-10.0
ppo,0,9961,-10.0
ppo,0,9963,-10.0
ppo,0,9965,-10.0
ppo,0,9966,-10.0
ppo,0,9967,-10.0
ppo,0,9970,-10.0
ppo,0,9971,-10.0
ppo,0,9972,-10.0
ppo,0,9973,-10.0
ppo,0,9974,-10.0
ppo,0,9975,-10.0
ppo,0,9976,-10.0
ppo,0,9977,-10.0
ppo,0,9978,-10.0
ppo,0,9979,-10.0
ppo,0,9980,-10.0
ppo,0,9981,-10.0
ppo,0,9983,-10.0
ppo,0,9984,-10.0
ppo,0,9986,-10.0
ppo,0,9987,-10.0
ppo,0,9988,-10.0
ppo,0,9989,-10.0
ppo,0,9991,-10.0
ppo,0,9992,-10.0
ppo,0,9996,-10.0
ppo,0,9997,-10.0
ppo,0,9998,-10.0
ppo,0,10000,-10.0
ppo,0,10001,-10.0
ppo,0,10004,-10.0
ppo,0,10006,-10.0
ppo,0,10007,-10.0
ppo,0,10011,-10.0
ppo,0,10012,-10.0
ppo,0,10014,-10.0
ppo,0,10015,-10.0
ppo,0,10016,-10.0
ppo,0,10017,-10.0
ppo,0,10018,-10.0
ppo,0,10019,-10.0
ppo,0,10020,-10.0
ppo,0,10021,-10.0
ppo,0,10022,-10.0
ppo,0,10023,-10.0
ppo,0,10024,-10.0
ppo,0,10025,-10.0
ppo,0,10026,-10.0
ppo,0,10030,-10.0
ppo,0,10033,-10.0
ppo,0,10034,-10.0
ppo,0,10035,-10.0
ppo,0,10036,-10.0
ppo,0,10037,-10.0
ppo,0,10039,-10.0
ppo,0,10041,-10.0
ppo,0,10042,-10.0
ppo,0,10043,-10.0
ppo,0,10044,-10.0
ppo,0,10045,-10.0
ppo,0,10046,-10.0
ppo,0,10047,-10.0
ppo,0,10048,-10.0
ppo,0,10049,-10.0
ppo,0,10050,-10.0
ppo,0,10052,-10.0
ppo,0,10053,-10.0
ppo,0,10054,-10.0
ppo,0,10055,-10.0
ppo,0,10058,-10.0
ppo,0,10060,-10.0
ppo,0,10061,-10.0
ppo,0,10062,-10.0
ppo,0,10063,-10.0
ppo,0,10064,-10.0
ppo,0,10065,-10.0
ppo,0,10066,-10.0
ppo,0,10067,-10.0
ppo,0,10068,-10.0
ppo,0,10069,-10.0
ppo,0,10070,-10.0
ppo,0,10071,-10.0
ppo,0,10072,-10.0
ppo,0,10074,-10.0
ppo,0,10075,-10.0
ppo,0,10076,-10.0
ppo,0,10077,-10.0
ppo,0,10078,-10.0
ppo,0,10080,-10.0
ppo,0,10081,-10.0
ppo,0,10083,-10.0
ppo,0,10084,-10.0
ppo,0,10085,-10.0
ppo,0,10088,-10.0
ppo,0,10089,-10.0
ppo,0,10090,-10.0
ppo,0,10092,-10.0
ppo,0,10093,-10.0
ppo,0,10094,-10.0
ppo,0,10095,-10.0
ppo,0,10096,-10.0
ppo,0,10098,-10.0
ppo,0,10099,-10.0
ppo,0,10101,-10.0
ppo,0,10102,-10.0
ppo,0,10103,-10.0
ppo,0,10105,-10.0
ppo,0,10106,-10.0
ppo,0,10107,-10.0
ppo,0,10109,-10.0
ppo,0,10111,-10.0
ppo,0,10112,-10.0
ppo,0,10113,-10.0
ppo,0,10114,-10.0
ppo,0,10115,-10.0
ppo,0,10117,-10.0
ppo,0,10119,-10.0
ppo,0,10122,-10.0
ppo,0,10124,-10.0
ppo,0,10125,-10.0
ppo,0,10126,-10.0
ppo,0,10127,-10.0
ppo,0,10128,-10.0
ppo,0,10129,-10.0
ppo,0,10130,-10.0
ppo,0,10131,-10.0
ppo,0,10136,-10.0
ppo,0,10137,-10.0
ppo,0,10140,-10.0
ppo,0,10141,-10.0
ppo,0,10142,-10.0
ppo,0,10144,-10.0
ppo,0,10146,-10.0
ppo,0,10148,-10.0
ppo,0,10149,-10.0
ppo,0,10150,-10.0
ppo,0,10151,-10.0
ppo,0,10154,-10.0
ppo,0,10155,-10.0
ppo,0,10156,-10.0
ppo,0,10157,-10.0
ppo,0,10158,-10.0
ppo,0,10160,-10.0
ppo,0,10161,-10.0
ppo,0,10164,-10.0
ppo,0,10165,-10.0
ppo,0,10166,-10.0
ppo,0,10167,-10.0
ppo,0,10169,-10.0
ppo,0,10170,-10.0
ppo,0,10171,-10.0
ppo,0,10173,-10.0
ppo,0,10174,-10.0
ppo,0,10175,-10.0
ppo,0,10176,-10.0
ppo,0,10177,-10.0
ppo,0,10178,-10.0
ppo,0,10179,-10.0
ppo,0,10180,-10.0
ppo,0,10181,-10.0
ppo,0,10182,-10.0
ppo,0,10183,-10.0
ppo,0,10184,-10.0
ppo,0,10187,-10.0
ppo,0,10188,-10.0
ppo,0,10189,-10.0
ppo,0,10190,-10.0
ppo,0,10192,-10.0
ppo,0,10194,-10.0
ppo,0,10195,-10.0
ppo,0,10196,-10.0
ppo,0,10197,-10.0
ppo,0,10198,-10.0
ppo,0,10199,-10.0
ppo,0,10200,-10.0
ppo,0,10201,-10.0
ppo,0,10203,-10.0
ppo,0,10205,-10.0
ppo,0,10206,-10.0
ppo,0,10207,-10.0
ppo,0,10208,-10.0
ppo,0,10209,-10.0
ppo,0,10211,-10.0
ppo,0,10212,-10.0
ppo,0,10213,-10.0
ppo,0,10214,-10.0
ppo,0,10215,-10.0
ppo,0,10217,-10.0
ppo,0,10219,-10.0
ppo,0,10220,-10.0
ppo,0,10221,-10.0
ppo,0,10222,-10.0
ppo,0,10223,-10.0
ppo,0,10224,-10.0
ppo,0,10228,-10.0
ppo,0,10229,-10.0
ppo,0,10230,-10.0
ppo,0,10231,-10.0
ppo,0,10232,-10.0
ppo,0,10233,-10.0
ppo,0,10234,-10.0
ppo,0,10235,-10.0
ppo,0,10236,-10.0
ppo,0,10237,-10.0
ppo,0,10238,-10.0
ppo,0,10240,-10.0
ppo,0,10243,-10.0
ppo,0,10244,-10.0
ppo,0,10245,-10.0
ppo,0,10246,-10.0
ppo,0,10248,-10.0
ppo,0,10249,-10.0
ppo,0,10250,-10.0
ppo,0,10255,-10.0
ppo,0,10256,-10.0
ppo,0,10257,-10.0
ppo,0,10258,-10.0
ppo,0,10259,-10.0
ppo,0,10260,-10.0
ppo,0,10261,-10.0
ppo,0,10262,-10.0
ppo,0,10263,-10.0
ppo,0,10264,-10.0
ppo,0,10268,-10.0
ppo,0,10269,-10.0
ppo,0,10271,-10.0
ppo,0,10272,-10.0
ppo,0,10274,-10.0
ppo,0,10277,-10.0
ppo,0,10280,-10.0
ppo,0,10281,-10.0
ppo,0,10282,-10.0
ppo,0,10283,-10.0
ppo,0,10284,-10.0
ppo,0,10285,-10.0
ppo,0,10286,-10.0
ppo,0,10287,-10.0
ppo,0,10288,-10.0
ppo,0,10291,-10.0
ppo,0,10292,-10.0
ppo,0,10293,-10.0
ppo,0,10295,-10.0
ppo,0,10296,-10.0
ppo,0,10297,-10.0
ppo,0,10299,-10.0
ppo,0,10300,-10.0
ppo,0,10302,-10.0
ppo,0,10303,-10.0
ppo,0,10305,-10.0
ppo,0,10306,-10.0
ppo,0,10307,-10.0
ppo,0,10308,-10.0
ppo,0,10309,-10.0
ppo,0,10310,-10.0
ppo,0,10312,-10.0
ppo,0,10313,-10.0
ppo,0,10314,-10.0
ppo,0,10315,-10.0
ppo,0,10317,-10.0
ppo,0,10318,-10.0
ppo,0,10320,-10.0
ppo,0,10321,-10.0
ppo,0,10323,-10.0
ppo,0,10325,-10.0
ppo,0,10326,-10.0
ppo,0,10327,-10.0
ppo,0,10328,-10.0
ppo,0,10329,-10.0
ppo,0,10331,-10.0
ppo,0,10332,-10.0
ppo,0,10334,-10.0
ppo,0,10337,-10.0
ppo,0,10338,-10.0
ppo,0,10339,-10.0
ppo,0,10341,-10.0
ppo,0,10342,-10.0
ppo,0,10343,-10.0
ppo,0,10344,-10.0
ppo,0,10345,-10.0
ppo,0,10346,-10.0
ppo,0,10348,-10.0
ppo,0,10349,-10.0
ppo,0,10350,-10.0
ppo,0,10351,-10.0
ppo,0,10353,-10.0
ppo,0,10355,-10.0
ppo,0,10356,-10.0
ppo,0,10357,-10.0
ppo,0,10361,-10.0
ppo,0,10362,-10.0
ppo,0,10363,-10.0
ppo,0,10364,-10.0
ppo,0,10367,-10.0
ppo,0,10369,-10.0
ppo,0,10370,-10.0
ppo,0,10371,-10.0
ppo,0,10372,-10.0
ppo,0,10373,-10.0
ppo,0,10374,-10.0
ppo,0,10375,-10.0
ppo,0,10377,-10.0
ppo,0,10381,-10.0
ppo,0,10382,-10.0
ppo,0,10383,-10.0
ppo,0,10384,-10.0
ppo,0,10386,-10.0
ppo,0,10387,-10.0
ppo,0,10388,-10.0
ppo,0,10389,-10.0
ppo,0,10391,-10.0
ppo,0,10393,-10.0
ppo,0,10394,-10.0
ppo,0,10396,-10.0
ppo,0,10397,-10.0
ppo,0,10398,-10.0
ppo,0,10399,-10.0
ppo,0,10401,-10.0
ppo,0,10402,-10.0
ppo,0,10404,-10.0
ppo,0,10412,-10.0
ppo,0,10413,-10.0
ppo,0,10414,-10.0
ppo,0,10416,-10.0
ppo,0,10417,-10.0
ppo,0,10420,-10.0
ppo,0,10421,-10.0
ppo,0,10422,-10.0
ppo,0,10423,-10.0
ppo,0,10424,-10.0
ppo,0,10425,-10.0
ppo,0,10427,-10.0
ppo,0,10428,-10.0
ppo,0,10429,-10.0
ppo,0,10431,-10.0
ppo,0,10432,-10.0
ppo,0,10434,-10.0
ppo,0,10437,-10.0
ppo,0,10438,-10.0
ppo,0,10439,-10.0
ppo,0,10441,-10.0
ppo,0,10443,-10.0
ppo,0,10444,-10.0
ppo,0,10445,-10.0
ppo,0,10446,-10.0
ppo,0,10448,-10.0
ppo,0,10449,-10.0
ppo,0,10452,-10.0
ppo,0,10453,-10.0
ppo,0,10455,-10.0
ppo,0,10458,-10.0
ppo,0,10459,-10.0
ppo,0,10461,-10.0
ppo,0,10462,-10.0
ppo,0,10463,-10.0
ppo,0,10465,-10.0
ppo,0,10466,-10.0
ppo,0,10467,-10.0
ppo,0,10469,-10.0
ppo,0,10470,-10.0
ppo,0,10471,-10.0
ppo,0,10472,-10.0
ppo,0,10473,-10.0
ppo,0,10474,-10.0
ppo,0,10475,-10.0
ppo,0,10476,-10.0
ppo,0,10478,-10.0
ppo,0,10479,-10.0
ppo,0,10480,-10.0
ppo,0,10482,-10.0
ppo,0,10484,-10.0
ppo,0,10485,-10.0
ppo,0,10486,-10.0
ppo,0,10489,-10.0
ppo,0,10492,-10.0
ppo,0,10494,-10.0
ppo,0,10496,-10.0
ppo,0,10498,-10.0
ppo,0,10499,-10.0
ppo,0,10501,-10.0
ppo,0,10503,-10.0
ppo,0,10504,-10.0
ppo,0,10505,-10.0
ppo,0,10506,-10.0
ppo,0,10507,-10.0
ppo,0,10509,-10.0
ppo,0,10512,-10.0
ppo,0,10515,-10.0
ppo,0,10516,-10.0
ppo,0,10517,-10.0
ppo,0,10518,-10.0
ppo,0,10520,-10.0
ppo,0,10524,-10.0
ppo,0,10525,-10.0
ppo,0,10526,-10.0
ppo,0,10527,-10.0
ppo,0,10528,-10.0
ppo,0,10529,-10.0
ppo,0,10530,-10.0
ppo,0,10531,-10.0
ppo,0,10532,-10.0
ppo,0,10534,-10.0
ppo,0,10535,-10.0
ppo,0,10536,-10.0
ppo,0,10537,-10.0
ppo,0,10538,-10.0
ppo,0,10539,-10.0
ppo,0,10540,-10.0
ppo,0,10542,-10.0
ppo,0,10543,-10.0
ppo,0,10544,-10.0
ppo,0,10548,-10.0
ppo,0,10550,-10.0
ppo,0,10551,-10.0
ppo,0,10552,-10.0
ppo,0,10553,-10.0
ppo,0,10554,-10.0
ppo,0,10555,-10.0
ppo,0,10556,-10.0
ppo,0,10557,-10.0
ppo,0,10559,-10.0
ppo,0,10560,-10.0
ppo,0,10562,-10.0
ppo,0,10563,-10.0
ppo,0,10564,-10.0
ppo,0,10565,-10.0
ppo,0,10566,-10.0
ppo,0,10567,-10.0
ppo,0,10569,-10.0
ppo,0,10570,-10.0
ppo,0,10571,-10.0
ppo,0,10573,-10.0
ppo,0,10576,-10.0
ppo,0,10577,-10.0
ppo,0,10579,-10.0
ppo,0,10581,-10.0
ppo,0,10582,-10.0
ppo,0,10585,-10.0
ppo,0,10588,-10.0
ppo,0,10589,-10.0
ppo,0,10590,-10.0
ppo,0,10591,-10.0
ppo,0,10592,-10.0
ppo,0,10593,-10.0
ppo,0,10594,-10.0
ppo,0,10595,-10.0
ppo,0,10596,-10.0
ppo,0,10597,-10.0
ppo,0,10598,-10.0
ppo,0,10600,-10.0
ppo,0,10601,-10.0
ppo,0,10603,-10.0
ppo,0,10604,-10.0
ppo,0,10605,-10.0
ppo,0,10607,-10.0
ppo,0,10608,-10.0
ppo,0,10609,-10.0
ppo,0,10610,-10.0
ppo,0,10611,-10.0
ppo,0,10614,-10.0
ppo,0,10615,-10.0
ppo,0,10616,-10.0
ppo,0,10618,-10.0
ppo,0,10619,-10.0
ppo,0,10620,-10.0
ppo,0,10621,-10.0
ppo,0,10622,-10.0
ppo,0,10623,-10.0
ppo,0,10625,-10.0
ppo,0,10626,-10.0
ppo,0,10627,-10.0
ppo,0,10628,-10.0
ppo,0,10630,-10.0
ppo,0,10631,-10.0
ppo,0,10633,-10.0
ppo,0,10635,-10.0
ppo,0,10636,-10.0
ppo,0,10637,-10.0
ppo,0,10639,-10.0
ppo,0,10640,-10.0
ppo,0,10642,-10.0
ppo,0,10643,-10.0
ppo,0,10644,-10.0
ppo,0,10645,-10.0
ppo,0,10646,-10.0
ppo,0,10647,-10.0
ppo,0,10649,-10.0
ppo,0,10650,-10.0
ppo,0,10651,-10.0
ppo,0,10652,-10.0
ppo,0,10653,-10.0
ppo,0,10654,-10.0
ppo,0,10656,-10.0
ppo,0,10661,-10.0
ppo,0,10662,-10.0
ppo,0,10663,-10.0
ppo,0,10664,-10.0
ppo,0,10665,-10.0
ppo,0,10666,-10.0
ppo,0,10667,-10.0
ppo,0,10668,-10.0
ppo,0,10669,-10.0
ppo,0,10670,-10.0
ppo,0,10671,-10.0
ppo,0,10672,-10.0
ppo,0,10673,-10.0
ppo,0,10674,-10.0
ppo,0,10675,-10.0
ppo,0,10676,-10.0
ppo,0,10677,-10.0
ppo,0,10678,-10.0
ppo,0,10679,-10.0
ppo,0,10680,-10.0
ppo,0,10682,-10.0
ppo,0,10683,-10.0
ppo,0,10686,-10.0
ppo,0,10687,-10.0
ppo,0,10688,-10.0
ppo,0,10690,-10.0
ppo,0,10691,-10.0
ppo,0,10693,-10.0
ppo,0,10694,-10.0
ppo,0,10695,-10.0
ppo,0,10697,-10.0
ppo,0,10700,-10.0
ppo,0,10703,-10.0
ppo,0,10704,-10.0
ppo,0,10706,-10.0
ppo,0,10708,-10.0
ppo,0,10709,-10.0
ppo,0,10710,-10.0
ppo,0,10711,-10.0
ppo,0,10712,-10.0
ppo,0,10714,-10.0
ppo,0,10715,-10.0
ppo,0,10716,-10.0
ppo,0,10717,-10.0
ppo,0,10718,-10.0
ppo,0,10719,-10.0
ppo,0,10720,-10.0
ppo,0,10722,-10.0
ppo,0,10723,-10.0
ppo,0,10724,-10.0
ppo,0,10725,-10.0
ppo,0,10727,-10.0
ppo,0,10728,-10.0
ppo,0,10729,-10.0
ppo,0,10730,-10.0
ppo,0,10731,-10.0
ppo,0,10733,-10.0
ppo,0,10735,-10.0
ppo,0,10736,-10.0
ppo,0,10737,-10.0
ppo,0,10738,-10.0
ppo,0,10740,-10.0
ppo,0,10743,-10.0
ppo,0,10744,-10.0
ppo,0,10746,-10.0
ppo,0,10747,-10.0
ppo,0,10748,-10.0
ppo,0,10750,-10.0
ppo,0,10751,-10.0
ppo,0,10752,-10.0
ppo,0,10753,-10.0
ppo,0,10754,-10.0
ppo,0,10755,-10.0
ppo,0,10757,-10.0
ppo,0,10758,-10.0
ppo,0,10759,-10.0
ppo,0,10761,-10.0
ppo,0,10763,-10.0
ppo,0,10764,-10.0
ppo,0,10765,-10.0
ppo,0,10766,-10.0
ppo,0,10767,-10.0
ppo,0,10768,-10.0
ppo,0,10769,-10.0
ppo,0,10770,-10.0
ppo,0,10771,-10.0
ppo,0,10772,-10.0
ppo,0,10775,-10.0
ppo,0,10776,-10.0
ppo,0,10777,-10.0
ppo,0,10778,-10.0
ppo,0,10779,-10.0
ppo,0,10780,-10.0
ppo,0,10781,-10.0
ppo,0,10782,-10.0
ppo,0,10783,-10.0
ppo,0,10785,-10.0
ppo,0,10786,-10.0
ppo,0,10788,-10.0
ppo,0,10790,-10.0
ppo,0,10793,-10.0
ppo,0,10795,-10.0
ppo,0,10796,-10.0
ppo,0,10797,-10.0
ppo,0,10798,-10.0
ppo,0,10799,-10.0
ppo,0,10800,-10.0
ppo,0,10801,-10.0
ppo,0,10802,-10.0
ppo,0,10803,-10.0
ppo,0,10805,-10.0
ppo,0,10806,-10.0
ppo,0,10807,-10.0
ppo,0,10810,-10.0
ppo,0,10812,-10.0
ppo,0,10816,-10.0
ppo,0,10817,-10.0
ppo,0,10818,-10.0
ppo,0,10819,-10.0
ppo,0,10820,-10.0
ppo,0,10821,-10.0
ppo,0,10822,-10.0
ppo,0,10823,-10.0
ppo,0,10824,-10.0
ppo,0,10825,-10.0
ppo,0,10826,-10.0
ppo,0,10829,-10.0
ppo,0,10830,-10.0
ppo,0,10832,-10.0
ppo,0,10835,-10.0
ppo,0,10837,-10.0
ppo,0,10838,-10.0
ppo,0,10840,-10.0
ppo,0,10841,-10.0
ppo,0,10842,-10.0
ppo,0,10843,-10.0
ppo,0,10844,-10.0
ppo,0,10846,-10.0
ppo,0,10848,-10.0
ppo,0,10849,-10.0
ppo,0,10850,-10.0
ppo,0,10851,-10.0
ppo,0,10853,-10.0
ppo,0,10854,-10.0
ppo,0,10856,-10.0
ppo,0,10858,-10.0
ppo,0,10859,-10.0
ppo,0,10860,-10.0
ppo,0,10861,-10.0
ppo,0,10862,-10.0
ppo,0,10864,-10.0
ppo,0,10867,-10.0
ppo,0,10869,-10.0
ppo,0,10872,-10.0
ppo,0,10873,-10.0
ppo,0,10875,-10.0
ppo,0,10879,-10.0
ppo,0,10883,-10.0
ppo,0,10884,-10.0
ppo,0,10885,-10.0
ppo,0,10886,-10.0
ppo,0,10889,-10.0
ppo,0,10890,-10.0
ppo,0,10892,-10.0
ppo,0,10895,-10.0
ppo,0,10896,-10.0
ppo,0,10897,-10.0
ppo,0,10898,-10.0
ppo,0,10901,-10.0
ppo,0,10902,-10.0
ppo,0,10903,-10.0
ppo,0,10905,-10.0
ppo,0,10908,-10.0
ppo,0,10911,-10.0
ppo,0,10912,-10.0
ppo,0,10914,-10.0
ppo,0,10915,-10.0
ppo,0,10916,-10.0
ppo,0,10917,-10.0
ppo,0,10919,-10.0
ppo,0,10921,-10.0
ppo,0,10922,-10.0
ppo,0,10923,-10.0
ppo,0,10924,-10.0
ppo,0,10925,-10.0
ppo,0,10926,-10.0
ppo,0,10927,-10.0
ppo,0,10929,-10.0
ppo,0,10930,-10.0
ppo,0,10931,-10.0
ppo,0,10933,-10.0
ppo,0,10934,-10.0
ppo,0,10937,-10.0
ppo,0,10938,-10.0
ppo,0,10939,-10.0
ppo,0,10941,-10.0
ppo,0,10947,-10.0
ppo,0,10948,-10.0
ppo,0,10950,-10.0
ppo,0,10951,-10.0
ppo,0,10952,-10.0
ppo,0,10954,-10.0
ppo,0,10955,-10.0
ppo,0,10959,-10.0
ppo,0,10960,-10.0
ppo,0,10962,-10.0
ppo,0,10963,-10.0
ppo,0,10965,-10.0
ppo,0,10968,-10.0
ppo,0,10970,-10.0
ppo,0,10971,-10.0
ppo,0,10972,-10.0
ppo,0,10973,-10.0
ppo,0,10974,-10.0
ppo,0,10976,-10.0
ppo,0,10977,-10.0
ppo,0,10979,-10.0
ppo,0,10980,-10.0
ppo,0,10982,-10.0
ppo,0,10983,-10.0
ppo,0,10987,-10.0
ppo,0,10989,-10.0
ppo,0,10990,-10.0
ppo,0,10991,-10.0
ppo,0,10992,-10.0
ppo,0,10994,-10.0
ppo,0,10996,-10.0
ppo,0,10997,-10.0
ppo,0,10999,-10.0
ppo,0,11000,-10.0
ppo,0,11001,-10.0
ppo,0,11002,-10.0
ppo,0,11004,-10.0
ppo,0,11005,-10.0
ppo,0,11006,-10.0
ppo,0,11007,-10.0
ppo,0,11008,-10.0
ppo,0,11009,-10.0
ppo,0,11010,-10.0
ppo,0,11011,-10.0
ppo,0,11013,-10.0
ppo,0,11014,-10.0
ppo,0,11015,-10.0
ppo,0,11017,-10.0
ppo,0,11018,-10.0
ppo,0,11019,-10.0
ppo,0,11021,-10.0
ppo,0,11022,-10.0
ppo,0,11023,-10.0
ppo,0,11024,-10.0
ppo,0,11025,-10.0
ppo,0,11027,-10.0
ppo,0,11028,-10.0
ppo,0,11033,-10.0
ppo,0,11034,-10.0
ppo,0,11036,-10.0
ppo,0,11037,-10.0
ppo,0,11038,-10.0
ppo,0,11039,-10.0
ppo,0,11040,-10.0
ppo,0,11041,-10.0
ppo,0,11042,-10.0
ppo,0,11043,-10.0
ppo,0,11044,-10.0
ppo,0,11047,-10.0
ppo,0,11049,-10.0
ppo,0,11053,-10.0
ppo,0,11054,-10.0
ppo,0,11057,-10.0
ppo,0,11058,-10.0
ppo,0,11059,-10.0
ppo,0,11060,-10.0
ppo,0,11062,-10.0
ppo,0,11063,-10.0
ppo,0,11064,-10.0
ppo,0,11066,-10.0
ppo,0,11067,-10.0
ppo,0,11068,-10.0
ppo,0,11070,-10.0
ppo,0,11071,-10.0
ppo,0,11072,-10.0
ppo,0,11075,-10.0
ppo,0,11076,-10.0
ppo,0,11077,-10.0
ppo,0,11078,-10.0
ppo,0,11079,-10.0
ppo,0,11080,-10.0
ppo,0,11081,-10.0
ppo,0,11082,-10.0
ppo,0,11083,-10.0
ppo,0,11084,-10.0
ppo,0,11086,-10.0
ppo,0,11087,-10.0
ppo,0,11089,-10.0
ppo,0,11090,-10.0
ppo,0,11093,-10.0
ppo,0,11094,-10.0
ppo,0,11095,-10.0
ppo,0,11097,-10.0
ppo,0,11099,-10.0
ppo,0,11101,-10.0
ppo,0,11102,-10.0
ppo,0,11103,-10.0
ppo,0,11106,-10.0
ppo,0,11110,-10.0
ppo,0,11112,-10.0
ppo,0,11113,-10.0
ppo,0,11116,-10.0
ppo,0,11118,-10.0
ppo,0,11121,-10.0
ppo,0,11122,-10.0
ppo,0,11123,-10.0
ppo,0,11124,-10.0
ppo,0,11125,-10.0
ppo,0,11126,-10.0
ppo,0,11128,-10.0
ppo,0,11129,-10.0
ppo,0,11130,-10.0
ppo,0,11131,-10.0
ppo,0,11132,-10.0
ppo,0,11133,-10.0
ppo,0,11135,-10.0
ppo,0,11136,-10.0
ppo,0,11137,-10.0
ppo,0,11138,-10.0
ppo,0,11139,-10.0
ppo,0,11140,-10.0
ppo,0,11141,-10.0
ppo,0,11142,-10.0
ppo,0,11143,-10.0
ppo,0,11144,-10.0
ppo,0,11145,-10.0
ppo,0,11146,-10.0
ppo,0,11147,-10.0
ppo,0,11148,-10.0
ppo,0,11149,-10.0
ppo,0,11150,-10.0
ppo,0,11151,-10.0
ppo,0,11153,-10.0
ppo,0,11154,-10.0
ppo,0,11155,-10.0
ppo,0,11156,-10.0
ppo,0,11157,-10.0
ppo,0,11160,-10.0
ppo,0,11161,-10.0
ppo,0,11162,-10.0
ppo,0,11163,-10.0
ppo,0,11165,-10.0
ppo,0,11166,-10.0
ppo,0,11169,-10.0
ppo,0,11170,-10.0
ppo,0,11171,-10.0
ppo,0,11172,-10.0
ppo,0,11174,-10.0
ppo,0,11176,-10.0
ppo,0,11179,-10.0
ppo,0,11180,-10.0
ppo,0,11181,-10.0
ppo,0,11182,-10.0
ppo,0,11183,-10.0
ppo,0,11185,-10.0
ppo,0,11186,-10.0
ppo,0,11187,-10.0
ppo,0,11188,-10.0
ppo,0,11190,-10.0
ppo,0,11192,-10.0
ppo,0,11194,-10.0
ppo,0,11195,-10.0
ppo,0,11198,-10.0
ppo,0,11199,-10.0
ppo,0,11200,-10.0
ppo,0,11201,-10.0
ppo,0,11202,-10.0
ppo,0,11203,-10.0
ppo,0,11204,-10.0
ppo,0,11207,-10.0
ppo,0,11208,-10.0
ppo,0,11210,-10.0
ppo,0,11211,-10.0
ppo,0,11212,-10.0
ppo,0,11213,-10.0
ppo,0,11214,-10.0
ppo,0,11215,-10.0
ppo,0,11217,-10.0
ppo,0,11220,-10.0
ppo,0,11222,-10.0
ppo,0,11224,-10.0
ppo,0,11225,-10.0
ppo,0,11226,-10.0
ppo,0,11227,-10.0
ppo,0,11228,-10.0
ppo,0,11230,-10.0
ppo,0,11232,-10.0
ppo,0,11234,-10.0
ppo,0,11236,-10.0
ppo,0,11237,-10.0
ppo,0,11238,-10.0
ppo,0,11239,-10.0
ppo,0,11240,-10.0
ppo,0,11241,-10.0
ppo,0,11242,-10.0
ppo,0,11243,-10.0
ppo,0,11244,-10.0
ppo,0,11246,-10.0
ppo,0,11247,-10.0
ppo,0,11249,-10.0
ppo,0,11250,-10.0
ppo,0,11252,-10.0
ppo,0,11253,-10.0
ppo,0,11255,-10.0
ppo,0,11256,-10.0
ppo,0,11257,-10.0
ppo,0,11258,-10.0
ppo,0,11259,-10.0
ppo,0,11260,-10.0
ppo,0,11261,-10.0
ppo,0,11262,-10.0
ppo,0,11263,-10.0
ppo,0,11264,-10.0
ppo,0,11265,-10.0
ppo,0,11268,-10.0
ppo,0,11269,-10.0
ppo,0,11272,-10.0
ppo,0,11274,-10.0
ppo,0,11275,-10.0
ppo,0,11276,-10.0
ppo,0,11277,-10.0
ppo,0,11280,-10.0
ppo,0,11281,-10.0
ppo,0,11282,-10.0
ppo,0,11284,-10.0
ppo,0,11287,-10.0
ppo,0,11288,-10.0
ppo,0,11289,-10.0
ppo,0,11291,-10.0
ppo,0,11292,-10.0
ppo,0,11293,-10.0
ppo,0,11294,-10.0
ppo,0,11295,-10.0
ppo,0,11297,-10.0
ppo,0,11298,-10.0
ppo,0,11300,-10.0
ppo,0,11301,-10.0
ppo,0,11302,-10.0
ppo,0,11303,-10.0
ppo,0,11307,-10.0
ppo,0,11311,-10.0
ppo,0,11314,-10.0
ppo,0,11315,-10.0
ppo,0,11316,-10.0
ppo,0,11317,-10.0
ppo,0,11318,-10.0
ppo,0,11319,-10.0
ppo,0,11320,-10.0
ppo,0,11321,-10.0
ppo,0,11322,-10.0
ppo,0,11323,-10.0
ppo,0,11325,-10.0
ppo,0,11327,-10.0
ppo,0,11328,-10.0
ppo,0,11329,-10.0
ppo,0,11331,-10.0
ppo,0,11332,-10.0
ppo,0,11335,-10.0
ppo,0,11338,-10.0
ppo,0,11339,-10.0
ppo,0,11340,-10.0
ppo,0,11341,-10.0
ppo,0,11342,-10.0
ppo,0,11343,-10.0
ppo,0,11344,-10.0
ppo,0,11345,-10.0
ppo,0,11349,-10.0
ppo,0,11350,-10.0
ppo,0,11351,-10.0
ppo,0,11354,-10.0
ppo,0,11355,-10.0
ppo,0,11356,-10.0
ppo,0,11359,-10.0
ppo,0,11360,-10.0
ppo,0,11362,-10.0
ppo,0,11363,-10.0
ppo,0,11364,-10.0
ppo,0,11365,-10.0
ppo,0,11366,-10.0
ppo,0,11367,-10.0
ppo,0,11368,-10.0
ppo,0,11369,-10.0
ppo,0,11370,-10.0
ppo,0,11371,-10.0
ppo,0,11373,-10.0
ppo,0,11374,-10.0
ppo,0,11376,-10.0
ppo,0,11377,-10.0
ppo,0,11378,-10.0
ppo,0,11380,-10.0
ppo,0,11383,-10.0
ppo,0,11385,-10.0
ppo,0,11386,-10.0
ppo,0,11389,-10.0
ppo,0,11393,-10.0
ppo,0,11394,-10.0
ppo,0,11395,-10.0
ppo,0,11398,-10.0
ppo,0,11399,-10.0
ppo,0,11402,-10.0
ppo,0,11403,-10.0
ppo,0,11407,-10.0
ppo,0,11408,-10.0
ppo,0,11409,-10.0
ppo,0,11410,-10.0
ppo,0,11411,-10.0
ppo,0,11413,-10.0
ppo,0,11414,-10.0
ppo,0,11415,-10.0
ppo,0,11416,-10.0
ppo,0,11417,-10.0
ppo,0,11419,-10.0
ppo,0,11420,-10.0
ppo,0,11421,-10.0
ppo,0,11425,-10.0
ppo,0,11427,-10.0
ppo,0,11428,-10.0
ppo,0,11431,-10.0
ppo,0,11432,-10.0
ppo,0,11433,-10.0
ppo,0,11434,-10.0
ppo,0,11436,-10.0
ppo,0,11437,-10.0
ppo,0,11438,-10.0
ppo,0,11439,-10.0
ppo,0,11440,-10.0
ppo,0,11441,-10.0
ppo,0,11442,-10.0
ppo,0,11444,-10.0
ppo,0,11445,-10.0
ppo,0,11446,-10.0
ppo,0,11448,-10.0
ppo,0,11449,-10.0
ppo,0,11451,-10.0
ppo,0,11452,-10.0
ppo,0,11453,-10.0
ppo,0,11454,-10.0
ppo,0,11455,-10.0
ppo,0,11457,-10.0
ppo,0,11459,-10.0
ppo,0,11461,-10.0
ppo,0,11462,-10.0
ppo,0,11463,-10.0
ppo,0,11464,-10.0
ppo,0,11465,-10.0
ppo,0,11466,-10.0
ppo,0,11467,-10.0
ppo,0,11469,-10.0
ppo,0,11471,-10.0
ppo,0,11472,-10.0
ppo,0,11473,-10.0
ppo,0,11474,-10.0
ppo,0,11475,-10.0
ppo,0,11477,-10.0
ppo,0,11478,-10.0
ppo,0,11480,-10.0
ppo,0,11481,-10.0
ppo,0,11482,-10.0
ppo,0,11483,-10.0
ppo,0,11484,-10.0
ppo,0,11486,-10.0
ppo,0,11489,-10.0
ppo,0,11490,-10.0
ppo,0,11491,-10.0
ppo,0,11493,-10.0
ppo,0,11494,-10.0
ppo,0,11495,-10.0
ppo,0,11497,-10.0
ppo,0,11498,-10.0
ppo,0,11499,-10.0
ppo,0,11501,-10.0
ppo,0,11502,-10.0
ppo,0,11503,-10.0
ppo,0,11506,-10.0
ppo,0,11507,-10.0
ppo,0,11508,-10.0
ppo,0,11509,-10.0
ppo,0,11510,-10.0
ppo,0,11511,-10.0
ppo,0,11512,-10.0
ppo,0,11516,-10.0
ppo,0,11517,-10.0
ppo,0,11518,-10.0
ppo,0,11519,-10.0
ppo,0,11520,-10.0
ppo,0,11521,-10.0
ppo,0,11522,-10.0
ppo,0,11523,-10.0
ppo,0,11524,-10.0
ppo,0,11526,-10.0
ppo,0,11529,-10.0
ppo,0,11530,-10.0
ppo,0,11531,-10.0
ppo,0,11532,-10.0
ppo,0,11535,-10.0
ppo,0,11536,-10.0
ppo,0,11537,-10.0
ppo,0,11538,-10.0
ppo,0,11542,-10.0
ppo,0,11543,-10.0
ppo,0,11544,-10.0
ppo,0,11545,-10.0
ppo,0,11546,-10.0
ppo,0,11547,-10.0
ppo,0,11548,-10.0
ppo,0,11551,-10.0
ppo,0,11552,-10.0
ppo,0,11553,-10.0
ppo,0,11554,-10.0
ppo,0,11559,-10.0
ppo,0,11560,-10.0
ppo,0,11563,-10.0
ppo,0,11564,-10.0
ppo,0,11566,-10.0
ppo,0,11567,-10.0
ppo,0,11570,-10.0
ppo,0,11575,-10.0
ppo,0,11576,-10.0
ppo,0,11577,-10.0
ppo,0,11578,-10.0
ppo,0,11579,-10.0
ppo,0,11582,-10.0
ppo,0,11583,-10.0
ppo,0,11584,-10.0
ppo,0,11587,-10.0
ppo,0,11588,-10.0
ppo,0,11589,-10.0
ppo,0,11590,-10.0
ppo,0,11591,-10.0
ppo,0,11592,-10.0
ppo,0,11593,-10.0
ppo,0,11594,-10.0
ppo,0,11595,-10.0
ppo,0,11597,-10.0
ppo,0,11598,-10.0
ppo,0,11600,-10.0
ppo,0,11601,-10.0
ppo,0,11602,-10.0
ppo,0,11603,-10.0
ppo,0,11604,-10.0
ppo,0,11606,-10.0
ppo,0,11608,-10.0
ppo,0,11612,-10.0
ppo,0,11613,-10.0
ppo,0,11614,-10.0
ppo,0,11615,-10.0
ppo,0,11616,-10.0
ppo,0,11617,-10.0
ppo,0,11618,-10.0
ppo,0,11619,-10.0
ppo,0,11620,-10.0
ppo,0,11622,-10.0
ppo,0,11623,-10.0
ppo,0,11624,-10.0
ppo,0,11625,-10.0
ppo,0,11626,-10.0
ppo,0,11627,-10.0
ppo,0,11628,-10.0
ppo,0,11629,-10.0
ppo,0,11630,-10.0
ppo,0,11631,-10.0
ppo,0,11632,-10.0
ppo,0,11633,-10.0
ppo,0,11634,-10.0
ppo,0,11635,-10.0
ppo,0,11639,-10.0
ppo,0,11640,-10.0
ppo,0,11641,-10.0
ppo,0,11644,-10.0
ppo,0,11645,-10.0
ppo,0,11647,-10.0
ppo,0,11652,-10.0
ppo,0,11653,-48.6
ppo,0,11654,-10.0
ppo,0,11655,-10.0
ppo,0,11659,-10.0
ppo,0,11660,-10.0
ppo,0,11664,-10.0
ppo,0,11665,-10.0
ppo,0,11667,-10.0
ppo,0,11668,-10.0
ppo,0,11670,-10.0
ppo,0,11671,-10.0
ppo,0,11673,-10.0
ppo,0,11674,-10.0
ppo,0,11676,-10.0
ppo,0,11678,-10.0
ppo,0,11680,-10.0
ppo,0,11681,-10.0
ppo,0,11683,-10.0
ppo,0,11684,-10.0
ppo,0,11685,-10.0
ppo,0,11686,-10.0
ppo,0,11688,-10.0
ppo,0,11689,-10.0
ppo,0,11690,-10.0
ppo,0,11692,-10.0
ppo,0,11693,-10.0
ppo,0,11694,-10.0
ppo,0,11696,-10.0
ppo,0,11698,-10.0
ppo,0,11700,-10.0
ppo,0,11701,-10.0
ppo,0,11702,-10.0
ppo,0,11703,-10.0
ppo,0,11704,-10.0
ppo,0,11705,-10.0
ppo,0,11708,-10.0
ppo,0,11710,-10.0
ppo,0,11711,-10.0
ppo,0,11712,-10.0
ppo,0,11714,-10.0
ppo,0,11716,-10.0
ppo,0,11717,-10.0
ppo,0,11718,-10.0
ppo,0,11720,-10.0
ppo,0,11722,-10.0
ppo,0,11723,-10.0
ppo,0,11724,-10.0
ppo,0,11726,-10.0
ppo,0,11727,-10.0
ppo,0,11728,-10.0
ppo,0,11729,-10.0
ppo,0,11730,-10.0
ppo,0,11731,-10.0
ppo,0,11732,-10.0
ppo,0,11734,-10.0
ppo,0,11735,-10.0
ppo,0,11736,-10.0
ppo,0,11738,-10.0
ppo,0,11739,-10.0
ppo,0,11740,-10.0
ppo,0,11743,-10.0
ppo,0,11744,-10.0
ppo,0,11745,-10.0
ppo,0,11746,-10.0
ppo,0,11747,-10.0
ppo,0,11748,-10.0
ppo,0,11749,-10.0
ppo,0,11750,-10.0
ppo,0,11751,-10.0
ppo,0,11753,-10.0
ppo,0,11754,-10.0
ppo,0,11755,-10.0
ppo,0,11756,-10.0
ppo,0,11757,-10.0
ppo,0,11759,-10.0
ppo,0,11761,-10.0
ppo,0,11762,-10.0
ppo,0,11763,-10.0
ppo,0,11764,-10.0
ppo,0,11765,-10.0
ppo,0,11766,-10.0
ppo,0,11767,-10.0
ppo,0,11769,-10.0
ppo,0,11771,-10.0
ppo,0,11772,-10.0
ppo,0,11774,-10.0
ppo,0,11778,-10.0
ppo,0,11779,-10.0
ppo,0,11782,-10.0
ppo,0,11783,-10.0
ppo,0,11784,-10.0
ppo,0,11785,-10.0
ppo,0,11786,-10.0
ppo,0,11788,-10.0
ppo,0,11789,-10.0
ppo,0,11790,-10.0
ppo,0,11792,-10.0
ppo,0,11793,-10.0
ppo,0,11794,-10.0
ppo,0,11795,-10.0
ppo,0,11797,-10.0
ppo,0,11798,-10.0
ppo,0,11799,-10.0
ppo,0,11800,-10.0
ppo,0,11803,-10.0
ppo,0,11806,-10.0
ppo,0,11807,-10.0
ppo,0,11808,-10.0
ppo,0,11809,-10.0
ppo,0,11810,-10.0
ppo,0,11811,-10.0
ppo,0,11812,-10.0
ppo,0,11813,-10.0
ppo,0,11814,-10.0
ppo,0,11815,-10.0
ppo,0,11816,-10.0
ppo,0,11817,-10.0
ppo,0,11818,-10.0
ppo,0,11820,-10.0
ppo,0,11821,-10.0
ppo,0,11822,-10.0
ppo,0,11823,-10.0
ppo,0,11824,-10.0
ppo,0,11825,-10.0
ppo,0,11826,-10.0
ppo,0,11828,-10.0
ppo,0,11830,-10.0
ppo,0,11831,-10.0
ppo,0,11833,-10.0
ppo,0,11834,-10.0
ppo,0,11836,-10.0
ppo,0,11837,-10.0
ppo,0,11838,-10.0
ppo,0,11839,-10.0
ppo,0,11841,-10.0
ppo,0,11842,-10.0
ppo,0,11843,-10.0
ppo,0,11844,-10.0
ppo,0,11845,-10.0
ppo,0,11846,-10.0
ppo,0,11848,-10.0
ppo,0,11849,-10.0
ppo,0,11850,-10.0
ppo,0,11852,-10.0
ppo,0,11854,-10.0
ppo,0,11857,-10.0
ppo,0,11858,-10.0
ppo,0,11859,-10.0
ppo,0,11861,-10.0
ppo,0,11862,-10.0
ppo,0,11863,-10.0
ppo,0,11865,-10.0
ppo,0,11867,-10.0
ppo,0,11868,-10.0
ppo,0,11869,-10.0
ppo,0,11870,-10.0
ppo,0,11872,-10.0
ppo,0,11873,-10.0
ppo,0,11874,-10.0
ppo,0,11875,-10.0
ppo,0,11876,-10.0
ppo,0,11877,-10.0
ppo,0,11878,-10.0
ppo,0,11879,-10.0
ppo,0,11880,-10.0
ppo,0,11881,-10.0
ppo,0,11883,-10.0
ppo,0,11884,-10.0
ppo,0,11885,-10.0
ppo,0,11886,-10.0
ppo,0,11887,-10.0
ppo,0,11890,-10.0
ppo,0,11891,-10.0
ppo,0,11892,-10.0
ppo,0,11893,-10.0
ppo,0,11895,-10.0
ppo,0,11897,-10.0
ppo,0,11898,-10.0
ppo,0,11899,-10.0
ppo,0,11903,-10.0
ppo,0,11904,-10.0
ppo,0,11905,-10.0
ppo,0,11906,-10.0
ppo,0,11908,-10.0
ppo,0,11909,-10.0
ppo,0,11910,-10.0
ppo,0,11912,-10.0
ppo,0,11914,-10.0
ppo,0,11915,-10.0
ppo,0,11916,-10.0
ppo,0,11917,-10.0
ppo,0,11918,-10.0
ppo,0,11921,-10.0
ppo,0,11922,-10.0
ppo,0,11923,-10.0
ppo,0,11924,-10.0
ppo,0,11925,-10.0
ppo,0,11926,-10.0
ppo,0,11927,-10.0
ppo,0,11928,-10.0
ppo,0,11929,-10.0
ppo,0,11930,-10.0
ppo,0,11931,-10.0
ppo,0,11932,-10.0
ppo,0,11933,-10.0
ppo,0,11938,-10.0
ppo,0,11939,-10.0
ppo,0,11940,-10.0
ppo,0,11941,-10.0
ppo,0,11942,-10.0
ppo,0,11944,-10.0
ppo,0,11945,-10.0
ppo,0,11946,-10.0
ppo,0,11947,-10.0
ppo,0,11948,-10.0
ppo,0,11949,-10.0
ppo,0,11950,-10.0
ppo,0,11951,-10.0
ppo,0,11952,-10.0
ppo,0,11955,-10.0
ppo,0,11957,-10.0
ppo,0,11959,-10.0
ppo,0,11960,-10.0
ppo,0,11961,-10.0
ppo,0,11962,-10.0
ppo,0,11963,-10.0
ppo,0,11965,-10.0
ppo,0,11966,-10.0
ppo,0,11969,-10.0
ppo,0,11972,-10.0
ppo,0,11973,-10.0
ppo,0,11974,-10.0
ppo,0,11975,-10.0
ppo,0,11976,-10.0
ppo,0,11977,-10.0
ppo,0,11978,-10.0
ppo,0,11981,-10.0
ppo,0,11982,-10.0
ppo,0,11983,-10.0
ppo,0,11985,-10.0
ppo,0,11986,-10.0
ppo,0,11988,-10.0
ppo,0,11989,-10.0
ppo,0,11990,-10.0
ppo,0,11992,-10.0
ppo,0,11993,-10.0
ppo,0,11996,-10.0
ppo,0,11999,-10.0
ppo,0,12000,-10.0
ppo,0,12001,-10.0
ppo,0,12003,-10.0
ppo,0,12007,-10.0
ppo,0,12008,-10.0
ppo,0,12009,-10.0
ppo,0,12010,-10.0
ppo,0,12011,-10.0
ppo,0,12015,-10.0
ppo,0,12016,-10.0
ppo,0,12017,-10.0
ppo,0,12018,-10.0
ppo,0,12020,-10.0
ppo,0,12022,-10.0
ppo,0,12025,-10.0
ppo,0,12027,-10.0
ppo,0,12028,-10.0
ppo,0,12029,-10.0
ppo,0,12030,-10.0
ppo,0,12031,-10.0
ppo,0,12033,-10.0
ppo,0,12034,-10.0
ppo,0,12035,-10.0
ppo,0,12036,-10.0
ppo,0,12037,-10.0
ppo,0,12038,-10.0
ppo,0,12039,-10.0
ppo,0,12042,-10.0
ppo,0,12045,-10.0
ppo,0,12046,-10.0
ppo,0,12047,-10.0
ppo,0,12048,-10.0
ppo,0,12050,-10.0
ppo,0,12051,-10.0
ppo,0,12054,-10.0
ppo,0,12055,-10.0
ppo,0,12059,-10.0
ppo,0,12060,-10.0
ppo,0,12061,-10.0
ppo,0,12064,-10.0
ppo,0,12065,-10.0
ppo,0,12066,-10.0
ppo,0,12067,-10.0
ppo,0,12068,-10.0
ppo,0,12069,-10.0
ppo,0,12070,-10.0
ppo,0,12071,-10.0
ppo,0,12073,-10.0
ppo,0,12075,-10.0
ppo,0,12076,-10.0
ppo,0,12077,-10.0
ppo,0,12078,-10.0
ppo,0,12079,-10.0
ppo,0,12080,-10.0
ppo,0,12082,-10.0
ppo,0,12083,-10.0
ppo,0,12084,-10.0
ppo,0,12085,-10.0
ppo,0,12087,-10.0
ppo,0,12088,-10.0
ppo,0,12090,-10.0
ppo,0,12091,-10.0
ppo,0,12094,-10.0
ppo,0,12096,-10.0
ppo,0,12098,-10.0
ppo,0,12100,-10.0
ppo,0,12101,-10.0
ppo,0,12102,-10.0
ppo,0,12106,-10.0
ppo,0,12107,-10.0
ppo,0,12108,-10.0
ppo,0,12109,-10.0
ppo,0,12110,-10.0
ppo,0,12111,-10.0
ppo,0,12114,-10.0
ppo,0,12116,-10.0
ppo,0,12119,-10.0
ppo,0,12123,-10.0
ppo,0,12124,-10.0
ppo,0,12125,-10.0
ppo,0,12127,-10.0
ppo,0,12128,-10.0
ppo,0,12129,-10.0
ppo,0,12130,-10.0
ppo,0,12131,-10.0
ppo,0,12133,-10.0
ppo,0,12134,-10.0
ppo,0,12135,-10.0
ppo,0,12136,-10.0
ppo,0,12139,-10.0
ppo,0,12140,-10.0
ppo,0,12141,-10.0
ppo,0,12142,-10.0
ppo,0,12143,-10.0
ppo,0,12145,-10.0
ppo,0,12149,-10.0
ppo,0,12151,-10.0
ppo,0,12152,-10.0
ppo,0,12156,-10.0
ppo,0,12157,-10.0
ppo,0,12159,-10.0
ppo,0,12160,-10.0
ppo,0,12161,-10.0
ppo,0,12165,-10.0
ppo,0,12166,-10.0
ppo,0,12167,-10.0
ppo,0,12169,-10.0
ppo,0,12170,-10.0
ppo,0,12171,-10.0
ppo,0,12172,-10.0
ppo,0,12173,-10.0
ppo,0,12176,-10.0
ppo,0,12177,-10.0
ppo,0,12178,-10.0
ppo,0,12179,-10.0
ppo,0,12180,-10.0
ppo,0,12182,-10.0
ppo,0,12183,-10.0
ppo,0,12184,-10.0
ppo,0,12185,-10.0
ppo,0,12186,-10.0
ppo,0,12187,-10.0
ppo,0,12190,-10.0
ppo,0,12192,-10.0
ppo,0,12193,-10.0
ppo,0,12194,-10.0
ppo,0,12195,-10.0
ppo,0,12196,-10.0
ppo,0,12197,-10.0
ppo,0,12198,-10.0
ppo,0,12200,-10.0
ppo,0,12201,-10.0
ppo,0,12202,-10.0
ppo,0,12206,-10.0
ppo,0,12208,-10.0
ppo,0,12210,-10.0
ppo,0,12211,-10.0
ppo,0,12213,-10.0
ppo,0,12214,-10.0
ppo,0,12215,-10.0
ppo,0,12216,-10.0
ppo,0,12217,-10.0
ppo,0,12219,-10.0
ppo,0,12220,-10.0
ppo,0,12221,-10.0
ppo,0,12228,-10.0
ppo,0,12229,-10.0
ppo,0,12232,-10.0
ppo,0,12234,-10.0
ppo,0,12236,-10.0
ppo,0,12239,-10.0
ppo,0,12240,-10.0
ppo,0,12241,-10.0
ppo,0,12242,-10.0
ppo,0,12244,-10.0
ppo,0,12246,-10.0
ppo,0,12247,-10.0
ppo,0,12248,-10.0
ppo,0,12249,-10.0
ppo,0,12250,-10.0
ppo,0,12251,-10.0
ppo,0,12252,-10.0
ppo,0,12254,-10.0
ppo,0,12256,-10.0
ppo,0,12257,-10.0
ppo,0,12259,-10.0
ppo,0,12261,-10.0
ppo,0,12264,-10.0
ppo,0,12266,-10.0
ppo,0,12267,-10.0
ppo,0,12268,-10.0
ppo,0,12270,-10.0
ppo,0,12272,-10.0
ppo,0,12273,-10.0
ppo,0,12278,-10.0
ppo,0,12279,-10.0
ppo,0,12280,-10.0
ppo,0,12281,-10.0
ppo,0,12282,-10.0
ppo,0,12285,-10.0
ppo,0,12286,-10.0
ppo,0,12288,-10.0
ppo,0,12291,-10.0
ppo,0,12293,-10.0
ppo,0,12298,-10.0
ppo,0,12299,-10.0
ppo,0,12300,-10.0
ppo,0,12301,-10.0
ppo,0,12302,-10.0
ppo,0,12303,-10.0
ppo,0,12304,-10.0
ppo,0,12306,-10.0
ppo,0,12307,-10.0
ppo,0,12308,-10.0
ppo,0,12313,-10.0
ppo,0,12315,-10.0
ppo,0,12317,-10.0
ppo,0,12319,-10.0
ppo,0,12320,-10.0
ppo,0,12321,-10.0
ppo,0,12322,-10.0
ppo,0,12323,-10.0
ppo,0,12325,-10.0
ppo,0,12327,-10.0
ppo,0,12328,-10.0
ppo,0,12330,-10.0
ppo,0,12332,-10.0
ppo,0,12333,-10.0
ppo,0,12334,-10.0
ppo,0,12336,-10.0
ppo,0,12338,-10.0
ppo,0,12339,-10.0
ppo,0,12341,-10.0
ppo,0,12342,-10.0
ppo,0,12343,-10.0
ppo,0,12348,-10.0
ppo,0,12349,-10.0
ppo,0,12352,-10.0
ppo,0,12355,-10.0
ppo,0,12357,-10.0
ppo,0,12359,-10.0
ppo,0,12360,-10.0
ppo,0,12362,-10.0
ppo,0,12365,-10.0
ppo,0,12367,-10.0
ppo,0,12369,-10.0
ppo,0,12371,-10.0
ppo,0,12374,-10.0
ppo,0,12375,-10.0
ppo,0,12378,-10.0
ppo,0,12379,-10.0
ppo,0,12380,-10.0
ppo,0,12381,-10.0
ppo,0,12382,-10.0
ppo,0,12383,-10.0
ppo,0,12386,-10.0
ppo,0,12388,-10.0
ppo,0,12389,-10.0
ppo,0,12390,-10.0
ppo,0,12391,-10.0
ppo,0,12395,-10.0
ppo,0,12396,-10.0
ppo,0,12399,-10.0
ppo,0,12400,-10.0
ppo,0,12402,-10.0
ppo,0,12403,-10.0
ppo,0,12404,-10.0
ppo,0,12405,-10.0
ppo,0,12406,-10.0
ppo,0,12407,-10.0
ppo,0,12408,-10.0
ppo,0,12409,-10.0
ppo,0,12413,-10.0
ppo,0,12414,-10.0
ppo,0,12415,-10.0
ppo,0,12417,-10.0
ppo,0,12419,-10.0
ppo,0,12421,-10.0
ppo,0,12422,-10.0
ppo,0,12424,-10.0
ppo,0,12426,-10.0
ppo,0,12427,-10.0
ppo,0,12428,-10.0
ppo,0,12429,-10.0
ppo,0,12430,-10.0
ppo,0,12431,-10.0
ppo,0,12433,-10.0
ppo,0,12434,-10.0
ppo,0,12438,-10.0
ppo,0,12439,-10.0
ppo,0,12441,-10.0
ppo,0,12442,-10.0
ppo,0,12446,-10.0
ppo,0,12447,-10.0
ppo,0,12450,-10.0
ppo,0,12451,-10.0
ppo,0,12453,-10.0
ppo,0,12457,-10.0
ppo,0,12458,-10.0
ppo,0,12459,-10.0
ppo,0,12460,-10.0
ppo,0,12462,-10.0
ppo,0,12464,-10.0
ppo,0,12465,-10.0
ppo,0,12466,-10.0
ppo,0,12467,-10.0
ppo,0,12468,-10.0
ppo,0,12471,-10.0
ppo,0,12472,-10.0
ppo,0,12473,-10.0
ppo,0,12475,-10.0
ppo,0,12477,-10.0
ppo,0,12479,-10.0
ppo,0,12481,-10.0
ppo,0,12483,-10.0
ppo,0,12485,-10.0
ppo,0,12490,-10.0
ppo,0,12491,-10.0
ppo,0,12497,-10.0
ppo,0,12498,-10.0
ppo,0,12500,-10.0
ppo,0,12502,-10.0
ppo,0,12503,-10.0
ppo,0,12504,-10.0
ppo,0,12505,-10.0
ppo,0,12506,-10.0
ppo,0,12511,-10.0
ppo,0,12512,-10.0
ppo,0,12514,-10.0
ppo,0,12515,-10.0
ppo,0,12518,-10.0
ppo,0,12519,-10.0
ppo,0,12521,-10.0
ppo,0,12523,-10.0
ppo,0,12524,-10.0
ppo,0,12528,-10.0
ppo,0,12530,-10.0
ppo,0,12531,-10.0
ppo,0,12532,-10.0
ppo,0,12533,-10.0
ppo,0,12535,-10.0
ppo,0,12536,-10.0
ppo,0,12538,-10.0
ppo,0,12539,-10.0
ppo,0,12541,-10.0
ppo,0,12544,-10.0
ppo,0,12546,-10.0
ppo,0,12547,-10.0
ppo,0,12548,-10.0
ppo,0,12550,-10.0
ppo,0,12552,-10.0
ppo,0,12553,-10.0
ppo,0,12554,-10.0
ppo,0,12555,-10.0
ppo,0,12558,-10.0
ppo,0,12560,-10.0
ppo,0,12564,-10.0
ppo,0,12565,-10.0
ppo,0,12568,-10.0
ppo,0,12570,-10.0
ppo,0,12572,-10.0
ppo,0,12573,-10.0
ppo,0,12574,-10.0
ppo,0,12575,-10.0
ppo,0,12577,-10.0
ppo,0,12580,-10.0
ppo,0,12581,-10.0
ppo,0,12582,-10.0
ppo,0,12585,-10.0
ppo,0,12586,-10.0
ppo,0,12587,-10.0
ppo,0,12588,-10.0
ppo,0,12589,-10.0
ppo,0,12590,-10.0
ppo,0,12591,-10.0
ppo,0,12595,-10.0
ppo,0,12596,-10.0
ppo,0,12597,-10.0
ppo,0,12598,-10.0
ppo,0,12599,-10.0
ppo,0,12601,-10.0
ppo,0,12603,-10.0
ppo,0,12605,-10.0
ppo,0,12607,-10.0
ppo,0,12611,-10.0
ppo,0,12616,-10.0
ppo,0,12618,-10.0
ppo,0,12620,-10.0
ppo,0,12623,-10.0
ppo,0,12625,-10.0
ppo,0,12626,-10.0
ppo,0,12630,-10.0
ppo,0,12631,-10.0
ppo,0,12633,-10.0
ppo,0,12634,-10.0
ppo,0,12635,-10.0
ppo,0,12636,-10.0
ppo,0,12637,-10.0
ppo,0,12643,-10.0
ppo,0,12647,-10.0
ppo,0,12648,-10.0
ppo,0,12649,-10.0
ppo,0,12650,-10.0
ppo,0,12654,-10.0
ppo,0,12655,-10.0
ppo,0,12657,-10.0
ppo,0,12659,-10.0
ppo,0,12662,-10.0
ppo,0,12663,-10.0
ppo,0,12664,-10.0
ppo,0,12667,-10.0
ppo,0,12668,-10.0
ppo,0,12669,-10.0
ppo,0,12671,-10.0
ppo,0,12674,-10.0
ppo,0,12675,-10.0
ppo,0,12676,-10.0
ppo,0,12679,-10.0
ppo,0,12680,-10.0
ppo,0,12682,-10.0
ppo,0,12683,-10.0
ppo,0,12684,-10.0
ppo,0,12685,-10.0
ppo,0,12690,-10.0
ppo,0,12691,-28.8
ppo,0,12694,-10.0
ppo,0,12700,-10.0
ppo,0,12701,-10.0
ppo,0,12703,-10.0
ppo,0,12704,-10.0
ppo,0,12706,-10.0
ppo,0,12708,-10.0
ppo,0,12709,-10.0
ppo,0,12710,-10.0
ppo,0,12713,-10.0
ppo,0,12714,-10.0
ppo,0,12715,-10.0
ppo,0,12716,-10.0
ppo,0,12721,-10.0
ppo,0,12724,-10.0
ppo,0,12725,-10.0
ppo,0,12729,-10.0
ppo,0,12730,-10.0
ppo,0,12733,-10.0
ppo,0,12735,-10.0
ppo,0,12736,-10.0
ppo,0,12739,-10.0
ppo,0,12740,-10.0
ppo,0,12741,-10.0
ppo,0,12742,-10.0
ppo,0,12745,-10.0
ppo,0,12746,-10.0
ppo,0,12747,-10.0
ppo,0,12751,-10.0
ppo,0,12752,-10.0
ppo,0,12753,-10.0
ppo,0,12754,-10.0
ppo,0,12756,-10.0
ppo,0,12758,-10.0
ppo,0,12763,-10.0
ppo,0,12764,-10.0
ppo,0,12765,-10.0
ppo,0,12766,-10.0
ppo,0,12767,-10.0
ppo,0,12768,-10.0
ppo,0,12769,-10.0
ppo,0,12770,-10.0
ppo,0,12773,-10.0
ppo,0,12775,-10.0
ppo,0,12776,-10.0
ppo,0,12779,-10.0
ppo,0,12783,-10.0
ppo,0,12787,-10.0
ppo,0,12788,-10.0
ppo,0,12790,-10.0
ppo,0,12794,-10.0
ppo,0,12799,-10.0
ppo,0,12800,-10.0
ppo,0,12803,-10.0
ppo,0,12804,-10.0
ppo,0,12805,-10.0
ppo,0,12806,-10.0
ppo,0,12807,-78.6
ppo,0,12808,-10.0
ppo,0,12815,-10.0
ppo,0,12817,-10.0
ppo,0,12818,-10.0
ppo,0,12820,-10.0
ppo,0,12824,-10.0
ppo,0,12825,-10.0
ppo,0,12826,-10.0
ppo,0,12827,-10.0
ppo,0,12828,-10.0
ppo,0,12830,-10.0
ppo,0,12831,-10.0
ppo,0,12832,-10.0
ppo,0,12833,-10.0
ppo,0,12835,-10.0
ppo,0,12836,-10.0
ppo,0,12837,-10.0
ppo,0,12838,-10.0
ppo,0,12840,-10.0
ppo,0,12845,-10.0
ppo,0,12846,-10.0
ppo,0,12847,-10.0
ppo,0,12848,-10.0
ppo,0,12849,-10.0
ppo,0,12850,-10.0
ppo,0,12851,-10.0
ppo,0,12853,-10.0
ppo,0,12854,-10.0
ppo,0,12855,-10.0
ppo,0,12861,-10.0
ppo,0,12862,-10.0
ppo,0,12863,-10.0
ppo,0,12866,-10.0
ppo,0,12868,-10.0
ppo,0,12869,-10.0
ppo,0,12870,-10.0
ppo,0,12874,-10.0
ppo,0,12876,-10.0
ppo,0,12881,-10.0
ppo,0,12882,-10.0
ppo,0,12885,-10.0
ppo,0,12886,-10.0
ppo,0,12887,-10.0
ppo,0,12889,-10.0
ppo,0,12890,-10.0
ppo,0,12891,-10.0
ppo,0,12894,-10.0
ppo,0,12895,-10.0
ppo,0,12897,-10.0
ppo,0,12898,-10.0
ppo,0,12900,-10.0
ppo,0,12901,-10.0
ppo,0,12902,-10.0
ppo,0,12904,-10.0
ppo,0,12905,-10.0
ppo,0,12906,-10.0
ppo,0,12907,-10.0
ppo,0,12910,-10.0
ppo,0,12912,-10.0
ppo,0,12914,-10.0
ppo,0,12915,-10.0
ppo,0,12919,-10.0
ppo,0,12920,-10.0
ppo,0,12923,-10.0
ppo,0,12924,-10.0
ppo,0,12926,-43.2
ppo,0,12930,-10.0
ppo,0,12932,-10.0
ppo,0,12933,-10.0
ppo,0,12934,-10.0
ppo,0,12935,-10.0
ppo,0,12936,-10.0
ppo,0,12937,-10.0
ppo,0,12938,-10.0
ppo,0,12939,-10.0
ppo,0,12940,-10.0
ppo,0,12943,-10.0
ppo,0,12944,-10.0
ppo,0,12951,-10.0
ppo,0,12955,-10.0
ppo,0,12956,-10.0
ppo,0,12960,-10.0
ppo,0,12961,-10.0
ppo,0,12962,-10.0
ppo,0,12963,-10.0
ppo,0,12965,-10.0
ppo,0,12966,-10.0
ppo,0,12970,-10.0
ppo,0,12971,-10.0
ppo,0,12972,-10.0
ppo,0,12974,-10.0
ppo,0,12979,-10.0
ppo,0,12980,-10.0
ppo,0,12982,-10.0
ppo,0,12984,-10.0
ppo,0,12987,-10.0
ppo,0,12988,-10.0
ppo,0,12992,-10.0
ppo,0,12993,-10.0
ppo,0,12996,-10.0
ppo,0,12998,-10.0
ppo,0,13003,-10.0
ppo,0,13005,-10.0
ppo,0,13006,-10.0
ppo,0,13007,-10.0
ppo,0,13008,-10.0
ppo,0,13013,-10.0
ppo,0,13014,-10.0
ppo,0,13015,-10.0
ppo,0,13017,-10.0
ppo,0,13018,-10.0
ppo,0,13020,-10.0
ppo,0,13021,-10.0
ppo,0,13024,-10.0
ppo,0,13026,-10.0
ppo,0,13030,-10.0
ppo,0,13034,-10.0
ppo,0,13035,-10.0
ppo,0,13037,-10.0
ppo,0,13039,-10.0
ppo,0,13041,-10.0
ppo,0,13042,-10.0
ppo,0,13044,-10.0
ppo,0,13047,-10.0
ppo,0,13048,-10.0
ppo,0,13052,-10.0
ppo,0,13053,-10.0
ppo,0,13057,-10.0
ppo,0,13058,-10.0
ppo,0,13061,-10.0
ppo,0,13063,-10.0
ppo,0,13064,-10.0
ppo,0,13076,-10.0
ppo,0,13077,-10.0
ppo,0,13078,-10.0
ppo,0,13079,-10.0
ppo,0,13080,-10.0
ppo,0,13082,-10.0
ppo,0,13083,-10.0
ppo,0,13084,-10.0
ppo,0,13087,-10.0
ppo,0,13091,-10.0
ppo,0,13093,-10.0
ppo,0,13094,-10.0
ppo,0,13095,-10.0
ppo,0,13096,-10.0
ppo,0,13097,-10.0
ppo,0,13098,-10.0
ppo,0,13101,-10.0
ppo,0,13103,-10.0
ppo,0,13108,-10.0
ppo,0,13111,-10.0
ppo,0,13115,-10.0
ppo,0,13117,-10.0
ppo,0,13121,-10.0
ppo,0,13122,-10.0
ppo,0,13124,-10.0
ppo,0,13125,-10.0
ppo,0,13126,-10.0
ppo,0,13130,-10.0
ppo,0,13131,-10.0
ppo,0,13133,-10.0
ppo,0,13134,-10.0
ppo,0,13135,-10.0
ppo,0,13136,-10.0
ppo,0,13137,-10.0
ppo,0,13138,-10.0
ppo,0,13142,-10.0
ppo,0,13144,-10.0
ppo,0,13146,-10.0
ppo,0,13147,-10.0
ppo,0,13150,-10.0
ppo,0,13152,-10.0
ppo,0,13153,-10.0
ppo,0,13155,-10.0
ppo,0,13156,-10.0
ppo,0,13158,-10.0
ppo,0,13159,-10.0
ppo,0,13160,-10.0
ppo,0,13161,-10.0
ppo,0,13162,-10.0
ppo,0,13164,-10.0
ppo,0,13165,-10.0
ppo,0,13173,-10.0
ppo,0,13175,-10.0
ppo,0,13178,-10.0
ppo,0,13179,-10.0
ppo,0,13181,-10.0
ppo,0,13182,-10.0
ppo,0,13183,-10.0
ppo,0,13184,-10.0
ppo,0,13187,-10.0
ppo,0,13190,-10.0
ppo,0,13191,-10.0
ppo,0,13192,-10.0
ppo,0,13193,-10.0
ppo,0,13194,-10.0
ppo,0,13195,-10.0
ppo,0,13196,-10.0
ppo,0,13198,-10.0
ppo,0,13201,-10.0
ppo,0,13202,-10.0
ppo,0,13205,-10.0
ppo,0,13207,-10.0
ppo,0,13209,-10.0
ppo,0,13210,-10.0
ppo,0,13211,-10.0
ppo,0,13212,-10.0
ppo,0,13213,-10.0
ppo,0,13214,-10.0
ppo,0,13215,-10.0
ppo,0,13216,-10.0
ppo,0,13218,-10.0
ppo,0,13220,-10.0
ppo,0,13221,-10.0
ppo,0,13222,-10.0
ppo,0,13225,-10.0
ppo,0,13226,-10.0
ppo,0,13228,-10.0
ppo,0,13230,-10.0
ppo,0,13231,-10.0
ppo,0,13236,-10.0
ppo,0,13237,-10.0
ppo,0,13238,-10.0
ppo,0,13240,-10.0
ppo,0,13241,-10.0
ppo,0,13246,-10.0
ppo,0,13247,-10.0
ppo,0,13252,-10.0
ppo,0,13254,-10.0
ppo,0,13255,-10.0
ppo,0,13256,-10.0
ppo,0,13258,-10.0
ppo,0,13259,-10.0
ppo,0,13260,-10.0
ppo,0,13261,-10.0
ppo,0,13262,-10.0
ppo,0,13269,-10.0
ppo,0,13270,-10.0
ppo,0,13272,-10.0
ppo,0,13274,-10.0
ppo,0,13275,-10.0
ppo,0,13279,-10.0
ppo,0,13284,-10.0
ppo,0,13285,-10.0
ppo,0,13287,-10.0
ppo,0,13288,-10.0
ppo,0,13289,-10.0
ppo,0,13291,-10.0
ppo,0,13292,-10.0
ppo,0,13294,-10.0
ppo,0,13300,-10.0
ppo,0,13301,-10.0
ppo,0,13304,-10.0
ppo,0,13306,-10.0
ppo,0,13307,-10.0
ppo,0,13309,-10.0
ppo,0,13310,-10.0
ppo,0,13312,-10.0
ppo,0,13315,-10.0
ppo,0,13316,-10.0
ppo,0,13318,-10.0
ppo,0,13319,-10.0
ppo,0,13321,-10.0
ppo,0,13322,-10.0
ppo,0,13324,-10.0
ppo,0,13327,-10.0
ppo,0,13330,-10.0
ppo,0,13331,-10.0
ppo,0,13333,-10.0
ppo,0,13337,-10.0
ppo,0,13338,-10.0
ppo,0,13340,-10.0
ppo,0,13341,-10.0
ppo,0,13342,-10.0
ppo,0,13343,-10.0
ppo,0,13349,-10.0
ppo,0,13351,-10.0
ppo,0,13354,-10.0
ppo,0,13355,-10.0
ppo,0,13356,-10.0
ppo,0,13359,-10.0
ppo,0,13360,-10.0
ppo,0,13361,-10.0
ppo,0,13363,-10.0
ppo,0,13364,-10.0
ppo,0,13365,-10.0
ppo,0,13366,-10.0
ppo,0,13367,-10.0
ppo,0,13368,-10.0
ppo,0,13370,-10.0
ppo,0,13372,-10.0
ppo,0,13373,-10.0
ppo,0,13376,-10.0
ppo,0,13377,-10.0
ppo,0,13378,-10.0
ppo,0,13379,-10.0
ppo,0,13380,-10.0
ppo,0,13382,-10.0
ppo,0,13383,-10.0
ppo,0,13386,-10.0
ppo,0,13387,-10.0
ppo,0,13388,-10.0
ppo,0,13389,-10.0
ppo,0,13390,-10.0
ppo,0,13391,-10.0
ppo,0,13392,-10.0
ppo,0,13393,-10.0
ppo,0,13394,-10.0
ppo,0,13395,-10.0
ppo,0,13396,-10.0
ppo,0,13399,-10.0
ppo,0,13402,-10.0
ppo,0,13403,-10.0
ppo,0,13405,-10.0
ppo,0,13407,-10.0
ppo,0,13410,-10.0
ppo,0,13412,-10.0
ppo,0,13413,-10.0
ppo,0,13415,-10.0
ppo,0,13416,-10.0
ppo,0,13421,-10.0
ppo,0,13425,-10.0
ppo,0,13427,-10.0
ppo,0,13432,-10.0
ppo,0,13435,-10.0
ppo,0,13436,-10.0
ppo,0,13437,-10.0
ppo,0,13438,-10.0
ppo,0,13439,-10.0
ppo,0,13442,-10.0
ppo,0,13443,-10.0
ppo,0,13445,-10.0
ppo,0,13446,-10.0
ppo,0,13448,-10.0
ppo,0,13450,-10.0
ppo,0,13452,-10.0
ppo,0,13454,-10.0
ppo,0,13457,-10.0
ppo,0,13458,-10.0
ppo,0,13459,-10.0
ppo,0,13466,-10.0
ppo,0,13467,-10.0
ppo,0,13471,-10.0
ppo,0,13472,-10.0
ppo,0,13475,-10.0
ppo,0,13476,-10.0
ppo,0,13478,-10.0
ppo,0,13479,-10.0
ppo,0,13480,-10.0
ppo,0,13481,-10.0
ppo,0,13483,-10.0
ppo,0,13486,-10.0
ppo,0,13487,-10.0
ppo,0,13488,-10.0
ppo,0,13490,-10.0
ppo,0,13493,-10.0
ppo,0,13494,-10.0
ppo,0,13496,-10.0
ppo,0,13499,-10.0
ppo,0,13501,-10.0
ppo,0,13502,-10.0
ppo,0,13503,-47.4
ppo,0,13504,-10.0
ppo,0,13505,-10.0
ppo,0,13507,-10.0
ppo,0,13508,-10.0
ppo,0,13510,-10.0
ppo,0,13511,-10.0
ppo,0,13512,-10.0
ppo,0,13513,-10.0
ppo,0,13519,-10.0
ppo,0,13522,-10.0
ppo,0,13525,-10.0
ppo,0,13527,-10.0
ppo,0,13528,-10.0
ppo,0,13530,-10.0
ppo,0,13532,-10.0
ppo,0,13535,-10.0
ppo,0,13537,-10.0
ppo,0,13539,-10.0
ppo,0,13540,-10.0
ppo,0,13541,-10.0
ppo,0,13543,-10.0
ppo,0,13545,-10.0
ppo,0,13548,-10.0
ppo,0,13549,-10.0
ppo,0,13551,-10.0
ppo,0,13552,-10.0
ppo,0,13553,-10.0
ppo,0,13555,-10.0
ppo,0,13556,-10.0
ppo,0,13559,-10.0
ppo,0,13561,-10.0
ppo,0,13562,-10.0
ppo,0,13567,-10.0
ppo,0,13568,-10.0
ppo,0,13570,-10.0
ppo,0,13572,-10.0
ppo,0,13574,-10.0
ppo,0,13575,-10.0
ppo,0,13576,-10.0
ppo,0,13577,-10.0
ppo,0,13578,-10.0
ppo,0,13579,-10.0
ppo,0,13584,-10.0
ppo,0,13585,-10.0
ppo,0,13587,-10.0
ppo,0,13589,-10.0
ppo,0,13591,-10.0
ppo,0,13592,-10.0
ppo,0,13595,-10.0
ppo,0,13596,-10.0
ppo,0,13603,-10.0
ppo,0,13605,-10.0
ppo,0,13606,-10.0
ppo,0,13608,-10.0
ppo,0,13613,-10.0
ppo,0,13614,-10.0
ppo,0,13615,-10.0
ppo,0,13616,-10.0
ppo,0,13621,-10.0
ppo,0,13628,-10.0
ppo,0,13629,-10.0
ppo,0,13630,-10.0
ppo,0,13631,-10.0
ppo,0,13632,-10.0
ppo,0,13634,-10.0
ppo,0,13636,-10.0
ppo,0,13637,-10.0
ppo,0,13641,-10.0
ppo,0,13642,-10.0
ppo,0,13643,-10.0
ppo,0,13647,-10.0
ppo,0,13649,-10.0
ppo,0,13650,-10.0
ppo,0,13656,-10.0
ppo,0,13657,-10.0
ppo,0,13659,-10.0
ppo,0,13660,-10.0
ppo,0,13661,-10.0
ppo,0,13662,-10.0
ppo,0,13663,-10.0
ppo,0,13665,-10.0
ppo,0,13666,-10.0
ppo,0,13667,-10.0
ppo,0,13668,-10.0
ppo,0,13671,-10.0
ppo,0,13672,-10.0
ppo,0,13673,-10.0
ppo,0,13674,-10.0
ppo,0,13679,-10.0
ppo,0,13683,-10.0
ppo,0,13684,-10.0
ppo,0,13685,-10.0
ppo,0,13686,-46.8
ppo,0,13689,-10.0
ppo,0,13690,-10.0
ppo,0,13692,-10.0
ppo,0,13693,-10.0
ppo,0,13696,-10.0
ppo,0,13699,-10.0
ppo,0,13700,-10.0
ppo,0,13701,-10.0
ppo,0,13703,-10.0
ppo,0,13704,-10.0
ppo,0,13705,-10.0
ppo,0,13707,-10.0
ppo,0,13710,-10.0
ppo,0,13714,-10.0
ppo,0,13715,-10.0
ppo,0,13716,-10.0
ppo,0,13720,-10.0
ppo,0,13721,-10.0
ppo,0,13722,-10.0
ppo,0,13723,-10.0
ppo,0,13724,-10.0
ppo,0,13726,-10.0
ppo,0,13727,-10.0
ppo,0,13728,-10.0
ppo,0,13729,-10.0
ppo,0,13730,-10.0
ppo,0,13732,-10.0
ppo,0,13735,-10.0
ppo,0,13736,-10.0
ppo,0,13740,-10.0
ppo,0,13741,-10.0
ppo,0,13742,-10.0
ppo,0,13744,-10.0
ppo,0,13745,-10.0
ppo,0,13746,-10.0
ppo,0,13749,-10.0
ppo,0,13750,-10.0
ppo,0,13751,-10.0
ppo,0,13753,-10.0
ppo,0,13755,-10.0
ppo,0,13758,-10.0
ppo,0,13759,-10.0
ppo,0,13760,-10.0
ppo,0,13761,-10.0
ppo,0,13762,-10.0
ppo,0,13765,-10.0
ppo,0,13766,-10.0
ppo,0,13767,-10.0
ppo,0,13768,-10.0
ppo,0,13769,-10.0
ppo,0,13770,-10.0
ppo,0,13771,-10.0
ppo,0,13774,-10.0
ppo,0,13777,-10.0
ppo,0,13778,-10.0
ppo,0,13780,-10.0
ppo,0,13781,-10.0
ppo,0,13784,-10.0
ppo,0,13785,-10.0
ppo,0,13786,-10.0
ppo,0,13787,-10.0
ppo,0,13788,-10.0
ppo,0,13790,-10.0
ppo,0,13791,-10.0
ppo,0,13792,-10.0
ppo,0,13793,-10.0
ppo,0,13794,-10.0
ppo,0,13795,-10.0
ppo,0,13797,-10.0
ppo,0,13799,-10.0
ppo,0,13800,-10.0
ppo,0,13802,-10.0
ppo,0,13805,-10.0
ppo,0,13808,-10.0
ppo,0,13810,-10.0
ppo,0,13811,-10.0
ppo,0,13813,-10.0
ppo,0,13815,-10.0
ppo,0,13817,-10.0
ppo,0,13818,-10.0
ppo,0,13819,-10.0
ppo,0,13821,-10.0
ppo,0,13822,-10.0
ppo,0,13826,-10.0
ppo,0,13829,-10.0
ppo,0,13831,-10.0
ppo,0,13832,-10.0
ppo,0,13833,-10.0
ppo,0,13834,-10.0
ppo,0,13836,-10.0
ppo,0,13837,-10.0
ppo,0,13838,-10.0
ppo,0,13839,-10.0
ppo,0,13840,-10.0
ppo,0,13841,-10.0
ppo,0,13842,-10.0
ppo,0,13843,-10.0
ppo,0,13845,-10.0
ppo,0,13847,-10.0
ppo,0,13848,-10.0
ppo,0,13851,-10.0
ppo,0,13852,-10.0
ppo,0,13854,-10.0
ppo,0,13855,-10.0
ppo,0,13857,-10.0
ppo,0,13860,-10.0
ppo,0,13861,-10.0
ppo,0,13862,-10.0
ppo,0,13864,-10.0
ppo,0,13866,-10.0
ppo,0,13875,-10.0
ppo,0,13876,-10.0
ppo,0,13877,-10.0
ppo,0,13878,-10.0
ppo,0,13879,-10.0
ppo,0,13880,-10.0
ppo,0,13882,-10.0
ppo,0,13883,-10.0
ppo,0,13884,-10.0
ppo,0,13885,-10.0
ppo,0,13887,-10.0
ppo,0,13891,-10.0
ppo,0,13892,-10.0
ppo,0,13894,-10.0
ppo,0,13895,-10.0
ppo,0,13896,-10.0
ppo,0,13897,-10.0
ppo,0,13898,-10.0
ppo,0,13902,-10.0
ppo,0,13906,-10.0
ppo,0,13908,-10.0
ppo,0,13910,-10.0
ppo,0,13911,-10.0
ppo,0,13912,-10.0
ppo,0,13913,-10.0
ppo,0,13917,-10.0
ppo,0,13919,-10.0
ppo,0,13922,-10.0
ppo,0,13923,-10.0
ppo,0,13925,-10.0
ppo,0,13926,-10.0
ppo,0,13928,-10.0
ppo,0,13930,-10.0
ppo,0,13931,-10.0
ppo,0,13933,-10.0
ppo,0,13934,-10.0
ppo,0,13935,-10.0
ppo,0,13938,-10.0
ppo,0,13940,-10.0
ppo,0,13945,-10.0
ppo,0,13947,-10.0
ppo,0,13949,-10.0
ppo,0,13953,-10.0
ppo,0,13954,-10.0
ppo,0,13955,-10.0
ppo,0,13957,-10.0
ppo,0,13964,-10.0
ppo,0,13965,-10.0
ppo,0,13969,-10.0
ppo,0,13970,-10.0
ppo,0,13971,-10.0
ppo,0,13976,-10.0
ppo,0,13977,-10.0
ppo,0,13979,-10.0
ppo,0,13980,-10.0
ppo,0,13981,-10.0
ppo,0,13984,-10.0
ppo,0,13986,-10.0
ppo,0,13990,-10.0
ppo,0,13991,-10.0
ppo,0,13992,-10.0
ppo,0,13995,-10.0
ppo,0,13996,-10.0
ppo,0,13997,-10.0
ppo,0,13998,-10.0
ppo,0,13999,-10.0
ppo,0,14001,-10.0
ppo,0,14003,-10.0
ppo,0,14005,-10.0
ppo,0,14007,-10.0
ppo,0,14008,-10.0
ppo,0,14010,-10.0
ppo,0,14011,-10.0
ppo,0,14013,-10.0
ppo,0,14014,-10.0
ppo,0,14015,-10.0
ppo,0,14016,-10.0
ppo,0,14017,-10.0
ppo,0,14018,-10.0
ppo,0,14020,-10.0
ppo,0,14021,-10.0
ppo,0,14023,-10.0
ppo,0,14026,-10.0
ppo,0,14028,-10.0
ppo,0,14029,-10.0
ppo,0,14030,-10.0
ppo,0,14031,-10.0
ppo,0,14032,-10.0
ppo,0,14033,-10.0
ppo,0,14034,-10.0
ppo,0,14035,-10.0
ppo,0,14036,-10.0
ppo,0,14039,-10.0
ppo,0,14040,-10.0
ppo,0,14041,-10.0
ppo,0,14042,-10.0
ppo,0,14043,-10.0
ppo,0,14045,-10.0
ppo,0,14046,-10.0
ppo,0,14047,-10.0
ppo,0,14048,-10.0
ppo,0,14049,-10.0
ppo,0,14052,-10.0
ppo,0,14053,-10.0
ppo,0,14057,-10.0
ppo,0,14059,-10.0
ppo,0,14064,-10.0
ppo,0,14065,-10.0
ppo,0,14066,-10.0
ppo,0,14071,-10.0
ppo,0,14075,-10.0
ppo,0,14076,-10.0
ppo,0,14077,-10.0
ppo,0,14080,-10.0
ppo,0,14082,-10.0
ppo,0,14085,-10.0
ppo,0,14086,-10.0
ppo,0,14087,-10.0
ppo,0,14089,-10.0
ppo,0,14090,-10.0
ppo,0,14091,-10.0
ppo,0,14093,-10.0
ppo,0,14094,-10.0
ppo,0,14096,-10.0
ppo,0,14099,-10.0
ppo,0,14100,-10.0
ppo,0,14102,-10.0
ppo,0,14104,-10.0
ppo,0,14107,-10.0
ppo,0,14108,-10.0
ppo,0,14109,-10.0
ppo,0,14110,-10.0
ppo,0,14113,-10.0
ppo,0,14114,-10.0
ppo,0,14115,-10.0
ppo,0,14116,-10.0
ppo,0,14118,-10.0
ppo,0,14126,-10.0
ppo,0,14127,-10.0
ppo,0,14132,-10.0
ppo,0,14133,-10.0
ppo,0,14135,-10.0
ppo,0,14136,-10.0
ppo,0,14139,-10.0
ppo,0,14140,-49.8
ppo,0,14142,-10.0
ppo,0,14143,-10.0
ppo,0,14145,-10.0
ppo,0,14152,-10.0
ppo,0,14154,-10.0
ppo,0,14155,-10.0
ppo,0,14157,-10.0
ppo,0,14158,-10.0
ppo,0,14161,-10.0
ppo,0,14162,-10.0
ppo,0,14164,-10.0
ppo,0,14166,-10.0
ppo,0,14167,-10.0
ppo,0,14168,-10.0
ppo,0,14170,-10.0
ppo,0,14171,-10.0
ppo,0,14173,-10.0
ppo,0,14175,-10.0
ppo,0,14176,-10.0
ppo,0,14179,-10.0
ppo,0,14180,-10.0
ppo,0,14185,-10.0
ppo,0,14186,-10.0
ppo,0,14191,-10.0
ppo,0,14192,-10.0
ppo,0,14194,-10.0
ppo,0,14197,-10.0
ppo,0,14198,-10.0
ppo,0,14199,-10.0
ppo,0,14200,-10.0
ppo,0,14201,-10.0
ppo,0,14203,-10.0
ppo,0,14205,-10.0
ppo,0,14209,-10.0
ppo,0,14213,-10.0
ppo,0,14214,-10.0
ppo,0,14218,-10.0
ppo,0,14219,-10.0
ppo,0,14220,-10.0
ppo,0,14222,-10.0
ppo,0,14223,-10.0
ppo,0,14225,-10.0
ppo,0,14229,-10.0
ppo,0,14231,-10.0
ppo,0,14232,-10.0
ppo,0,14233,-10.0
ppo,0,14234,-10.0
ppo,0,14236,-10.0
ppo,0,14237,-10.0
ppo,0,14239,-10.0
ppo,0,14241,-10.0
ppo,0,14242,-10.0
ppo,0,14248,-10.0
ppo,0,14249,-10.0
ppo,0,14251,-10.0
ppo,0,14252,-10.0
ppo,0,14253,-10.0
ppo,0,14255,-10.0
ppo,0,14256,-10.0
ppo,0,14257,-10.0
ppo,0,14258,-10.0
ppo,0,14259,-10.0
ppo,0,14260,-10.0
ppo,0,14263,-10.0
ppo,0,14267,-10.0
ppo,0,14271,-10.0
ppo,0,14273,-10.0
ppo,0,14274,-10.0
ppo,0,14276,-10.0
ppo,0,14277,-10.0
ppo,0,14278,-10.0
ppo,0,14279,-10.0
ppo,0,14280,-10.0
ppo,0,14282,-10.0
ppo,0,14284,-10.0
ppo,0,14286,-10.0
ppo,0,14287,-10.0
ppo,0,14289,-10.0
ppo,0,14291,-10.0
ppo,0,14293,-10.0
ppo,0,14294,-10.0
ppo,0,14295,-10.0
ppo,0,14297,-10.0
ppo,0,14299,-10.0
ppo,0,14300,-10.0
ppo,0,14302,-10.0
ppo,0,14303,-10.0
ppo,0,14304,-10.0
ppo,0,14305,-10.0
ppo,0,14306,-10.0
ppo,0,14307,-10.0
ppo,0,14308,-10.0
ppo,0,14309,-10.0
ppo,0,14311,-10.0
ppo,0,14313,-10.0
ppo,0,14316,-10.0
ppo,0,14318,-10.0
ppo,0,14319,-10.0
ppo,0,14321,-10.0
ppo,0,14323,-10.0
ppo,0,14324,-10.0
ppo,0,14328,-10.0
ppo,0,14330,-10.0
ppo,0,14334,-10.0
ppo,0,14336,-10.0
ppo,0,14337,-10.0
ppo,0,14338,-10.0
ppo,0,14339,-10.0
ppo,0,14340,-10.0
ppo,0,14341,-10.0
ppo,0,14344,-10.0
ppo,0,14345,-10.0
ppo,0,14347,-10.0
ppo,0,14348,-10.0
ppo,0,14349,-10.0
ppo,0,14350,-10.0
ppo,0,14354,-10.0
ppo,0,14355,-10.0
ppo,0,14356,-10.0
ppo,0,14357,-10.0
ppo,0,14359,-10.0
ppo,0,14360,-10.0
ppo,0,14362,-10.0
ppo,0,14363,-10.0
ppo,0,14364,-10.0
ppo,0,14365,-10.0
ppo,0,14367,-10.0
ppo,0,14370,-10.0
ppo,0,14372,-10.0
ppo,0,14373,-10.0
ppo,0,14375,-10.0
ppo,0,14377,-10.0
ppo,0,14380,-10.0
ppo,0,14383,-10.0
ppo,0,14384,-10.0
ppo,0,14389,-10.0
ppo,0,14390,-10.0
ppo,0,14392,-10.0
ppo,0,14397,-10.0
ppo,0,14399,-10.0
ppo,0,14402,-10.0
ppo,0,14403,-10.0
ppo,0,14404,-10.0
ppo,0,14405,-10.0
ppo,0,14412,-10.0
ppo,0,14413,-10.0
ppo,0,14418,-10.0
ppo,0,14419,-10.0
ppo,0,14420,-10.0
ppo,0,14424,-10.0
ppo,0,14425,-10.0
ppo,0,14430,-10.0
ppo,0,14431,-10.0
ppo,0,14434,-10.0
ppo,0,14435,-10.0
ppo,0,14436,-10.0
ppo,0,14438,-10.0
ppo,0,14439,-10.0
ppo,0,14442,-10.0
ppo,0,14443,-10.0
ppo,0,14448,-10.0
ppo,0,14451,-10.0
ppo,0,14452,-10.0
ppo,0,14455,-10.0
ppo,0,14457,-10.0
ppo,0,14458,-10.0
ppo,0,14460,-10.0
ppo,0,14462,-10.0
ppo,0,14464,-10.0
ppo,0,14466,-10.0
ppo,0,14468,-10.0
ppo,0,14469,-10.0
ppo,0,14470,-10.0
ppo,0,14471,-10.0
ppo,0,14473,-10.0
ppo,0,14475,-10.0
ppo,0,14477,-10.0
ppo,0,14478,-10.0
ppo,0,14480,-10.0
ppo,0,14484,-10.0
ppo,0,14485,-10.0
ppo,0,14487,-10.0
ppo,0,14490,-10.0
ppo,0,14491,-10.0
ppo,0,14493,-10.0
ppo,0,14497,-10.0
ppo,0,14501,-10.0
ppo,0,14502,-10.0
ppo,0,14506,-10.0
ppo,0,14507,-10.0
ppo,0,14512,-10.0
ppo,0,14518,-10.0
ppo,0,14520,-10.0
ppo,0,14525,-10.0
ppo,0,14527,-10.0
ppo,0,14528,-10.0
ppo,0,14529,-10.0
ppo,0,14530,-10.0
ppo,0,14531,-10.0
ppo,0,14533,-10.0
ppo,0,14534,-10.0
ppo,0,14535,-10.0
ppo,0,14537,-10.0
ppo,0,14539,-10.0
ppo,0,14541,-10.0
ppo,0,14542,-10.0
ppo,0,14548,-10.0
ppo,0,14551,-10.0
ppo,0,14555,-10.0
ppo,0,14557,-10.0
ppo,0,14558,-10.0
ppo,0,14559,-10.0
ppo,0,14564,-10.0
ppo,0,14566,-10.0
ppo,0,14571,-10.0
ppo,0,14574,-10.0
ppo,0,14575,-10.0
ppo,0,14576,-10.0
ppo,0,14577,-10.0
ppo,0,14580,-10.0
ppo,0,14581,-10.0
ppo,0,14583,-10.0
ppo,0,14584,-10.0
ppo,0,14596,-10.0
ppo,0,14597,-10.0
ppo,0,14600,-10.0
ppo,0,14602,-10.0
ppo,0,14607,-10.0
ppo,0,14609,-10.0
ppo,0,14610,-10.0
ppo,0,14611,-10.0
ppo,0,14615,-10.0
ppo,0,14617,-10.0
ppo,0,14619,-10.0
ppo,0,14622,-10.0
ppo,0,14626,-10.0
ppo,0,14629,-10.0
ppo,0,14630,-10.0
ppo,0,14631,-10.0
ppo,0,14633,-10.0
ppo,0,14636,-10.0
ppo,0,14637,-10.0
ppo,0,14642,-10.0
ppo,0,14643,-10.0
ppo,0,14644,-10.0
ppo,0,14645,-10.0
ppo,0,14648,-10.0
ppo,0,14649,-10.0
ppo,0,14651,-10.0
ppo,0,14652,-10.0
ppo,0,14653,-10.0
ppo,0,14654,-10.0
ppo,0,14655,-10.0
ppo,0,14656,-10.0
ppo,0,14657,-10.0
ppo,0,14659,-10.0
ppo,0,14660,-10.0
ppo,0,14662,-10.0
ppo,0,14663,-10.0
ppo,0,14664,-10.0
ppo,0,14665,-10.0
ppo,0,14666,-10.0
ppo,0,14670,-10.0
ppo,0,14671,-10.0
ppo,0,14674,-10.0
ppo,0,14677,-10.0
ppo,0,14678,-10.0
ppo,0,14679,-10.0
ppo,0,14680,-10.0
ppo,0,14681,-10.0
ppo,0,14683,-10.0
ppo,0,14684,-10.0
ppo,0,14685,-10.0
ppo,0,14690,-10.0
ppo,0,14696,-10.0
ppo,0,14699,-10.0
ppo,0,14700,-10.0
ppo,0,14702,-10.0
ppo,0,14703,-10.0
ppo,0,14708,-10.0
ppo,0,14710,-10.0
ppo,0,14712,-10.0
ppo,0,14713,-10.0
ppo,0,14718,-10.0
ppo,0,14723,-10.0
ppo,0,14724,-10.0
ppo,0,14725,-10.0
ppo,0,14726,-10.0
ppo,0,14727,-10.0
ppo,0,14731,-10.0
ppo,0,14734,-10.0
ppo,0,14735,-10.0
ppo,0,14736,-10.0
ppo,0,14738,-10.0
ppo,0,14739,-10.0
ppo,0,14740,-10.0
ppo,0,14741,-10.0
ppo,0,14745,-10.0
ppo,0,14747,-10.0
ppo,0,14748,-10.0
ppo,0,14749,-10.0
ppo,0,14752,-10.0
ppo,0,14753,-10.0
ppo,0,14755,-10.0
ppo,0,14757,-10.0
ppo,0,14759,-10.0
ppo,0,14763,-10.0
ppo,0,14764,-10.0
ppo,0,14765,-10.0
ppo,0,14766,-10.0
ppo,0,14767,-10.0
ppo,0,14768,-10.0
ppo,0,14771,-10.0
ppo,0,14781,-10.0
ppo,0,14782,-10.0
ppo,0,14783,-10.0
ppo,0,14785,-10.0
ppo,0,14788,-10.0
ppo,0,14792,-10.0
ppo,0,14794,-10.0
ppo,0,14796,-10.0
ppo,0,14798,-10.0
ppo,0,14801,-10.0
ppo,0,14803,-10.0
ppo,0,14804,-10.0
ppo,0,14805,-10.0
ppo,0,14806,-10.0
ppo,0,14808,-10.0
ppo,0,14809,-10.0
ppo,0,14810,-10.0
ppo,0,14811,-10.0
ppo,0,14813,-10.0
ppo,0,14817,-10.0
ppo,0,14818,-10.0
ppo,0,14819,-10.0
ppo,0,14820,-10.0
ppo,0,14821,-10.0
ppo,0,14822,-10.0
ppo,0,14824,-10.0
ppo,0,14825,-10.0
ppo,0,14826,-10.0
ppo,0,14837,-10.0
ppo,0,14838,-10.0
ppo,0,14839,-10.0
ppo,0,14840,-10.0
ppo,0,14841,-10.0
ppo,0,14842,-10.0
ppo,0,14843,-10.0
ppo,0,14844,-10.0
ppo,0,14845,-10.0
ppo,0,14846,-10.0
ppo,0,14848,-10.0
ppo,0,14852,-10.0
ppo,0,14854,-10.0
ppo,0,14860,-10.0
ppo,0,14865,-10.0
ppo,0,14866,-10.0
ppo,0,14868,-10.0
ppo,0,14870,-10.0
ppo,0,14873,-10.0
ppo,0,14874,-10.0
ppo,0,14878,-10.0
ppo,0,14882,-10.0
ppo,0,14883,-10.0
ppo,0,14889,-10.0
ppo,0,14892,-10.0
ppo,0,14894,-10.0
ppo,0,14896,-10.0
ppo,0,14897,-10.0
ppo,0,14898,-10.0
ppo,0,14903,-10.0
ppo,0,14905,-10.0
ppo,0,14908,-10.0
ppo,0,14909,-10.0
ppo,0,14910,-10.0
ppo,0,14912,-35.4
ppo,0,14913,-10.0
ppo,0,14919,-10.0
ppo,0,14921,-10.0
ppo,0,14922,-10.0
ppo,0,14923,-10.0
ppo,0,14926,-10.0
ppo,0,14929,-10.0
ppo,0,14930,-10.0
ppo,0,14931,-10.0
ppo,0,14933,-10.0
ppo,0,14934,-10.0
ppo,0,14941,-10.0
ppo,0,14943,-10.0
ppo,0,14949,-10.0
ppo,0,14951,-10.0
ppo,0,14953,-10.0
ppo,0,14958,-10.0
ppo,0,14961,-10.0
ppo,0,14963,-10.0
ppo,0,14966,-10.0
ppo,0,14970,-10.0
ppo,0,14971,-10.0
ppo,0,14972,-10.0
ppo,0,14974,-10.0
ppo,0,14975,-10.0
ppo,0,14976,-10.0
ppo,0,14979,-10.0
ppo,0,14983,-10.0
ppo,0,14985,-10.0
ppo,0,14986,-10.0
ppo,0,14987,-10.0
ppo,0,14991,-10.0
ppo,0,14992,-10.0
ppo,0,14993,-10.0
ppo,0,14997,-10.0
ppo,0,15001,-10.0
ppo,0,15004,-10.0
ppo,0,15006,-10.0
ppo,0,15007,-10.0
ppo,0,15009,-10.0
ppo,0,15013,-10.0
ppo,0,15014,-10.0
ppo,0,15019,-10.0
ppo,0,15021,-10.0
ppo,0,15022,-10.0
ppo,0,15025,-10.0
ppo,0,15028,-10.0
ppo,0,15029,-10.0
ppo,0,15030,-10.0
ppo,0,15032,-10.0
ppo,0,15037,-10.0
ppo,0,15040,-10.0
ppo,0,15041,-10.0
ppo,0,15045,-10.0
ppo,0,15049,-10.0
ppo,0,15051,-10.0
ppo,0,15054,-10.0
ppo,0,15056,-10.0
ppo,0,15058,-10.0
ppo,0,15061,-10.0
ppo,0,15062,-10.0
ppo,0,15066,-10.0
ppo,0,15068,-10.0
ppo,0,15075,-10.0
ppo,0,15076,-10.0
ppo,0,15078,-10.0
ppo,0,15080,-10.0
ppo,0,15084,-10.0
ppo,0,15085,-10.0
ppo,0,15086,-10.0
ppo,0,15089,-10.0
ppo,0,15090,-10.0
ppo,0,15091,-10.0
ppo,0,15092,-10.0
ppo,0,15096,-10.0
ppo,0,15099,-10.0
ppo,0,15102,-10.0
ppo,0,15103,-10.0
ppo,0,15104,-10.0
ppo,0,15109,-10.0
ppo,0,15110,-10.0
ppo,0,15113,-10.0
ppo,0,15114,-10.0
ppo,0,15116,-10.0
ppo,0,15120,-10.0
ppo,0,15126,-10.0
ppo,0,15127,-10.0
ppo,0,15129,-10.0
ppo,0,15130,-10.0
ppo,0,15136,-10.0
ppo,0,15137,-10.0
ppo,0,15140,-10.0
ppo,0,15142,-10.0
ppo,0,15144,-10.0
ppo,0,15145,-10.0
ppo,0,15146,-10.0
ppo,0,15147,-10.0
ppo,0,15150,-10.0
ppo,0,15151,-10.0
ppo,0,15153,-10.0
ppo,0,15156,-10.0
ppo,0,15158,-10.0
ppo,0,15160,-10.0
ppo,0,15161,-10.0
ppo,0,15162,-10.0
ppo,0,15164,-10.0
ppo,0,15167,-10.0
ppo,0,15171,-10.0
ppo,0,15172,-10.0
ppo,0,15174,-10.0
ppo,0,15175,-10.0
ppo,0,15176,-10.0
ppo,0,15178,-10.0
ppo,0,15179,-10.0
ppo,0,15180,-10.0
ppo,0,15182,-10.0
ppo,0,15185,-10.0
ppo,0,15190,-10.0
ppo,0,15196,-10.0
ppo,0,15200,-10.0
ppo,0,15201,-10.0
ppo,0,15206,-10.0
ppo,0,15207,-10.0
ppo,0,15209,-10.0
ppo,0,15211,-10.0
ppo,0,15212,-10.0
ppo,0,15215,-10.0
ppo,0,15217,-10.0
ppo,0,15218,-10.0
ppo,0,15221,-10.0
ppo,0,15225,-10.0
ppo,0,15226,-10.0
ppo,0,15227,-10.0
ppo,0,15228,-10.0
ppo,0,15229,-10.0
ppo,0,15232,-10.0
ppo,0,15233,-10.0
ppo,0,15235,-10.0
ppo,0,15237,-10.0
ppo,0,15241,-10.0
ppo,0,15243,-10.0
ppo,0,15253,-10.0
ppo,0,15258,-10.0
ppo,0,15259,-10.0
ppo,0,15260,-10.0
ppo,0,15261,-10.0
ppo,0,15262,-10.0
ppo,0,15263,-10.0
ppo,0,15264,-10.0
ppo,0,15266,-10.0
ppo,0,15269,-10.0
ppo,0,15274,-10.0
ppo,0,15276,-10.0
ppo,0,15277,-10.0
ppo,0,15278,-10.0
ppo,0,15281,-10.0
ppo,0,15286,-10.0
ppo,0,15288,-10.0
ppo,0,15290,-10.0
ppo,0,15292,-10.0
ppo,0,15293,-10.0
ppo,0,15294,-10.0
ppo,0,15298,-10.0
ppo,0,15302,-10.0
ppo,0,15304,-10.0
ppo,0,15305,-10.0
ppo,0,15307,-10.0
ppo,0,15308,-10.0
ppo,0,15311,-10.0
ppo,0,15316,-10.0
ppo,0,15319,-10.0
ppo,0,15323,-10.0
ppo,0,15324,-10.0
ppo,0,15325,-10.0
ppo,0,15330,-10.0
ppo,0,15331,-10.0
ppo,0,15334,-10.0
ppo,0,15335,-10.0
ppo,0,15338,-10.0
ppo,0,15339,-10.0
ppo,0,15340,-10.0
ppo,0,15343,-10.0
ppo,0,15346,-10.0
ppo,0,15351,-10.0
ppo,0,15352,-10.0
ppo,0,15357,-10.0
ppo,0,15361,-10.0
ppo,0,15362,-10.0
ppo,0,15364,-10.0
ppo,0,15368,-10.0
ppo,0,15378,-10.0
ppo,0,15381,-10.0
ppo,0,15383,-10.0
ppo,0,15384,-10.0
ppo,0,15385,-10.0
ppo,0,15386,-10.0
ppo,0,15392,-10.0
ppo,0,15393,-10.0
ppo,0,15395,-10.0
ppo,0,15396,-10.0
ppo,0,15397,-10.0
ppo,0,15398,-10.0
ppo,0,15399,-10.0
ppo,0,15401,-10.0
ppo,0,15404,-10.0
ppo,0,15405,-10.0
ppo,0,15409,-10.0
ppo,0,15411,-69.3
ppo,0,15413,-10.0
ppo,0,15416,-10.0
ppo,0,15417,-10.0
ppo,0,15422,-10.0
ppo,0,15423,-10.0
ppo,0,15424,-10.0
ppo,0,15426,-10.0
ppo,0,15427,-10.0
ppo,0,15429,-10.0
ppo,0,15433,-10.0
ppo,0,15437,-10.0
ppo,0,15442,-10.0
ppo,0,15443,-10.0
ppo,0,15444,-10.0
ppo,0,15445,-10.0
ppo,0,15446,-10.0
ppo,0,15448,-10.0
ppo,0,15450,-10.0
ppo,0,15451,-10.0
ppo,0,15452,-10.0
ppo,0,15453,-10.0
ppo,0,15457,-10.0
ppo,0,15463,-10.0
ppo,0,15464,-10.0
ppo,0,15465,-10.0
ppo,0,15466,-43.2
ppo,0,15468,-10.0
ppo,0,15471,-10.0
ppo,0,15474,-10.0
ppo,0,15477,-10.0
ppo,0,15481,-10.0
ppo,0,15482,-10.0
ppo,0,15483,-10.0
ppo,0,15484,-10.0
ppo,0,15487,-10.0
ppo,0,15490,-10.0
ppo,0,15491,-10.0
ppo,0,15496,-10.0
ppo,0,15497,-10.0
ppo,0,15498,-10.0
ppo,0,15501,-10.0
ppo,0,15507,-10.0
ppo,0,15508,-10.0
ppo,0,15509,-10.0
ppo,0,15511,-10.0
ppo,0,15512,-10.0
ppo,0,15513,-10.0
ppo,0,15514,-10.0
ppo,0,15516,-10.0
ppo,0,15519,-10.0
ppo,0,15523,-10.0
ppo,0,15530,-10.0
ppo,0,15533,-10.0
ppo,0,15534,-10.0
ppo,0,15540,-10.0
ppo,0,15546,-10.0
ppo,0,15547,-10.0
ppo,0,15549,-10.0
ppo,0,15554,-10.0
ppo,0,15555,-10.0
ppo,0,15559,-10.0
ppo,0,15560,-10.0
ppo,0,15562,-10.0
ppo,0,15565,-10.0
ppo,0,15566,-10.0
ppo,0,15570,-10.0
ppo,0,15574,-10.0
ppo,0,15575,-10.0
ppo,0,15576,-10.0
ppo,0,15577,-10.0
ppo,0,15579,-10.0
ppo,0,15581,-10.0
ppo,0,15585,-10.0
ppo,0,15587,-10.0
ppo,0,15589,-10.0
ppo,0,15590,-10.0
ppo,0,15591,-10.0
ppo,0,15593,-10.0
ppo,0,15600,-10.0
ppo,0,15604,-10.0
ppo,0,15606,-10.0
ppo,0,15607,-10.0
ppo,0,15608,-10.0
ppo,0,15614,-10.0
ppo,0,15615,-10.0
ppo,0,15620,-10.0
ppo,0,15621,-10.0
ppo,0,15622,-10.0
ppo,0,15626,-10.0
ppo,0,15627,-10.0
ppo,0,15628,-10.0
ppo,0,15629,-10.0
ppo,0,15634,-10.0
ppo,0,15635,-10.0
ppo,0,15636,-10.0
ppo,0,15637,-10.0
ppo,0,15642,-10.0
ppo,0,15644,-10.0
ppo,0,15645,-10.0
ppo,0,15647,-10.0
ppo,0,15650,-10.0
ppo,0,15651,-10.0
ppo,0,15652,-10.0
ppo,0,15657,-10.0
ppo,0,15658,-10.0
ppo,0,15659,-10.0
ppo,0,15661,-10.0
ppo,0,15670,-10.0
ppo,0,15671,-10.0
ppo,0,15673,-10.0
ppo,0,15676,-10.0
ppo,0,15678,-10.0
ppo,0,15679,-10.0
ppo,0,15681,-10.0
ppo,0,15682,-10.0
ppo,0,15684,-10.0
ppo,0,15687,-10.0
ppo,0,15692,-10.0
ppo,0,15695,-10.0
ppo,0,15697,-10.0
ppo,0,15700,-10.0
ppo,0,15701,-10.0
ppo,0,15703,-10.0
ppo,0,15704,-10.0
ppo,0,15709,-10.0
ppo,0,15710,-10.0
ppo,0,15712,-10.0
ppo,0,15713,-10.0
ppo,0,15715,-10.0
ppo,0,15718,-10.0
ppo,0,15720,-10.0
ppo,0,15722,-10.0
ppo,0,15723,-10.0
ppo,0,15724,-10.0
ppo,0,15726,-10.0
ppo,0,15729,-10.0
ppo,0,15733,-10.0
ppo,0,15736,-10.0
ppo,0,15737,-10.0
ppo,0,15741,-10.0
ppo,0,15742,-10.0
ppo,0,15744,-10.0
ppo,0,15746,-10.0
ppo,0,15749,-10.0
ppo,0,15750,-10.0
ppo,0,15751,-10.0
ppo,0,15756,-10.0
ppo,0,15758,-10.0
ppo,0,15759,-10.0
ppo,0,15760,-10.0
ppo,0,15761,-10.0
ppo,0,15765,-10.0
ppo,0,15766,-10.0
ppo,0,15767,-10.0
ppo,0,15768,-10.0
ppo,0,15770,-10.0
ppo,0,15771,-44.4
ppo,0,15772,-10.0
ppo,0,15773,-10.0
ppo,0,15775,-10.0
ppo,0,15777,-10.0
ppo,0,15784,-10.0
ppo,0,15786,-10.0
ppo,0,15788,-10.0
ppo,0,15790,-10.0
ppo,0,15792,-10.0
ppo,0,15795,-10.0
ppo,0,15800,-10.0
ppo,0,15802,-10.0
ppo,0,15805,-10.0
ppo,0,15806,-10.0
ppo,0,15807,-10.0
ppo,0,15808,-10.0
ppo,0,15813,-10.0
ppo,0,15814,-10.0
ppo,0,15816,-10.0
ppo,0,15820,-10.0
ppo,0,15823,-10.0
ppo,0,15824,-10.0
ppo,0,15825,-10.0
ppo,0,15826,-10.0
ppo,0,15829,-10.0
ppo,0,15830,-10.0
ppo,0,15831,-10.0
ppo,0,15834,-10.0
ppo,0,15835,-10.0
ppo,0,15836,-10.0
ppo,0,15837,-10.0
ppo,0,15838,-10.0
ppo,0,15839,-10.0
ppo,0,15842,-10.0
ppo,0,15844,-10.0
ppo,0,15845,-10.0
ppo,0,15846,-10.0
ppo,0,15849,-10.0
ppo,0,15853,-10.0
ppo,0,15858,-10.0
ppo,0,15859,-10.0
ppo,0,15860,-10.0
ppo,0,15863,-10.0
ppo,0,15865,-10.0
ppo,0,15867,-10.0
ppo,0,15869,-10.0
ppo,0,15872,-10.0
ppo,0,15875,-10.0
ppo,0,15876,-10.0
ppo,0,15879,-10.0
ppo,0,15883,-10.0
ppo,0,15885,-10.0
ppo,0,15888,-10.0
ppo,0,15889,-10.0
ppo,0,15890,-10.0
ppo,0,15891,-10.0
ppo,0,15893,-10.0
ppo,0,15895,-10.0
ppo,0,15896,-10.0
ppo,0,15897,-10.0
ppo,0,15899,-10.0
ppo,0,15900,-10.0
ppo,0,15903,-10.0
ppo,0,15905,-10.0
ppo,0,15906,-10.0
ppo,0,15908,-10.0
ppo,0,15909,-10.0
ppo,0,15910,-10.0
ppo,0,15912,-10.0
ppo,0,15913,-10.0
ppo,0,15915,-10.0
ppo,0,15917,-10.0
ppo,0,15923,-10.0
ppo,0,15924,-10.0
ppo,0,15927,-10.0
ppo,0,15928,-10.0
ppo,0,15931,-10.0
ppo,0,15932,-10.0
ppo,0,15933,-10.0
ppo,0,15936,-10.0
ppo,0,15938,-10.0
ppo,0,15949,-10.0
ppo,0,15953,-10.0
ppo,0,15954,-10.0
ppo,0,15956,-10.0
ppo,0,15958,-10.0
ppo,0,15967,-10.0
ppo,0,15968,-10.0
ppo,0,15969,-10.0
ppo,0,15971,-10.0
ppo,0,15975,-10.0
ppo,0,15978,-10.0
ppo,0,15980,-10.0
ppo,0,15982,-10.0
ppo,0,15990,-10.0
ppo,0,15991,-10.0
ppo,0,15992,-10.0
ppo,0,15997,-10.0
ppo,0,15999,-10.0
ppo,0,16003,-10.0
ppo,0,16004,-10.0
ppo,0,16005,-10.0
ppo,0,16006,-10.0
ppo,0,16007,-10.0
ppo,0,16012,-10.0
ppo,0,16014,-10.0
ppo,0,16015,-10.0
ppo,0,16016,-10.0
ppo,0,16017,-10.0
ppo,0,16019,-10.0
ppo,0,16020,-10.0
ppo,0,16029,-10.0
ppo,0,16030,-10.0
ppo,0,16031,-10.0
ppo,0,16032,-10.0
ppo,0,16033,-10.0
ppo,0,16034,-10.0
ppo,0,16035,-10.0
ppo,0,16039,-10.0
ppo,0,16040,-10.0
ppo,0,16042,-10.0
ppo,0,16044,-10.0
ppo,0,16047,-10.0
ppo,0,16048,-10.0
ppo,0,16053,-10.0
ppo,0,16055,-10.0
ppo,0,16056,-10.0
ppo,0,16058,-10.0
ppo,0,16059,-10.0
ppo,0,16060,-10.0
ppo,0,16066,-10.0
ppo,0,16071,-10.0
ppo,0,16072,-10.0
ppo,0,16074,-10.0
ppo,0,16078,-10.0
ppo,0,16081,-10.0
ppo,0,16083,-10.0
ppo,0,16084,-10.0
ppo,0,16085,-10.0
ppo,0,16086,-10.0
ppo,0,16087,-10.0
ppo,0,16088,-10.0
ppo,0,16090,-10.0
ppo,0,16091,-10.0
ppo,0,16095,-10.0
ppo,0,16096,-10.0
ppo,0,16100,-10.0
ppo,0,16101,-10.0
ppo,0,16103,-10.0
ppo,0,16104,-10.0
ppo,0,16109,-10.0
ppo,0,16110,-10.0
ppo,0,16111,-10.0
ppo,0,16112,-10.0
ppo,0,16114,-10.0
ppo,0,16118,-10.0
ppo,0,16119,-10.0
ppo,0,16120,-10.0
ppo,0,16121,-10.0
ppo,0,16123,-10.0
ppo,0,16131,-10.0
ppo,0,16136,-10.0
ppo,0,16137,-10.0
ppo,0,16139,-10.0
ppo,0,16140,-10.0
ppo,0,16141,-10.0
ppo,0,16142,-10.0
ppo,0,16143,-10.0
ppo,0,16144,-10.0
ppo,0,16147,-10.0
ppo,0,16148,-10.0
ppo,0,16150,-10.0
ppo,0,16151,-10.0
ppo,0,16155,-10.0
ppo,0,16160,-10.0
ppo,0,16161,-10.0
ppo,0,16162,-10.0
ppo,0,16164,-10.0
ppo,0,16168,-10.0
ppo,0,16169,-10.0
ppo,0,16170,-10.0
ppo,0,16180,-10.0
ppo,0,16182,-10.0
ppo,0,16189,-10.0
ppo,0,16196,-10.0
ppo,0,16200,-10.0
ppo,0,16203,-10.0
ppo,0,16205,-10.0
ppo,0,16212,-10.0
ppo,0,16213,-10.0
ppo,0,16216,-10.0
ppo,0,16219,-10.0
ppo,0,16220,-10.0
ppo,0,16221,-10.0
ppo,0,16224,-10.0
ppo,0,16225,-10.0
ppo,0,16227,-10.0
ppo,0,16229,-10.0
ppo,0,16234,-10.0
ppo,0,16247,-10.0
ppo,0,16254,-10.0
ppo,0,16257,-10.0
ppo,0,16258,-10.0
ppo,0,16261,-10.0
ppo,0,16262,-10.0
ppo,0,16266,-10.0
ppo,0,16267,-10.0
ppo,0,16271,-10.0
ppo,0,16272,-10.0
ppo,0,16274,-10.0
ppo,0,16276,-36.6
ppo,0,16277,-10.0
ppo,0,16279,-10.0
ppo,0,16281,-10.0
ppo,0,16290,-10.0
ppo,0,16291,-10.0
ppo,0,16293,-10.0
ppo,0,16294,-10.0
ppo,0,16296,-10.0
ppo,0,16298,-10.0
ppo,0,16299,-10.0
ppo,0,16300,-10.0
ppo,0,16301,-10.0
ppo,0,16303,-10.0
ppo,0,16305,-10.0
ppo,0,16306,-10.0
ppo,0,16307,-10.0
ppo,0,16308,-10.0
ppo,0,16311,-10.0
ppo,0,16315,-10.0
ppo,0,16316,-10.0
ppo,0,16321,-10.0
ppo,0,16323,-10.0
ppo,0,16324,-10.0
ppo,0,16328,-10.0
ppo,0,16334,-10.0
ppo,0,16337,-10.0
ppo,0,16338,-10.0
ppo,0,16342,-10.0
ppo,0,16344,-10.0
ppo,0,16346,-10.0
ppo,0,16347,-10.0
ppo,0,16350,-10.0
ppo,0,16351,-10.0
ppo,0,16355,-10.0
ppo,0,16356,-10.0
ppo,0,16360,-10.0
ppo,0,16361,-10.0
ppo,0,16362,-10.0
ppo,0,16364,-10.0
ppo,0,16365,-10.0
ppo,0,16366,-10.0
ppo,0,16367,-10.0
ppo,0,16368,-10.0
ppo,0,16370,-10.0
ppo,0,16375,-10.0
ppo,0,16378,-10.0
ppo,0,16380,-10.0
ppo,0,16381,-10.0
ppo,0,16383,-10.0
ppo,0,16391,-10.0
ppo,0,16395,-10.0
ppo,0,16405,-10.0
ppo,0,16407,-10.0
ppo,0,16408,-10.0
ppo,0,16412,-10.0
ppo,0,16414,-10.0
ppo,0,16420,-10.0
ppo,0,16421,-10.0
ppo,0,16425,-10.0
ppo,0,16426,-10.0
ppo,0,16428,-10.0
ppo,0,16431,-10.0
ppo,0,16438,-10.0
ppo,0,16442,-10.0
ppo,0,16444,-10.0
ppo,0,16445,-10.0
ppo,0,16446,-10.0
ppo,0,16448,-10.0
ppo,0,16449,-10.0
ppo,0,16450,-10.0
ppo,0,16454,-10.0
ppo,0,16457,-10.0
ppo,0,16459,-10.0
ppo,0,16460,-10.0
ppo,0,16466,-10.0
ppo,0,16469,-10.0
ppo,0,16470,-10.0
ppo,0,16475,-10.0
ppo,0,16476,-10.0
ppo,0,16499,-10.0
ppo,0,16504,-10.0
ppo,0,16505,-10.0
ppo,0,16513,-10.0
ppo,0,16514,-10.0
ppo,0,16523,-10.0
ppo,0,16524,-10.0
ppo,0,16526,-10.0
ppo,0,16530,-10.0
ppo,0,16534,-10.0
ppo,0,16536,-10.0
ppo,0,16537,-10.0
ppo,0,16538,-10.0
ppo,0,16539,-10.0
ppo,0,16541,-10.0
ppo,0,16567,-10.0
ppo,0,16568,-10.0
ppo,0,16572,-10.0
ppo,0,16573,-10.0
ppo,0,16581,-10.0
ppo,0,16582,-10.0
ppo,0,16590,-10.0
ppo,0,16594,-10.0
ppo,0,16595,-10.0
ppo,0,16596,-10.0
ppo,0,16602,-10.0
ppo,0,16611,-10.0
ppo,0,16622,-10.0
ppo,0,16623,-10.0
ppo,0,16626,-10.0
ppo,0,16631,-10.0
ppo,0,16633,-10.0
ppo,0,16636,-10.0
ppo,0,16637,-10.0
ppo,0,16643,-10.0
ppo,0,16648,-10.0
ppo,0,16652,-10.0
ppo,0,16654,-10.0
ppo,0,16655,-10.0
ppo,0,16656,-10.0
ppo,0,16660,-10.0
ppo,0,16666,-10.0
ppo,0,16669,-10.0
ppo,0,16674,-10.0
ppo,0,16679,-10.0
ppo,0,16682,-10.0
ppo,0,16685,-10.0
ppo,0,16686,-10.0
ppo,0,16695,-10.0
ppo,0,16697,-10.0
ppo,0,16700,-10.0
ppo,0,16701,-10.0
ppo,0,16703,-10.0
ppo,0,16704,-10.0
ppo,0,16709,-10.0
ppo,0,16710,-10.0
ppo,0,16714,-10.0
ppo,0,16720,-10.0
ppo,0,16721,-10.0
ppo,0,16722,-10.0
ppo,0,16723,-10.0
ppo,0,16724,-10.0
ppo,0,16727,-10.0
ppo,0,16735,-10.0
ppo,0,16741,-10.0
ppo,0,16742,-10.0
ppo,0,16743,-10.0
ppo,0,16746,-10.0
ppo,0,16747,-10.0
ppo,0,16753,-10.0
ppo,0,16764,-10.0
ppo,0,16768,-10.0
ppo,0,16770,-10.0
ppo,0,16771,-10.0
ppo,0,16772,-10.0
ppo,0,16773,-10.0
ppo,0,16778,-10.0
ppo,0,16780,-10.0
ppo,0,16791,-10.0
ppo,0,16793,-10.0
ppo,0,16794,-10.0
ppo,0,16798,-10.0
ppo,0,16799,-10.0
ppo,0,16801,-10.0
ppo,0,16803,-10.0
ppo,0,16807,-10.0
ppo,0,16809,-10.0
ppo,0,16812,-10.0
ppo,0,16818,-10.0
ppo,0,16819,-10.0
ppo,0,16826,-10.0
ppo,0,16828,-10.0
ppo,0,16829,-10.0
ppo,0,16830,-10.0
ppo,0,16832,-10.0
ppo,0,16840,-10.0
ppo,0,16841,-10.0
ppo,0,16842,-10.0
ppo,0,16843,-10.0
ppo,0,16850,-10.0
ppo,0,16851,-10.0
ppo,0,16852,-10.0
ppo,0,16853,-10.0
ppo,0,16854,-10.0
ppo,0,16856,-10.0
ppo,0,16862,-10.0
ppo,0,16866,-10.0
ppo,0,16868,-10.0
ppo,0,16880,-10.0
ppo,0,16881,-10.0
ppo,0,16883,-10.0
ppo,0,16884,-10.0
ppo,0,16890,-10.0
ppo,0,16892,-10.0
ppo,0,16894,-10.0
ppo,0,16898,-10.0
ppo,0,16899,-10.0
ppo,0,16903,-10.0
ppo,0,16910,-10.0
ppo,0,16912,-10.0
ppo,0,16915,-10.0
ppo,0,16916,-10.0
ppo,0,16924,-10.0
ppo,0,16925,-10.0
ppo,0,16927,-10.0
ppo,0,16937,-10.0
ppo,0,16944,-10.0
ppo,0,16952,-10.0
ppo,0,16955,-10.0
ppo,0,16960,-10.0
ppo,0,16963,-10.0
ppo,0,16965,-10.0
ppo,0,16967,-10.0
ppo,0,16969,-10.0
ppo,0,16975,-10.0
ppo,0,16977,-10.0
ppo,0,16980,-10.0
ppo,0,16986,-10.0
ppo,0,16987,-10.0
ppo,0,16989,-10.0
ppo,0,16992,-10.0
ppo,0,17000,-10.0
ppo,0,17004,-10.0
ppo,0,17008,-10.0
ppo,0,17012,-10.0
ppo,0,17015,-10.0
ppo,0,17016,-10.0
ppo,0,17018,-10.0
ppo,0,17020,-10.0
ppo,0,17021,-10.0
ppo,0,17022,-10.0
ppo,0,17026,-10.0
ppo,0,17027,-10.0
ppo,0,17030,-10.0
ppo,0,17033,-10.0
ppo,0,17037,-10.0
ppo,0,17038,-10.0
ppo,0,17041,-10.0
ppo,0,17049,-10.0
ppo,0,17051,-10.0
ppo,0,17055,-10.0
ppo,0,17056,-10.0
ppo,0,17062,-10.0
ppo,0,17066,-10.0
ppo,0,17069,-10.0
ppo,0,17072,-10.0
ppo,0,17074,-10.0
ppo,0,17076,-10.0
ppo,0,17077,-10.0
ppo,0,17078,-10.0
ppo,0,17082,-10.0
ppo,0,17091,-10.0
ppo,0,17092,-10.0
ppo,0,17099,-10.0
ppo,0,17100,-10.0
ppo,0,17101,-10.0
ppo,0,17103,-10.0
ppo,0,17105,-10.0
ppo,0,17108,-10.0
ppo,0,17109,-10.0
ppo,0,17113,-10.0
ppo,0,17114,-10.0
ppo,0,17116,-10.0
ppo,0,17123,-10.0
ppo,0,17124,-10.0
ppo,0,17127,-10.0
ppo,0,17130,-10.0
ppo,0,17131,-10.0
ppo,0,17132,-10.0
ppo,0,17134,-10.0
ppo,0,17138,-10.0
ppo,0,17144,-10.0
ppo,0,17150,-10.0
ppo,0,17154,-10.0
ppo,0,17157,-10.0
ppo,0,17158,-10.0
ppo,0,17159,-10.0
ppo,0,17161,-10.0
ppo,0,17174,-10.0
ppo,0,17176,-10.0
ppo,0,17182,-10.0
ppo,0,17183,-10.0
ppo,0,17188,-10.0
ppo,0,17189,-10.0
ppo,0,17190,-10.0
ppo,0,17191,-10.0
ppo,0,17192,-10.0
ppo,0,17197,-10.0
ppo,0,17206,-10.0
ppo,0,17211,-10.0
ppo,0,17218,-10.0
ppo,0,17219,-10.0
ppo,0,17230,-10.0
ppo,0,17231,-10.0
ppo,0,17233,-10.0
ppo,0,17235,-10.0
ppo,0,17238,-10.0
ppo,0,17239,-10.0
ppo,0,17242,-10.0
ppo,0,17246,-10.0
ppo,0,17249,-10.0
ppo,0,17256,-10.0
ppo,0,17261,-10.0
ppo,0,17262,-10.0
ppo,0,17274,-10.0
ppo,0,17275,-10.0
ppo,0,17276,-10.0
ppo,0,17278,-10.0
ppo,0,17279,-10.0
ppo,0,17280,-10.0
ppo,0,17284,-69.9
ppo,0,17286,-10.0
ppo,0,17288,-10.0
ppo,0,17292,-10.0
ppo,0,17295,-10.0
ppo,0,17306,-10.0
ppo,0,17310,-10.0
ppo,0,17316,-10.0
ppo,0,17323,-10.0
ppo,0,17324,-10.0
ppo,0,17326,-10.0
ppo,0,17328,-10.0
ppo,0,17329,-10.0
ppo,0,17336,-10.0
ppo,0,17338,-10.0
ppo,0,17340,-10.0
ppo,0,17341,-10.0
ppo,0,17348,-10.0
ppo,0,17353,-10.0
ppo,0,17355,-10.0
ppo,0,17368,-10.0
ppo,0,17373,-10.0
ppo,0,17374,-10.0
ppo,0,17377,-10.0
ppo,0,17384,-10.0
ppo,0,17386,-10.0
ppo,0,17387,-10.0
ppo,0,17392,-10.0
ppo,0,17393,-10.0
ppo,0,17394,-10.0
ppo,0,17395,-10.0
ppo,0,17397,-10.0
ppo,0,17398,-10.0
ppo,0,17399,-10.0
ppo,0,17402,-10.0
ppo,0,17404,-10.0
ppo,0,17405,-10.0
ppo,0,17409,-10.0
ppo,0,17413,-10.0
ppo,0,17417,-10.0
ppo,0,17430,-10.0
ppo,0,17431,-10.0
ppo,0,17433,-10.0
ppo,0,17436,-10.0
ppo,0,17437,-10.0
ppo,0,17440,-10.0
ppo,0,17441,-10.0
ppo,0,17442,-10.0
ppo,0,17449,-10.0
ppo,0,17452,-10.0
ppo,0,17454,-10.0
ppo,0,17457,-10.0
ppo,0,17459,-10.0
ppo,0,17460,-10.0
ppo,0,17462,-10.0
ppo,0,17464,-10.0
ppo,0,17467,-10.0
ppo,0,17479,-10.0
ppo,0,17481,-10.0
ppo,0,17488,-10.0
ppo,0,17497,-10.0
ppo,0,17504,-10.0
ppo,0,17506,-10.0
ppo,0,17507,-10.0
ppo,0,17508,-10.0
ppo,0,17513,-10.0
ppo,0,17514,-10.0
ppo,0,17517,-10.0
ppo,0,17518,-10.0
ppo,0,17521,-10.0
ppo,0,17523,-10.0
ppo,0,17532,-10.0
ppo,0,17534,-10.0
ppo,0,17537,-10.0
ppo,0,17538,-10.0
ppo,0,17543,-10.0
ppo,0,17544,-10.0
ppo,0,17545,-10.0
ppo,0,17549,-10.0
ppo,0,17550,-10.0
ppo,0,17552,-10.0
ppo,0,17555,-10.0
ppo,0,17559,-10.0
ppo,0,17567,-10.0
ppo,0,17569,-10.0
ppo,0,17570,-10.0
ppo,0,17571,-10.0
ppo,0,17572,-10.0
ppo,0,17577,-10.0
ppo,0,17580,-10.0
ppo,0,17587,-10.0
ppo,0,17589,-10.0
ppo,0,17591,-10.0
ppo,0,17594,-10.0
ppo,0,17596,-10.0
ppo,0,17603,-10.0
ppo,0,17604,-10.0
ppo,0,17606,-10.0
ppo,0,17611,-10.0
ppo,0,17613,-10.0
ppo,0,17628,-10.0
ppo,0,17632,-10.0
ppo,0,17634,-10.0
ppo,0,17635,-10.0
ppo,0,17648,-10.0
ppo,0,17649,-10.0
ppo,0,17650,-10.0
ppo,0,17653,-10.0
ppo,0,17656,-10.0
ppo,0,17661,-10.0
ppo,0,17662,-10.0
ppo,0,17666,-10.0
ppo,0,17669,-10.0
ppo,0,17671,-10.0
ppo,0,17674,-10.0
ppo,0,17683,-10.0
ppo,0,17686,-10.0
ppo,0,17687,-10.0
ppo,0,17691,-10.0
ppo,0,17692,-10.0
ppo,0,17694,-10.0
ppo,0,17695,-10.0
ppo,0,17697,-10.0
ppo,0,17699,-10.0
ppo,0,17701,-10.0
ppo,0,17706,-10.0
ppo,0,17707,-10.0
ppo,0,17709,-10.0
ppo,0,17712,-10.0
ppo,0,17716,-10.0
ppo,0,17719,-10.0
ppo,0,17723,-10.0
ppo,0,17725,-10.0
ppo,0,17726,-10.0
ppo,0,17735,-10.0
ppo,0,17738,-10.0
ppo,0,17741,-10.0
ppo,0,17745,-10.0
ppo,0,17749,-10.0
ppo,0,17752,-10.0
ppo,0,17753,-10.0
ppo,0,17757,-10.0
ppo,0,17764,-10.0
ppo,0,17770,-10.0
ppo,0,17771,-10.0
ppo,0,17772,-10.0
ppo,0,17774,-10.0
ppo,0,17789,-10.0
ppo,0,17798,-10.0
ppo,0,17805,-10.0
ppo,0,17806,-10.0
ppo,0,17810,-10.0
ppo,0,17811,-10.0
ppo,0,17815,-10.0
ppo,0,17830,-10.0
ppo,0,17831,-10.0
ppo,0,17834,-10.0
ppo,0,17836,-10.0
ppo,0,17839,-10.0
ppo,0,17845,-10.0
ppo,0,17848,-10.0
ppo,0,17851,-10.0
ppo,0,17852,-10.0
ppo,0,17857,-10.0
ppo,0,17858,-10.0
ppo,0,17859,-10.0
ppo,0,17863,-10.0
ppo,0,17866,-10.0
ppo,0,17868,-10.0
ppo,0,17869,-10.0
ppo,0,17873,-10.0
ppo,0,17874,-10.0
ppo,0,17876,-10.0
ppo,0,17877,-10.0
ppo,0,17886,-10.0
ppo,0,17887,-10.0
ppo,0,17892,-10.0
ppo,0,17893,-10.0
ppo,0,17895,-10.0
ppo,0,17896,-10.0
ppo,0,17902,-10.0
ppo,0,17912,-10.0
ppo,0,17914,-10.0
ppo,0,17915,-10.0
ppo,0,17916,-10.0
ppo,0,17917,-10.0
ppo,0,17920,-10.0
ppo,0,17922,-10.0
ppo,0,17933,-10.0
ppo,0,17934,-10.0
ppo,0,17940,-10.0
ppo,0,17941,-10.0
ppo,0,17942,-10.0
ppo,0,17943,-10.0
ppo,0,17948,-10.0
ppo,0,17950,-10.0
ppo,0,17951,-10.0
ppo,0,17953,-10.0
ppo,0,17954,-10.0
ppo,0,17957,-10.0
ppo,0,17958,-10.0
ppo,0,17963,-10.0
ppo,0,17973,-10.0
ppo,0,17975,-10.0
ppo,0,17979,-10.0
ppo,0,17981,-10.0
ppo,0,17992,-10.0
ppo,0,17994,-10.0
ppo,0,17996,-10.0
ppo,0,17997,-10.0
ppo,0,17999,-10.0
ppo,0,18003,-10.0
ppo,0,18006,-10.0
ppo,0,18007,-10.0
ppo,0,18010,-10.0
ppo,0,18013,-10.0
ppo,0,18015,-10.0
ppo,0,18016,-10.0
ppo,0,18022,-10.0
ppo,0,18030,-10.0
ppo,0,18034,-10.0
ppo,0,18039,-10.0
ppo,0,18040,-10.0
ppo,0,18044,-10.0
ppo,0,18050,-10.0
ppo,0,18054,-10.0
ppo,0,18057,-10.0
ppo,0,18058,-10.0
ppo,0,18059,-10.0
ppo,0,18064,-10.0
ppo,0,18070,-10.0
ppo,0,18079,-10.0
ppo,0,18083,-10.0
ppo,0,18085,-10.0
ppo,0,18087,-10.0
ppo,0,18089,-10.0
ppo,0,18090,-10.0
ppo,0,18091,-10.0
ppo,0,18092,-10.0
ppo,0,18094,-10.0
ppo,0,18095,-10.0
ppo,0,18097,-10.0
ppo,0,18099,-42.3
ppo,0,18103,-10.0
ppo,0,18105,-10.0
ppo,0,18110,-10.0
ppo,0,18115,-10.0
ppo,0,18116,-10.0
ppo,0,18119,-10.0
ppo,0,18120,-10.0
ppo,0,18124,-10.0
ppo,0,18126,-10.0
ppo,0,18127,-10.0
ppo,0,18129,-10.0
ppo,0,18133,-10.0
ppo,0,18140,-10.0
ppo,0,18142,-10.0
ppo,0,18146,-10.0
ppo,0,18149,-10.0
ppo,0,18151,-10.0
ppo,0,18155,-10.0
ppo,0,18156,-10.0
ppo,0,18158,-10.0
ppo,0,18159,-10.0
ppo,0,18166,-10.0
ppo,0,18167,-10.0
ppo,0,18173,-10.0
ppo,0,18183,-10.0
ppo,0,18184,-10.0
ppo,0,18185,-10.0
ppo,0,18187,-10.0
ppo,0,18190,-10.0
ppo,0,18193,-10.0
ppo,0,18194,-10.0
ppo,0,18195,-10.0
ppo,0,18197,-10.0
ppo,0,18199,-10.0
ppo,0,18200,-10.0
ppo,0,18203,-10.0
ppo,0,18207,-10.0
ppo,0,18210,-10.0
ppo,0,18211,-10.0
ppo,0,18212,-10.0
ppo,0,18213,-10.0
ppo,0,18217,-10.0
ppo,0,18218,-10.0
ppo,0,18221,-10.0
ppo,0,18222,-10.0
ppo,0,18227,-10.0
ppo,0,18231,-10.0
ppo,0,18232,-10.0
ppo,0,18235,-64.8
ppo,0,18240,-10.0
ppo,0,18242,-10.0
ppo,0,18245,-10.0
ppo,0,18246,-10.0
ppo,0,18249,-10.0
ppo,0,18250,-10.0
ppo,0,18257,-10.0
ppo,0,18258,-10.0
ppo,0,18262,-10.0
ppo,0,18265,-10.0
ppo,0,18268,-10.0
ppo,0,18269,-10.0
ppo,0,18272,-10.0
ppo,0,18274,-10.0
ppo,0,18285,-10.0
ppo,0,18286,-10.0
ppo,0,18289,-10.0
ppo,0,18298,-10.0
ppo,0,18299,-10.0
ppo,0,18300,-10.0
ppo,0,18307,-10.0
ppo,0,18308,-10.0
ppo,0,18310,-10.0
ppo,0,18311,-10.0
ppo,0,18314,-10.0
ppo,0,18317,-10.0
ppo,0,18323,-10.0
ppo,0,18333,-10.0
ppo,0,18348,-27.9
ppo,0,18349,-10.0
ppo,0,18351,-10.0
ppo,0,18353,-10.0
ppo,0,18354,-46.8
ppo,0,18355,-10.0
ppo,0,18359,-10.0
ppo,0,18364,-10.0
ppo,0,18372,-10.0
ppo,0,18376,-10.0
ppo,0,18377,-10.0
ppo,0,18378,-10.0
ppo,0,18380,-10.0
ppo,0,18382,-10.0
ppo,0,18385,-10.0
ppo,0,18390,-10.0
ppo,0,18391,-10.0
ppo,0,18392,-10.0
ppo,0,18393,-10.0
ppo,0,18394,-10.0
ppo,0,18398,-10.0
ppo,0,18399,-10.0
ppo,0,18405,-10.0
ppo,0,18408,-10.0
ppo,0,18409,-10.0
ppo,0,18411,-10.0
ppo,0,18413,-10.0
ppo,0,18415,-10.0
ppo,0,18421,-10.0
ppo,0,18424,-10.0
ppo,0,18429,-10.0
ppo,0,18432,-10.0
ppo,0,18437,-10.0
ppo,0,18441,-10.0
ppo,0,18449,-10.0
ppo,0,18450,-10.0
ppo,0,18453,-10.0
ppo,0,18455,-10.0
ppo,0,18460,-10.0
ppo,0,18470,-10.0
ppo,0,18471,-10.0
ppo,0,18479,-10.0
ppo,0,18481,-10.0
ppo,0,18488,-10.0
ppo,0,18489,-10.0
ppo,0,18501,-10.0
ppo,0,18504,-10.0
ppo,0,18506,-10.0
ppo,0,18526,-10.0
ppo,0,18535,-10.0
ppo,0,18538,-10.0
ppo,0,18540,-10.0
ppo,0,18541,-10.0
ppo,0,18543,-10.0
ppo,0,18547,-10.0
ppo,0,18559,-10.0
ppo,0,18561,-10.0
ppo,0,18573,-10.0
ppo,0,18574,-10.0
ppo,0,18579,-10.0
ppo,0,18580,-10.0
ppo,0,18583,-10.0
ppo,0,18587,-10.0
ppo,0,18591,-10.0
ppo,0,18595,-10.0
ppo,0,18597,-10.0
ppo,0,18598,-10.0
ppo,0,18601,-10.0
ppo,0,18602,-10.0
ppo,0,18605,-10.0
ppo,0,18620,-10.0
ppo,0,18622,-10.0
ppo,0,18629,-10.0
ppo,0,18633,-10.0
ppo,0,18634,-10.0
ppo,0,18635,-10.0
ppo,0,18640,-10.0
ppo,0,18644,-10.0
ppo,0,18646,-10.0
ppo,0,18647,-10.0
ppo,0,18648,-10.0
ppo,0,18650,-10.0
ppo,0,18662,-10.0
ppo,0,18666,-10.0
ppo,0,18668,-10.0
ppo,0,18674,-10.0
ppo,0,18679,-10.0
ppo,0,18681,-10.0
ppo,0,18701,-10.0
ppo,0,18703,-10.0
ppo,0,18721,-10.0
ppo,0,18723,-10.0
ppo,0,18734,-10.0
ppo,0,18746,-10.0
ppo,0,18747,-10.0
ppo,0,18750,-10.0
ppo,0,18757,-10.0
ppo,0,18764,-10.0
ppo,0,18779,-10.0
ppo,0,18781,-10.0
ppo,0,18786,-10.0
ppo,0,18789,-10.0
ppo,0,18793,-10.0
ppo,0,18795,-10.0
ppo,0,18796,-10.0
ppo,0,18807,-10.0
ppo,0,18809,-10.0
ppo,0,18810,-10.0
ppo,0,18813,-10.0
ppo,0,18831,-10.0
ppo,0,18837,-10.0
ppo,0,18840,-10.0
ppo,0,18841,-10.0
ppo,0,18842,-10.0
ppo,0,18845,-10.0
ppo,0,18848,-10.0
ppo,0,18851,-10.0
ppo,0,18861,-10.0
ppo,0,18863,-10.0
ppo,0,18866,-10.0
ppo,0,18881,-10.0
ppo,0,18883,-10.0
ppo,0,18901,-10.0
ppo,0,18906,-10.0
ppo,0,18907,-10.0
ppo,0,18908,-10.0
ppo,0,18914,-10.0
ppo,0,18917,-10.0
ppo,0,18921,-10.0
ppo,0,18925,-10.0
ppo,0,18930,-10.0
ppo,0,18931,-10.0
ppo,0,18936,-10.0
ppo,0,18942,-10.0
ppo,0,18943,-10.0
ppo,0,18945,-10.0
ppo,0,18953,-10.0
ppo,0,18957,-10.0
ppo,0,18962,-10.0
ppo,0,18965,-10.0
ppo,0,18968,-10.0
ppo,0,18970,-10.0
ppo,0,18975,-10.0
ppo,0,18979,-10.0
ppo,0,18988,-10.0
ppo,0,18990,-10.0
ppo,0,18994,-10.0
ppo,0,18995,-10.0
ppo,0,18999,-10.0
ppo,0,19007,-10.0
ppo,0,19013,-10.0
ppo,0,19014,-10.0
ppo,0,19023,-10.0
ppo,0,19024,-10.0
ppo,0,19025,-10.0
ppo,0,19030,-10.0
ppo,0,19033,-10.0
ppo,0,19034,-10.0
ppo,0,19036,-10.0
ppo,0,19038,-10.0
ppo,0,19054,-10.0
ppo,0,19062,-10.0
ppo,0,19070,-10.0
ppo,0,19093,-10.0
ppo,0,19095,-10.0
ppo,0,19097,-10.0
ppo,0,19099,-10.0
ppo,0,19106,-10.0
ppo,0,19108,-10.0
ppo,0,19111,-10.0
ppo,0,19114,-10.0
ppo,0,19116,-10.0
ppo,0,19117,-10.0
ppo,0,19118,-10.0
ppo,0,19122,-10.0
ppo,0,19126,-10.0
ppo,0,19142,-10.0
ppo,0,19143,-10.0
ppo,0,19147,-10.0
ppo,0,19150,-10.0
ppo,0,19151,-10.0
ppo,0,19153,-10.0
ppo,0,19168,-10.0
ppo,0,19176,-10.0
ppo,0,19179,-10.0
ppo,0,19191,-10.0
ppo,0,19197,-10.0
ppo,0,19199,-10.0
ppo,0,19207,-10.0
ppo,0,19209,-10.0
ppo,0,19211,-10.0
ppo,0,19214,-10.0
ppo,0,19215,-10.0
ppo,0,19216,-10.0
ppo,0,19227,-10.0
ppo,0,19234,-10.0
ppo,0,19247,-10.0
ppo,0,19253,-10.0
ppo,0,19261,-10.0
ppo,0,19272,-10.0
ppo,0,19281,-10.0
ppo,0,19285,-10.0
ppo,0,19288,-10.0
ppo,0,19298,-10.0
ppo,0,19299,-10.0
ppo,0,19305,-10.0
ppo,0,19306,-10.0
ppo,0,19313,-10.0
ppo,0,19315,-10.0
ppo,0,19316,-10.0
ppo,0,19319,-10.0
ppo,0,19320,-10.0
ppo,0,19323,-10.0
ppo,0,19327,-10.0
ppo,0,19336,-10.0
ppo,0,19339,-10.0
ppo,0,19344,-10.0
ppo,0,19350,-10.0
ppo,0,19354,-10.0
ppo,0,19359,-10.0
ppo,0,19366,-10.0
ppo,0,19367,-10.0
ppo,0,19384,-10.0
ppo,0,19388,-10.0
ppo,0,19389,-10.0
ppo,0,19392,-10.0
ppo,0,19396,-10.0
ppo,0,19398,-10.0
ppo,0,19406,-10.0
ppo,0,19411,-10.0
ppo,0,19415,-10.0
ppo,0,19417,-10.0
ppo,0,19441,-10.0
ppo,0,19444,-10.0
ppo,0,19447,-10.0
ppo,0,19452,-10.0
ppo,0,19459,-10.0
ppo,0,19462,-10.0
ppo,0,19463,-10.0
ppo,0,19480,-10.0
ppo,0,19484,-10.0
ppo,0,19486,-10.0
ppo,0,19489,-10.0
ppo,0,19494,-10.0
ppo,0,19500,-10.0
ppo,0,19505,-10.0
ppo,0,19509,-10.0
ppo,0,19512,-10.0
ppo,0,19514,-10.0
ppo,0,19515,-10.0
ppo,0,19522,-10.0
ppo,0,19529,-10.0
ppo,0,19535,-10.0
ppo,0,19536,-10.0
ppo,0,19537,-10.0
ppo,0,19541,-10.0
ppo,0,19542,-10.0
ppo,0,19547,-10.0
ppo,0,19550,-10.0
ppo,0,19557,-10.0
ppo,0,19558,-10.0
ppo,0,19563,-10.0
ppo,0,19568,-10.0
ppo,0,19589,-10.0
ppo,0,19590,-10.0
ppo,0,19592,-10.0
ppo,0,19594,-10.0
ppo,0,19598,-10.0
ppo,0,19606,-10.0
ppo,0,19613,-10.0
ppo,0,19615,-10.0
ppo,0,19616,-10.0
ppo,0,19619,-10.0
ppo,0,19630,-10.0
ppo,0,19647,-10.0
ppo,0,19655,-10.0
ppo,0,19661,-10.0
ppo,0,19667,-10.0
ppo,0,19679,-10.0
ppo,0,19680,-10.0
ppo,0,19688,-10.0
ppo,0,19696,-10.0
ppo,0,19697,-10.0
ppo,0,19699,-10.0
ppo,0,19714,-10.0
ppo,0,19722,-10.0
ppo,0,19729,-10.0
ppo,0,19737,-10.0
ppo,0,19741,-10.0
ppo,0,19747,-10.0
ppo,0,19758,-10.0
ppo,0,19775,-10.0
ppo,0,19778,-10.0
ppo,0,19790,-10.0
ppo,0,19809,-10.0
ppo,0,19812,-10.0
ppo,0,19821,-10.0
ppo,0,19823,-10.0
ppo,0,19837,-10.0
ppo,0,19838,-10.0
ppo,0,19841,-10.0
ppo,0,19843,-10.0
ppo,0,19851,-10.0
ppo,0,19853,-10.0
ppo,0,19862,-10.0
ppo,0,19873,-10.0
ppo,0,19878,-10.0
ppo,0,19881,-10.0
ppo,0,19889,-10.0
ppo,0,19891,-10.0
ppo,0,19893,-10.0
ppo,0,19906,-10.0
ppo,0,19909,-10.0
ppo,0,19914,-10.0
ppo,0,19916,-10.0
ppo,0,19922,-10.0
ppo,0,19931,-10.0
ppo,0,19932,-10.0
ppo,0,19936,-10.0
ppo,0,19938,-10.0
ppo,0,19940,-10.0
ppo,0,19944,-10.0
ppo,0,19949,-10.0
ppo,0,19950,-10.0
ppo,0,19956,-10.0
ppo,0,19962,-10.0
ppo,0,19964,-10.0
ppo,0,19965,-10.0
ppo,0,19966,-10.0
ppo,0,19971,-10.0
ppo,0,19972,-10.0
ppo,0,19984,-10.0
ppo,0,19997,-10.0
ppo,0,20003,-10.0
ppo,0,20010,-10.0
ppo,0,20025,-10.0
ppo,0,20034,-10.0
ppo,0,20035,-10.0
ppo,0,20040,-10.0
ppo,0,20041,-10.0
ppo,0,20043,-10.0
ppo,0,20045,-10.0
ppo,0,20056,-10.0
ppo,0,20058,-10.0
ppo,0,20081,-10.0
ppo,0,20083,-10.0
ppo,0,20091,-10.0
ppo,0,20093,-10.0
ppo,0,20097,-10.0
ppo,0,20106,-10.0
ppo,0,20108,-10.0
ppo,0,20112,-10.0
ppo,0,20115,-10.0
ppo,0,20121,-10.0
ppo,0,20126,-10.0
ppo,0,20128,-10.0
ppo,0,20130,-10.0
ppo,0,20131,-10.0
ppo,0,20132,-10.0
ppo,0,20144,-10.0
ppo,0,20147,-10.0
ppo,0,20152,-10.0
ppo,0,20155,-10.0
ppo,0,20162,-10.0
ppo,0,20170,-10.0
ppo,0,20173,-10.0
ppo,0,20174,-10.0
ppo,0,20175,-10.0
ppo,0,20180,-10.0
ppo,0,20199,-10.0
ppo,0,20207,-10.0
ppo,0,20209,-10.0
ppo,0,20210,-10.0
ppo,0,20214,-10.0
ppo,0,20217,-10.0
ppo,0,20233,-10.0
ppo,0,20235,-10.0
ppo,0,20238,-10.0
ppo,0,20244,-10.0
ppo,0,20250,-10.0
ppo,0,20252,-10.0
ppo,0,20257,-10.0
ppo,0,20263,-10.0
ppo,0,20288,-10.0
ppo,0,20294,-10.0
ppo,0,20298,-10.0
ppo,0,20300,-10.0
ppo,0,20316,-10.0
ppo,0,20322,-10.0
ppo,0,20332,-10.0
ppo,0,20336,-10.0
ppo,0,20339,-10.0
ppo,0,20343,-10.0
ppo,0,20346,-10.0
ppo,0,20349,-10.0
ppo,0,20350,-10.0
ppo,0,20373,-10.0
ppo,0,20381,-10.0
ppo,0,20390,-10.0
ppo,0,20391,-10.0
ppo,0,20394,-10.0
ppo,0,20396,-10.0
ppo,0,20399,-10.0
ppo,0,20401,-10.0
ppo,0,20403,-10.0
ppo,0,20408,-10.0
ppo,0,20412,-10.0
ppo,0,20416,-10.0
ppo,0,20419,-10.0
ppo,0,20421,-10.0
ppo,0,20425,-10.0
ppo,0,20432,-10.0
ppo,0,20434,-10.0
ppo,0,20435,-10.0
ppo,0,20436,-10.0
ppo,0,20440,-10.0
ppo,0,20446,-10.0
ppo,0,20447,-10.0
ppo,0,20448,-10.0
ppo,0,20450,-10.0
ppo,0,20460,-10.0
ppo,0,20464,-10.0
ppo,0,20468,-10.0
ppo,0,20469,-10.0
ppo,0,20484,-10.0
ppo,0,20488,-10.0
ppo,0,20507,-10.0
ppo,0,20567,-10.0
ppo,0,20586,-10.0
ppo,0,20602,-10.0
ppo,0,20645,-10.0
ppo,0,20656,-10.0
ppo,0,20700,-10.0
ppo,0,20719,-10.0
ppo,0,20787,-10.0
ppo,0,20818,-10.0
ppo,0,20844,-10.0
ppo,0,20891,-10.0
ppo,0,20898,-10.0
ppo,0,20904,-10.0
ppo,0,20944,-10.0
ppo,0,20971,-10.0
ppo,0,21020,-10.0
ppo,0,21092,-10.0
ppo,0,21143,-10.0
ppo,0,21144,-10.0
ppo,0,21186,-10.0
ppo,0,21192,-10.0
ppo,0,21213,-10.0
ppo,0,21239,-10.0
ppo,0,21290,-10.0
ppo,0,21324,-10.0
ppo,0,21336,-10.0
ppo,0,21365,-10.0
ppo,0,21384,-10.0
ppo,0,21405,-10.0
ppo,0,21414,-10.0
ppo,0,21429,-10.0
ppo,0,21543,-10.0
ppo,0,21571,-10.0
ppo,0,21599,-10.0
ppo,0,21629,-10.0
ppo,0,21717,-10.0
ppo,0,21731,-10.0
ppo,0,21743,-10.0
ppo,0,21771,-10.0
ppo,0,21790,-10.0
ppo,0,21797,-10.0
ppo,0,21801,-10.0
ppo,0,21806,-10.0
ppo,0,21906,-10.0
ppo,0,21943,-10.0
ppo,0,22008,-10.0
ppo,0,22012,-10.0
ppo,0,22067,-10.0
ppo,0,22092,-10.0
ppo,0,22102,-10.0
ppo,0,22111,-10.0
ppo,0,22129,-10.0
ppo,0,22236,-10.0
ppo,0,22313,-10.0
ppo,0,22323,-10.0
ppo,0,22352,-10.0
ppo,0,22354,-10.0
ppo,0,22368,-10.0
ppo,0,22373,-10.0
ppo,0,22383,-10.0
ppo,0,22445,-10.0
ppo,0,22514,-10.0
ppo,0,22661,-10.0
ppo,0,22680,-10.0
ppo,0,22745,-10.0
ppo,0,22772,-10.0
ppo,0,22879,-10.0
ppo,0,23113,-10.0
ppo,0,23327,-50.0
ppo,0,23506,-50.0
ppo,0,23559,-10.0
ppo,0,23657,-10.0
ppo,0,23752,-10.0
ppo,0,23764,-10.0
ppo,0,23897,-10.0
ppo,0,23986,-10.0
ppo,0,24012,-10.0
ppo,0,24036,-10.0
ppo,0,24247,-10.0
ppo,0,24273,-10.0
ppo,0,24370,-10.0
ppo,0,24467,-10.0
ppo,0,24588,-10.0
ppo,0,24589,-10.0
ppo,0,24611,-10.0
ppo,0,24678,-10.0
ppo,0,24808,-10.0
ppo,0,24946,-10.0
ppo,0,24996,-10.0
ppo,0,25142,-10.0
ppo,0,25278,-10.0
ppo,0,25294,-10.0
ppo,0,25356,-10.0
ppo,0,25481,-10.0
ppo,0,25574,-10.0
ppo,0,25580,-10.0
ppo,0,25652,-10.0
ppo,0,25820,-10.0
ppo,0,25944,-10.0
ppo,0,25994,-10.0
ppo,0,26115,-10.0
ppo,0,26263,-10.0
ppo,0,26355,-10.0
ppo,0,26452,-10.0
ppo,0,26516,-10.0
ppo,0,26639,-10.0
ppo,0,26810,-10.0
ppo,0,26949,-10.0
ppo,0,27122,-1.8
ppo,0,27257,-10.0
ppo,0,27387,-10.0
ppo,0,27419,-10.0
ppo,0,27487,-10.0
ppo,0,27601,-10.0
ppo,0,27751,-10.0
ppo,0,27813,-10.0
ppo,0,27945,-10.0
ppo,0,28096,-10.0
ppo,0,28217,-10.0
ppo,0,28309,-10.0
ppo,0,28334,-10.0
ppo,0,28453,-10.0
ppo,0,28518,-10.0
ppo,0,28560,-10.0
ppo,0,28860,-10.0
ppo,0,28958,-10.0
ppo,0,29173,-10.0
ppo,0,29271,-10.0
ppo,0,29414,-10.0
ppo,0,29544,-10.0
ppo,0,29658,-10.0
ppo,0,29852,11.1
ppo,0,29958,-10.0
ppo,0,30085,-10.0
ppo,0,30197,-10.0
ppo,0,30365,-10.0
ppo,0,30443,-10.0
ppo,0,30569,-10.0
ppo,0,30688,-10.0
ppo,0,30871,-10.0
ppo,0,31063,-10.0
ppo,0,31249,-10.0
ppo,0,31392,-10.0
ppo,0,31430,-10.0
ppo,0,31616,-10.0
ppo,0,31717,-10.0
ppo,0,31845,-10.0
ppo,0,32055,-10.0
ppo,0,32206,-10.0
ppo,0,32331,11.4
ppo,0,32492,-10.0
ppo,0,32686,-50.0
ppo,0,32818,-10.0
ppo,0,33031,6.9
ppo,0,33192,-1.8
ppo,0,33380,-10.0
ppo,0,33644,8.1
ppo,0,33776,-10.0
ppo,0,33926,3.6
ppo,0,34080,-10.0
ppo,0,34214,11.1
ppo,0,34433,-10.0
ppo,0,34632,9.6
ppo,0,34884,-10.0
ppo,0,35075,8.1
ppo,0,35268,10.8
ppo,0,35397,6.3
ppo,0,35651,8.4
ppo,0,35907,6.9
ppo,0,36112,7.2
ppo,0,36265,13.5
ppo,0,36400,-2.4
ppo,0,36569,1.8
ppo,0,36791,-10.0
ppo,0,37039,6.9
ppo,0,37224,12.0
ppo,0,37372,-10.0
ppo,0,37556,12.0
ppo,0,37755,12.6
ppo,0,37957,-10.0
ppo,0,38138,6.6
ppo,0,38351,12.3
ppo,0,38479,4.5
ppo,0,38606,-10.0
ppo,0,38881,-10.0
ppo,0,39043,3.0
ppo,0,39176,13.8
ppo,0,39360,9.9
ppo,0,39538,-10.0
ppo,0,39738,11.1
ppo,0,39929,8.4
ppo,0,40112,9.6
ppo,0,40343,6.6
ppo,0,40514,6.0
ppo,0,40659,12.3
ppo,0,40806,13.2
ppo,0,40948,13.5
ppo,0,41132,10.2
ppo,0,41299,-10.0
ppo,0,41456,2.4
ppo,0,41640,12.6
ppo,0,41793,9.9
ppo,0,41933,11.1
ppo,0,42171,9.6
ppo,0,42312,10.8
ppo,0,42505,13.2
ppo,0,42681,3.9
ppo,0,42826,9.0
ppo,0,42980,-1.8
ppo,0,43101,10.2
ppo,0,43319,-0.3
ppo,0,43516,9.6
ppo,0,43700,11.7
ppo,0,43825,11.4
ppo,0,44035,-4.8
ppo,0,44214,10.8
ppo,0,44385,2.4
ppo,0,44541,3.3
ppo,0,44764,4.8
ppo,0,45027,0.0
ppo,0,45198,9.6
ppo,0,45362,10.8
ppo,0,45571,13.5
ppo,0,45792,9.3
ppo,0,45975,11.4
ppo,0,46201,13.5
ppo,0,46463,-10.0
ppo,0,46630,9.6
ppo,0,46909,-10.0
ppo,0,47206,-4.5
ppo,0,47422,-0.9
ppo,0,47611,-13.2
ppo,0,47794,9.9
ppo,0,47977,6.0
ppo,0,48188,9.0
ppo,0,48315,-0.9
ppo,0,48467,-2.1
ppo,0,48623,7.5
ppo,0,48765,8.7
ppo,0,48926,7.8
ppo,0,49119,9.0
ppo,0,49298,5.7
ppo,0,49480,5.1
ppo,0,49651,2.4
ppo,0,49802,2.4
ppo,0,49946,-1.5
ppo,0,50087,10.5
ppo,0,50233,2.4
ppo,0,50362,4.8
ppo,0,50532,10.5
ppo,0,50652,-26.7
ppo,0,50828,5.7
ppo,0,51008,6.6
ppo,0,51183,6.9
ppo,1,1,-54.0
ppo,1,3,-10.0
ppo,1,5,-47.4
ppo,1,6,-85.5
ppo,1,7,-41.4
ppo,1,8,-46.8
ppo,1,9,-10.0
ppo,1,11,-69.3
ppo,1,13,-10.0
ppo,1,14,-10.0
ppo,1,15,-38.1
ppo,1,16,-46.8
ppo,1,19,-33.6
ppo,1,21,-10.0
ppo,1,22,-10.0
ppo,1,24,-10.0
ppo,1,25,-10.0
ppo,1,26,-10.0
ppo,1,27,-45.0
ppo,1,28,-38.4
ppo,1,29,-10.0
ppo,1,31,-10.0
ppo,1,32,-10.0
ppo,1,33,-10.0
ppo,1,34,-10.0
ppo,1,35,-10.0
ppo,1,36,-10.0
ppo,1,38,-44.1
ppo,1,39,-33.6
ppo,1,40,-54.9
ppo,1,41,-10.0
ppo,1,42,-10.0
ppo,1,43,-10.0
ppo,1,44,-10.0
ppo,1,46,-10.0
ppo,1,48,-49.2
ppo,1,50,-10.0
ppo,1,52,-42.9
ppo,1,54,-10.0
ppo,1,55,-10.0
ppo,1,56,-70.8
ppo,1,57,-10.0
ppo,1,58,-62.4
ppo,1,59,-33.6
ppo,1,60,-10.0
ppo,1,61,-49.2
ppo,1,63,-35.4
ppo,1,65,-39.9
ppo,1,66,-53.4
ppo,1,67,-10.0
ppo,1,68,-51.3
ppo,1,69,-48.6
ppo,1,70,-42.9
ppo,1,72,-10.0
ppo,1,73,-10.0
ppo,1,76,-33.6
ppo,1,77,-48.6
ppo,1,78,-67.5
ppo,1,79,-44.7
ppo,1,80,-10.0
ppo,1,82,-46.5
ppo,1,84,-10.0
ppo,1,85,-10.0
ppo,1,87,-10.0
ppo,1,88,-10.0
ppo,1,90,-10.0
ppo,1,92,-61.2
ppo,1,93,-54.0
ppo,1,94,-10.0
ppo,1,95,-38.7
ppo,1,97,-53.7
ppo,1,99,-10.0
ppo,1,102,-10.0
ppo,1,103,-10.0
ppo,1,104,-10.0
ppo,1,105,-43.2
ppo,1,106,-10.0
ppo,1,107,-61.5
ppo,1,109,-10.0
ppo,1,110,-62.4
ppo,1,112,-10.0
ppo,1,113,-30.6
ppo,1,114,-54.0
ppo,1,115,-68.1
ppo,1,116,-10.0
ppo,1,117,-10.0
ppo,1,121,-55.8
ppo,1,123,-31.2
ppo,1,124,-10.0
ppo,1,125,-10.0
ppo,1,126,-10.0
ppo,1,127,-48.6
ppo,1,130,-10.0
ppo,1,133,-10.0
ppo,1,134,-40.2
ppo,1,135,-47.7
ppo,1,136,-41.1
ppo,1,138,-10.0
ppo,1,140,-10.0
ppo,1,142,-10.0
ppo,1,143,-62.4
ppo,1,144,-10.0
ppo,1,145,-47.7
ppo,1,146,-10.0
ppo,1,147,-10.0
ppo,1,148,-10.0
ppo,1,149,-10.0
ppo,1,151,-10.0
ppo,1,153,-10.0
ppo,1,155,-54.6
ppo,1,156,-10.0
ppo,1,157,-10.0
ppo,1,158,-10.0
ppo,1,159,-10.0
ppo,1,160,-10.0
ppo,1,162,-37.8
ppo,1,163,-41.1
ppo,1,164,-10.0
ppo,1,166,-41.7
ppo,1,167,-10.0
ppo,1,168,-10.0
ppo,1,169,-10.0
ppo,1,171,-86.7
ppo,1,175,-41.4
ppo,1,176,-10.0
ppo,1,179,-30.0
ppo,1,181,-10.0
ppo,1,182,-10.0
ppo,1,183,-43.5
ppo,1,184,-10.0
ppo,1,185,-10.0
ppo,1,186,-33.6
ppo,1,190,-10.0
ppo,1,191,-10.0
ppo,1,192,-25.8
ppo,1,193,-69.6
ppo,1,194,-10.0
ppo,1,195,-10.0
ppo,1,196,-31.5
ppo,1,198,-10.0
ppo,1,199,-10.0
ppo,1,201,-10.0
ppo,1,203,-65.1
ppo,1,207,-10.0
ppo,1,209,-38.7
ppo,1,210,-10.0
ppo,1,212,-39.9
ppo,1,214,-10.0
ppo,1,215,-28.8
ppo,1,216,-10.0
ppo,1,217,-30.9
ppo,1,218,-10.0
ppo,1,219,-10.0
ppo,1,220,-44.4
ppo,1,221,-61.5
ppo,1,222,-87.0
ppo,1,223,-10.0
ppo,1,224,-10.0
ppo,1,225,-48.9
ppo,1,226,-49.8
ppo,1,227,-10.0
ppo,1,228,-78.6
ppo,1,229,-31.5
ppo,1,230,-10.0
ppo,1,231,-10.0
ppo,1,233,-30.6
ppo,1,234,-10.0
ppo,1,236,-10.0
ppo,1,237,-48.6
ppo,1,238,-10.0
ppo,1,239,-42.0
ppo,1,241,-10.0
ppo,1,245,-10.0
ppo,1,246,-10.0
ppo,1,247,-48.9
ppo,1,248,-10.0
ppo,1,249,-10.0
ppo,1,250,-42.9
ppo,1,252,-10.0
ppo,1,254,-41.7
ppo,1,255,-41.4
ppo,1,256,-10.0
ppo,1,257,-10.0
ppo,1,259,-42.9
ppo,1,260,-10.0
ppo,1,261,-10.0
ppo,1,262,-10.0
ppo,1,264,-10.0
ppo,1,265,-10.0
ppo,1,270,-30.3
ppo,1,272,-10.0
ppo,1,275,-10.0
ppo,1,276,-10.0
ppo,1,277,-56.7
ppo,1,278,-35.7
ppo,1,279,-10.0
ppo,1,280,-10.0
ppo,1,281,-23.1
ppo,1,282,-38.4
ppo,1,283,-10.0
ppo,1,284,-48.6
ppo,1,285,-10.0
ppo,1,286,-10.0
ppo,1,289,-41.7
ppo,1,290,-10.0
ppo,1,291,-10.0
ppo,1,294,-41.4
ppo,1,295,-69.6
ppo,1,296,-10.0
ppo,1,299,-10.0
ppo,1,300,-10.0
ppo,1,301,-10.0
ppo,1,303,-10.0
ppo,1,304,-10.0
ppo,1,305,-48.6
ppo,1,307,-54.6
ppo,1,310,-10.0
ppo,1,311,-44.7
ppo,1,312,-10.0
ppo,1,314,-53.4
ppo,1,316,-46.5
ppo,1,317,-10.0
ppo,1,319,-10.0
ppo,1,321,-29.4
ppo,1,326,-10.0
ppo,1,327,-44.4
ppo,1,328,-10.0
ppo,1,330,-30.6
ppo,1,332,-10.0
ppo,1,333,-25.8
ppo,1,334,-54.0
ppo,1,336,-33.3
ppo,1,338,-10.0
ppo,1,339,-10.0
ppo,1,341,-10.0
ppo,1,342,-10.0
ppo,1,345,-53.4
ppo,1,346,-10.0
ppo,1,347,-10.0
ppo,1,349,-10.0
ppo,1,352,-34.5
ppo,1,354,-53.7
ppo,1,355,-61.5
ppo,1,356,-10.0
ppo,1,357,-25.8
ppo,1,358,-10.0
ppo,1,361,-10.0
ppo,1,363,-10.0
ppo,1,364,-33.6
ppo,1,368,-10.0
ppo,1,370,-28.5
ppo,1,371,-10.0
ppo,1,372,-10.0
ppo,1,373,-10.0
ppo,1,374,-10.0
ppo,1,377,-10.0
ppo,1,378,-49.5
ppo,1,379,-33.6
ppo,1,380,-10.0
ppo,1,382,-10.0
ppo,1,387,-10.0
ppo,1,388,-42.0
ppo,1,389,-10.0
ppo,1,390,-10.0
ppo,1,392,-38.4
ppo,1,393,-31.5
ppo,1,394,-10.0
ppo,1,396,-53.7
ppo,1,397,-10.0
ppo,1,399,-10.0
ppo,1,400,-10.0
ppo,1,401,-10.0
ppo,1,402,-48.6
ppo,1,404,-10.0
ppo,1,405,-39.0
ppo,1,407,-86.7
ppo,1,408,-40.2
ppo,1,411,-10.0
ppo,1,412,-32.1
ppo,1,413,-10.0
ppo,1,416,-25.2
ppo,1,418,-10.0
ppo,1,419,-45.0
ppo,1,421,-48.9
ppo,1,422,-10.0
ppo,1,423,-45.3
ppo,1,424,-10.0
ppo,1,425,-10.0
ppo,1,426,-87.0
ppo,1,427,-48.6
ppo,1,428,-34.2
ppo,1,429,-10.0
ppo,1,430,-10.0
ppo,1,431,-10.0
ppo,1,433,-30.6
ppo,1,435,-10.0
ppo,1,436,-40.2
ppo,1,437,-10.0
ppo,1,438,-87.0
ppo,1,440,-46.5
ppo,1,442,-44.7
ppo,1,443,-10.0
ppo,1,444,-44.1
ppo,1,446,-49.2
ppo,1,447,-34.5
ppo,1,448,-10.0
ppo,1,449,-69.6
ppo,1,450,-41.1
ppo,1,452,-56.4
ppo,1,453,-10.0
ppo,1,454,-10.0
ppo,1,455,-34.5
ppo,1,456,-10.0
ppo,1,457,-10.0
ppo,1,459,-30.9
ppo,1,462,-40.5
ppo,1,463,-69.6
ppo,1,464,-10.0
ppo,1,466,-10.0
ppo,1,468,-40.8
ppo,1,469,-54.0
ppo,1,470,-41.1
ppo,1,472,-10.0
ppo,1,474,-10.0
ppo,1,475,-70.8
ppo,1,477,-36.6
ppo,1,479,-10.0
ppo,1,480,-10.0
ppo,1,481,-10.0
ppo,1,482,-10.0
ppo,1,483,-61.8
ppo,1,486,-54.3
ppo,1,487,-10.0
ppo,1,488,-10.0
ppo,1,490,-25.5
ppo,1,492,-69.3
ppo,1,493,-10.0
ppo,1,494,-43.2
ppo,1,495,-38.4
ppo,1,496,-10.0
ppo,1,497,-44.4
ppo,1,498,-10.0
ppo,1,499,-48.9
ppo,1,500,-10.0
ppo,1,501,-38.1
ppo,1,502,-10.0
ppo,1,503,-30.6
ppo,1,505,-22.8
ppo,1,506,-39.0
ppo,1,507,-10.0
ppo,1,508,-48.6
ppo,1,509,-10.0
ppo,1,510,-38.4
ppo,1,513,-10.0
ppo,1,514,-54.9
ppo,1,516,-43.8
ppo,1,520,-35.4
ppo,1,521,-10.0
ppo,1,522,-54.0
ppo,1,523,-10.0
ppo,1,524,-10.0
ppo,1,525,-53.4
ppo,1,526,-10.0
ppo,1,527,-32.1
ppo,1,528,-48.6
ppo,1,531,-10.0
ppo,1,533,-10.0
ppo,1,536,-10.0
ppo,1,537,-10.0
ppo,1,538,-10.0
ppo,1,539,-10.0
ppo,1,540,-10.0
ppo,1,541,-42.3
ppo,1,543,-10.0
ppo,1,546,-10.0
ppo,1,547,-10.0
ppo,1,548,-10.0
ppo,1,549,-41.1
ppo,1,550,-45.3
ppo,1,554,-10.0
ppo,1,556,-28.5
ppo,1,558,-10.0
ppo,1,559,-10.0
ppo,1,560,-10.0
ppo,1,561,-10.0
ppo,1,562,-35.7
ppo,1,563,-69.6
ppo,1,564,-30.9
ppo,1,567,-10.0
ppo,1,571,-37.5
ppo,1,572,-33.6
ppo,1,573,-10.0
ppo,1,574,-48.9
ppo,1,575,-10.0
ppo,1,578,-39.6
ppo,1,579,-54.0
ppo,1,582,-39.6
ppo,1,583,-10.0
ppo,1,584,-10.0
ppo,1,585,-35.1
ppo,1,587,-46.5
ppo,1,588,-10.0
ppo,1,589,-46.8
ppo,1,590,-23.1
ppo,1,591,-93.3
ppo,1,592,-40.2
ppo,1,593,-67.2
ppo,1,594,-10.0
ppo,1,599,-41.7
ppo,1,601,-37.8
ppo,1,602,-32.1
ppo,1,603,-34.5
ppo,1,604,-10.0
ppo,1,607,-10.0
ppo,1,608,-10.0
ppo,1,609,-10.0
ppo,1,611,-38.7
ppo,1,612,-44.4
ppo,1,614,-44.1
ppo,1,615,-44.4
ppo,1,616,-10.0
ppo,1,617,-10.0
ppo,1,619,-30.6
ppo,1,620,-10.0
ppo,1,621,-10.0
ppo,1,622,-10.0
ppo,1,626,-10.0
ppo,1,627,-54.0
ppo,1,628,-10.0
ppo,1,630,-42.9
ppo,1,632,-10.0
ppo,1,633,-38.7
ppo,1,634,-67.2
ppo,1,635,-41.4
ppo,1,636,-10.0
ppo,1,637,-32.1
ppo,1,640,-31.5
ppo,1,641,-10.0
ppo,1,642,-10.0
ppo,1,643,-28.8
ppo,1,646,-53.4
ppo,1,652,-45.9
ppo,1,653,-70.8
ppo,1,655,-10.0
ppo,1,656,-56.7
ppo,1,658,-10.0
ppo,1,659,-44.4
ppo,1,660,-48.6
ppo,1,662,-10.0
ppo,1,663,-46.8
ppo,1,664,-47.1
ppo,1,666,-10.0
ppo,1,667,-44.7
ppo,1,668,-10.0
ppo,1,669,-42.3
ppo,1,670,-10.0
ppo,1,673,-70.2
ppo,1,674,-10.0
ppo,1,675,-10.0
ppo,1,676,-43.2
ppo,1,677,-53.4
ppo,1,678,-54.9
ppo,1,680,-36.6
ppo,1,681,-10.0
ppo,1,683,-10.0
ppo,1,684,-61.5
ppo,1,685,-10.0
ppo,1,687,-85.2
ppo,1,689,-10.0
ppo,1,691,-85.2
ppo,1,692,-10.0
ppo,1,693,-40.2
ppo,1,696,-38.4
ppo,1,697,-44.4
ppo,1,699,-10.0
ppo,1,701,-10.0
ppo,1,702,-23.1
ppo,1,703,-10.0
ppo,1,705,-48.3
ppo,1,706,-10.0
ppo,1,707,-10.0
ppo,1,708,-35.7
ppo,1,710,-10.0
ppo,1,711,-10.0
ppo,1,713,-47.1
ppo,1,715,-51.0
ppo,1,719,-10.0
ppo,1,720,-36.3
ppo,1,721,-41.4
ppo,1,723,-10.0
ppo,1,724,-45.3
ppo,1,730,-30.0
ppo,1,731,-30.9
ppo,1,734,-33.0
ppo,1,735,-10.0
ppo,1,736,-51.3
ppo,1,738,-10.0
ppo,1,740,-10.0
ppo,1,742,-61.5
ppo,1,744,-10.0
ppo,1,745,-10.0
ppo,1,746,-40.2
ppo,1,747,-61.5
ppo,1,748,-10.0
ppo,1,749,-10.0
ppo,1,750,-10.0
ppo,1,751,-48.6
ppo,1,752,-10.0
ppo,1,753,-10.0
ppo,1,754,-10.0
ppo,1,755,-10.0
ppo,1,756,-10.0
ppo,1,757,-38.7
ppo,1,758,-70.8
ppo,1,759,-10.0
ppo,1,761,-44.7
ppo,1,762,-54.9
ppo,1,763,-10.0
ppo,1,764,-10.0
ppo,1,765,-10.0
ppo,1,766,-41.1
ppo,1,767,-10.0
ppo,1,768,-25.2
ppo,1,769,-49.8
ppo,1,770,-10.0
ppo,1,772,-10.0
ppo,1,774,-45.0
ppo,1,775,-10.0
ppo,1,776,-10.0
ppo,1,778,-72.3
ppo,1,779,-44.4
ppo,1,780,-10.0
ppo,1,781,-34.2
ppo,1,782,-51.3
ppo,1,785,-10.0
ppo,1,789,-44.4
ppo,1,791,-39.9
ppo,1,792,-47.7
ppo,1,796,-10.0
ppo,1,797,-43.2
ppo,1,799,-31.2
ppo,1,802,-38.1
ppo,1,803,-38.7
ppo,1,804,-23.1
ppo,1,805,-10.0
ppo,1,806,-43.2
ppo,1,808,-53.7
ppo,1,809,-10.0
ppo,1,810,-48.9
ppo,1,815,-10.0
ppo,1,816,-10.0
ppo,1,817,-10.0
ppo,1,819,-30.6
ppo,1,820,-10.0
ppo,1,821,-38.4
ppo,1,824,-36.3
ppo,1,825,-10.0
ppo,1,826,-10.0
ppo,1,827,-10.0
ppo,1,831,-10.0
ppo,1,832,-10.0
ppo,1,833,-48.9
ppo,1,834,-85.5
ppo,1,836,-10.0
ppo,1,837,-10.0
ppo,1,838,-69.6
ppo,1,839,-10.0
ppo,1,840,-38.7
ppo,1,841,-10.0
ppo,1,843,-10.0
ppo,1,844,-10.0
ppo,1,845,-56.7
ppo,1,846,-10.0
ppo,1,847,-44.4
ppo,1,848,-10.0
ppo,1,849,-10.0
ppo,1,850,-10.0
ppo,1,851,-44.4
ppo,1,854,-48.0
ppo,1,855,-10.0
ppo,1,856,-10.0
ppo,1,858,-67.2
ppo,1,859,-54.0
ppo,1,861,-10.0
ppo,1,862,-10.0
ppo,1,863,-10.0
ppo,1,865,-10.0
ppo,1,866,-45.3
ppo,1,867,-10.0
ppo,1,868,-30.6
ppo,1,869,-10.0
ppo,1,870,-10.0
ppo,1,871,-45.0
ppo,1,872,-39.0
ppo,1,874,-10.0
ppo,1,875,-10.0
ppo,1,876,-10.0
ppo,1,879,-61.8
ppo,1,880,-30.6
ppo,1,881,-67.5
ppo,1,882,-10.0
ppo,1,884,-33.9
ppo,1,885,-10.0
ppo,1,888,-10.0
ppo,1,891,-10.0
ppo,1,892,-67.2
ppo,1,893,-10.0
ppo,1,894,-44.1
ppo,1,895,-10.0
ppo,1,896,-46.8
ppo,1,897,-40.2
ppo,1,898,-28.8
ppo,1,899,-48.9
ppo,1,901,-45.0
ppo,1,902,-44.4
ppo,1,904,-61.2
ppo,1,905,-85.5
ppo,1,911,-10.0
ppo,1,912,-28.8
ppo,1,913,-10.0
ppo,1,915,-66.9
ppo,1,916,-23.1
ppo,1,917,-10.0
ppo,1,918,-25.8
ppo,1,919,-10.0
ppo,1,926,-10.0
ppo,1,927,-10.0
ppo,1,929,-44.1
ppo,1,933,-47.7
ppo,1,935,-10.0
ppo,1,937,-64.5
ppo,1,938,-10.0
ppo,1,939,-48.9
ppo,1,941,-30.3
ppo,1,942,-10.0
ppo,1,943,-10.0
ppo,1,944,-47.4
ppo,1,945,-62.4
ppo,1,946,-43.2
ppo,1,949,-10.0
ppo,1,950,-38.1
ppo,1,951,-45.3
ppo,1,952,-87.0
ppo,1,956,-10.0
ppo,1,958,-10.0
ppo,1,959,-40.2
ppo,1,961,-35.4
ppo,1,962,-42.3
ppo,1,963,-33.6
ppo,1,964,-35.7
ppo,1,966,-48.9
ppo,1,967,-41.1
ppo,1,969,-10.0
ppo,1,970,-10.0
ppo,1,971,-10.0
ppo,1,972,-65.4
ppo,1,973,-10.0
ppo,1,975,-10.0
ppo,1,976,-46.8
ppo,1,977,-29.7
ppo,1,978,-49.2
ppo,1,979,-34.2
ppo,1,980,-10.0
ppo,1,982,-10.0
ppo,1,983,-10.0
ppo,1,984,-10.0
ppo,1,985,-54.9
ppo,1,986,-10.0
ppo,1,987,-10.0
ppo,1,990,-10.0
ppo,1,992,-10.0
ppo,1,993,-10.0
ppo,1,996,-35.1
ppo,1,997,-53.4
ppo,1,1001,-10.0
ppo,1,1002,-10.0
ppo,1,1003,-10.0
ppo,1,1005,-56.4
ppo,1,1007,-10.0
ppo,1,1009,-64.5
ppo,1,1010,-10.0
ppo,1,1012,-42.9
ppo,1,1013,-10.0
ppo,1,1017,-36.0
ppo,1,1018,-10.0
ppo,1,1023,-10.0
ppo,1,1024,-10.0
ppo,1,1025,-53.7
ppo,1,1029,-42.3
ppo,1,1030,-10.0
ppo,1,1031,-35.7
ppo,1,1033,-42.9
ppo,1,1034,-44.7
ppo,1,1037,-53.4
ppo,1,1038,-10.0
ppo,1,1040,-42.3
ppo,1,1043,-24.6
ppo,1,1044,-45.3
ppo,1,1045,-43.5
ppo,1,1046,-54.0
ppo,1,1049,-10.0
ppo,1,1050,-10.0
ppo,1,1051,-10.0
ppo,1,1052,-87.0
ppo,1,1054,-10.0
ppo,1,1055,-48.6
ppo,1,1057,-48.3
ppo,1,1058,-10.0
ppo,1,1059,-10.0
ppo,1,1061,-42.9
ppo,1,1062,-48.9
ppo,1,1065,-10.0
ppo,1,1066,-48.6
ppo,1,1067,-42.9
ppo,1,1068,-44.1
ppo,1,1069,-10.0
ppo,1,1070,-10.0
ppo,1,1074,-43.2
ppo,1,1076,-31.8
ppo,1,1078,-10.0
ppo,1,1081,-48.0
ppo,1,1082,-64.8
ppo,1,1083,-10.0
ppo,1,1084,-10.0
ppo,1,1085,-56.7
ppo,1,1086,-10.0
ppo,1,1087,-42.0
ppo,1,1089,-10.0
ppo,1,1091,-10.0
ppo,1,1092,-31.2
ppo,1,1093,-10.0
ppo,1,1094,-78.6
ppo,1,1097,-31.5
ppo,1,1098,-67.5
ppo,1,1099,-10.0
ppo,1,1100,-32.1
ppo,1,1101,-35.1
ppo,1,1102,-42.3
ppo,1,1103,-10.0
ppo,1,1104,-10.0
ppo,1,1106,-85.2
ppo,1,1108,-10.0
ppo,1,1109,-10.0
ppo,1,1110,-10.0
ppo,1,1112,-61.8
ppo,1,1113,-43.2
ppo,1,1114,-10.0
ppo,1,1116,-31.8
ppo,1,1117,-85.5
ppo,1,1120,-10.0
ppo,1,1121,-62.4
ppo,1,1122,-46.8
ppo,1,1123,-31.5
ppo,1,1125,-33.3
ppo,1,1126,-28.8
ppo,1,1128,-45.0
ppo,1,1129,-41.1
ppo,1,1133,-24.9
ppo,1,1134,-61.8
ppo,1,1137,-64.2
ppo,1,1138,-87.0
ppo,1,1140,-10.0
ppo,1,1141,-10.0
ppo,1,1142,-69.6
ppo,1,1143,-40.2
ppo,1,1144,-10.0
ppo,1,1146,-10.0
ppo,1,1148,-10.0
ppo,1,1149,-10.0
ppo,1,1150,-10.0
ppo,1,1151,-30.6
ppo,1,1152,-10.0
ppo,1,1153,-10.0
ppo,1,1154,-10.0
ppo,1,1155,-42.9
ppo,1,1156,-10.0
ppo,1,1157,-10.0
ppo,1,1158,-10.0
ppo,1,1159,-69.6
ppo,1,1161,-10.0
ppo,1,1162,-67.5
ppo,1,1163,-54.0
ppo,1,1164,-10.0
ppo,1,1166,-10.0
ppo,1,1170,-10.0
ppo,1,1171,-23.1
ppo,1,1173,-47.4
ppo,1,1175,-10.0
ppo,1,1176,-10.0
ppo,1,1177,-10.0
ppo,1,1178,-40.2
ppo,1,1179,-10.0
ppo,1,1180,-10.0
ppo,1,1181,-48.9
ppo,1,1182,-49.5
ppo,1,1183,-10.0
ppo,1,1184,-10.0
ppo,1,1185,-10.0
ppo,1,1187,-46.8
ppo,1,1188,-10.0
ppo,1,1189,-38.4
ppo,1,1190,-10.0
ppo,1,1192,-10.0
ppo,1,1193,-45.3
ppo,1,1194,-10.0
ppo,1,1195,-10.0
ppo,1,1197,-44.4
ppo,1,1203,-32.7
ppo,1,1206,-46.8
ppo,1,1208,-10.0
ppo,1,1209,-10.0
ppo,1,1211,-45.0
ppo,1,1212,-10.0
ppo,1,1215,-10.0
ppo,1,1216,-10.0
ppo,1,1217,-10.0
ppo,1,1220,-31.5
ppo,1,1223,-48.9
ppo,1,1226,-38.1
ppo,1,1227,-32.1
ppo,1,1228,-67.2
ppo,1,1229,-31.5
ppo,1,1230,-10.0
ppo,1,1231,-10.0
ppo,1,1232,-10.0
ppo,1,1233,-10.0
ppo,1,1234,-42.9
ppo,1,1235,-10.0
ppo,1,1239,-66.3
ppo,1,1240,-51.3
ppo,1,1241,-10.0
ppo,1,1242,-10.0
ppo,1,1243,-54.0
ppo,1,1244,-10.0
ppo,1,1246,-10.0
ppo,1,1248,-10.0
ppo,1,1251,-10.0
ppo,1,1254,-37.5
ppo,1,1255,-25.8
ppo,1,1256,-65.4
ppo,1,1257,-23.1
ppo,1,1259,-93.0
ppo,1,1260,-44.1
ppo,1,1261,-10.0
ppo,1,1264,-10.0
ppo,1,1265,-10.0
ppo,1,1266,-10.0
ppo,1,1267,-10.0
ppo,1,1268,-33.6
ppo,1,1269,-54.9
ppo,1,1270,-10.0
ppo,1,1271,-48.6
ppo,1,1272,-44.1
ppo,1,1273,-10.0
ppo,1,1274,-10.0
ppo,1,1275,-41.1
ppo,1,1276,-10.0
ppo,1,1277,-61.8
ppo,1,1278,-40.2
ppo,1,1279,-47.4
ppo,1,1281,-47.1
ppo,1,1282,-10.0
ppo,1,1283,-31.5
ppo,1,1284,-10.0
ppo,1,1286,-10.0
ppo,1,1289,-10.0
ppo,1,1290,-10.0
ppo,1,1291,-10.0
ppo,1,1292,-10.0
ppo,1,1293,-30.6
ppo,1,1295,-41.1
ppo,1,1297,-25.5
ppo,1,1298,-10.0
ppo,1,1299,-10.0
ppo,1,1300,-10.0
ppo,1,1301,-10.0
ppo,1,1302,-10.0
ppo,1,1303,-56.7
ppo,1,1304,-38.4
ppo,1,1305,-10.0
ppo,1,1306,-10.0
ppo,1,1309,-38.1
ppo,1,1310,-64.8
ppo,1,1311,-10.0
ppo,1,1312,-40.2
ppo,1,1313,-10.0
ppo,1,1315,-10.0
ppo,1,1317,-38.4
ppo,1,1319,-40.8
ppo,1,1321,-10.0
ppo,1,1322,-10.0
ppo,1,1323,-67.2
ppo,1,1324,-10.0
ppo,1,1325,-46.8
ppo,1,1326,-10.0
ppo,1,1327,-87.0
ppo,1,1328,-36.9
ppo,1,1329,-68.1
ppo,1,1330,-40.2
ppo,1,1332,-10.0
ppo,1,1334,-53.4
ppo,1,1336,-10.0
ppo,1,1338,-10.0
ppo,1,1340,-10.0
ppo,1,1341,-49.5
ppo,1,1342,-47.4
ppo,1,1344,-42.6
ppo,1,1346,-10.0
ppo,1,1348,-10.0
ppo,1,1349,-42.0
ppo,1,1351,-53.7
ppo,1,1352,-35.7
ppo,1,1353,-46.8
ppo,1,1354,-10.0
ppo,1,1355,-32.1
ppo,1,1358,-10.0
ppo,1,1360,-25.5
ppo,1,1361,-42.3
ppo,1,1362,-10.0
ppo,1,1363,-67.5
ppo,1,1364,-61.8
ppo,1,1365,-48.6
ppo,1,1366,-53.7
ppo,1,1367,-10.0
ppo,1,1369,-24.9
ppo,1,1370,-33.6
ppo,1,1373,-10.0
ppo,1,1375,-45.0
ppo,1,1376,-10.0
ppo,1,1377,-10.0
ppo,1,1379,-10.0
ppo,1,1380,-10.0
ppo,1,1381,-48.6
ppo,1,1382,-10.0
ppo,1,1384,-10.0
ppo,1,1385,-10.0
ppo,1,1387,-39.9
ppo,1,1388,-10.0
ppo,1,1391,-10.0
ppo,1,1392,-10.0
ppo,1,1393,-48.6
ppo,1,1394,-10.0
ppo,1,1396,-42.9
ppo,1,1398,-10.0
ppo,1,1401,-10.0
ppo,1,1403,-10.0
ppo,1,1405,-10.0
ppo,1,1407,-56.4
ppo,1,1408,-10.0
ppo,1,1409,-49.8
ppo,1,1410,-10.0
ppo,1,1412,-24.9
ppo,1,1413,-10.0
ppo,1,1414,-25.2
ppo,1,1417,-92.7
ppo,1,1418,-51.3
ppo,1,1419,-10.0
ppo,1,1420,-42.9
ppo,1,1421,-53.4
ppo,1,1422,-10.0
ppo,1,1423,-10.0
ppo,1,1424,-30.9
ppo,1,1425,-10.0
ppo,1,1426,-43.5
ppo,1,1427,-53.7
ppo,1,1430,-10.0
ppo,1,1431,-10.0
ppo,1,1434,-70.2
ppo,1,1435,-25.8
ppo,1,1437,-10.0
ppo,1,1442,-10.0
ppo,1,1443,-44.4
ppo,1,1445,-10.0
ppo,1,1446,-38.4
ppo,1,1447,-28.8
ppo,1,1448,-67.5
ppo,1,1449,-10.0
ppo,1,1450,-42.0
ppo,1,1451,-68.1
ppo,1,1455,-10.0
ppo,1,1456,-10.0
ppo,1,1458,-10.0
ppo,1,1459,-10.0
ppo,1,1460,-49.8
ppo,1,1461,-28.8
ppo,1,1462,-10.0
ppo,1,1464,-56.4
ppo,1,1465,-25.8
ppo,1,1467,-10.0
ppo,1,1468,-10.0
ppo,1,1469,-41.1
ppo,1,1471,-30.9
ppo,1,1472,-10.0
ppo,1,1478,-10.0
ppo,1,1479,-40.2
ppo,1,1480,-38.7
ppo,1,1481,-65.4
ppo,1,1483,-10.0
ppo,1,1487,-10.0
ppo,1,1488,-44.4
ppo,1,1489,-68.1
ppo,1,1490,-10.0
ppo,1,1491,-30.9
ppo,1,1492,-10.0
ppo,1,1493,-51.3
ppo,1,1494,-10.0
ppo,1,1496,-10.0
ppo,1,1498,-10.0
ppo,1,1499,-10.0
ppo,1,1501,-10.0
ppo,1,1502,-31.2
ppo,1,1503,-42.0
ppo,1,1505,-10.0
ppo,1,1506,-10.0
ppo,1,1507,-10.0
ppo,1,1509,-10.0
ppo,1,1510,-38.7
ppo,1,1511,-32.1
ppo,1,1512,-10.0
ppo,1,1516,-44.1
ppo,1,1517,-35.7
ppo,1,1518,-10.0
ppo,1,1519,-10.0
ppo,1,1520,-10.0
ppo,1,1521,-10.0
ppo,1,1522,-48.6
ppo,1,1525,-53.4
ppo,1,1526,-10.0
ppo,1,1527,-41.1
ppo,1,1529,-10.0
ppo,1,1531,-10.0
ppo,1,1532,-61.8
ppo,1,1533,-85.5
ppo,1,1534,-10.0
ppo,1,1536,-10.0
ppo,1,1541,-33.3
ppo,1,1542,-38.7
ppo,1,1543,-49.5
ppo,1,1545,-31.8
ppo,1,1547,-10.0
ppo,1,1548,-46.8
ppo,1,1549,-10.0
ppo,1,1550,-32.1
ppo,1,1551,-10.0
ppo,1,1552,-43.2
ppo,1,1553,-10.0
ppo,1,1555,-35.4
ppo,1,1556,-10.0
ppo,1,1557,-35.7
ppo,1,1559,-10.0
ppo,1,1561,-28.5
ppo,1,1566,-10.0
ppo,1,1568,-10.0
ppo,1,1569,-10.0
ppo,1,1570,-10.0
ppo,1,1571,-10.0
ppo,1,1573,-34.8
ppo,1,1574,-10.0
ppo,1,1575,-10.0
ppo,1,1576,-93.3
ppo,1,1577,-41.1
ppo,1,1578,-10.0
ppo,1,1579,-10.0
ppo,1,1580,-10.0
ppo,1,1581,-10.0
ppo,1,1582,-10.0
ppo,1,1583,-10.0
ppo,1,1584,-10.0
ppo,1,1588,-43.5
ppo,1,1589,-44.7
ppo,1,1590,-10.0
ppo,1,1591,-69.6
ppo,1,1592,-10.0
ppo,1,1593,-45.3
ppo,1,1594,-54.0
ppo,1,1595,-10.0
ppo,1,1596,-44.4
ppo,1,1597,-10.0
ppo,1,1598,-43.2
ppo,1,1599,-10.0
ppo,1,1600,-10.0
ppo,1,1602,-61.8
ppo,1,1604,-40.8
ppo,1,1605,-10.0
ppo,1,1606,-10.0
ppo,1,1607,-10.0
ppo,1,1609,-53.4
ppo,1,1611,-44.1
ppo,1,1613,-56.4
ppo,1,1614,-48.6
ppo,1,1615,-48.6
ppo,1,1616,-10.0
ppo,1,1617,-10.0
ppo,1,1618,-10.0
ppo,1,1621,-44.7
ppo,1,1622,-10.0
ppo,1,1624,-31.2
ppo,1,1629,-33.9
ppo,1,1630,-10.0
ppo,1,1632,-10.0
ppo,1,1633,-10.0
ppo,1,1634,-10.0
ppo,1,1636,-10.0
ppo,1,1637,-10.0
ppo,1,1639,-10.0
ppo,1,1641,-42.9
ppo,1,1642,-10.0
ppo,1,1643,-72.6
ppo,1,1644,-10.0
ppo,1,1645,-10.0
ppo,1,1646,-53.4
ppo,1,1647,-10.0
ppo,1,1649,-49.2
ppo,1,1650,-10.0
ppo,1,1652,-56.4
ppo,1,1653,-45.3
ppo,1,1654,-10.0
ppo,1,1655,-43.2
ppo,1,1656,-33.6
ppo,1,1659,-10.0
ppo,1,1662,-10.0
ppo,1,1666,-28.8
ppo,1,1667,-10.0
ppo,1,1668,-62.4
ppo,1,1669,-42.3
ppo,1,1670,-45.0
ppo,1,1671,-67.5
ppo,1,1672,-10.0
ppo,1,1673,-93.3
ppo,1,1674,-10.0
ppo,1,1675,-10.0
ppo,1,1676,-10.0
ppo,1,1678,-10.0
ppo,1,1679,-10.0
ppo,1,1680,-10.0
ppo,1,1681,-10.0
ppo,1,1682,-10.0
ppo,1,1683,-10.0
ppo,1,1685,-51.0
ppo,1,1686,-10.0
ppo,1,1687,-10.0
ppo,1,1689,-42.0
ppo,1,1692,-35.7
ppo,1,1693,-10.0
ppo,1,1696,-10.0
ppo,1,1698,-22.8
ppo,1,1701,-10.0
ppo,1,1702,-48.6
ppo,1,1704,-10.0
ppo,1,1707,-10.0
ppo,1,1708,-10.0
ppo,1,1709,-10.0
ppo,1,1710,-10.0
ppo,1,1712,-10.0
ppo,1,1713,-10.0
ppo,1,1717,-48.3
ppo,1,1718,-42.6
ppo,1,1720,-10.0
ppo,1,1721,-43.5
ppo,1,1722,-32.1
ppo,1,1724,-10.0
ppo,1,1726,-10.0
ppo,1,1727,-67.2
ppo,1,1728,-35.7
ppo,1,1732,-10.0
ppo,1,1733,-38.1
ppo,1,1736,-48.0
ppo,1,1738,-10.0
ppo,1,1739,-10.0
ppo,1,1740,-69.6
ppo,1,1741,-44.7
ppo,1,1742,-40.2
ppo,1,1743,-30.6
ppo,1,1744,-34.5
ppo,1,1746,-38.4
ppo,1,1747,-64.8
ppo,1,1748,-10.0
ppo,1,1749,-10.0
ppo,1,1750,-10.0
ppo,1,1751,-10.0
ppo,1,1756,-10.0
ppo,1,1757,-40.2
ppo,1,1758,-47.4
ppo,1,1760,-10.0
ppo,1,1761,-68.1
ppo,1,1762,-44.1
ppo,1,1763,-10.0
ppo,1,1764,-32.1
ppo,1,1765,-10.0
ppo,1,1766,-10.0
ppo,1,1767,-10.0
ppo,1,1768,-43.2
ppo,1,1769,-10.0
ppo,1,1770,-93.3
ppo,1,1771,-68.1
ppo,1,1772,-10.0
ppo,1,1773,-10.0
ppo,1,1774,-32.1
ppo,1,1776,-44.1
ppo,1,1777,-23.1
ppo,1,1779,-49.2
ppo,1,1780,-10.0
ppo,1,1781,-31.5
ppo,1,1782,-41.4
ppo,1,1783,-10.0
ppo,1,1784,-54.0
ppo,1,1785,-46.8
ppo,1,1786,-10.0
ppo,1,1788,-10.0
ppo,1,1789,-10.0
ppo,1,1790,-54.9
ppo,1,1792,-10.0
ppo,1,1793,-10.0
ppo,1,1794,-39.0
ppo,1,1796,-10.0
ppo,1,1798,-10.0
ppo,1,1799,-10.0
ppo,1,1800,-10.0
ppo,1,1801,-10.0
ppo,1,1805,-10.0
ppo,1,1808,-10.0
ppo,1,1810,-10.0
ppo,1,1812,-48.3
ppo,1,1815,-24.6
ppo,1,1817,-10.0
ppo,1,1819,-10.0
ppo,1,1821,-44.7
ppo,1,1822,-31.2
ppo,1,1823,-10.0
ppo,1,1825,-10.0
ppo,1,1826,-35.7
ppo,1,1827,-10.0
ppo,1,1828,-10.0
ppo,1,1830,-10.0
ppo,1,1833,-53.1
ppo,1,1834,-41.4
ppo,1,1835,-10.0
ppo,1,1836,-10.0
ppo,1,1837,-36.3
ppo,1,1842,-10.0
ppo,1,1843,-10.0
ppo,1,1844,-68.1
ppo,1,1846,-10.0
ppo,1,1848,-10.0
ppo,1,1849,-41.1
ppo,1,1850,-10.0
ppo,1,1851,-69.6
ppo,1,1853,-10.0
ppo,1,1854,-32.1
ppo,1,1856,-47.4
ppo,1,1857,-10.0
ppo,1,1858,-47.4
ppo,1,1859,-42.6
ppo,1,1860,-10.0
ppo,1,1861,-54.0
ppo,1,1863,-33.3
ppo,1,1865,-10.0
ppo,1,1867,-39.9
ppo,1,1868,-10.0
ppo,1,1870,-10.0
ppo,1,1871,-10.0
ppo,1,1872,-10.0
ppo,1,1873,-30.9
ppo,1,1875,-10.0
ppo,1,1881,-10.0
ppo,1,1882,-10.0
ppo,1,1884,-31.2
ppo,1,1885,-32.1
ppo,1,1886,-38.4
ppo,1,1888,-53.7
ppo,1,1889,-48.9
ppo,1,1890,-10.0
ppo,1,1891,-10.0
ppo,1,1893,-45.0
ppo,1,1894,-10.0
ppo,1,1895,-44.1
ppo,1,1897,-48.3
ppo,1,1899,-10.0
ppo,1,1900,-51.3
ppo,1,1901,-10.0
ppo,1,1904,-10.0
ppo,1,1905,-10.0
ppo,1,1906,-10.0
ppo,1,1910,-43.8
ppo,1,1912,-10.0
ppo,1,1913,-10.0
ppo,1,1914,-49.8
ppo,1,1915,-10.0
ppo,1,1917,-53.4
ppo,1,1918,-10.0
ppo,1,1919,-69.6
ppo,1,1920,-42.9
ppo,1,1921,-72.6
ppo,1,1922,-35.7
ppo,1,1923,-78.6
ppo,1,1925,-42.9
ppo,1,1926,-62.1
ppo,1,1927,-40.2
ppo,1,1930,-10.0
ppo,1,1931,-30.9
ppo,1,1932,-38.4
ppo,1,1933,-10.0
ppo,1,1934,-35.7
ppo,1,1935,-10.0
ppo,1,1936,-44.4
ppo,1,1937,-44.4
ppo,1,1938,-10.0
ppo,1,1939,-10.0
ppo,1,1941,-33.9
ppo,1,1943,-10.0
ppo,1,1946,-53.1
ppo,1,1947,-56.7
ppo,1,1948,-10.0
ppo,1,1949,-28.8
ppo,1,1950,-31.5
ppo,1,1952,-10.0
ppo,1,1953,-10.0
ppo,1,1954,-10.0
ppo,1,1957,-10.0
ppo,1,1958,-10.0
ppo,1,1959,-10.0
ppo,1,1960,-10.0
ppo,1,1961,-10.0
ppo,1,1962,-10.0
ppo,1,1964,-30.6
ppo,1,1966,-61.8
ppo,1,1969,-41.7
ppo,1,1970,-10.0
ppo,1,1972,-10.0
ppo,1,1975,-10.0
ppo,1,1976,-38.1
ppo,1,1978,-10.0
ppo,1,1979,-49.8
ppo,1,1980,-53.7
ppo,1,1982,-10.0
ppo,1,1983,-42.9
ppo,1,1986,-10.0
ppo,1,1989,-84.9
ppo,1,1990,-25.8
ppo,1,1991,-10.0
ppo,1,1992,-42.9
ppo,1,1995,-10.0
ppo,1,1996,-10.0
ppo,1,1997,-10.0
ppo,1,1998,-10.0
ppo,1,2002,-37.8
ppo,1,2006,-43.8
ppo,1,2011,-48.0
ppo,1,2012,-56.7
ppo,1,2013,-10.0
ppo,1,2014,-10.0
ppo,1,2015,-42.6
ppo,1,2016,-10.0
ppo,1,2017,-10.0
ppo,1,2018,-10.0
ppo,1,2019,-10.0
ppo,1,2021,-53.1
ppo,1,2022,-42.3
ppo,1,2024,-10.0
ppo,1,2028,-10.0
ppo,1,2030,-10.0
ppo,1,2031,-10.0
ppo,1,2032,-48.6
ppo,1,2033,-10.0
ppo,1,2034,-48.6
ppo,1,2035,-32.1
ppo,1,2037,-10.0
ppo,1,2038,-34.5
ppo,1,2039,-54.0
ppo,1,2040,-10.0
ppo,1,2041,-10.0
ppo,1,2043,-10.0
ppo,1,2044,-10.0
ppo,1,2045,-45.3
ppo,1,2046,-69.6
ppo,1,2047,-10.0
ppo,1,2049,-10.0
ppo,1,2050,-10.0
ppo,1,2051,-93.3
ppo,1,2054,-10.0
ppo,1,2055,-10.0
ppo,1,2057,-34.8
ppo,1,2059,-10.0
ppo,1,2060,-10.0
ppo,1,2061,-45.3
ppo,1,2062,-10.0
ppo,1,2063,-62.1
ppo,1,2064,-10.0
ppo,1,2067,-60.9
ppo,1,2068,-10.0
ppo,1,2069,-10.0
ppo,1,2070,-38.1
ppo,1,2074,-10.0
ppo,1,2075,-10.0
ppo,1,2076,-10.0
ppo,1,2077,-10.0
ppo,1,2079,-10.0
ppo,1,2080,-39.0
ppo,1,2081,-10.0
ppo,1,2083,-10.0
ppo,1,2084,-10.0
ppo,1,2085,-10.0
ppo,1,2086,-10.0
ppo,1,2087,-10.0
ppo,1,2089,-10.0
ppo,1,2091,-10.0
ppo,1,2093,-10.0
ppo,1,2095,-10.0
ppo,1,2096,-10.0
ppo,1,2097,-10.0
ppo,1,2098,-10.0
ppo,1,2099,-41.4
ppo,1,2100,-47.4
ppo,1,2101,-65.4
ppo,1,2102,-10.0
ppo,1,2104,-37.8
ppo,1,2105,-10.0
ppo,1,2106,-10.0
ppo,1,2108,-10.0
ppo,1,2110,-10.0
ppo,1,2111,-10.0
ppo,1,2115,-10.0
ppo,1,2119,-10.0
ppo,1,2120,-10.0
ppo,1,2123,-10.0
ppo,1,2124,-10.0
ppo,1,2125,-10.0
ppo,1,2126,-35.7
ppo,1,2127,-30.9
ppo,1,2128,-10.0
ppo,1,2129,-65.4
ppo,1,2130,-23.1
ppo,1,2131,-48.6
ppo,1,2132,-10.0
ppo,1,2133,-10.0
ppo,1,2135,-10.0
ppo,1,2136,-10.0
ppo,1,2139,-10.0
ppo,1,2140,-10.0
ppo,1,2141,-10.0
ppo,1,2143,-10.0
ppo,1,2144,-48.9
ppo,1,2146,-10.0
ppo,1,2147,-93.3
ppo,1,2148,-47.7
ppo,1,2149,-10.0
ppo,1,2151,-10.0
ppo,1,2152,-10.0
ppo,1,2153,-42.6
ppo,1,2155,-10.0
ppo,1,2160,-77.4
ppo,1,2162,-10.0
ppo,1,2163,-10.0
ppo,1,2164,-10.0
ppo,1,2168,-10.0
ppo,1,2169,-10.0
ppo,1,2170,-40.2
ppo,1,2172,-10.0
ppo,1,2173,-10.0
ppo,1,2174,-10.0
ppo,1,2175,-10.0
ppo,1,2177,-10.0
ppo,1,2178,-10.0
ppo,1,2179,-10.0
ppo,1,2180,-10.0
ppo,1,2181,-10.0
ppo,1,2183,-10.0
ppo,1,2184,-43.2
ppo,1,2188,-10.0
ppo,1,2190,-10.0
ppo,1,2192,-10.0
ppo,1,2195,-10.0
ppo,1,2199,-10.0
ppo,1,2201,-10.0
ppo,1,2203,-49.2
ppo,1,2205,-56.4
ppo,1,2206,-45.3
ppo,1,2208,-10.0
ppo,1,2211,-10.0
ppo,1,2212,-10.0
ppo,1,2213,-10.0
ppo,1,2214,-54.0
ppo,1,2216,-10.0
ppo,1,2217,-10.0
ppo,1,2219,-53.1
ppo,1,2224,-10.0
ppo,1,2228,-10.0
ppo,1,2229,-10.0
ppo,1,2231,-38.7
ppo,1,2235,-10.0
ppo,1,2236,-10.0
ppo,1,2237,-10.0
ppo,1,2238,-10.0
ppo,1,2240,-10.0
ppo,1,2241,-36.3
ppo,1,2242,-10.0
ppo,1,2243,-44.1
ppo,1,2244,-10.0
ppo,1,2246,-54.6
ppo,1,2247,-10.0
ppo,1,2248,-10.0
ppo,1,2249,-10.0
ppo,1,2250,-10.0
ppo,1,2251,-48.6
ppo,1,2253,-10.0
ppo,1,2254,-10.0
ppo,1,2257,-10.0
ppo,1,2260,-10.0
ppo,1,2261,-10.0
ppo,1,2263,-30.9
ppo,1,2266,-10.0
ppo,1,2267,-65.4
ppo,1,2269,-44.1
ppo,1,2274,-10.0
ppo,1,2275,-32.1
ppo,1,2276,-10.0
ppo,1,2277,-38.7
ppo,1,2278,-56.7
ppo,1,2279,-78.6
ppo,1,2280,-10.0
ppo,1,2281,-39.0
ppo,1,2283,-10.0
ppo,1,2284,-10.0
ppo,1,2288,-10.0
ppo,1,2290,-42.9
ppo,1,2291,-10.0
ppo,1,2292,-10.0
ppo,1,2293,-31.2
ppo,1,2297,-10.0
ppo,1,2298,-29.7
ppo,1,2299,-10.0
ppo,1,2300,-10.0
ppo,1,2302,-69.3
ppo,1,2304,-10.0
ppo,1,2305,-10.0
ppo,1,2306,-10.0
ppo,1,2310,-10.0
ppo,1,2311,-46.8
ppo,1,2312,-41.1
ppo,1,2314,-31.2
ppo,1,2315,-10.0
ppo,1,2316,-10.0
ppo,1,2317,-67.5
ppo,1,2318,-30.9
ppo,1,2319,-93.3
ppo,1,2320,-25.2
ppo,1,2323,-33.0
ppo,1,2325,-10.0
ppo,1,2326,-10.0
ppo,1,2328,-10.0
ppo,1,2329,-10.0
ppo,1,2331,-10.0
ppo,1,2332,-40.2
ppo,1,2334,-61.8
ppo,1,2335,-32.1
ppo,1,2336,-10.0
ppo,1,2338,-86.7
ppo,1,2339,-23.1
ppo,1,2340,-10.0
ppo,1,2341,-68.1
ppo,1,2344,-10.0
ppo,1,2346,-10.0
ppo,1,2347,-10.0
ppo,1,2348,-10.0
ppo,1,2350,-10.0
ppo,1,2351,-54.9
ppo,1,2353,-10.0
ppo,1,2356,-10.0
ppo,1,2357,-44.4
ppo,1,2358,-10.0
ppo,1,2359,-10.0
ppo,1,2360,-10.0
ppo,1,2361,-10.0
ppo,1,2362,-10.0
ppo,1,2364,-10.0
ppo,1,2366,-10.0
ppo,1,2367,-54.0
ppo,1,2368,-10.0
ppo,1,2370,-10.0
ppo,1,2372,-45.0
ppo,1,2376,-44.1
ppo,1,2377,-10.0
ppo,1,2379,-10.0
ppo,1,2380,-10.0
ppo,1,2384,-10.0
ppo,1,2386,-10.0
ppo,1,2388,-67.2
ppo,1,2389,-10.0
ppo,1,2391,-30.9
ppo,1,2392,-10.0
ppo,1,2393,-10.0
ppo,1,2394,-44.4
ppo,1,2396,-10.0
ppo,1,2398,-10.0
ppo,1,2399,-35.1
ppo,1,2400,-10.0
ppo,1,2401,-72.6
ppo,1,2403,-10.0
ppo,1,2404,-68.1
ppo,1,2405,-10.0
ppo,1,2407,-10.0
ppo,1,2408,-10.0
ppo,1,2410,-10.0
ppo,1,2411,-54.0
ppo,1,2414,-10.0
ppo,1,2415,-10.0
ppo,1,2417,-10.0
ppo,1,2418,-49.8
ppo,1,2420,-10.0
ppo,1,2421,-10.0
ppo,1,2422,-10.0
ppo,1,2423,-10.0
ppo,1,2428,-34.5
ppo,1,2429,-10.0
ppo,1,2431,-10.0
ppo,1,2432,-10.0
ppo,1,2433,-10.0
ppo,1,2434,-10.0
ppo,1,2435,-10.0
ppo,1,2436,-41.1
ppo,1,2437,-10.0
ppo,1,2440,-64.2
ppo,1,2441,-45.3
ppo,1,2442,-10.0
ppo,1,2445,-10.0
ppo,1,2447,-31.2
ppo,1,2448,-10.0
ppo,1,2449,-42.3
ppo,1,2452,-10.0
ppo,1,2453,-42.3
ppo,1,2454,-10.0
ppo,1,2455,-33.6
ppo,1,2458,-28.2
ppo,1,2459,-10.0
ppo,1,2460,-69.6
ppo,1,2461,-10.0
ppo,1,2465,-10.0
ppo,1,2467,-10.0
ppo,1,2468,-10.0
ppo,1,2469,-10.0
ppo,1,2470,-10.0
ppo,1,2471,-10.0
ppo,1,2472,-10.0
ppo,1,2473,-10.0
ppo,1,2476,-10.0
ppo,1,2478,-10.0
ppo,1,2483,-10.0
ppo,1,2485,-10.0
ppo,1,2486,-10.0
ppo,1,2488,-10.0
ppo,1,2489,-10.0
ppo,1,2490,-10.0
ppo,1,2491,-61.8
ppo,1,2498,-42.6
ppo,1,2500,-39.9
ppo,1,2501,-10.0
ppo,1,2502,-10.0
ppo,1,2503,-10.0
ppo,1,2505,-10.0
ppo,1,2506,-48.6
ppo,1,2508,-10.0
ppo,1,2509,-10.0
ppo,1,2511,-36.0
ppo,1,2513,-10.0
ppo,1,2515,-10.0
ppo,1,2516,-10.0
ppo,1,2518,-65.1
ppo,1,2522,-10.0
ppo,1,2523,-10.0
ppo,1,2527,-46.8
ppo,1,2528,-10.0
ppo,1,2529,-10.0
ppo,1,2537,-10.0
ppo,1,2539,-10.0
ppo,1,2540,-43.2
ppo,1,2541,-41.4
ppo,1,2545,-10.0
ppo,1,2546,-10.0
ppo,1,2548,-10.0
ppo,1,2550,-10.0
ppo,1,2551,-10.0
ppo,1,2552,-65.4
ppo,1,2555,-10.0
ppo,1,2557,-10.0
ppo,1,2558,-10.0
ppo,1,2559,-48.6
ppo,1,2561,-38.4
ppo,1,2562,-44.4
ppo,1,2563,-28.8
ppo,1,2565,-10.0
ppo,1,2567,-67.8
ppo,1,2569,-10.0
ppo,1,2572,-10.0
ppo,1,2573,-68.1
ppo,1,2574,-10.0
ppo,1,2575,-10.0
ppo,1,2576,-10.0
ppo,1,2579,-10.0
ppo,1,2580,-10.0
ppo,1,2581,-47.1
ppo,1,2582,-36.3
ppo,1,2583,-10.0
ppo,1,2586,-10.0
ppo,1,2587,-10.0
ppo,1,2590,-10.0
ppo,1,2591,-43.2
ppo,1,2592,-10.0
ppo,1,2593,-30.6
ppo,1,2595,-10.0
ppo,1,2598,-10.0
ppo,1,2600,-10.0
ppo,1,2602,-10.0
ppo,1,2603,-10.0
ppo,1,2604,-10.0
ppo,1,2609,-10.0
ppo,1,2610,-10.0
ppo,1,2614,-10.0
ppo,1,2617,-10.0
ppo,1,2620,-10.0
ppo,1,2621,-10.0
ppo,1,2623,-10.0
ppo,1,2626,-53.1
ppo,1,2627,-10.0
ppo,1,2628,-10.0
ppo,1,2629,-43.2
ppo,1,2630,-10.0
ppo,1,2631,-39.0
ppo,1,2632,-33.6
ppo,1,2633,-10.0
ppo,1,2635,-10.0
ppo,1,2636,-43.5
ppo,1,2637,-10.0
ppo,1,2638,-35.7
ppo,1,2639,-10.0
ppo,1,2640,-10.0
ppo,1,2641,-10.0
ppo,1,2642,-10.0
ppo,1,2644,-10.0
ppo,1,2645,-10.0
ppo,1,2648,-10.0
ppo,1,2649,-10.0
ppo,1,2650,-10.0
ppo,1,2651,-38.1
ppo,1,2652,-10.0
ppo,1,2653,-10.0
ppo,1,2656,-10.0
ppo,1,2657,-10.0
ppo,1,2658,-10.0
ppo,1,2663,-52.8
ppo,1,2664,-10.0
ppo,1,2665,-10.0
ppo,1,2666,-44.7
ppo,1,2668,-10.0
ppo,1,2671,-10.0
ppo,1,2672,-10.0
ppo,1,2673,-10.0
ppo,1,2676,-10.0
ppo,1,2681,-10.0
ppo,1,2682,-48.9
ppo,1,2685,-10.0
ppo,1,2688,-10.0
ppo,1,2689,-10.0
ppo,1,2692,-10.0
ppo,1,2693,-10.0
ppo,1,2694,-10.0
ppo,1,2695,-10.0
ppo,1,2697,-10.0
ppo,1,2701,-10.0
ppo,1,2702,-25.2
ppo,1,2705,-10.0
ppo,1,2706,-38.7
ppo,1,2707,-10.0
ppo,1,2710,-10.0
ppo,1,2711,-10.0
ppo,1,2712,-10.0
ppo,1,2714,-10.0
ppo,1,2715,-10.0
ppo,1,2716,-10.0
ppo,1,2717,-10.0
ppo,1,2718,-10.0
ppo,1,2719,-10.0
ppo,1,2720,-45.3
ppo,1,2724,-46.8
ppo,1,2725,-41.1
ppo,1,2726,-31.2
ppo,1,2727,-47.7
ppo,1,2729,-10.0
ppo,1,2730,-10.0
ppo,1,2732,-10.0
ppo,1,2733,-10.0
ppo,1,2734,-85.5
ppo,1,2735,-10.0
ppo,1,2736,-72.6
ppo,1,2737,-10.0
ppo,1,2739,-10.0
ppo,1,2740,-38.1
ppo,1,2742,-10.0
ppo,1,2744,-10.0
ppo,1,2746,-93.0
ppo,1,2748,-10.0
ppo,1,2749,-10.0
ppo,1,2750,-70.8
ppo,1,2751,-43.2
ppo,1,2752,-10.0
ppo,1,2754,-10.0
ppo,1,2755,-28.8
ppo,1,2756,-10.0
ppo,1,2757,-85.5
ppo,1,2758,-47.4
ppo,1,2759,-10.0
ppo,1,2760,-10.0
ppo,1,2762,-10.0
ppo,1,2765,-35.7
ppo,1,2766,-10.0
ppo,1,2767,-10.0
ppo,1,2769,-10.0
ppo,1,2770,-10.0
ppo,1,2773,-10.0
ppo,1,2774,-10.0
ppo,1,2775,-10.0
ppo,1,2776,-10.0
ppo,1,2777,-10.0
ppo,1,2780,-54.3
ppo,1,2781,-10.0
ppo,1,2785,-55.8
ppo,1,2786,-10.0
ppo,1,2787,-10.0
ppo,1,2789,-10.0
ppo,1,2791,-10.0
ppo,1,2794,-10.0
ppo,1,2795,-10.0
ppo,1,2797,-10.0
ppo,1,2801,-10.0
ppo,1,2802,-10.0
ppo,1,2803,-10.0
ppo,1,2805,-10.0
ppo,1,2806,-10.0
ppo,1,2807,-10.0
ppo,1,2808,-41.1
ppo,1,2809,-10.0
ppo,1,2810,-10.0
ppo,1,2811,-35.1
ppo,1,2812,-48.6
ppo,1,2813,-10.0
ppo,1,2816,-10.0
ppo,1,2819,-10.0
ppo,1,2823,-42.3
ppo,1,2824,-48.6
ppo,1,2826,-31.2
ppo,1,2827,-35.7
ppo,1,2829,-10.0
ppo,1,2833,-10.0
ppo,1,2834,-10.0
ppo,1,2836,-10.0
ppo,1,2837,-10.0
ppo,1,2838,-40.2
ppo,1,2840,-42.9
ppo,1,2842,-10.0
ppo,1,2843,-10.0
ppo,1,2845,-28.5
ppo,1,2846,-42.6
ppo,1,2847,-44.7
ppo,1,2848,-45.3
ppo,1,2851,-10.0
ppo,1,2852,-10.0
ppo,1,2855,-10.0
ppo,1,2856,-10.0
ppo,1,2858,-85.2
ppo,1,2862,-48.6
ppo,1,2863,-78.6
ppo,1,2865,-10.0
ppo,1,2866,-54.9
ppo,1,2867,-10.0
ppo,1,2870,-10.0
ppo,1,2871,-10.0
ppo,1,2872,-39.0
ppo,1,2873,-39.0
ppo,1,2875,-10.0
ppo,1,2876,-10.0
ppo,1,2877,-10.0
ppo,1,2878,-10.0
ppo,1,2880,-48.6
ppo,1,2883,-10.0
ppo,1,2884,-41.1
ppo,1,2886,-10.0
ppo,1,2890,-10.0
ppo,1,2891,-10.0
ppo,1,2892,-40.2
ppo,1,2894,-40.8
ppo,1,2895,-10.0
ppo,1,2896,-10.0
ppo,1,2897,-10.0
ppo,1,2899,-48.3
ppo,1,2900,-85.5
ppo,1,2901,-10.0
ppo,1,2903,-10.0
ppo,1,2904,-10.0
ppo,1,2914,-10.0
ppo,1,2915,-25.8
ppo,1,2916,-48.6
ppo,1,2917,-10.0
ppo,1,2919,-53.7
ppo,1,2921,-10.0
ppo,1,2922,-10.0
ppo,1,2923,-10.0
ppo,1,2924,-72.6
ppo,1,2925,-10.0
ppo,1,2926,-33.6
ppo,1,2927,-54.0
ppo,1,2928,-10.0
ppo,1,2930,-66.9
ppo,1,2931,-10.0
ppo,1,2932,-25.2
ppo,1,2935,-42.6
ppo,1,2936,-10.0
ppo,1,2938,-25.5
ppo,1,2940,-10.0
ppo,1,2944,-10.0
ppo,1,2945,-10.0
ppo,1,2947,-41.7
ppo,1,2949,-10.0
ppo,1,2950,-47.7
ppo,1,2952,-10.0
ppo,1,2953,-10.0
ppo,1,2954,-10.0
ppo,1,2956,-10.0
ppo,1,2957,-10.0
ppo,1,2960,-10.0
ppo,1,2962,-10.0
ppo,1,2963,-10.0
ppo,1,2964,-10.0
ppo,1,2966,-42.9
ppo,1,2967,-45.3
ppo,1,2968,-54.0
ppo,1,2969,-42.3
ppo,1,2971,-10.0
ppo,1,2972,-38.7
ppo,1,2975,-10.0
ppo,1,2977,-35.4
ppo,1,2978,-10.0
ppo,1,2980,-10.0
ppo,1,2981,-10.0
ppo,1,2983,-10.0
ppo,1,2984,-10.0
ppo,1,2985,-10.0
ppo,1,2987,-10.0
ppo,1,2989,-10.0
ppo,1,2991,-10.0
ppo,1,2992,-10.0
ppo,1,2995,-39.6
ppo,1,2996,-38.4
ppo,1,2997,-44.4
ppo,1,2998,-10.0
ppo,1,2999,-10.0
ppo,1,3000,-10.0
ppo,1,3001,-62.1
ppo,1,3002,-47.1
ppo,1,3005,-38.1
ppo,1,3007,-24.9
ppo,1,3010,-31.5
ppo,1,3011,-10.0
ppo,1,3013,-10.0
ppo,1,3015,-10.0
ppo,1,3016,-42.9
ppo,1,3017,-48.6
ppo,1,3018,-10.0
ppo,1,3020,-10.0
ppo,1,3021,-10.0
ppo,1,3022,-67.5
ppo,1,3023,-10.0
ppo,1,3024,-10.0
ppo,1,3025,-10.0
ppo,1,3027,-10.0
ppo,1,3028,-10.0
ppo,1,3032,-33.3
ppo,1,3034,-66.9
ppo,1,3035,-10.0
ppo,1,3037,-10.0
ppo,1,3039,-10.0
ppo,1,3040,-10.0
ppo,1,3043,-44.7
ppo,1,3044,-10.0
ppo,1,3045,-10.0
ppo,1,3047,-28.5
ppo,1,3048,-38.1
ppo,1,3049,-35.7
ppo,1,3050,-44.1
ppo,1,3051,-10.0
ppo,1,3052,-10.0
ppo,1,3054,-10.0
ppo,1,3056,-10.0
ppo,1,3058,-10.0
ppo,1,3060,-10.0
ppo,1,3061,-10.0
ppo,1,3064,-10.0
ppo,1,3065,-10.0
ppo,1,3066,-10.0
ppo,1,3068,-37.8
ppo,1,3071,-10.0
ppo,1,3072,-10.0
ppo,1,3079,-10.0
ppo,1,3080,-10.0
ppo,1,3081,-10.0
ppo,1,3082,-10.0
ppo,1,3086,-68.7
ppo,1,3087,-10.0
ppo,1,3090,-31.5
ppo,1,3091,-10.0
ppo,1,3094,-10.0
ppo,1,3096,-48.6
ppo,1,3097,-10.0
ppo,1,3098,-10.0
ppo,1,3102,-30.0
ppo,1,3104,-10.0
ppo,1,3105,-10.0
ppo,1,3107,-28.5
ppo,1,3108,-31.5
ppo,1,3111,-48.0
ppo,1,3112,-10.0
ppo,1,3113,-10.0
ppo,1,3114,-48.9
ppo,1,3117,-10.0
ppo,1,3120,-10.0
ppo,1,3123,-10.0
ppo,1,3124,-46.8
ppo,1,3126,-10.0
ppo,1,3128,-10.0
ppo,1,3129,-49.5
ppo,1,3130,-10.0
ppo,1,3131,-34.2
ppo,1,3137,-10.0
ppo,1,3138,-10.0
ppo,1,3140,-10.0
ppo,1,3142,-10.0
ppo,1,3145,-42.6
ppo,1,3146,-36.9
ppo,1,3147,-36.9
ppo,1,3148,-44.7
ppo,1,3149,-10.0
ppo,1,3151,-10.0
ppo,1,3153,-10.0
ppo,1,3157,-40.2
ppo,1,3158,-10.0
ppo,1,3159,-10.0
ppo,1,3161,-10.0
ppo,1,3164,-10.0
ppo,1,3166,-10.0
ppo,1,3167,-10.0
ppo,1,3169,-25.5
ppo,1,3172,-10.0
ppo,1,3174,-10.0
ppo,1,3177,-10.0
ppo,1,3178,-10.0
ppo,1,3179,-10.0
ppo,1,3181,-28.5
ppo,1,3182,-10.0
ppo,1,3184,-25.5
ppo,1,3186,-38.7
ppo,1,3187,-10.0
ppo,1,3189,-10.0
ppo,1,3190,-10.0
ppo,1,3191,-10.0
ppo,1,3192,-10.0
ppo,1,3194,-29.4
ppo,1,3195,-10.0
ppo,1,3197,-10.0
ppo,1,3201,-22.2
ppo,1,3202,-42.0
ppo,1,3203,-44.4
ppo,1,3204,-10.0
ppo,1,3205,-10.0
ppo,1,3207,-48.9
ppo,1,3208,-10.0
ppo,1,3209,-10.0
ppo,1,3211,-48.6
ppo,1,3213,-45.0
ppo,1,3214,-38.7
ppo,1,3215,-10.0
ppo,1,3216,-10.0
ppo,1,3217,-10.0
ppo,1,3218,-10.0
ppo,1,3219,-67.2
ppo,1,3220,-43.5
ppo,1,3221,-10.0
ppo,1,3222,-46.8
ppo,1,3223,-10.0
ppo,1,3224,-30.6
ppo,1,3225,-10.0
ppo,1,3226,-10.0
ppo,1,3227,-49.8
ppo,1,3228,-10.0
ppo,1,3229,-10.0
ppo,1,3230,-10.0
ppo,1,3232,-86.7
ppo,1,3233,-10.0
ppo,1,3235,-10.0
ppo,1,3236,-10.0
ppo,1,3237,-10.0
ppo,1,3238,-10.0
ppo,1,3239,-10.0
ppo,1,3241,-10.0
ppo,1,3243,-72.3
ppo,1,3245,-10.0
ppo,1,3247,-10.0
ppo,1,3248,-10.0
ppo,1,3250,-10.0
ppo,1,3252,-10.0
ppo,1,3253,-61.5
ppo,1,3255,-10.0
ppo,1,3257,-10.0
ppo,1,3259,-10.0
ppo,1,3260,-10.0
ppo,1,3261,-10.0
ppo,1,3263,-10.0
ppo,1,3264,-10.0
ppo,1,3265,-10.0
ppo,1,3266,-10.0
ppo,1,3267,-10.0
ppo,1,3269,-31.8
ppo,1,3270,-10.0
ppo,1,3271,-10.0
ppo,1,3272,-10.0
ppo,1,3275,-10.0
ppo,1,3276,-10.0
ppo,1,3277,-10.0
ppo,1,3278,-56.7
ppo,1,3281,-10.0
ppo,1,3282,-45.3
ppo,1,3283,-10.0
ppo,1,3287,-10.0
ppo,1,3289,-10.0
ppo,1,3290,-10.0
ppo,1,3293,-10.0
ppo,1,3294,-10.0
ppo,1,3296,-10.0
ppo,1,3298,-10.0
ppo,1,3299,-10.0
ppo,1,3302,-10.0
ppo,1,3303,-10.0
ppo,1,3304,-10.0
ppo,1,3305,-54.9
ppo,1,3306,-10.0
ppo,1,3307,-30.6
ppo,1,3308,-46.8
ppo,1,3310,-51.0
ppo,1,3311,-10.0
ppo,1,3312,-42.6
ppo,1,3314,-10.0
ppo,1,3318,-10.0
ppo,1,3319,-10.0
ppo,1,3321,-10.0
ppo,1,3323,-39.9
ppo,1,3324,-10.0
ppo,1,3325,-10.0
ppo,1,3326,-43.2
ppo,1,3327,-65.4
ppo,1,3328,-10.0
ppo,1,3329,-49.2
ppo,1,3330,-47.4
ppo,1,3331,-10.0
ppo,1,3332,-10.0
ppo,1,3334,-10.0
ppo,1,3337,-33.0
ppo,1,3338,-10.0
ppo,1,3340,-53.7
ppo,1,3344,-66.3
ppo,1,3346,-10.0
ppo,1,3349,-33.9
ppo,1,3352,-10.0
ppo,1,3353,-93.3
ppo,1,3354,-10.0
ppo,1,3355,-10.0
ppo,1,3356,-10.0
ppo,1,3357,-34.2
ppo,1,3358,-10.0
ppo,1,3359,-10.0
ppo,1,3360,-10.0
ppo,1,3361,-10.0
ppo,1,3363,-10.0
ppo,1,3365,-85.2
ppo,1,3366,-10.0
ppo,1,3368,-34.8
ppo,1,3370,-10.0
ppo,1,3371,-10.0
ppo,1,3372,-10.0
ppo,1,3374,-10.0
ppo,1,3375,-69.6
ppo,1,3377,-10.0
ppo,1,3380,-10.0
ppo,1,3382,-47.4
ppo,1,3383,-40.2
ppo,1,3384,-10.0
ppo,1,3385,-44.1
ppo,1,3386,-10.0
ppo,1,3387,-32.1
ppo,1,3389,-10.0
ppo,1,3393,-10.0
ppo,1,3394,-10.0
ppo,1,3395,-10.0
ppo,1,3397,-10.0
ppo,1,3398,-10.0
ppo,1,3400,-10.0
ppo,1,3401,-10.0
ppo,1,3403,-10.0
ppo,1,3404,-61.8
ppo,1,3405,-10.0
ppo,1,3406,-10.0
ppo,1,3407,-10.0
ppo,1,3409,-42.9
ppo,1,3410,-56.7
ppo,1,3411,-35.1
ppo,1,3412,-67.5
ppo,1,3415,-48.3
ppo,1,3416,-10.0
ppo,1,3418,-10.0
ppo,1,3419,-10.0
ppo,1,3422,-54.3
ppo,1,3424,-10.0
ppo,1,3426,-10.0
ppo,1,3427,-28.8
ppo,1,3429,-10.0
ppo,1,3430,-10.0
ppo,1,3431,-10.0
ppo,1,3433,-85.2
ppo,1,3435,-10.0
ppo,1,3437,-10.0
ppo,1,3438,-45.0
ppo,1,3440,-10.0
ppo,1,3441,-10.0
ppo,1,3442,-42.3
ppo,1,3444,-10.0
ppo,1,3446,-10.0
ppo,1,3447,-10.0
ppo,1,3448,-28.8
ppo,1,3450,-44.1
ppo,1,3453,-10.0
ppo,1,3456,-61.5
ppo,1,3457,-10.0
ppo,1,3460,-10.0
ppo,1,3461,-10.0
ppo,1,3462,-10.0
ppo,1,3464,-10.0
ppo,1,3467,-10.0
ppo,1,3472,-10.0
ppo,1,3473,-54.9
ppo,1,3474,-10.0
ppo,1,3475,-10.0
ppo,1,3476,-10.0
ppo,1,3478,-38.7
ppo,1,3480,-42.9
ppo,1,3482,-10.0
ppo,1,3483,-10.0
ppo,1,3485,-10.0
ppo,1,3488,-10.0
ppo,1,3489,-36.9
ppo,1,3490,-10.0
ppo,1,3493,-33.6
ppo,1,3496,-10.0
ppo,1,3497,-10.0
ppo,1,3498,-10.0
ppo,1,3499,-41.4
ppo,1,3500,-10.0
ppo,1,3501,-45.3
ppo,1,3502,-10.0
ppo,1,3503,-10.0
ppo,1,3506,-78.0
ppo,1,3507,-34.2
ppo,1,3508,-10.0
ppo,1,3509,-54.9
ppo,1,3511,-10.0
ppo,1,3513,-31.8
ppo,1,3516,-39.6
ppo,1,3517,-10.0
ppo,1,3518,-43.2
ppo,1,3519,-38.7
ppo,1,3522,-10.0
ppo,1,3524,-44.7
ppo,1,3526,-48.6
ppo,1,3527,-10.0
ppo,1,3529,-10.0
ppo,1,3532,-38.1
ppo,1,3536,-10.0
ppo,1,3537,-44.7
ppo,1,3539,-47.1
ppo,1,3542,-10.0
ppo,1,3545,-47.1
ppo,1,3546,-30.9
ppo,1,3547,-10.0
ppo,1,3548,-10.0
ppo,1,3549,-42.6
ppo,1,3554,-10.0
ppo,1,3556,-10.0
ppo,1,3558,-10.0
ppo,1,3559,-78.6
ppo,1,3560,-10.0
ppo,1,3562,-62.1
ppo,1,3563,-10.0
ppo,1,3564,-10.0
ppo,1,3566,-10.0
ppo,1,3568,-61.8
ppo,1,3570,-42.6
ppo,1,3572,-10.0
ppo,1,3574,-10.0
ppo,1,3577,-10.0
ppo,1,3579,-40.8
ppo,1,3580,-10.0
ppo,1,3582,-44.7
ppo,1,3585,-48.0
ppo,1,3586,-10.0
ppo,1,3589,-42.3
ppo,1,3590,-43.2
ppo,1,3591,-10.0
ppo,1,3592,-10.0
ppo,1,3593,-10.0
ppo,1,3594,-10.0
ppo,1,3595,-40.2
ppo,1,3597,-30.9
ppo,1,3598,-41.1
ppo,1,3599,-10.0
ppo,1,3600,-23.1
ppo,1,3604,-10.0
ppo,1,3605,-38.7
ppo,1,3608,-10.0
ppo,1,3609,-10.0
ppo,1,3610,-10.0
ppo,1,3614,-10.0
ppo,1,3615,-10.0
ppo,1,3616,-10.0
ppo,1,3617,-72.6
ppo,1,3621,-48.3
ppo,1,3622,-40.2
ppo,1,3624,-10.0
ppo,1,3626,-10.0
ppo,1,3627,-46.8
ppo,1,3632,-10.0
ppo,1,3633,-10.0
ppo,1,3634,-10.0
ppo,1,3635,-10.0
ppo,1,3636,-10.0
ppo,1,3637,-10.0
ppo,1,3638,-69.6
ppo,1,3639,-10.0
ppo,1,3641,-10.0
ppo,1,3642,-10.0
ppo,1,3643,-10.0
ppo,1,3648,-10.0
ppo,1,3649,-10.0
ppo,1,3650,-48.6
ppo,1,3653,-10.0
ppo,1,3656,-10.0
ppo,1,3658,-78.3
ppo,1,3659,-10.0
ppo,1,3660,-10.0
ppo,1,3661,-48.6
ppo,1,3662,-10.0
ppo,1,3663,-30.9
ppo,1,3664,-10.0
ppo,1,3665,-10.0
ppo,1,3668,-33.9
ppo,1,3671,-42.6
ppo,1,3675,-10.0
ppo,1,3678,-10.0
ppo,1,3680,-10.0
ppo,1,3681,-10.0
ppo,1,3682,-10.0
ppo,1,3684,-10.0
ppo,1,3686,-10.0
ppo,1,3687,-10.0
ppo,1,3688,-10.0
ppo,1,3690,-10.0
ppo,1,3691,-10.0
ppo,1,3692,-38.7
ppo,1,3694,-10.0
ppo,1,3696,-10.0
ppo,1,3697,-10.0
ppo,1,3701,-38.1
ppo,1,3702,-10.0
ppo,1,3703,-10.0
ppo,1,3704,-10.0
ppo,1,3708,-10.0
ppo,1,3711,-10.0
ppo,1,3712,-43.5
ppo,1,3713,-10.0
ppo,1,3714,-10.0
ppo,1,3715,-10.0
ppo,1,3717,-10.0
ppo,1,3719,-10.0
ppo,1,3720,-10.0
ppo,1,3724,-10.0
ppo,1,3725,-68.1
ppo,1,3726,-25.8
ppo,1,3727,-47.4
ppo,1,3729,-10.0
ppo,1,3733,-10.0
ppo,1,3734,-10.0
ppo,1,3738,-10.0
ppo,1,3739,-10.0
ppo,1,3741,-10.0
ppo,1,3743,-61.5
ppo,1,3744,-10.0
ppo,1,3749,-10.0
ppo,1,3750,-10.0
ppo,1,3751,-10.0
ppo,1,3752,-43.2
ppo,1,3755,-70.2
ppo,1,3756,-10.0
ppo,1,3757,-10.0
ppo,1,3759,-10.0
ppo,1,3760,-31.5
ppo,1,3762,-10.0
ppo,1,3764,-10.0
ppo,1,3765,-10.0
ppo,1,3768,-41.7
ppo,1,3770,-25.5
ppo,1,3771,-10.0
ppo,1,3772,-34.5
ppo,1,3775,-28.2
ppo,1,3776,-10.0
ppo,1,3778,-10.0
ppo,1,3779,-10.0
ppo,1,3780,-10.0
ppo,1,3785,-48.0
ppo,1,3786,-56.7
ppo,1,3788,-47.4
ppo,1,3789,-10.0
ppo,1,3791,-10.0
ppo,1,3792,-10.0
ppo,1,3794,-10.0
ppo,1,3796,-10.0
ppo,1,3800,-37.8
ppo,1,3801,-10.0
ppo,1,3803,-10.0
ppo,1,3804,-10.0
ppo,1,3806,-10.0
ppo,1,3807,-48.6
ppo,1,3808,-43.2
ppo,1,3810,-10.0
ppo,1,3811,-70.8
ppo,1,3812,-10.0
ppo,1,3813,-10.0
ppo,1,3814,-10.0
ppo,1,3815,-44.7
ppo,1,3816,-10.0
ppo,1,3817,-35.1
ppo,1,3819,-24.9
ppo,1,3820,-10.0
ppo,1,3821,-87.0
ppo,1,3823,-10.0
ppo,1,3824,-10.0
ppo,1,3829,-37.8
ppo,1,3831,-10.0
ppo,1,3832,-10.0
ppo,1,3833,-10.0
ppo,1,3835,-10.0
ppo,1,3836,-10.0
ppo,1,3837,-10.0
ppo,1,3838,-10.0
ppo,1,3840,-10.0
ppo,1,3841,-10.0
ppo,1,3843,-24.9
ppo,1,3845,-30.9
ppo,1,3848,-10.0
ppo,1,3853,-10.0
ppo,1,3854,-10.0
ppo,1,3857,-10.0
ppo,1,3859,-61.5
ppo,1,3860,-10.0
ppo,1,3862,-10.0
ppo,1,3863,-10.0
ppo,1,3867,-10.0
ppo,1,3870,-10.0
ppo,1,3871,-10.0
ppo,1,3873,-10.0
ppo,1,3875,-10.0
ppo,1,3876,-10.0
ppo,1,3878,-10.0
ppo,1,3884,-10.0
ppo,1,3887,-10.0
ppo,1,3889,-10.0
ppo,1,3890,-10.0
ppo,1,3891,-85.5
ppo,1,3894,-10.0
ppo,1,3896,-31.2
ppo,1,3898,-10.0
ppo,1,3899,-10.0
ppo,1,3903,-10.0
ppo,1,3909,-37.5
ppo,1,3910,-10.0
ppo,1,3912,-48.6
ppo,1,3916,-67.2
ppo,1,3917,-10.0
ppo,1,3918,-10.0
ppo,1,3920,-48.3
ppo,1,3921,-10.0
ppo,1,3923,-25.5
ppo,1,3928,-10.0
ppo,1,3929,-40.2
ppo,1,3930,-10.0
ppo,1,3932,-10.0
ppo,1,3933,-38.4
ppo,1,3934,-10.0
ppo,1,3937,-37.5
ppo,1,3938,-10.0
ppo,1,3939,-10.0
ppo,1,3940,-54.0
ppo,1,3941,-10.0
ppo,1,3943,-42.9
ppo,1,3944,-10.0
ppo,1,3945,-10.0
ppo,1,3946,-10.0
ppo,1,3947,-10.0
ppo,1,3951,-10.0
ppo,1,3952,-10.0
ppo,1,3953,-10.0
ppo,1,3954,-10.0
ppo,1,3957,-10.0
ppo,1,3959,-10.0
ppo,1,3962,-10.0
ppo,1,3963,-10.0
ppo,1,3964,-10.0
ppo,1,3968,-34.2
ppo,1,3969,-48.9
ppo,1,3972,-10.0
ppo,1,3973,-10.0
ppo,1,3975,-49.2
ppo,1,3976,-10.0
ppo,1,3977,-38.4
ppo,1,3978,-10.0
ppo,1,3979,-61.8
ppo,1,3984,-10.0
ppo,1,3986,-10.0
ppo,1,3987,-10.0
ppo,1,3989,-33.3
ppo,1,3990,-67.5
ppo,1,3995,-47.7
ppo,1,3997,-10.0
ppo,1,3998,-10.0
ppo,1,4000,-10.0
ppo,1,4001,-10.0
ppo,1,4002,-10.0
ppo,1,4004,-10.0
ppo,1,4005,-10.0
ppo,1,4007,-10.0
ppo,1,4008,-10.0
ppo,1,4011,-30.9
ppo,1,4012,-10.0
ppo,1,4013,-10.0
ppo,1,4016,-10.0
ppo,1,4017,-10.0
ppo,1,4018,-10.0
ppo,1,4024,-10.0
ppo,1,4028,-10.0
ppo,1,4032,-10.0
ppo,1,4033,-10.0
ppo,1,4034,-54.0
ppo,1,4035,-10.0
ppo,1,4036,-10.0
ppo,1,4037,-10.0
ppo,1,4039,-10.0
ppo,1,4040,-48.9
ppo,1,4041,-40.2
ppo,1,4042,-10.0
ppo,1,4043,-10.0
ppo,1,4044,-10.0
ppo,1,4045,-10.0
ppo,1,4046,-10.0
ppo,1,4047,-10.0
ppo,1,4049,-10.0
ppo,1,4050,-10.0
ppo,1,4052,-67.2
ppo,1,4053,-10.0
ppo,1,4054,-10.0
ppo,1,4056,-10.0
ppo,1,4057,-10.0
ppo,1,4058,-10.0
ppo,1,4059,-10.0
ppo,1,4060,-41.1
ppo,1,4064,-10.0
ppo,1,4065,-10.0
ppo,1,4067,-10.0
ppo,1,4071,-10.0
ppo,1,4073,-10.0
ppo,1,4076,-60.9
ppo,1,4082,-10.0
ppo,1,4085,-53.1
ppo,1,4089,-10.0
ppo,1,4090,-10.0
ppo,1,4091,-10.0
ppo,1,4093,-10.0
ppo,1,4094,-10.0
ppo,1,4096,-10.0
ppo,1,4097,-10.0
ppo,1,4099,-10.0
ppo,1,4103,-10.0
ppo,1,4105,-10.0
ppo,1,4106,-10.0
ppo,1,4108,-10.0
ppo,1,4112,-68.7
ppo,1,4113,-10.0
ppo,1,4115,-10.0
ppo,1,4116,-10.0
ppo,1,4117,-10.0
ppo,1,4119,-10.0
ppo,1,4122,-10.0
ppo,1,4123,-10.0
ppo,1,4124,-10.0
ppo,1,4125,-10.0
ppo,1,4127,-10.0
ppo,1,4134,-10.0
ppo,1,4137,-10.0
ppo,1,4140,-10.0
ppo,1,4141,-10.0
ppo,1,4143,-10.0
ppo,1,4144,-10.0
ppo,1,4146,-10.0
ppo,1,4147,-10.0
ppo,1,4148,-10.0
ppo,1,4149,-47.4
ppo,1,4150,-10.0
ppo,1,4151,-10.0
ppo,1,4154,-10.0
ppo,1,4156,-10.0
ppo,1,4162,-10.0
ppo,1,4163,-10.0
ppo,1,4164,-10.0
ppo,1,4166,-10.0
ppo,1,4168,-10.0
ppo,1,4170,-10.0
ppo,1,4171,-10.0
ppo,1,4172,-10.0
ppo,1,4173,-10.0
ppo,1,4178,-10.0
ppo,1,4179,-10.0
ppo,1,4183,-10.0
ppo,1,4185,-10.0
ppo,1,4186,-10.0
ppo,1,4187,-10.0
ppo,1,4189,-10.0
ppo,1,4192,-10.0
ppo,1,4197,-10.0
ppo,1,4199,-10.0
ppo,1,4202,-10.0
ppo,1,4203,-10.0
ppo,1,4204,-10.0
ppo,1,4205,-10.0
ppo,1,4208,-10.0
ppo,1,4209,-10.0
ppo,1,4210,-10.0
ppo,1,4211,-10.0
ppo,1,4212,-10.0
ppo,1,4213,-10.0
ppo,1,4218,-10.0
ppo,1,4219,-10.0
ppo,1,4220,-54.0
ppo,1,4221,-10.0
ppo,1,4223,-10.0
ppo,1,4224,-10.0
ppo,1,4227,-10.0
ppo,1,4228,-10.0
ppo,1,4229,-10.0
ppo,1,4230,-10.0
ppo,1,4233,-10.0
ppo,1,4234,-10.0
ppo,1,4235,-33.6
ppo,1,4236,-10.0
ppo,1,4237,-67.2
ppo,1,4238,-10.0
ppo,1,4241,-10.0
ppo,1,4244,-10.0
ppo,1,4245,-10.0
ppo,1,4246,-10.0
ppo,1,4247,-10.0
ppo,1,4251,-10.0
ppo,1,4253,-10.0
ppo,1,4256,-10.0
ppo,1,4257,-10.0
ppo,1,4262,-10.0
ppo,1,4263,-10.0
ppo,1,4265,-10.0
ppo,1,4272,-10.0
ppo,1,4273,-10.0
ppo,1,4274,-10.0
ppo,1,4276,-10.0
ppo,1,4277,-10.0
ppo,1,4279,-10.0
ppo,1,4281,-10.0
ppo,1,4283,-10.0
ppo,1,4290,-10.0
ppo,1,4292,-10.0
ppo,1,4296,-10.0
ppo,1,4298,-10.0
ppo,1,4299,-10.0
ppo,1,4302,-10.0
ppo,1,4304,-10.0
ppo,1,4305,-67.5
ppo,1,4312,-10.0
ppo,1,4314,-10.0
ppo,1,4320,-68.1
ppo,1,4321,-10.0
ppo,1,4322,-10.0
ppo,1,4323,-10.0
ppo,1,4325,-10.0
ppo,1,4326,-10.0
ppo,1,4328,-10.0
ppo,1,4330,-10.0
ppo,1,4333,-10.0
ppo,1,4334,-10.0
ppo,1,4335,-10.0
ppo,1,4340,-10.0
ppo,1,4342,-10.0
ppo,1,4344,-10.0
ppo,1,4345,-10.0
ppo,1,4346,-10.0
ppo,1,4347,-10.0
ppo,1,4348,-43.2
ppo,1,4351,-10.0
ppo,1,4352,-10.0
ppo,1,4353,-10.0
ppo,1,4354,-10.0
ppo,1,4356,-24.9
ppo,1,4357,-10.0
ppo,1,4359,-10.0
ppo,1,4360,-61.8
ppo,1,4361,-10.0
ppo,1,4363,-10.0
ppo,1,4366,-10.0
ppo,1,4367,-10.0
ppo,1,4368,-10.0
ppo,1,4370,-10.0
ppo,1,4373,-10.0
ppo,1,4374,-10.0
ppo,1,4378,-10.0
ppo,1,4379,-10.0
ppo,1,4382,-10.0
ppo,1,4383,-10.0
ppo,1,4384,-10.0
ppo,1,4386,-10.0
ppo,1,4391,-10.0
ppo,1,4392,-10.0
ppo,1,4393,-10.0
ppo,1,4394,-10.0
ppo,1,4395,-10.0
ppo,1,4402,-39.6
ppo,1,4403,-10.0
ppo,1,4404,-10.0
ppo,1,4405,-10.0
ppo,1,4406,-10.0
ppo,1,4408,-10.0
ppo,1,4409,-38.7
ppo,1,4414,-10.0
ppo,1,4416,-10.0
ppo,1,4418,-10.0
ppo,1,4419,-10.0
ppo,1,4421,-10.0
ppo,1,4423,-10.0
ppo,1,4424,-10.0
ppo,1,4426,-10.0
ppo,1,4430,-10.0
ppo,1,4434,-10.0
ppo,1,4435,-10.0
ppo,1,4437,-10.0
ppo,1,4438,-10.0
ppo,1,4439,-93.3
ppo,1,4441,-10.0
ppo,1,4443,-10.0
ppo,1,4444,-10.0
ppo,1,4446,-10.0
ppo,1,4448,-10.0
ppo,1,4449,-10.0
ppo,1,4451,-10.0
ppo,1,4453,-10.0
ppo,1,4455,-10.0
ppo,1,4456,-10.0
ppo,1,4458,-10.0
ppo,1,4459,-10.0
ppo,1,4460,-10.0
ppo,1,4462,-10.0
ppo,1,4466,-10.0
ppo,1,4467,-10.0
ppo,1,4470,-10.0
ppo,1,4472,-10.0
ppo,1,4473,-41.1
ppo,1,4474,-10.0
ppo,1,4476,-10.0
ppo,1,4477,-10.0
ppo,1,4478,-10.0
ppo,1,4479,-10.0
ppo,1,4480,-10.0
ppo,1,4481,-10.0
ppo,1,4482,-10.0
ppo,1,4487,-10.0
ppo,1,4490,-10.0
ppo,1,4491,-10.0
ppo,1,4492,-10.0
ppo,1,4494,-78.3
ppo,1,4496,-10.0
ppo,1,4497,-10.0
ppo,1,4499,-10.0
ppo,1,4503,-10.0
ppo,1,4504,-10.0
ppo,1,4505,-10.0
ppo,1,4506,-54.0
ppo,1,4508,-10.0
ppo,1,4509,-10.0
ppo,1,4512,-10.0
ppo,1,4513,-10.0
ppo,1,4515,-10.0
ppo,1,4517,-10.0
ppo,1,4518,-10.0
ppo,1,4519,-10.0
ppo,1,4521,-10.0
ppo,1,4522,-10.0
ppo,1,4524,-10.0
ppo,1,4525,-10.0
ppo,1,4528,-10.0
ppo,1,4529,-10.0
ppo,1,4530,-10.0
ppo,1,4531,-10.0
ppo,1,4532,-10.0
ppo,1,4535,-31.5
ppo,1,4537,-10.0
ppo,1,4540,-10.0
ppo,1,4542,-10.0
ppo,1,4546,-10.0
ppo,1,4547,-10.0
ppo,1,4548,-46.8
ppo,1,4550,-10.0
ppo,1,4551,-10.0
ppo,1,4554,-10.0
ppo,1,4556,-10.0
ppo,1,4561,-10.0
ppo,1,4562,-10.0
ppo,1,4563,-10.0
ppo,1,4564,-10.0
ppo,1,4565,-10.0
ppo,1,4567,-10.0
ppo,1,4568,-10.0
ppo,1,4569,-10.0
ppo,1,4572,-10.0
ppo,1,4576,-10.0
ppo,1,4577,-10.0
ppo,1,4578,-10.0
ppo,1,4579,-93.3
ppo,1,4580,-10.0
ppo,1,4581,-10.0
ppo,1,4582,-10.0
ppo,1,4587,-10.0
ppo,1,4588,-10.0
ppo,1,4589,-10.0
ppo,1,4590,-10.0
ppo,1,4593,-10.0
ppo,1,4595,-10.0
ppo,1,4598,-10.0
ppo,1,4599,-10.0
ppo,1,4600,-10.0
ppo,1,4604,-10.0
ppo,1,4606,-35.4
ppo,1,4608,-10.0
ppo,1,4610,-10.0
ppo,1,4613,-10.0
ppo,1,4616,-10.0
ppo,1,4617,-29.7
ppo,1,4621,-40.2
ppo,1,4626,-10.0
ppo,1,4630,-10.0
ppo,1,4631,-10.0
ppo,1,4632,-10.0
ppo,1,4634,-10.0
ppo,1,4635,-10.0
ppo,1,4637,-10.0
ppo,1,4646,-10.0
ppo,1,4647,-10.0
ppo,1,4649,-10.0
ppo,1,4653,-10.0
ppo,1,4654,-10.0
ppo,1,4656,-10.0
ppo,1,4658,-10.0
ppo,1,4659,-10.0
ppo,1,4660,-10.0
ppo,1,4662,-10.0
ppo,1,4664,-10.0
ppo,1,4668,-10.0
ppo,1,4670,-44.7
ppo,1,4672,-10.0
ppo,1,4673,-10.0
ppo,1,4674,-10.0
ppo,1,4675,-10.0
ppo,1,4678,-10.0
ppo,1,4682,-10.0
ppo,1,4684,-10.0
ppo,1,4685,-10.0
ppo,1,4686,-10.0
ppo,1,4688,-10.0
ppo,1,4693,-10.0
ppo,1,4694,-10.0
ppo,1,4695,-10.0
ppo,1,4698,-10.0
ppo,1,4700,-10.0
ppo,1,4701,-10.0
ppo,1,4702,-10.0
ppo,1,4705,-10.0
ppo,1,4711,-10.0
ppo,1,4712,-49.5
ppo,1,4713,-10.0
ppo,1,4714,-10.0
ppo,1,4717,-10.0
ppo,1,4720,-10.0
ppo,1,4722,-10.0
ppo,1,4723,-10.0
ppo,1,4724,-10.0
ppo,1,4726,-10.0
ppo,1,4729,-10.0
ppo,1,4733,-10.0
ppo,1,4734,-48.6
ppo,1,4735,-10.0
ppo,1,4736,-10.0
ppo,1,4737,-10.0
ppo,1,4738,-10.0
ppo,1,4739,-47.4
ppo,1,4740,-10.0
ppo,1,4742,-10.0
ppo,1,4743,-10.0
ppo,1,4744,-10.0
ppo,1,4747,-10.0
ppo,1,4748,-10.0
ppo,1,4749,-10.0
ppo,1,4750,-10.0
ppo,1,4751,-10.0
ppo,1,4753,-10.0
ppo,1,4757,-10.0
ppo,1,4759,-10.0
ppo,1,4760,-10.0
ppo,1,4762,-10.0
ppo,1,4763,-10.0
ppo,1,4766,-10.0
ppo,1,4768,-10.0
ppo,1,4769,-10.0
ppo,1,4770,-10.0
ppo,1,4771,-10.0
ppo,1,4772,-10.0
ppo,1,4774,-10.0
ppo,1,4777,-10.0
ppo,1,4779,-10.0
ppo,1,4781,-10.0
ppo,1,4784,-10.0
ppo,1,4785,-10.0
ppo,1,4786,-10.0
ppo,1,4790,-10.0
ppo,1,4793,-10.0
ppo,1,4797,-10.0
ppo,1,4805,-10.0
ppo,1,4806,-10.0
ppo,1,4808,-10.0
ppo,1,4809,-10.0
ppo,1,4810,-10.0
ppo,1,4811,-10.0
ppo,1,4812,-10.0
ppo,1,4817,-10.0
ppo,1,4820,-10.0
ppo,1,4821,-10.0
ppo,1,4822,-10.0
ppo,1,4823,-10.0
ppo,1,4825,-10.0
ppo,1,4826,-45.3
ppo,1,4828,-10.0
ppo,1,4829,-10.0
ppo,1,4831,-10.0
ppo,1,4833,-10.0
ppo,1,4836,-10.0
ppo,1,4837,-10.0
ppo,1,4841,-10.0
ppo,1,4842,-10.0
ppo,1,4844,-10.0
ppo,1,4845,-10.0
ppo,1,4846,-10.0
ppo,1,4847,-10.0
ppo,1,4848,-10.0
ppo,1,4849,-10.0
ppo,1,4850,-10.0
ppo,1,4852,-10.0
ppo,1,4853,-41.4
ppo,1,4856,-10.0
ppo,1,4857,-35.7
ppo,1,4858,-10.0
ppo,1,4859,-10.0
ppo,1,4862,-10.0
ppo,1,4863,-10.0
ppo,1,4864,-10.0
ppo,1,4865,-10.0
ppo,1,4867,-10.0
ppo,1,4868,-10.0
ppo,1,4870,-10.0
ppo,1,4871,-10.0
ppo,1,4873,-10.0
ppo,1,4874,-10.0
ppo,1,4876,-10.0
ppo,1,4877,-10.0
ppo,1,4878,-10.0
ppo,1,4879,-10.0
ppo,1,4881,-10.0
ppo,1,4884,-10.0
ppo,1,4885,-10.0
ppo,1,4889,-10.0
ppo,1,4890,-10.0
ppo,1,4891,-10.0
ppo,1,4893,-10.0
ppo,1,4895,-10.0
ppo,1,4897,-10.0
ppo,1,4898,-10.0
ppo,1,4899,-10.0
ppo,1,4901,-10.0
ppo,1,4902,-10.0
ppo,1,4903,-10.0
ppo,1,4904,-10.0
ppo,1,4905,-10.0
ppo,1,4906,-10.0
ppo,1,4907,-54.0
ppo,1,4913,-10.0
ppo,1,4914,-10.0
ppo,1,4918,-10.0
ppo,1,4921,-10.0
ppo,1,4922,-10.0
ppo,1,4923,-10.0
ppo,1,4925,-10.0
ppo,1,4926,-10.0
ppo,1,4927,-10.0
ppo,1,4930,-10.0
ppo,1,4931,-10.0
ppo,1,4932,-10.0
ppo,1,4933,-10.0
ppo,1,4934,-10.0
ppo,1,4936,-10.0
ppo,1,4939,-10.0
ppo,1,4942,-10.0
ppo,1,4943,-10.0
ppo,1,4945,-10.0
ppo,1,4946,-49.8
ppo,1,4949,-10.0
ppo,1,4950,-10.0
ppo,1,4952,-10.0
ppo,1,4953,-10.0
ppo,1,4956,-29.1
ppo,1,4957,-10.0
ppo,1,4958,-10.0
ppo,1,4959,-10.0
ppo,1,4960,-10.0
ppo,1,4962,-10.0
ppo,1,4966,-10.0
ppo,1,4967,-10.0
ppo,1,4972,-10.0
ppo,1,4973,-10.0
ppo,1,4974,-10.0
ppo,1,4975,-10.0
ppo,1,4981,-10.0
ppo,1,4987,-10.0
ppo,1,4989,-10.0
ppo,1,4994,-10.0
ppo,1,4995,-10.0
ppo,1,4996,-10.0
ppo,1,4997,-10.0
ppo,1,4998,-10.0
ppo,1,5002,-10.0
ppo,1,5003,-10.0
ppo,1,5004,-61.8
ppo,1,5007,-10.0
ppo,1,5008,-10.0
ppo,1,5009,-10.0
ppo,1,5014,-10.0
ppo,1,5015,-10.0
ppo,1,5016,-10.0
ppo,1,5018,-43.8
ppo,1,5020,-10.0
ppo,1,5022,-10.0
ppo,1,5024,-10.0
ppo,1,5025,-10.0
ppo,1,5026,-10.0
ppo,1,5032,-10.0
ppo,1,5033,-10.0
ppo,1,5034,-10.0
ppo,1,5035,-10.0
ppo,1,5037,-10.0
ppo,1,5038,-10.0
ppo,1,5039,-10.0
ppo,1,5041,-10.0
ppo,1,5044,-40.8
ppo,1,5045,-10.0
ppo,1,5046,-10.0
ppo,1,5047,-10.0
ppo,1,5049,-10.0
ppo,1,5050,-10.0
ppo,1,5051,-10.0
ppo,1,5052,-10.0
ppo,1,5055,-10.0
ppo,1,5059,-10.0
ppo,1,5060,-10.0
ppo,1,5063,-10.0
ppo,1,5064,-10.0
ppo,1,5068,-10.0
ppo,1,5069,-10.0
ppo,1,5070,-10.0
ppo,1,5072,-10.0
ppo,1,5075,-10.0
ppo,1,5076,-10.0
ppo,1,5077,-10.0
ppo,1,5081,-10.0
ppo,1,5084,-10.0
ppo,1,5089,-10.0
ppo,1,5093,-10.0
ppo,1,5094,-10.0
ppo,1,5095,-42.9
ppo,1,5096,-10.0
ppo,1,5097,-10.0
ppo,1,5098,-10.0
ppo,1,5100,-93.0
ppo,1,5101,-10.0
ppo,1,5104,-10.0
ppo,1,5106,-10.0
ppo,1,5107,-10.0
ppo,1,5108,-10.0
ppo,1,5109,-10.0
ppo,1,5110,-10.0
ppo,1,5113,-10.0
ppo,1,5116,-10.0
ppo,1,5117,-10.0
ppo,1,5119,-10.0
ppo,1,5120,-10.0
ppo,1,5121,-10.0
ppo,1,5122,-10.0
ppo,1,5123,-10.0
ppo,1,5125,-10.0
ppo,1,5129,-10.0
ppo,1,5131,-10.0
ppo,1,5132,-10.0
ppo,1,5133,-10.0
ppo,1,5135,-10.0
ppo,1,5137,-10.0
ppo,1,5140,-10.0
ppo,1,5141,-10.0
ppo,1,5144,-10.0
ppo,1,5146,-10.0
ppo,1,5148,-10.0
ppo,1,5149,-10.0
ppo,1,5152,-10.0
ppo,1,5153,-10.0
ppo,1,5156,-10.0
ppo,1,5157,-10.0
ppo,1,5158,-10.0
ppo,1,5162,-10.0
ppo,1,5163,-10.0
ppo,1,5164,-10.0
ppo,1,5165,-10.0
ppo,1,5167,-10.0
ppo,1,5168,-10.0
ppo,1,5169,-10.0
ppo,1,5174,-10.0
ppo,1,5175,-10.0
ppo,1,5176,-10.0
ppo,1,5177,-10.0
ppo,1,5178,-69.6
ppo,1,5180,-10.0
ppo,1,5181,-10.0
ppo,1,5183,-10.0
ppo,1,5185,-10.0
ppo,1,5186,-10.0
ppo,1,5188,-10.0
ppo,1,5189,-10.0
ppo,1,5192,-10.0
ppo,1,5195,-10.0
ppo,1,5200,-10.0
ppo,1,5203,-10.0
ppo,1,5207,-10.0
ppo,1,5213,-10.0
ppo,1,5215,-10.0
ppo,1,5218,-10.0
ppo,1,5221,-10.0
ppo,1,5222,-10.0
ppo,1,5224,-10.0
ppo,1,5225,-10.0
ppo,1,5228,-10.0
ppo,1,5231,-10.0
ppo,1,5234,-10.0
ppo,1,5238,-10.0
ppo,1,5239,-10.0
ppo,1,5240,-10.0
ppo,1,5241,-10.0
ppo,1,5242,-10.0
ppo,1,5243,-10.0
ppo,1,5245,-10.0
ppo,1,5248,-10.0
ppo,1,5250,-10.0
ppo,1,5251,-10.0
ppo,1,5253,-10.0
ppo,1,5254,-10.0
ppo,1,5255,-10.0
ppo,1,5257,-10.0
ppo,1,5259,-10.0
ppo,1,5261,-10.0
ppo,1,5264,-10.0
ppo,1,5265,-10.0
ppo,1,5266,-10.0
ppo,1,5270,-10.0
ppo,1,5276,-10.0
ppo,1,5278,-10.0
ppo,1,5279,-10.0
ppo,1,5280,-10.0
ppo,1,5284,-10.0
ppo,1,5285,-10.0
ppo,1,5286,-10.0
ppo,1,5287,-10.0
ppo,1,5288,-10.0
ppo,1,5289,-10.0
ppo,1,5291,-10.0
ppo,1,5292,-10.0
ppo,1,5293,-10.0
ppo,1,5296,-10.0
ppo,1,5298,-10.0
ppo,1,5303,-10.0
ppo,1,5304,-10.0
ppo,1,5305,-10.0
ppo,1,5306,-65.4
ppo,1,5311,-10.0
ppo,1,5312,-42.3
ppo,1,5313,-10.0
ppo,1,5314,-10.0
ppo,1,5315,-10.0
ppo,1,5318,-10.0
ppo,1,5319,-10.0
ppo,1,5323,-10.0
ppo,1,5324,-10.0
ppo,1,5325,-10.0
ppo,1,5327,-10.0
ppo,1,5333,-10.0
ppo,1,5334,-10.0
ppo,1,5335,-10.0
ppo,1,5337,-10.0
ppo,1,5339,-10.0
ppo,1,5340,-10.0
ppo,1,5343,-10.0
ppo,1,5347,-10.0
ppo,1,5349,-10.0
ppo,1,5351,-10.0
ppo,1,5352,-10.0
ppo,1,5353,-10.0
ppo,1,5357,-10.0
ppo,1,5358,-10.0
ppo,1,5359,-10.0
ppo,1,5361,-10.0
ppo,1,5364,-10.0
ppo,1,5368,-10.0
ppo,1,5371,-10.0
ppo,1,5372,-10.0
ppo,1,5373,-10.0
ppo,1,5379,-10.0
ppo,1,5382,-10.0
ppo,1,5383,-10.0
ppo,1,5386,-10.0
ppo,1,5388,-10.0
ppo,1,5389,-10.0
ppo,1,5392,-10.0
ppo,1,5393,-10.0
ppo,1,5394,-10.0
ppo,1,5395,-10.0
ppo,1,5396,-10.0
ppo,1,5401,-10.0
ppo,1,5404,-10.0
ppo,1,5407,-10.0
ppo,1,5408,-10.0
ppo,1,5409,-10.0
ppo,1,5412,-10.0
ppo,1,5413,-10.0
ppo,1,5415,-10.0
ppo,1,5418,-10.0
ppo,1,5419,-10.0
ppo,1,5420,-10.0
ppo,1,5421,-10.0
ppo,1,5422,-10.0
ppo,1,5423,-10.0
ppo,1,5424,-10.0
ppo,1,5425,-10.0
ppo,1,5429,-10.0
ppo,1,5430,-10.0
ppo,1,5433,-10.0
ppo,1,5435,-10.0
ppo,1,5437,-10.0
ppo,1,5438,-10.0
ppo,1,5441,-10.0
ppo,1,5442,-10.0
ppo,1,5443,-10.0
ppo,1,5447,-10.0
ppo,1,5448,-10.0
ppo,1,5449,-10.0
ppo,1,5452,-10.0
ppo,1,5454,-10.0
ppo,1,5456,-10.0
ppo,1,5457,-10.0
ppo,1,5458,-10.0
ppo,1,5461,-10.0
ppo,1,5462,-10.0
ppo,1,5463,-10.0
ppo,1,5464,-10.0
ppo,1,5465,-10.0
ppo,1,5467,-10.0
ppo,1,5470,-10.0
ppo,1,5471,-10.0
ppo,1,5473,-10.0
ppo,1,5476,-10.0
ppo,1,5477,-10.0
ppo,1,5479,-10.0
ppo,1,5480,-10.0
ppo,1,5483,-10.0
ppo,1,5484,-10.0
ppo,1,5485,-10.0
ppo,1,5490,-10.0
ppo,1,5491,-10.0
ppo,1,5493,-10.0
ppo,1,5494,-10.0
ppo,1,5495,-10.0
ppo,1,5497,-10.0
ppo,1,5498,-10.0
ppo,1,5499,-10.0
ppo,1,5500,-10.0
ppo,1,5501,-10.0
ppo,1,5502,-10.0
ppo,1,5503,-10.0
ppo,1,5507,-10.0
ppo,1,5508,-10.0
ppo,1,5509,-10.0
ppo,1,5510,-35.1
ppo,1,5512,-10.0
ppo,1,5513,-10.0
ppo,1,5516,-10.0
ppo,1,5517,-10.0
ppo,1,5519,-10.0
ppo,1,5520,-10.0
ppo,1,5523,-10.0
ppo,1,5524,-10.0
ppo,1,5525,-10.0
ppo,1,5527,-10.0
ppo,1,5528,-10.0
ppo,1,5530,-10.0
ppo,1,5534,-10.0
ppo,1,5535,-10.0
ppo,1,5536,-10.0
ppo,1,5539,-10.0
ppo,1,5540,-10.0
ppo,1,5543,-10.0
ppo,1,5544,-10.0
ppo,1,5545,-10.0
ppo,1,5547,-10.0
ppo,1,5548,-10.0
ppo,1,5549,-10.0
ppo,1,5550,-10.0
ppo,1,5553,-10.0
ppo,1,5557,-10.0
ppo,1,5558,-10.0
ppo,1,5559,-10.0
ppo,1,5560,-10.0
ppo,1,5561,-10.0
ppo,1,5565,-10.0
ppo,1,5566,-10.0
ppo,1,5567,-10.0
ppo,1,5568,-10.0
ppo,1,5570,-10.0
ppo,1,5573,-72.0
ppo,1,5574,-10.0
ppo,1,5575,-10.0
ppo,1,5576,-10.0
ppo,1,5577,-10.0
ppo,1,5578,-10.0
ppo,1,5583,-10.0
ppo,1,5588,-10.0
ppo,1,5589,-48.9
ppo,1,5590,-10.0
ppo,1,5593,-10.0
ppo,1,5594,-10.0
ppo,1,5596,-10.0
ppo,1,5599,-10.0
ppo,1,5600,-10.0
ppo,1,5601,-10.0
ppo,1,5603,-10.0
ppo,1,5604,-10.0
ppo,1,5605,-10.0
ppo,1,5606,-10.0
ppo,1,5609,-10.0
ppo,1,5612,-10.0
ppo,1,5613,-10.0
ppo,1,5615,-10.0
ppo,1,5617,-10.0
ppo,1,5619,-10.0
ppo,1,5621,-10.0
ppo,1,5623,-10.0
ppo,1,5626,-10.0
ppo,1,5628,-10.0
ppo,1,5629,-10.0
ppo,1,5630,-10.0
ppo,1,5638,-10.0
ppo,1,5640,-10.0
ppo,1,5642,-10.0
ppo,1,5644,-10.0
ppo,1,5645,-10.0
ppo,1,5648,-10.0
ppo,1,5649,-10.0
ppo,1,5651,-10.0
ppo,1,5654,-10.0
ppo,1,5656,-10.0
ppo,1,5661,-10.0
ppo,1,5662,-10.0
ppo,1,5664,-31.2
ppo,1,5665,-10.0
ppo,1,5668,-10.0
ppo,1,5669,-10.0
ppo,1,5670,-10.0
ppo,1,5672,-10.0
ppo,1,5673,-10.0
ppo,1,5674,-10.0
ppo,1,5675,-10.0
ppo,1,5679,-10.0
ppo,1,5683,-10.0
ppo,1,5684,-10.0
ppo,1,5686,-10.0
ppo,1,5687,-10.0
ppo,1,5689,-10.0
ppo,1,5692,-10.0
ppo,1,5693,-10.0
ppo,1,5695,-10.0
ppo,1,5696,-10.0
ppo,1,5698,-10.0
ppo,1,5699,-10.0
ppo,1,5702,-10.0
ppo,1,5703,-10.0
ppo,1,5704,-10.0
ppo,1,5705,-10.0
ppo,1,5706,-10.0
ppo,1,5709,-10.0
ppo,1,5710,-46.8
ppo,1,5711,-10.0
ppo,1,5713,-10.0
ppo,1,5714,-10.0
ppo,1,5715,-10.0
ppo,1,5716,-10.0
ppo,1,5717,-48.6
ppo,1,5718,-10.0
ppo,1,5719,-10.0
ppo,1,5720,-42.3
ppo,1,5724,-10.0
ppo,1,5725,-10.0
ppo,1,5726,-10.0
ppo,1,5728,-10.0
ppo,1,5729,-10.0
ppo,1,5731,-10.0
ppo,1,5732,-10.0
ppo,1,5734,-10.0
ppo,1,5736,-10.0
ppo,1,5737,-10.0
ppo,1,5738,-10.0
ppo,1,5740,-10.0
ppo,1,5742,-10.0
ppo,1,5748,-10.0
ppo,1,5750,-24.9
ppo,1,5751,-10.0
ppo,1,5752,-10.0
ppo,1,5756,-10.0
ppo,1,5757,-10.0
ppo,1,5758,-10.0
ppo,1,5759,-10.0
ppo,1,5760,-10.0
ppo,1,5761,-10.0
ppo,1,5762,-10.0
ppo,1,5764,-10.0
ppo,1,5765,-10.0
ppo,1,5766,-10.0
ppo,1,5767,-10.0
ppo,1,5768,-10.0
ppo,1,5769,-10.0
ppo,1,5771,-10.0
ppo,1,5772,-10.0
ppo,1,5773,-10.0
ppo,1,5774,-10.0
ppo,1,5775,-10.0
ppo,1,5777,-10.0
ppo,1,5780,-42.3
ppo,1,5781,-10.0
ppo,1,5784,-10.0
ppo,1,5785,-87.0
ppo,1,5786,-10.0
ppo,1,5788,-10.0
ppo,1,5789,-10.0
ppo,1,5790,-10.0
ppo,1,5791,-10.0
ppo,1,5792,-72.6
ppo,1,5794,-10.0
ppo,1,5795,-10.0
ppo,1,5796,-10.0
ppo,1,5797,-10.0
ppo,1,5801,-10.0
ppo,1,5802,-10.0
ppo,1,5803,-10.0
ppo,1,5805,-10.0
ppo,1,5806,-10.0
ppo,1,5807,-10.0
ppo,1,5809,-30.6
ppo,1,5811,-10.0
ppo,1,5812,-10.0
ppo,1,5813,-10.0
ppo,1,5817,-10.0
ppo,1,5821,-10.0
ppo,1,5822,-10.0
ppo,1,5824,-10.0
ppo,1,5828,-10.0
ppo,1,5830,-10.0
ppo,1,5835,-10.0
ppo,1,5837,-45.0
ppo,1,5838,-10.0
ppo,1,5839,-10.0
ppo,1,5844,-10.0
ppo,1,5846,-10.0
ppo,1,5848,-10.0
ppo,1,5851,-10.0
ppo,1,5852,-10.0
ppo,1,5853,-10.0
ppo,1,5854,-10.0
ppo,1,5855,-10.0
ppo,1,5856,-10.0
ppo,1,5864,-10.0
ppo,1,5866,-10.0
ppo,1,5871,-44.1
ppo,1,5872,-10.0
ppo,1,5874,-10.0
ppo,1,5876,-10.0
ppo,1,5877,-10.0
ppo,1,5878,-10.0
ppo,1,5879,-10.0
ppo,1,5881,-10.0
ppo,1,5882,-10.0
ppo,1,5883,-10.0
ppo,1,5884,-10.0
ppo,1,5885,-10.0
ppo,1,5886,-10.0
ppo,1,5889,-10.0
ppo,1,5890,-10.0
ppo,1,5893,-10.0
ppo,1,5894,-10.0
ppo,1,5897,-10.0
ppo,1,5899,-10.0
ppo,1,5900,-10.0
ppo,1,5902,-10.0
ppo,1,5903,-10.0
ppo,1,5904,-10.0
ppo,1,5905,-10.0
ppo,1,5907,-10.0
ppo,1,5908,-10.0
ppo,1,5910,-10.0
ppo,1,5912,-10.0
ppo,1,5913,-10.0
ppo,1,5914,-10.0
ppo,1,5916,-10.0
ppo,1,5917,-10.0
ppo,1,5918,-10.0
ppo,1,5919,-10.0
ppo,1,5921,-10.0
ppo,1,5926,-10.0
ppo,1,5927,-10.0
ppo,1,5928,-10.0
ppo,1,5929,-10.0
ppo,1,5930,-10.0
ppo,1,5931,-10.0
ppo,1,5933,-10.0
ppo,1,5936,-10.0
ppo,1,5938,-10.0
ppo,1,5940,-46.5
ppo,1,5941,-10.0
ppo,1,5942,-10.0
ppo,1,5943,-10.0
ppo,1,5944,-10.0
ppo,1,5945,-10.0
ppo,1,5949,-10.0
ppo,1,5950,-10.0
ppo,1,5953,-64.8
ppo,1,5954,-10.0
ppo,1,5958,-48.0
ppo,1,5959,-10.0
ppo,1,5961,-10.0
ppo,1,5962,-10.0
ppo,1,5963,-10.0
ppo,1,5966,-10.0
ppo,1,5968,-10.0
ppo,1,5969,-10.0
ppo,1,5971,-10.0
ppo,1,5972,-10.0
ppo,1,5975,-10.0
ppo,1,5978,-10.0
ppo,1,5980,-10.0
ppo,1,5981,-10.0
ppo,1,5982,-10.0
ppo,1,5983,-10.0
ppo,1,5984,-10.0
ppo,1,5986,-10.0
ppo,1,5987,-10.0
ppo,1,5989,-10.0
ppo,1,5993,-10.0
ppo,1,5995,-10.0
ppo,1,5996,-10.0
ppo,1,5997,-10.0
ppo,1,5999,-10.0
ppo,1,6000,-10.0
ppo,1,6010,-10.0
ppo,1,6011,-10.0
ppo,1,6012,-49.2
ppo,1,6013,-10.0
ppo,1,6016,-10.0
ppo,1,6017,-48.6
ppo,1,6020,-10.0
ppo,1,6022,-45.0
ppo,1,6023,-10.0
ppo,1,6024,-10.0
ppo,1,6027,-10.0
ppo,1,6028,-42.3
ppo,1,6029,-10.0
ppo,1,6031,-10.0
ppo,1,6032,-10.0
ppo,1,6033,-23.1
ppo,1,6034,-10.0
ppo,1,6035,-10.0
ppo,1,6036,-10.0
ppo,1,6037,-10.0
ppo,1,6038,-10.0
ppo,1,6040,-69.3
ppo,1,6043,-10.0
ppo,1,6045,-10.0
ppo,1,6046,-10.0
ppo,1,6047,-10.0
ppo,1,6048,-10.0
ppo,1,6049,-10.0
ppo,1,6051,-10.0
ppo,1,6055,-10.0
ppo,1,6056,-10.0
ppo,1,6057,-10.0
ppo,1,6059,-10.0
ppo,1,6062,-10.0
ppo,1,6064,-10.0
ppo,1,6065,-10.0
ppo,1,6068,-10.0
ppo,1,6069,-10.0
ppo,1,6070,-10.0
ppo,1,6072,-10.0
ppo,1,6074,-10.0
ppo,1,6077,-10.0
ppo,1,6078,-10.0
ppo,1,6083,-10.0
ppo,1,6089,-10.0
ppo,1,6090,-10.0
ppo,1,6091,-10.0
ppo,1,6092,-10.0
ppo,1,6093,-10.0
ppo,1,6094,-10.0
ppo,1,6097,-10.0
ppo,1,6099,-10.0
ppo,1,6102,-10.0
ppo,1,6103,-10.0
ppo,1,6105,-10.0
ppo,1,6107,-10.0
ppo,1,6108,-10.0
ppo,1,6109,-28.8
ppo,1,6110,-10.0
ppo,1,6112,-10.0
ppo,1,6115,-10.0
ppo,1,6116,-10.0
ppo,1,6117,-10.0
ppo,1,6118,-10.0
ppo,1,6123,-10.0
ppo,1,6127,-47.7
ppo,1,6130,-10.0
ppo,1,6131,-10.0
ppo,1,6137,-10.0
ppo,1,6139,-10.0
ppo,1,6140,-10.0
ppo,1,6143,-10.0
ppo,1,6146,-10.0
ppo,1,6148,-10.0
ppo,1,6152,-10.0
ppo,1,6153,-10.0
ppo,1,6154,-10.0
ppo,1,6155,-10.0
ppo,1,6157,-10.0
ppo,1,6160,-10.0
ppo,1,6161,-10.0
ppo,1,6163,-10.0
ppo,1,6164,-10.0
ppo,1,6165,-10.0
ppo,1,6167,-10.0
ppo,1,6171,-10.0
ppo,1,6173,-10.0
ppo,1,6174,-10.0
ppo,1,6175,-10.0
ppo,1,6178,-10.0
ppo,1,6179,-10.0
ppo,1,6181,-10.0
ppo,1,6182,-10.0
ppo,1,6183,-10.0
ppo,1,6185,-10.0
ppo,1,6186,-10.0
ppo,1,6188,-10.0
ppo,1,6189,-10.0
ppo,1,6190,-10.0
ppo,1,6191,-10.0
ppo,1,6192,-10.0
ppo,1,6193,-10.0
ppo,1,6196,-10.0
ppo,1,6197,-10.0
ppo,1,6199,-10.0
ppo,1,6200,-10.0
ppo,1,6201,-10.0
ppo,1,6203,-10.0
ppo,1,6204,-10.0
ppo,1,6206,-10.0
ppo,1,6207,-10.0
ppo,1,6208,-10.0
ppo,1,6209,-10.0
ppo,1,6211,-10.0
ppo,1,6212,-10.0
ppo,1,6215,-10.0
ppo,1,6216,-10.0
ppo,1,6217,-10.0
ppo,1,6218,-54.9
ppo,1,6219,-10.0
ppo,1,6220,-10.0
ppo,1,6221,-10.0
ppo,1,6224,-10.0
ppo,1,6225,-10.0
ppo,1,6228,-10.0
ppo,1,6230,-10.0
ppo,1,6231,-10.0
ppo,1,6232,-10.0
ppo,1,6233,-10.0
ppo,1,6234,-41.4
ppo,1,6235,-10.0
ppo,1,6236,-10.0
ppo,1,6238,-10.0
ppo,1,6239,-10.0
ppo,1,6241,-10.0
ppo,1,6244,-10.0
ppo,1,6245,-10.0
ppo,1,6246,-10.0
ppo,1,6249,-10.0
ppo,1,6252,-10.0
ppo,1,6254,-10.0
ppo,1,6255,-10.0
ppo,1,6257,-10.0
ppo,1,6258,-10.0
ppo,1,6260,-10.0
ppo,1,6261,-10.0
ppo,1,6262,-10.0
ppo,1,6264,-10.0
ppo,1,6267,-10.0
ppo,1,6269,-10.0
ppo,1,6270,-10.0
ppo,1,6271,-10.0
ppo,1,6272,-10.0
ppo,1,6274,-10.0
ppo,1,6276,-10.0
ppo,1,6278,-10.0
ppo,1,6281,-10.0
ppo,1,6283,-10.0
ppo,1,6285,-10.0
ppo,1,6287,-10.0
ppo,1,6288,-10.0
ppo,1,6289,-10.0
ppo,1,6290,-10.0
ppo,1,6292,-10.0
ppo,1,6293,-10.0
ppo,1,6294,-10.0
ppo,1,6295,-10.0
ppo,1,6296,-10.0
ppo,1,6299,-10.0
ppo,1,6301,-10.0
ppo,1,6303,-10.0
ppo,1,6306,-10.0
ppo,1,6307,-10.0
ppo,1,6308,-10.0
ppo,1,6311,-10.0
ppo,1,6312,-10.0
ppo,1,6314,-10.0
ppo,1,6315,-10.0
ppo,1,6318,-10.0
ppo,1,6319,-10.0
ppo,1,6320,-10.0
ppo,1,6321,-10.0
ppo,1,6322,-10.0
ppo,1,6323,-10.0
ppo,1,6325,-10.0
ppo,1,6326,-10.0
ppo,1,6327,-10.0
ppo,1,6329,-10.0
ppo,1,6330,-10.0
ppo,1,6331,-10.0
ppo,1,6333,-10.0
ppo,1,6334,-10.0
ppo,1,6337,-10.0
ppo,1,6339,-10.0
ppo,1,6340,-10.0
ppo,1,6341,-10.0
ppo,1,6342,-10.0
ppo,1,6344,-10.0
ppo,1,6345,-10.0
ppo,1,6347,-10.0
ppo,1,6348,-10.0
ppo,1,6349,-10.0
ppo,1,6350,-10.0
ppo,1,6352,-10.0
ppo,1,6354,-10.0
ppo,1,6355,-10.0
ppo,1,6359,-10.0
ppo,1,6360,-10.0
ppo,1,6361,-10.0
ppo,1,6363,-10.0
ppo,1,6365,-10.0
ppo,1,6368,-10.0
ppo,1,6369,-10.0
ppo,1,6370,-10.0
ppo,1,6371,-10.0
ppo,1,6372,-10.0
ppo,1,6373,-10.0
ppo,1,6375,-10.0
ppo,1,6376,-10.0
ppo,1,6377,-10.0
ppo,1,6381,-10.0
ppo,1,6383,-10.0
ppo,1,6385,-10.0
ppo,1,6387,-10.0
ppo,1,6388,-10.0
ppo,1,6389,-10.0
ppo,1,6391,-10.0
ppo,1,6393,-10.0
ppo,1,6397,-10.0
ppo,1,6398,-10.0
ppo,1,6399,-10.0
ppo,1,6400,-10.0
ppo,1,6401,-10.0
ppo,1,6402,-10.0
ppo,1,6403,-10.0
ppo,1,6405,-10.0
ppo,1,6408,-10.0
ppo,1,6409,-10.0
ppo,1,6411,-10.0
ppo,1,6414,-10.0
ppo,1,6415,-10.0
ppo,1,6416,-10.0
ppo,1,6418,-10.0
ppo,1,6422,-10.0
ppo,1,6423,-10.0
ppo,1,6424,-10.0
ppo,1,6425,-10.0
ppo,1,6426,-10.0
ppo,1,6427,-10.0
ppo,1,6431,-10.0
ppo,1,6433,-10.0
ppo,1,6437,-10.0
ppo,1,6440,-10.0
ppo,1,6444,-10.0
ppo,1,6445,-10.0
ppo,1,6447,-10.0
ppo,1,6452,-10.0
ppo,1,6455,-10.0
ppo,1,6456,-10.0
ppo,1,6457,-10.0
ppo,1,6458,-10.0
ppo,1,6459,-10.0
ppo,1,6461,-10.0
ppo,1,6462,-10.0
ppo,1,6465,-10.0
ppo,1,6466,-10.0
ppo,1,6467,-53.7
ppo,1,6468,-10.0
ppo,1,6471,-10.0
ppo,1,6473,-10.0
ppo,1,6474,-10.0
ppo,1,6475,-10.0
ppo,1,6477,-10.0
ppo,1,6478,-10.0
ppo,1,6479,-10.0
ppo,1,6480,-10.0
ppo,1,6484,-10.0
ppo,1,6485,-10.0
ppo,1,6486,-10.0
ppo,1,6487,-10.0
ppo,1,6488,-10.0
ppo,1,6490,-10.0
ppo,1,6491,-10.0
ppo,1,6493,-10.0
ppo,1,6494,-10.0
ppo,1,6495,-10.0
ppo,1,6496,-10.0
ppo,1,6497,-10.0
ppo,1,6498,-10.0
ppo,1,6499,-10.0
ppo,1,6500,-10.0
ppo,1,6501,-10.0
ppo,1,6502,-10.0
ppo,1,6506,-10.0
ppo,1,6509,-10.0
ppo,1,6510,-10.0
ppo,1,6512,-10.0
ppo,1,6515,-10.0
ppo,1,6519,-10.0
ppo,1,6520,-10.0
ppo,1,6521,-10.0
ppo,1,6522,-10.0
ppo,1,6524,-10.0
ppo,1,6525,-10.0
ppo,1,6526,-10.0
ppo,1,6528,-10.0
ppo,1,6530,-10.0
ppo,1,6534,-10.0
ppo,1,6536,-10.0
ppo,1,6537,-10.0
ppo,1,6538,-10.0
ppo,1,6540,-10.0
ppo,1,6542,-10.0
ppo,1,6543,-10.0
ppo,1,6544,-10.0
ppo,1,6545,-10.0
ppo,1,6546,-10.0
ppo,1,6548,-10.0
ppo,1,6550,-10.0
ppo,1,6552,-10.0
ppo,1,6554,-10.0
ppo,1,6556,-10.0
ppo,1,6557,-10.0
ppo,1,6561,-10.0
ppo,1,6562,-10.0
ppo,1,6563,-10.0
ppo,1,6564,-10.0
ppo,1,6565,-10.0
ppo,1,6566,-10.0
ppo,1,6567,-10.0
ppo,1,6568,-10.0
ppo,1,6569,-10.0
ppo,1,6570,-10.0
ppo,1,6571,-10.0
ppo,1,6572,-10.0
ppo,1,6575,-10.0
ppo,1,6578,-10.0
ppo,1,6580,-10.0
ppo,1,6581,-10.0
ppo,1,6582,-10.0
ppo,1,6583,-10.0
ppo,1,6586,-10.0
ppo,1,6588,-10.0
ppo,1,6589,-10.0
ppo,1,6590,-10.0
ppo,1,6591,-10.0
ppo,1,6595,-10.0
ppo,1,6596,-10.0
ppo,1,6597,-10.0
ppo,1,6601,-10.0
ppo,1,6603,-10.0
ppo,1,6604,-10.0
ppo,1,6606,-10.0
ppo,1,6607,-10.0
ppo,1,6608,-10.0
ppo,1,6609,-10.0
ppo,1,6610,-10.0
ppo,1,6613,-10.0
ppo,1,6615,-10.0
ppo,1,6616,-10.0
ppo,1,6617,-10.0
ppo,1,6619,-10.0
ppo,1,6620,-10.0
ppo,1,6621,-10.0
ppo,1,6622,-10.0
ppo,1,6623,-10.0
ppo,1,6624,-10.0
ppo,1,6625,-10.0
ppo,1,6627,-10.0
ppo,1,6629,-10.0
ppo,1,6630,-10.0
ppo,1,6631,-10.0
ppo,1,6632,-10.0
ppo,1,6633,-10.0
ppo,1,6634,-10.0
ppo,1,6635,-10.0
ppo,1,6637,-10.0
ppo,1,6639,-10.0
ppo,1,6640,-10.0
ppo,1,6641,-10.0
ppo,1,6642,-10.0
ppo,1,6644,-10.0
ppo,1,6648,-10.0
ppo,1,6654,-10.0
ppo,1,6655,-10.0
ppo,1,6656,-10.0
ppo,1,6658,-10.0
ppo,1,6660,-10.0
ppo,1,6661,-10.0
ppo,1,6664,-10.0
ppo,1,6665,-10.0
ppo,1,6666,-10.0
ppo,1,6667,-10.0
ppo,1,6668,-10.0
ppo,1,6669,-10.0
ppo,1,6670,-10.0
ppo,1,6671,-10.0
ppo,1,6672,-10.0
ppo,1,6673,-10.0
ppo,1,6675,-10.0
ppo,1,6676,-10.0
ppo,1,6677,-10.0
ppo,1,6680,-10.0
ppo,1,6683,-10.0
ppo,1,6684,-10.0
ppo,1,6687,-10.0
ppo,1,6689,-10.0
ppo,1,6690,-10.0
ppo,1,6691,-10.0
ppo,1,6692,-10.0
ppo,1,6693,-10.0
ppo,1,6694,-10.0
ppo,1,6697,-10.0
ppo,1,6698,-10.0
ppo,1,6699,-10.0
ppo,1,6700,-10.0
ppo,1,6703,-10.0
ppo,1,6704,-10.0
ppo,1,6705,-10.0
ppo,1,6708,-10.0
ppo,1,6710,-10.0
ppo,1,6711,-10.0
ppo,1,6714,-10.0
ppo,1,6715,-10.0
ppo,1,6716,-10.0
ppo,1,6717,-10.0
ppo,1,6719,-10.0
ppo,1,6720,-10.0
ppo,1,6723,-10.0
ppo,1,6724,-10.0
ppo,1,6729,-10.0
ppo,1,6730,-10.0
ppo,1,6731,-10.0
ppo,1,6732,-10.0
ppo,1,6733,-10.0
ppo,1,6736,-10.0
ppo,1,6738,-10.0
ppo,1,6741,-10.0
ppo,1,6742,-10.0
ppo,1,6743,-10.0
ppo,1,6745,-10.0
ppo,1,6746,-10.0
ppo,1,6748,-10.0
ppo,1,6749,-10.0
ppo,1,6751,-10.0
ppo,1,6752,-10.0
ppo,1,6753,-10.0
ppo,1,6754,-10.0
ppo,1,6755,-10.0
ppo,1,6757,-30.6
ppo,1,6759,-10.0
ppo,1,6760,-10.0
ppo,1,6761,-10.0
ppo,1,6762,-10.0
ppo,1,6764,-10.0
ppo,1,6768,-10.0
ppo,1,6770,-10.0
ppo,1,6771,-10.0
ppo,1,6772,-10.0
ppo,1,6773,-10.0
ppo,1,6779,-10.0
ppo,1,6781,-10.0
ppo,1,6783,-10.0
ppo,1,6785,-47.4
ppo,1,6786,-10.0
ppo,1,6788,-10.0
ppo,1,6790,-10.0
ppo,1,6791,-10.0
ppo,1,6792,-10.0
ppo,1,6793,-10.0
ppo,1,6795,-10.0
ppo,1,6796,-10.0
ppo,1,6798,-10.0
ppo,1,6799,-10.0
ppo,1,6800,-10.0
ppo,1,6802,-10.0
ppo,1,6803,-10.0
ppo,1,6804,-10.0
ppo,1,6805,-10.0
ppo,1,6806,-10.0
ppo,1,6807,-10.0
ppo,1,6811,-10.0
ppo,1,6812,-10.0
ppo,1,6814,-10.0
ppo,1,6816,-10.0
ppo,1,6817,-10.0
ppo,1,6819,-10.0
ppo,1,6823,-10.0
ppo,1,6824,-42.3
ppo,1,6829,-10.0
ppo,1,6831,-10.0
ppo,1,6832,-10.0
ppo,1,6833,-10.0
ppo,1,6837,-10.0
ppo,1,6841,-10.0
ppo,1,6842,-10.0
ppo,1,6843,-10.0
ppo,1,6844,-10.0
ppo,1,6848,-10.0
ppo,1,6849,-10.0
ppo,1,6853,-10.0
ppo,1,6855,-10.0
ppo,1,6856,-10.0
ppo,1,6857,-10.0
ppo,1,6858,-10.0
ppo,1,6859,-10.0
ppo,1,6860,-10.0
ppo,1,6861,-10.0
ppo,1,6863,-10.0
ppo,1,6865,-10.0
ppo,1,6868,-10.0
ppo,1,6869,-10.0
ppo,1,6870,-10.0
ppo,1,6871,-10.0
ppo,1,6872,-10.0
ppo,1,6874,-10.0
ppo,1,6875,-10.0
ppo,1,6876,-10.0
ppo,1,6877,-10.0
ppo,1,6878,-10.0
ppo,1,6879,-10.0
ppo,1,6880,-10.0
ppo,1,6881,-10.0
ppo,1,6883,-10.0
ppo,1,6884,-10.0
ppo,1,6885,-10.0
ppo,1,6886,-10.0
ppo,1,6888,-10.0
ppo,1,6889,-10.0
ppo,1,6890,-10.0
ppo,1,6891,-10.0
ppo,1,6893,-10.0
ppo,1,6894,-10.0
ppo,1,6896,-10.0
ppo,1,6900,-10.0
ppo,1,6901,-10.0
ppo,1,6902,-10.0
ppo,1,6904,-10.0
ppo,1,6905,-10.0
ppo,1,6906,-10.0
ppo,1,6907,-10.0
ppo,1,6908,-10.0
ppo,1,6909,-10.0
ppo,1,6911,-10.0
ppo,1,6914,-10.0
ppo,1,6916,-10.0
ppo,1,6917,-10.0
ppo,1,6918,-10.0
ppo,1,6919,-10.0
ppo,1,6920,-10.0
ppo,1,6924,-10.0
ppo,1,6927,-10.0
ppo,1,6928,-10.0
ppo,1,6929,-10.0
ppo,1,6930,-10.0
ppo,1,6931,-10.0
ppo,1,6932,-10.0
ppo,1,6936,-10.0
ppo,1,6938,-10.0
ppo,1,6939,-10.0
ppo,1,6940,-10.0
ppo,1,6941,-10.0
ppo,1,6942,-10.0
ppo,1,6943,-10.0
ppo,1,6945,-10.0
ppo,1,6946,-10.0
ppo,1,6947,-10.0
ppo,1,6948,-10.0
ppo,1,6952,-10.0
ppo,1,6953,-10.0
ppo,1,6955,-10.0
ppo,1,6956,-10.0
ppo,1,6958,-10.0
ppo,1,6959,-10.0
ppo,1,6961,-10.0
ppo,1,6962,-40.2
ppo,1,6964,-10.0
ppo,1,6966,-10.0
ppo,1,6967,-10.0
ppo,1,6969,-10.0
ppo,1,6975,-10.0
ppo,1,6976,-10.0
ppo,1,6978,-10.0
ppo,1,6979,-10.0
ppo,1,6980,-10.0
ppo,1,6982,-10.0
ppo,1,6983,-10.0
ppo,1,6984,-10.0
ppo,1,6986,-10.0
ppo,1,6987,-10.0
ppo,1,6988,-10.0
ppo,1,6989,-10.0
ppo,1,6990,-10.0
ppo,1,6991,-10.0
ppo,1,6992,-10.0
ppo,1,6994,-10.0
ppo,1,6995,-10.0
ppo,1,6996,-10.0
ppo,1,6997,-10.0
ppo,1,6998,-10.0
ppo,1,7001,-10.0
ppo,1,7002,-10.0
ppo,1,7003,-46.8
ppo,1,7004,-10.0
ppo,1,7005,-10.0
ppo,1,7006,-10.0
ppo,1,7007,-10.0
ppo,1,7008,-10.0
ppo,1,7011,-10.0
ppo,1,7012,-10.0
ppo,1,7015,-10.0
ppo,1,7016,-10.0
ppo,1,7019,-10.0
ppo,1,7020,-10.0
ppo,1,7022,-10.0
ppo,1,7023,-10.0
ppo,1,7024,-10.0
ppo,1,7026,-10.0
ppo,1,7027,-10.0
ppo,1,7029,-10.0
ppo,1,7032,-10.0
ppo,1,7033,-10.0
ppo,1,7034,-10.0
ppo,1,7035,-10.0
ppo,1,7036,-10.0
ppo,1,7038,-10.0
ppo,1,7039,-10.0
ppo,1,7041,-10.0
ppo,1,7042,-10.0
ppo,1,7043,-10.0
ppo,1,7044,-35.1
ppo,1,7045,-10.0
ppo,1,7046,-10.0
ppo,1,7047,-10.0
ppo,1,7048,-10.0
ppo,1,7049,-10.0
ppo,1,7050,-10.0
ppo,1,7051,-10.0
ppo,1,7052,-10.0
ppo,1,7053,-10.0
ppo,1,7054,-10.0
ppo,1,7055,-10.0
ppo,1,7057,-10.0
ppo,1,7060,-10.0
ppo,1,7061,-10.0
ppo,1,7063,-10.0
ppo,1,7065,-10.0
ppo,1,7066,-10.0
ppo,1,7069,-10.0
ppo,1,7070,-10.0
ppo,1,7071,-10.0
ppo,1,7072,-10.0
ppo,1,7073,-10.0
ppo,1,7077,-10.0
ppo,1,7078,-10.0
ppo,1,7079,-10.0
ppo,1,7080,-10.0
ppo,1,7081,-10.0
ppo,1,7082,-10.0
ppo,1,7083,-10.0
ppo,1,7084,-10.0
ppo,1,7085,-10.0
ppo,1,7087,-10.0
ppo,1,7092,-10.0
ppo,1,7094,-10.0
ppo,1,7095,-10.0
ppo,1,7096,-10.0
ppo,1,7097,-10.0
ppo,1,7098,-10.0
ppo,1,7100,-10.0
ppo,1,7102,-10.0
ppo,1,7103,-10.0
ppo,1,7104,-10.0
ppo,1,7105,-10.0
ppo,1,7106,-10.0
ppo,1,7108,-10.0
ppo,1,7111,-86.4
ppo,1,7112,-10.0
ppo,1,7113,-10.0
ppo,1,7116,-10.0
ppo,1,7118,-10.0
ppo,1,7119,-10.0
ppo,1,7120,-10.0
ppo,1,7126,-10.0
ppo,1,7127,-10.0
ppo,1,7129,-10.0
ppo,1,7130,-10.0
ppo,1,7134,-10.0
ppo,1,7135,-10.0
ppo,1,7136,-10.0
ppo,1,7138,-10.0
ppo,1,7139,-10.0
ppo,1,7141,-10.0
ppo,1,7144,-10.0
ppo,1,7145,-10.0
ppo,1,7149,-10.0
ppo,1,7150,-10.0
ppo,1,7153,-10.0
ppo,1,7154,-10.0
ppo,1,7155,-10.0
ppo,1,7156,-10.0
ppo,1,7159,-10.0
ppo,1,7160,-10.0
ppo,1,7161,-10.0
ppo,1,7162,-10.0
ppo,1,7164,-10.0
ppo,1,7165,-10.0
ppo,1,7166,-10.0
ppo,1,7167,-10.0
ppo,1,7168,-10.0
ppo,1,7171,-10.0
ppo,1,7174,-10.0
ppo,1,7177,-10.0
ppo,1,7178,-10.0
ppo,1,7180,-10.0
ppo,1,7182,-10.0
ppo,1,7185,-10.0
ppo,1,7186,-10.0
ppo,1,7188,-10.0
ppo,1,7191,-10.0
ppo,1,7193,-10.0
ppo,1,7196,-10.0
ppo,1,7197,-10.0
ppo,1,7199,-10.0
ppo,1,7200,-10.0
ppo,1,7201,-10.0
ppo,1,7202,-10.0
ppo,1,7203,-10.0
ppo,1,7205,-10.0
ppo,1,7208,-10.0
ppo,1,7210,-10.0
ppo,1,7211,-10.0
ppo,1,7213,-10.0
ppo,1,7214,-10.0
ppo,1,7215,-10.0
ppo,1,7216,-10.0
ppo,1,7217,-10.0
ppo,1,7218,-10.0
ppo,1,7219,-10.0
ppo,1,7220,-10.0
ppo,1,7221,-10.0
ppo,1,7222,-10.0
ppo,1,7223,-10.0
ppo,1,7224,-10.0
ppo,1,7228,-10.0
ppo,1,7229,-10.0
ppo,1,7232,-10.0
ppo,1,7233,-10.0
ppo,1,7234,-10.0
ppo,1,7235,-10.0
ppo,1,7236,-10.0
ppo,1,7237,-10.0
ppo,1,7238,-10.0
ppo,1,7240,-10.0
ppo,1,7241,-10.0
ppo,1,7242,-10.0
ppo,1,7243,-10.0
ppo,1,7244,-10.0
ppo,1,7245,-10.0
ppo,1,7248,-10.0
ppo,1,7249,-10.0
ppo,1,7252,-10.0
ppo,1,7253,-10.0
ppo,1,7254,-10.0
ppo,1,7255,-10.0
ppo,1,7256,-10.0
ppo,1,7257,-10.0
ppo,1,7258,-10.0
ppo,1,7259,-10.0
ppo,1,7262,-10.0
ppo,1,7266,-10.0
ppo,1,7267,-10.0
ppo,1,7268,-10.0
ppo,1,7269,-10.0
ppo,1,7270,-10.0
ppo,1,7271,-10.0
ppo,1,7272,-10.0
ppo,1,7273,-10.0
ppo,1,7274,-10.0
ppo,1,7275,-10.0
ppo,1,7276,-10.0
ppo,1,7277,-10.0
ppo,1,7279,-10.0
ppo,1,7281,-10.0
ppo,1,7283,-10.0
ppo,1,7285,-10.0
ppo,1,7286,-10.0
ppo,1,7287,-10.0
ppo,1,7289,-10.0
ppo,1,7290,-10.0
ppo,1,7296,-10.0
ppo,1,7297,-10.0
ppo,1,7298,-10.0
ppo,1,7300,-10.0
ppo,1,7302,-10.0
ppo,1,7303,-45.0
ppo,1,7304,-10.0
ppo,1,7307,-10.0
ppo,1,7309,-10.0
ppo,1,7310,-10.0
ppo,1,7311,-10.0
ppo,1,7312,-10.0
ppo,1,7313,-10.0
ppo,1,7315,-10.0
ppo,1,7316,-10.0
ppo,1,7317,-10.0
ppo,1,7318,-10.0
ppo,1,7319,-10.0
ppo,1,7320,-10.0
ppo,1,7322,-10.0
ppo,1,7323,-10.0
ppo,1,7326,-10.0
ppo,1,7328,-10.0
ppo,1,7331,-10.0
ppo,1,7332,-10.0
ppo,1,7333,-10.0
ppo,1,7334,-10.0
ppo,1,7335,-10.0
ppo,1,7336,-10.0
ppo,1,7338,-10.0
ppo,1,7339,-10.0
ppo,1,7340,-35.1
ppo,1,7342,-10.0
ppo,1,7344,-10.0
ppo,1,7345,-10.0
ppo,1,7346,-10.0
ppo,1,7348,-10.0
ppo,1,7350,-10.0
ppo,1,7351,-10.0
ppo,1,7353,-10.0
ppo,1,7354,-10.0
ppo,1,7357,-10.0
ppo,1,7359,-10.0
ppo,1,7360,-10.0
ppo,1,7361,-10.0
ppo,1,7363,-10.0
ppo,1,7364,-10.0
ppo,1,7366,-10.0
ppo,1,7368,-10.0
ppo,1,7369,-10.0
ppo,1,7370,-10.0
ppo,1,7371,-10.0
ppo,1,7373,-10.0
ppo,1,7374,-10.0
ppo,1,7376,-10.0
ppo,1,7377,-10.0
ppo,1,7379,-10.0
ppo,1,7380,-10.0
ppo,1,7381,-10.0
ppo,1,7382,-10.0
ppo,1,7383,-10.0
ppo,1,7386,-10.0
ppo,1,7387,-10.0
ppo,1,7388,-10.0
ppo,1,7390,-10.0
ppo,1,7391,-10.0
ppo,1,7392,-10.0
ppo,1,7394,-10.0
ppo,1,7396,-10.0
ppo,1,7398,-10.0
ppo,1,7399,-10.0
ppo,1,7401,-10.0
ppo,1,7402,-10.0
ppo,1,7403,-10.0
ppo,1,7404,-10.0
ppo,1,7407,-10.0
ppo,1,7411,-10.0
ppo,1,7412,-10.0
ppo,1,7414,-10.0
ppo,1,7417,-10.0
ppo,1,7419,-10.0
ppo,1,7420,-10.0
ppo,1,7421,-10.0
ppo,1,7422,-10.0
ppo,1,7423,-10.0
ppo,1,7427,-10.0
ppo,1,7428,-10.0
ppo,1,7429,-10.0
ppo,1,7430,-10.0
ppo,1,7431,-10.0
ppo,1,7432,-10.0
ppo,1,7434,-10.0
ppo,1,7438,-10.0
ppo,1,7440,-10.0
ppo,1,7441,-10.0
ppo,1,7442,-10.0
ppo,1,7443,-10.0
ppo,1,7445,-10.0
ppo,1,7446,-10.0
ppo,1,7447,-10.0
ppo,1,7448,-10.0
ppo,1,7450,-10.0
ppo,1,7451,-10.0
ppo,1,7452,-10.0
ppo,1,7453,-10.0
ppo,1,7454,-10.0
ppo,1,7455,-10.0
ppo,1,7456,-10.0
ppo,1,7457,-10.0
ppo,1,7458,-10.0
ppo,1,7462,-10.0
ppo,1,7464,-10.0
ppo,1,7465,-10.0
ppo,1,7466,-10.0
ppo,1,7467,-25.8
ppo,1,7468,-10.0
ppo,1,7469,-10.0
ppo,1,7470,-10.0
ppo,1,7471,-10.0
ppo,1,7472,-10.0
ppo,1,7474,-10.0
ppo,1,7476,-10.0
ppo,1,7478,-10.0
ppo,1,7479,-10.0
ppo,1,7483,-10.0
ppo,1,7485,-10.0
ppo,1,7490,-10.0
ppo,1,7492,-10.0
ppo,1,7493,-10.0
ppo,1,7494,-10.0
ppo,1,7496,-10.0
ppo,1,7499,-10.0
ppo,1,7502,-10.0
ppo,1,7503,-10.0
ppo,1,7505,-10.0
ppo,1,7506,-10.0
ppo,1,7508,-10.0
ppo,1,7509,-10.0
ppo,1,7510,-10.0
ppo,1,7511,-10.0
ppo,1,7512,-10.0
ppo,1,7514,-10.0
ppo,1,7515,-10.0
ppo,1,7517,-10.0
ppo,1,7518,-10.0
ppo,1,7519,-10.0
ppo,1,7526,-10.0
ppo,1,7527,-10.0
ppo,1,7528,-10.0
ppo,1,7529,-10.0
ppo,1,7530,-10.0
ppo,1,7532,-10.0
ppo,1,7533,-30.9
ppo,1,7534,-10.0
ppo,1,7537,-10.0
ppo,1,7539,-10.0
ppo,1,7540,-10.0
ppo,1,7543,-10.0
ppo,1,7544,-10.0
ppo,1,7546,-10.0
ppo,1,7548,-10.0
ppo,1,7550,-10.0
ppo,1,7554,-10.0
ppo,1,7555,-10.0
ppo,1,7556,-10.0
ppo,1,7558,-10.0
ppo,1,7560,-10.0
ppo,1,7563,-10.0
ppo,1,7564,-10.0
ppo,1,7565,-10.0
ppo,1,7569,-10.0
ppo,1,7570,-10.0
ppo,1,7573,-10.0
ppo,1,7574,-10.0
ppo,1,7576,-10.0
ppo,1,7578,-10.0
ppo,1,7582,-10.0
ppo,1,7585,-10.0
ppo,1,7586,-10.0
ppo,1,7587,-10.0
ppo,1,7588,-10.0
ppo,1,7589,-10.0
ppo,1,7590,-10.0
ppo,1,7591,-10.0
ppo,1,7595,-10.0
ppo,1,7597,-10.0
ppo,1,7600,-10.0
ppo,1,7602,-10.0
ppo,1,7603,-10.0
ppo,1,7605,-10.0
ppo,1,7606,-10.0
ppo,1,7607,-10.0
ppo,1,7609,-10.0
ppo,1,7610,-10.0
ppo,1,7612,-10.0
ppo,1,7614,-10.0
ppo,1,7616,-10.0
ppo,1,7617,-10.0
ppo,1,7619,-10.0
ppo,1,7620,-10.0
ppo,1,7621,-10.0
ppo,1,7622,-10.0
ppo,1,7624,-10.0
ppo,1,7626,-10.0
ppo,1,7627,-10.0
ppo,1,7628,-10.0
ppo,1,7629,-10.0
ppo,1,7631,-10.0
ppo,1,7632,-10.0
ppo,1,7633,-10.0
ppo,1,7637,-10.0
ppo,1,7639,-35.4
ppo,1,7642,-30.0
ppo,1,7643,-10.0
ppo,1,7644,-10.0
ppo,1,7645,-10.0
ppo,1,7646,-10.0
ppo,1,7647,-10.0
ppo,1,7648,-10.0
ppo,1,7651,-10.0
ppo,1,7653,-10.0
ppo,1,7655,-10.0
ppo,1,7656,-10.0
ppo,1,7657,-10.0
ppo,1,7658,-10.0
ppo,1,7659,-10.0
ppo,1,7660,-10.0
ppo,1,7661,-10.0
ppo,1,7662,-10.0
ppo,1,7664,-10.0
ppo,1,7665,-10.0
ppo,1,7666,-10.0
ppo,1,7667,-10.0
ppo,1,7668,-10.0
ppo,1,7669,-10.0
ppo,1,7670,-10.0
ppo,1,7672,-10.0
ppo,1,7674,-10.0
ppo,1,7676,-10.0
ppo,1,7678,-10.0
ppo,1,7679,-10.0
ppo,1,7680,-10.0
ppo,1,7681,-10.0
ppo,1,7682,-10.0
ppo,1,7683,-10.0
ppo,1,7684,-10.0
ppo,1,7685,-10.0
ppo,1,7687,-10.0
ppo,1,7690,-10.0
ppo,1,7691,-10.0
ppo,1,7692,-10.0
ppo,1,7693,-10.0
ppo,1,7694,-10.0
ppo,1,7695,-10.0
ppo,1,7696,-10.0
ppo,1,7697,-10.0
ppo,1,7698,-10.0
ppo,1,7699,-10.0
ppo,1,7701,-10.0
ppo,1,7702,-10.0
ppo,1,7705,-10.0
ppo,1,7707,-10.0
ppo,1,7708,-10.0
ppo,1,7711,-10.0
ppo,1,7712,-10.0
ppo,1,7713,-10.0
ppo,1,7714,-10.0
ppo,1,7715,-10.0
ppo,1,7717,-10.0
ppo,1,7718,-10.0
ppo,1,7720,-10.0
ppo,1,7722,-10.0
ppo,1,7723,-10.0
ppo,1,7724,-10.0
ppo,1,7726,-28.5
ppo,1,7727,-10.0
ppo,1,7728,-10.0
ppo,1,7731,-10.0
ppo,1,7733,-10.0
ppo,1,7734,-10.0
ppo,1,7736,-10.0
ppo,1,7737,-10.0
ppo,1,7738,-10.0
ppo,1,7739,-10.0
ppo,1,7742,-10.0
ppo,1,7743,-10.0
ppo,1,7745,-10.0
ppo,1,7747,-10.0
ppo,1,7750,-10.0
ppo,1,7751,-10.0
ppo,1,7753,-10.0
ppo,1,7754,-10.0
ppo,1,7755,-10.0
ppo,1,7758,-10.0
ppo,1,7760,-10.0
ppo,1,7761,-10.0
ppo,1,7762,-10.0
ppo,1,7767,-10.0
ppo,1,7769,-10.0
ppo,1,7771,-10.0
ppo,1,7772,-10.0
ppo,1,7773,-10.0
ppo,1,7775,-10.0
ppo,1,7776,-10.0
ppo,1,7777,-10.0
ppo,1,7778,-10.0
ppo,1,7779,-10.0
ppo,1,7781,-10.0
ppo,1,7782,-10.0
ppo,1,7785,-10.0
ppo,1,7788,-10.0
ppo,1,7791,-10.0
ppo,1,7792,-10.0
ppo,1,7795,-10.0
ppo,1,7797,-10.0
ppo,1,7798,-10.0
ppo,1,7799,-10.0
ppo,1,7802,-10.0
ppo,1,7803,-10.0
ppo,1,7806,-10.0
ppo,1,7808,-10.0
ppo,1,7810,-10.0
ppo,1,7811,-47.4
ppo,1,7812,-10.0
ppo,1,7813,-10.0
ppo,1,7814,-10.0
ppo,1,7815,-10.0
ppo,1,7819,-10.0
ppo,1,7822,-10.0
ppo,1,7823,-10.0
ppo,1,7824,-10.0
ppo,1,7826,-10.0
ppo,1,7827,-10.0
ppo,1,7828,-10.0
ppo,1,7829,-10.0
ppo,1,7831,-10.0
ppo,1,7833,-10.0
ppo,1,7834,-10.0
ppo,1,7836,-10.0
ppo,1,7838,-10.0
ppo,1,7839,-10.0
ppo,1,7840,-10.0
ppo,1,7841,-10.0
ppo,1,7842,-10.0
ppo,1,7843,-10.0
ppo,1,7849,-10.0
ppo,1,7850,-10.0
ppo,1,7851,-10.0
ppo,1,7852,-10.0
ppo,1,7854,-10.0
ppo,1,7855,-10.0
ppo,1,7857,-10.0
ppo,1,7858,-10.0
ppo,1,7860,-10.0
ppo,1,7861,-10.0
ppo,1,7862,-10.0
ppo,1,7863,-10.0
ppo,1,7865,-10.0
ppo,1,7868,-10.0
ppo,1,7869,-10.0
ppo,1,7870,-10.0
ppo,1,7871,-10.0
ppo,1,7872,-10.0
ppo,1,7873,-10.0
ppo,1,7876,-10.0
ppo,1,7877,-10.0
ppo,1,7881,-10.0
ppo,1,7882,-10.0
ppo,1,7883,-10.0
ppo,1,7884,-10.0
ppo,1,7885,-10.0
ppo,1,7887,-10.0
ppo,1,7888,-10.0
ppo,1,7889,-10.0
ppo,1,7890,-10.0
ppo,1,7891,-10.0
ppo,1,7894,-10.0
ppo,1,7895,-10.0
ppo,1,7897,-10.0
ppo,1,7898,-10.0
ppo,1,7900,-10.0
ppo,1,7902,-10.0
ppo,1,7903,-10.0
ppo,1,7904,-10.0
ppo,1,7905,-10.0
ppo,1,7906,-10.0
ppo,1,7907,-10.0
ppo,1,7908,-10.0
ppo,1,7909,-10.0
ppo,1,7912,-10.0
ppo,1,7914,-10.0
ppo,1,7915,-10.0
ppo,1,7917,-10.0
ppo,1,7919,-10.0
ppo,1,7920,-10.0
ppo,1,7921,-10.0
ppo,1,7923,-10.0
ppo,1,7925,-10.0
ppo,1,7926,-10.0
ppo,1,7929,-10.0
ppo,1,7930,-10.0
ppo,1,7931,-10.0
ppo,1,7933,-10.0
ppo,1,7934,-10.0
ppo,1,7935,-10.0
ppo,1,7936,-10.0
ppo,1,7937,-10.0
ppo,1,7938,-10.0
ppo,1,7939,-10.0
ppo,1,7942,-10.0
ppo,1,7944,-10.0
ppo,1,7945,-10.0
ppo,1,7949,-10.0
ppo,1,7950,-10.0
ppo,1,7951,-10.0
ppo,1,7952,-10.0
ppo,1,7954,-10.0
ppo,1,7955,-10.0
ppo,1,7956,-10.0
ppo,1,7959,-10.0
ppo,1,7960,-10.0
ppo,1,7961,-10.0
ppo,1,7962,-10.0
ppo,1,7963,-10.0
ppo,1,7964,-10.0
ppo,1,7965,-10.0
ppo,1,7970,-10.0
ppo,1,7975,-10.0
ppo,1,7976,-10.0
ppo,1,7977,-10.0
ppo,1,7978,-10.0
ppo,1,7979,-10.0
ppo,1,7980,-31.2
ppo,1,7981,-10.0
ppo,1,7982,-10.0
ppo,1,7983,-10.0
ppo,1,7984,-10.0
ppo,1,7985,-10.0
ppo,1,7988,-10.0
ppo,1,7989,-10.0
ppo,1,7990,-10.0
ppo,1,7991,-10.0
ppo,1,7992,-10.0
ppo,1,7993,-10.0
ppo,1,7994,-10.0
ppo,1,7996,-10.0
ppo,1,7998,-64.5
ppo,1,7999,-10.0
ppo,1,8000,-10.0
ppo,1,8001,-10.0
ppo,1,8002,-10.0
ppo,1,8004,-10.0
ppo,1,8005,-10.0
ppo,1,8007,-10.0
ppo,1,8008,-10.0
ppo,1,8009,-10.0
ppo,1,8010,-10.0
ppo,1,8012,-10.0
ppo,1,8013,-10.0
ppo,1,8017,-10.0
ppo,1,8018,-10.0
ppo,1,8022,-10.0
ppo,1,8027,-10.0
ppo,1,8028,-10.0
ppo,1,8033,-10.0
ppo,1,8035,-10.0
ppo,1,8036,-10.0
ppo,1,8038,-10.0
ppo,1,8041,-10.0
ppo,1,8043,-10.0
ppo,1,8044,-10.0
ppo,1,8045,-10.0
ppo,1,8046,-10.0
ppo,1,8047,-10.0
ppo,1,8049,-10.0
ppo,1,8050,-10.0
ppo,1,8051,-10.0
ppo,1,8052,-10.0
ppo,1,8053,-10.0
ppo,1,8054,-10.0
ppo,1,8055,-10.0
ppo,1,8056,-10.0
ppo,1,8057,-10.0
ppo,1,8058,-10.0
ppo,1,8060,-10.0
ppo,1,8061,-10.0
ppo,1,8062,-10.0
ppo,1,8063,-10.0
ppo,1,8064,-10.0
ppo,1,8065,-10.0
ppo,1,8068,-10.0
ppo,1,8069,-10.0
ppo,1,8070,-10.0
ppo,1,8071,-10.0
ppo,1,8072,-10.0
ppo,1,8073,-10.0
ppo,1,8074,-10.0
ppo,1,8075,-10.0
ppo,1,8076,-10.0
ppo,1,8077,-10.0
ppo,1,8078,-10.0
ppo,1,8081,-10.0
ppo,1,8082,-10.0
ppo,1,8083,-10.0
ppo,1,8084,-10.0
ppo,1,8088,-10.0
ppo,1,8089,-10.0
ppo,1,8090,-10.0
ppo,1,8091,-10.0
ppo,1,8094,-10.0
ppo,1,8096,-10.0
ppo,1,8101,-10.0
ppo,1,8102,-10.0
ppo,1,8103,-10.0
ppo,1,8104,-10.0
ppo,1,8105,-10.0
ppo,1,8107,-10.0
ppo,1,8108,-10.0
ppo,1,8110,-10.0
ppo,1,8113,-10.0
ppo,1,8114,-10.0
ppo,1,8115,-10.0
ppo,1,8116,-10.0
ppo,1,8117,-10.0
ppo,1,8118,-10.0
ppo,1,8119,-10.0
ppo,1,8120,-10.0
ppo,1,8121,-10.0
ppo,1,8122,-10.0
ppo,1,8123,-10.0
ppo,1,8124,-10.0
ppo,1,8126,-10.0
ppo,1,8128,-10.0
ppo,1,8130,-10.0
ppo,1,8132,-10.0
ppo,1,8133,-10.0
ppo,1,8135,-10.0
ppo,1,8136,-10.0
ppo,1,8137,-10.0
ppo,1,8140,-10.0
ppo,1,8144,-10.0
ppo,1,8145,-10.0
ppo,1,8148,-54.3
ppo,1,8149,-10.0
ppo,1,8154,-10.0
ppo,1,8155,-10.0
ppo,1,8161,-10.0
ppo,1,8162,-10.0
ppo,1,8165,-10.0
ppo,1,8166,-10.0
ppo,1,8167,-10.0
ppo,1,8168,-10.0
ppo,1,8169,-10.0
ppo,1,8170,-10.0
ppo,1,8171,-10.0
ppo,1,8172,-10.0
ppo,1,8173,-10.0
ppo,1,8175,-10.0
ppo,1,8177,-10.0
ppo,1,8180,-10.0
ppo,1,8181,-10.0
ppo,1,8183,-10.0
ppo,1,8184,-10.0
ppo,1,8185,-10.0
ppo,1,8186,-10.0
ppo,1,8188,-10.0
ppo,1,8189,-10.0
ppo,1,8191,-10.0
ppo,1,8193,-10.0
ppo,1,8194,-10.0
ppo,1,8195,-10.0
ppo,1,8196,-10.0
ppo,1,8197,-10.0
ppo,1,8199,-10.0
ppo,1,8200,-10.0
ppo,1,8202,-10.0
ppo,1,8203,-10.0
ppo,1,8204,-10.0
ppo,1,8205,-10.0
ppo,1,8206,-10.0
ppo,1,8207,-10.0
ppo,1,8208,-10.0
ppo,1,8209,-10.0
ppo,1,8211,-10.0
ppo,1,8212,-10.0
ppo,1,8213,-10.0
ppo,1,8215,-10.0
ppo,1,8216,-10.0
ppo,1,8217,-10.0
ppo,1,8220,-10.0
ppo,1,8222,-10.0
ppo,1,8223,-10.0
ppo,1,8225,-10.0
ppo,1,8226,-10.0
ppo,1,8228,-10.0
ppo,1,8229,-10.0
ppo,1,8230,-10.0
ppo,1,8231,-10.0
ppo,1,8232,-10.0
ppo,1,8235,-10.0
ppo,1,8240,-10.0
ppo,1,8241,-10.0
ppo,1,8242,-10.0
ppo,1,8243,-10.0
ppo,1,8245,-10.0
ppo,1,8246,-10.0
ppo,1,8248,-10.0
ppo,1,8249,-10.0
ppo,1,8250,-10.0
ppo,1,8251,-10.0
ppo,1,8252,-10.0
ppo,1,8253,-10.0
ppo,1,8254,-10.0
ppo,1,8255,-10.0
ppo,1,8256,-10.0
ppo,1,8257,-10.0
ppo,1,8259,-10.0
ppo,1,8260,-10.0
ppo,1,8261,-10.0
ppo,1,8262,-10.0
ppo,1,8264,-10.0
ppo,1,8265,-10.0
ppo,1,8266,-10.0
ppo,1,8268,-10.0
ppo,1,8269,-10.0
ppo,1,8270,-10.0
ppo,1,8271,-10.0
ppo,1,8273,-10.0
ppo,1,8274,-10.0
ppo,1,8275,-10.0
ppo,1,8276,-10.0
ppo,1,8277,-10.0
ppo,1,8279,-10.0
ppo,1,8280,-10.0
ppo,1,8282,-10.0
ppo,1,8283,-10.0
ppo,1,8284,-10.0
ppo,1,8285,-10.0
ppo,1,8286,-10.0
ppo,1,8288,-10.0
ppo,1,8290,-10.0
ppo,1,8292,-10.0
ppo,1,8294,-10.0
ppo,1,8295,-10.0
ppo,1,8296,-10.0
ppo,1,8297,-10.0
ppo,1,8298,-10.0
ppo,1,8299,-10.0
ppo,1,8301,-10.0
ppo,1,8302,-10.0
ppo,1,8303,-10.0
ppo,1,8304,-10.0
ppo,1,8306,-10.0
ppo,1,8307,-10.0
ppo,1,8312,-10.0
ppo,1,8314,-10.0
ppo,1,8315,-10.0
ppo,1,8316,-10.0
ppo,1,8317,-10.0
ppo,1,8318,-10.0
ppo,1,8319,-10.0
ppo,1,8320,-10.0
ppo,1,8322,-10.0
ppo,1,8323,-10.0
ppo,1,8326,-10.0
ppo,1,8327,-10.0
ppo,1,8329,-10.0
ppo,1,8330,-10.0
ppo,1,8331,-10.0
ppo,1,8332,-10.0
ppo,1,8333,-10.0
ppo,1,8335,-10.0
ppo,1,8336,-10.0
ppo,1,8337,-10.0
ppo,1,8339,-10.0
ppo,1,8341,-10.0
ppo,1,8342,-10.0
ppo,1,8343,-10.0
ppo,1,8345,-10.0
ppo,1,8347,-10.0
ppo,1,8348,-10.0
ppo,1,8351,-10.0
ppo,1,8352,-10.0
ppo,1,8353,-10.0
ppo,1,8354,-10.0
ppo,1,8355,-10.0
ppo,1,8356,-10.0
ppo,1,8357,-10.0
ppo,1,8358,-10.0
ppo,1,8359,-10.0
ppo,1,8362,-10.0
ppo,1,8363,-10.0
ppo,1,8364,-10.0
ppo,1,8365,-10.0
ppo,1,8366,-10.0
ppo,1,8368,-10.0
ppo,1,8370,-10.0
ppo,1,8371,-10.0
ppo,1,8373,-10.0
ppo,1,8374,-10.0
ppo,1,8375,-10.0
ppo,1,8376,-10.0
ppo,1,8377,-10.0
ppo,1,8378,-10.0
ppo,1,8379,-10.0
ppo,1,8380,-10.0
ppo,1,8381,-10.0
ppo,1,8382,-10.0
ppo,1,8383,-10.0
ppo,1,8385,-10.0
ppo,1,8386,-10.0
ppo,1,8387,-10.0
ppo,1,8388,-10.0
ppo,1,8391,-10.0
ppo,1,8392,-10.0
ppo,1,8393,-10.0
ppo,1,8394,-10.0
ppo,1,8395,-10.0
ppo,1,8397,-10.0
ppo,1,8399,-10.0
ppo,1,8400,-10.0
ppo,1,8402,-10.0
ppo,1,8403,-10.0
ppo,1,8405,-10.0
ppo,1,8407,-10.0
ppo,1,8408,-10.0
ppo,1,8409,-10.0
ppo,1,8410,-10.0
ppo,1,8412,-10.0
ppo,1,8414,-10.0
ppo,1,8418,-10.0
ppo,1,8419,-10.0
ppo,1,8420,-10.0
ppo,1,8421,-10.0
ppo,1,8422,-10.0
ppo,1,8423,-10.0
ppo,1,8424,-10.0
ppo,1,8425,-10.0
ppo,1,8426,-10.0
ppo,1,8428,-10.0
ppo,1,8430,-10.0
ppo,1,8431,-10.0
ppo,1,8433,-10.0
ppo,1,8435,-10.0
ppo,1,8436,-10.0
ppo,1,8438,-10.0
ppo,1,8440,-10.0
ppo,1,8441,-10.0
ppo,1,8442,-10.0
ppo,1,8443,-10.0
ppo,1,8444,-10.0
ppo,1,8445,-10.0
ppo,1,8447,-10.0
ppo,1,8448,-10.0
ppo,1,8449,-10.0
ppo,1,8450,-10.0
ppo,1,8453,-10.0
ppo,1,8454,-10.0
ppo,1,8455,-10.0
ppo,1,8456,-10.0
ppo,1,8457,-10.0
ppo,1,8458,-10.0
ppo,1,8462,-10.0
ppo,1,8463,-10.0
ppo,1,8464,-10.0
ppo,1,8465,-10.0
ppo,1,8467,-10.0
ppo,1,8470,-10.0
ppo,1,8471,-10.0
ppo,1,8473,-10.0
ppo,1,8474,-10.0
ppo,1,8475,-10.0
ppo,1,8476,-10.0
ppo,1,8478,-10.0
ppo,1,8479,-10.0
ppo,1,8480,-10.0
ppo,1,8481,-10.0
ppo,1,8482,-10.0
ppo,1,8483,-10.0
ppo,1,8484,-10.0
ppo,1,8486,-10.0
ppo,1,8488,-10.0
ppo,1,8491,-10.0
ppo,1,8493,-10.0
ppo,1,8494,-10.0
ppo,1,8495,-10.0
ppo,1,8497,-10.0
ppo,1,8499,-10.0
ppo,1,8500,-10.0
ppo,1,8501,-10.0
ppo,1,8502,-10.0
ppo,1,8503,-10.0
ppo,1,8504,-10.0
ppo,1,8505,-10.0
ppo,1,8506,-10.0
ppo,1,8508,-10.0
ppo,1,8509,-10.0
ppo,1,8510,-10.0
ppo,1,8512,-10.0
ppo,1,8513,-10.0
ppo,1,8514,-10.0
ppo,1,8515,-10.0
ppo,1,8516,-10.0
ppo,1,8517,-10.0
ppo,1,8518,-10.0
ppo,1,8519,-10.0
ppo,1,8520,-10.0
ppo,1,8521,-10.0
ppo,1,8522,-10.0
ppo,1,8523,-10.0
ppo,1,8524,-10.0
ppo,1,8525,-10.0
ppo,1,8527,-10.0
ppo,1,8530,-10.0
ppo,1,8531,-10.0
ppo,1,8532,-10.0
ppo,1,8533,-10.0
ppo,1,8536,-10.0
ppo,1,8537,-10.0
ppo,1,8540,-10.0
ppo,1,8541,-10.0
ppo,1,8542,-10.0
ppo,1,8544,-10.0
ppo,1,8545,-10.0
ppo,1,8546,-10.0
ppo,1,8547,-10.0
ppo,1,8550,-10.0
ppo,1,8551,-10.0
ppo,1,8552,-10.0
ppo,1,8553,-10.0
ppo,1,8554,-10.0
ppo,1,8555,-10.0
ppo,1,8556,-10.0
ppo,1,8557,-10.0
ppo,1,8558,-10.0
ppo,1,8559,-10.0
ppo,1,8563,-10.0
ppo,1,8566,-10.0
ppo,1,8567,-10.0
ppo,1,8569,-10.0
ppo,1,8570,-10.0
ppo,1,8572,-10.0
ppo,1,8573,-10.0
ppo,1,8575,-10.0
ppo,1,8576,-10.0
ppo,1,8577,-10.0
ppo,1,8580,-10.0
ppo,1,8581,-10.0
ppo,1,8584,-10.0
ppo,1,8586,-10.0
ppo,1,8587,-10.0
ppo,1,8588,-10.0
ppo,1,8590,-10.0
ppo,1,8592,-10.0
ppo,1,8593,-10.0
ppo,1,8594,-10.0
ppo,1,8595,-10.0
ppo,1,8596,-10.0
ppo,1,8597,-10.0
ppo,1,8598,-10.0
ppo,1,8599,-10.0
ppo,1,8601,-10.0
ppo,1,8602,-10.0
ppo,1,8603,-10.0
ppo,1,8604,-10.0
ppo,1,8605,-10.0
ppo,1,8606,-10.0
ppo,1,8607,-10.0
ppo,1,8609,-10.0
ppo,1,8610,-10.0
ppo,1,8611,-10.0
ppo,1,8613,-10.0
ppo,1,8614,-10.0
ppo,1,8615,-10.0
ppo,1,8616,-10.0
ppo,1,8617,-10.0
ppo,1,8618,-10.0
ppo,1,8619,-10.0
ppo,1,8621,-10.0
ppo,1,8622,-10.0
ppo,1,8625,-10.0
ppo,1,8626,-10.0
ppo,1,8627,-10.0
ppo,1,8628,-10.0
ppo,1,8630,-10.0
ppo,1,8631,-10.0
ppo,1,8632,-10.0
ppo,1,8633,-10.0
ppo,1,8636,-10.0
ppo,1,8637,-10.0
ppo,1,8638,-10.0
ppo,1,8641,-10.0
ppo,1,8642,-10.0
ppo,1,8644,-10.0
ppo,1,8645,-46.8
ppo,1,8646,-10.0
ppo,1,8647,-10.0
ppo,1,8648,-10.0
ppo,1,8650,-10.0
ppo,1,8651,-10.0
ppo,1,8652,-10.0
ppo,1,8653,-10.0
ppo,1,8656,-10.0
ppo,1,8657,-10.0
ppo,1,8658,-10.0
ppo,1,8660,-10.0
ppo,1,8661,-10.0
ppo,1,8664,-10.0
ppo,1,8669,-10.0
ppo,1,8671,-10.0
ppo,1,8674,-10.0
ppo,1,8677,-10.0
ppo,1,8678,-10.0
ppo,1,8680,-10.0
ppo,1,8682,-10.0
ppo,1,8683,-10.0
ppo,1,8684,-10.0
ppo,1,8685,-10.0
ppo,1,8686,-10.0
ppo,1,8687,-10.0
ppo,1,8688,-10.0
ppo,1,8691,-10.0
ppo,1,8694,-10.0
ppo,1,8695,-10.0
ppo,1,8696,-10.0
ppo,1,8697,-10.0
ppo,1,8698,-10.0
ppo,1,8699,-10.0
ppo,1,8700,-10.0
ppo,1,8703,-10.0
ppo,1,8704,-10.0
ppo,1,8705,-10.0
ppo,1,8706,-10.0
ppo,1,8707,-10.0
ppo,1,8711,-10.0
ppo,1,8712,-10.0
ppo,1,8713,-10.0
ppo,1,8714,-10.0
ppo,1,8715,-10.0
ppo,1,8716,-10.0
ppo,1,8718,-10.0
ppo,1,8719,-10.0
ppo,1,8724,-10.0
ppo,1,8726,-30.6
ppo,1,8727,-10.0
ppo,1,8728,-10.0
ppo,1,8731,-10.0
ppo,1,8732,-10.0
ppo,1,8734,-10.0
ppo,1,8736,-10.0
ppo,1,8737,-10.0
ppo,1,8740,-10.0
ppo,1,8741,-10.0
ppo,1,8742,-10.0
ppo,1,8743,-10.0
ppo,1,8744,-10.0
ppo,1,8747,-10.0
ppo,1,8748,-10.0
ppo,1,8751,-10.0
ppo,1,8752,-10.0
ppo,1,8754,-10.0
ppo,1,8756,-10.0
ppo,1,8757,-10.0
ppo,1,8758,-10.0
ppo,1,8759,-10.0
ppo,1,8760,-10.0
ppo,1,8761,-10.0
ppo,1,8762,-10.0
ppo,1,8764,-10.0
ppo,1,8766,-10.0
ppo,1,8767,-10.0
ppo,1,8768,-10.0
ppo,1,8771,-10.0
ppo,1,8774,-10.0
ppo,1,8776,-10.0
ppo,1,8777,-10.0
ppo,1,8779,-10.0
ppo,1,8780,-10.0
ppo,1,8781,-10.0
ppo,1,8782,-10.0
ppo,1,8783,-10.0
ppo,1,8787,-10.0
ppo,1,8788,-10.0
ppo,1,8789,-10.0
ppo,1,8790,-10.0
ppo,1,8791,-10.0
ppo,1,8792,-10.0
ppo,1,8793,-10.0
ppo,1,8794,-10.0
ppo,1,8795,-10.0
ppo,1,8796,-10.0
ppo,1,8797,-10.0
ppo,1,8798,-10.0
ppo,1,8799,-10.0
ppo,1,8800,-10.0
ppo,1,8802,-10.0
ppo,1,8803,-10.0
ppo,1,8804,-10.0
ppo,1,8805,-10.0
ppo,1,8808,-10.0
ppo,1,8809,-10.0
ppo,1,8810,-10.0
ppo,1,8813,-10.0
ppo,1,8814,-10.0
ppo,1,8815,-10.0
ppo,1,8819,-10.0
ppo,1,8820,-10.0
ppo,1,8822,-10.0
ppo,1,8824,-10.0
ppo,1,8825,-10.0
ppo,1,8826,-10.0
ppo,1,8827,-10.0
ppo,1,8828,-10.0
ppo,1,8829,-10.0
ppo,1,8830,-10.0
ppo,1,8831,-10.0
ppo,1,8832,-10.0
ppo,1,8833,-10.0
ppo,1,8834,-10.0
ppo,1,8837,-10.0
ppo,1,8838,-10.0
ppo,1,8839,-10.0
ppo,1,8840,-10.0
ppo,1,8842,-10.0
ppo,1,8843,-10.0
ppo,1,8844,-10.0
ppo,1,8846,-10.0
ppo,1,8847,-10.0
ppo,1,8848,-10.0
ppo,1,8849,-10.0
ppo,1,8850,-10.0
ppo,1,8851,-10.0
ppo,1,8852,-10.0
ppo,1,8853,-10.0
ppo,1,8854,-10.0
ppo,1,8855,-10.0
ppo,1,8857,-10.0
ppo,1,8858,-10.0
ppo,1,8859,-10.0
ppo,1,8860,-10.0
ppo,1,8862,-10.0
ppo,1,8863,-10.0
ppo,1,8864,-10.0
ppo,1,8865,-10.0
ppo,1,8866,-10.0
ppo,1,8868,-10.0
ppo,1,8869,-10.0
ppo,1,8870,-10.0
ppo,1,8871,-10.0
ppo,1,8872,-10.0
ppo,1,8874,-10.0
ppo,1,8875,-10.0
ppo,1,8876,-10.0
ppo,1,8878,-10.0
ppo,1,8879,-10.0
ppo,1,8881,-10.0
ppo,1,8885,-10.0
ppo,1,8886,-10.0
ppo,1,8887,-10.0
ppo,1,8888,-10.0
ppo,1,8889,-10.0
ppo,1,8890,-10.0
ppo,1,8892,-10.0
ppo,1,8893,-10.0
ppo,1,8894,-10.0
ppo,1,8896,-10.0
ppo,1,8898,-10.0
ppo,1,8899,-10.0
ppo,1,8902,-10.0
ppo,1,8903,-10.0
ppo,1,8904,-10.0
ppo,1,8906,-10.0
ppo,1,8908,-10.0
ppo,1,8909,-10.0
ppo,1,8910,-10.0
ppo,1,8911,-10.0
ppo,1,8912,-10.0
ppo,1,8913,-10.0
ppo,1,8914,-10.0
ppo,1,8916,-10.0
ppo,1,8918,-10.0
ppo,1,8919,-10.0
ppo,1,8920,-10.0
ppo,1,8922,-10.0
ppo,1,8923,-10.0
ppo,1,8924,-10.0
ppo,1,8925,-10.0
ppo,1,8927,-10.0
ppo,1,8928,-10.0
ppo,1,8929,-10.0
ppo,1,8930,-10.0
ppo,1,8931,-10.0
ppo,1,8932,-10.0
ppo,1,8933,-10.0
ppo,1,8934,-10.0
ppo,1,8935,-10.0
ppo,1,8936,-10.0
ppo,1,8937,-10.0
ppo,1,8940,-10.0
ppo,1,8941,-10.0
ppo,1,8942,-10.0
ppo,1,8944,-10.0
ppo,1,8946,-10.0
ppo,1,8948,-10.0
ppo,1,8950,-10.0
ppo,1,8951,-10.0
ppo,1,8954,-10.0
ppo,1,8955,-10.0
ppo,1,8956,-10.0
ppo,1,8958,-10.0
ppo,1,8959,-10.0
ppo,1,8960,-10.0
ppo,1,8961,-10.0
ppo,1,8962,-10.0
ppo,1,8963,-10.0
ppo,1,8965,-10.0
ppo,1,8967,-10.0
ppo,1,8968,-10.0
ppo,1,8969,-10.0
ppo,1,8972,-10.0
ppo,1,8974,-10.0
ppo,1,8976,-10.0
ppo,1,8977,-10.0
ppo,1,8979,-10.0
ppo,1,8980,-10.0
ppo,1,8981,-10.0
ppo,1,8984,-10.0
ppo,1,8986,-10.0
ppo,1,8987,-10.0
ppo,1,8988,-10.0
ppo,1,8991,-10.0
ppo,1,8992,-10.0
ppo,1,8993,-10.0
ppo,1,8997,-10.0
ppo,1,8998,-10.0
ppo,1,9001,-10.0
ppo,1,9002,-10.0
ppo,1,9003,-10.0
ppo,1,9007,-10.0
ppo,1,9008,-10.0
ppo,1,9010,-10.0
ppo,1,9011,-10.0
ppo,1,9012,-10.0
ppo,1,9014,-10.0
ppo,1,9015,-10.0
ppo,1,9016,-10.0
ppo,1,9019,-10.0
ppo,1,9021,-10.0
ppo,1,9022,-10.0
ppo,1,9023,-10.0
ppo,1,9024,-10.0
ppo,1,9025,-10.0
ppo,1,9026,-10.0
ppo,1,9028,-10.0
ppo,1,9029,-10.0
ppo,1,9030,-10.0
ppo,1,9031,-10.0
ppo,1,9032,-10.0
ppo,1,9033,-10.0
ppo,1,9036,-10.0
ppo,1,9037,-10.0
ppo,1,9039,-10.0
ppo,1,9040,-10.0
ppo,1,9041,-10.0
ppo,1,9043,-10.0
ppo,1,9044,-10.0
ppo,1,9045,-10.0
ppo,1,9047,-10.0
ppo,1,9048,-10.0
ppo,1,9049,-10.0
ppo,1,9050,-10.0
ppo,1,9051,-10.0
ppo,1,9052,-10.0
ppo,1,9053,-10.0
ppo,1,9054,-10.0
ppo,1,9055,-10.0
ppo,1,9056,-10.0
ppo,1,9057,-10.0
ppo,1,9059,-10.0
ppo,1,9060,-10.0
ppo,1,9061,-10.0
ppo,1,9062,-10.0
ppo,1,9063,-10.0
ppo,1,9064,-10.0
ppo,1,9065,-10.0
ppo,1,9066,-10.0
ppo,1,9067,-10.0
ppo,1,9070,-10.0
ppo,1,9071,-10.0
ppo,1,9072,-10.0
ppo,1,9075,-10.0
ppo,1,9077,-10.0
ppo,1,9078,-10.0
ppo,1,9079,-10.0
ppo,1,9081,-10.0
ppo,1,9082,-10.0
ppo,1,9083,-10.0
ppo,1,9084,-10.0
ppo,1,9085,-10.0
ppo,1,9086,-10.0
ppo,1,9087,-10.0
ppo,1,9090,-10.0
ppo,1,9091,-10.0
ppo,1,9092,-10.0
ppo,1,9095,-10.0
ppo,1,9096,-10.0
ppo,1,9097,-10.0
ppo,1,9100,-10.0
ppo,1,9101,-10.0
ppo,1,9104,-10.0
ppo,1,9105,-10.0
ppo,1,9106,-10.0
ppo,1,9107,-10.0
ppo,1,9108,-10.0
ppo,1,9109,-10.0
ppo,1,9110,-10.0
ppo,1,9114,-10.0
ppo,1,9115,-10.0
ppo,1,9116,-10.0
ppo,1,9117,-10.0
ppo,1,9118,-10.0
ppo,1,9121,-10.0
ppo,1,9122,-10.0
ppo,1,9124,-10.0
ppo,1,9125,-10.0
ppo,1,9126,-10.0
ppo,1,9127,-10.0
ppo,1,9128,-10.0
ppo,1,9130,-10.0
ppo,1,9131,-10.0
ppo,1,9135,-10.0
ppo,1,9136,-10.0
ppo,1,9137,-10.0
ppo,1,9138,-10.0
ppo,1,9139,-10.0
ppo,1,9141,-10.0
ppo,1,9142,-10.0
ppo,1,9143,-10.0
ppo,1,9146,-10.0
ppo,1,9147,-10.0
ppo,1,9148,-10.0
ppo,1,9149,-10.0
ppo,1,9150,-10.0
ppo,1,9153,-10.0
ppo,1,9155,-10.0
ppo,1,9156,-10.0
ppo,1,9158,-10.0
ppo,1,9159,-10.0
ppo,1,9160,-10.0
ppo,1,9163,-10.0
ppo,1,9164,-10.0
ppo,1,9166,-10.0
ppo,1,9168,-10.0
ppo,1,9169,-10.0
ppo,1,9170,-10.0
ppo,1,9171,-10.0
ppo,1,9173,-10.0
ppo,1,9175,-10.0
ppo,1,9176,-10.0
ppo,1,9177,-10.0
ppo,1,9178,-10.0
ppo,1,9179,-10.0
ppo,1,9181,-10.0
ppo,1,9182,-10.0
ppo,1,9183,-10.0
ppo,1,9185,-10.0
ppo,1,9187,-10.0
ppo,1,9189,-10.0
ppo,1,9191,-10.0
ppo,1,9192,-10.0
ppo,1,9193,-10.0
ppo,1,9194,-10.0
ppo,1,9195,-10.0
ppo,1,9196,-10.0
ppo,1,9197,-10.0
ppo,1,9198,-10.0
ppo,1,9199,-10.0
ppo,1,9201,-10.0
ppo,1,9204,-10.0
ppo,1,9208,-10.0
ppo,1,9210,-10.0
ppo,1,9211,-10.0
ppo,1,9212,-10.0
ppo,1,9213,-10.0
ppo,1,9214,-56.7
ppo,1,9215,-10.0
ppo,1,9216,-10.0
ppo,1,9217,-10.0
ppo,1,9218,-10.0
ppo,1,9219,-10.0
ppo,1,9220,-10.0
ppo,1,9221,-10.0
ppo,1,9222,-10.0
ppo,1,9223,-10.0
ppo,1,9224,-10.0
ppo,1,9225,-10.0
ppo,1,9229,-10.0
ppo,1,9231,-10.0
ppo,1,9232,-10.0
ppo,1,9233,-10.0
ppo,1,9234,-10.0
ppo,1,9235,-10.0
ppo,1,9236,-10.0
ppo,1,9237,-10.0
ppo,1,9238,-10.0
ppo,1,9239,-10.0
ppo,1,9240,-10.0
ppo,1,9241,-10.0
ppo,1,9242,-10.0
ppo,1,9243,-10.0
ppo,1,9244,-10.0
ppo,1,9245,-10.0
ppo,1,9246,-10.0
ppo,1,9248,-10.0
ppo,1,9251,-10.0
ppo,1,9252,-10.0
ppo,1,9253,-10.0
ppo,1,9256,-10.0
ppo,1,9257,-10.0
ppo,1,9258,-10.0
ppo,1,9260,-10.0
ppo,1,9261,-10.0
ppo,1,9262,-10.0
ppo,1,9263,-10.0
ppo,1,9265,-10.0
ppo,1,9266,-10.0
ppo,1,9267,-10.0
ppo,1,9269,-10.0
ppo,1,9270,-10.0
ppo,1,9271,-10.0
ppo,1,9272,-10.0
ppo,1,9273,-10.0
ppo,1,9274,-10.0
ppo,1,9275,-10.0
ppo,1,9276,-10.0
ppo,1,9277,-10.0
ppo,1,9280,-10.0
ppo,1,9282,-10.0
ppo,1,9286,-10.0
ppo,1,9287,-10.0
ppo,1,9288,-10.0
ppo,1,9289,-10.0
ppo,1,9290,-10.0
ppo,1,9291,-10.0
ppo,1,9294,-10.0
ppo,1,9296,-10.0
ppo,1,9297,-10.0
ppo,1,9298,-10.0
ppo,1,9299,-10.0
ppo,1,9300,-10.0
ppo,1,9301,-10.0
ppo,1,9302,-10.0
ppo,1,9305,-10.0
ppo,1,9306,-10.0
ppo,1,9308,-10.0
ppo,1,9310,-10.0
ppo,1,9312,-10.0
ppo,1,9313,-10.0
ppo,1,9314,-10.0
ppo,1,9315,-10.0
ppo,1,9316,-10.0
ppo,1,9317,-10.0
ppo,1,9318,-10.0
ppo,1,9319,-10.0
ppo,1,9320,-10.0
ppo,1,9325,-10.0
ppo,1,9326,-10.0
ppo,1,9327,-10.0
ppo,1,9328,-10.0
ppo,1,9329,-10.0
ppo,1,9331,-10.0
ppo,1,9332,-10.0
ppo,1,9333,-10.0
ppo,1,9334,-10.0
ppo,1,9335,-10.0
ppo,1,9336,-10.0
ppo,1,9337,-10.0
ppo,1,9339,-10.0
ppo,1,9340,-10.0
ppo,1,9342,-10.0
ppo,1,9346,-10.0
ppo,1,9347,-10.0
ppo,1,9348,-10.0
ppo,1,9349,-10.0
ppo,1,9350,-10.0
ppo,1,9352,-10.0
ppo,1,9354,-10.0
ppo,1,9355,-10.0
ppo,1,9357,-10.0
ppo,1,9358,-10.0
ppo,1,9360,-10.0
ppo,1,9362,-10.0
ppo,1,9363,-10.0
ppo,1,9364,-10.0
ppo,1,9365,-10.0
ppo,1,9368,-10.0
ppo,1,9369,-10.0
ppo,1,9370,-10.0
ppo,1,9371,-10.0
ppo,1,9372,-10.0
ppo,1,9374,-10.0
ppo,1,9375,-10.0
ppo,1,9376,-10.0
ppo,1,9379,-10.0
ppo,1,9383,-10.0
ppo,1,9384,-10.0
ppo,1,9385,-10.0
ppo,1,9386,-10.0
ppo,1,9387,-10.0
ppo,1,9389,-10.0
ppo,1,9390,-10.0
ppo,1,9391,-10.0
ppo,1,9392,-10.0
ppo,1,9393,-10.0
ppo,1,9394,-10.0
ppo,1,9395,-10.0
ppo,1,9397,-10.0
ppo,1,9398,-10.0
ppo,1,9399,-10.0
ppo,1,9401,-10.0
ppo,1,9404,-10.0
ppo,1,9405,-10.0
ppo,1,9406,-10.0
ppo,1,9408,-10.0
ppo,1,9409,-10.0
ppo,1,9410,-10.0
ppo,1,9411,-10.0
ppo,1,9412,-10.0
ppo,1,9413,-10.0
ppo,1,9415,-10.0
ppo,1,9416,-10.0
ppo,1,9417,-10.0
ppo,1,9418,-10.0
ppo,1,9419,-10.0
ppo,1,9420,-10.0
ppo,1,9422,-10.0
ppo,1,9423,-10.0
ppo,1,9427,-10.0
ppo,1,9428,-10.0
ppo,1,9429,-10.0
ppo,1,9430,-10.0
ppo,1,9431,-10.0
ppo,1,9433,-10.0
ppo,1,9435,-10.0
ppo,1,9439,-10.0
ppo,1,9441,-10.0
ppo,1,9442,-10.0
ppo,1,9443,-10.0
ppo,1,9444,-10.0
ppo,1,9446,-10.0
ppo,1,9447,-10.0
ppo,1,9448,-10.0
ppo,1,9451,-10.0
ppo,1,9453,-10.0
ppo,1,9454,-10.0
ppo,1,9455,-10.0
ppo,1,9456,-10.0
ppo,1,9457,-10.0
ppo,1,9460,-10.0
ppo,1,9461,-10.0
ppo,1,9462,-10.0
ppo,1,9463,-10.0
ppo,1,9467,-10.0
ppo,1,9468,-10.0
ppo,1,9469,-10.0
ppo,1,9471,-10.0
ppo,1,9472,-10.0
ppo,1,9473,-10.0
ppo,1,9476,-10.0
ppo,1,9478,-10.0
ppo,1,9479,-10.0
ppo,1,9480,-10.0
ppo,1,9481,-10.0
ppo,1,9482,-10.0
ppo,1,9483,-10.0
ppo,1,9484,-10.0
ppo,1,9485,-10.0
ppo,1,9487,-10.0
ppo,1,9488,-10.0
ppo,1,9489,-10.0
ppo,1,9490,-10.0
ppo,1,9491,-10.0
ppo,1,9492,-10.0
ppo,1,9494,-10.0
ppo,1,9495,-10.0
ppo,1,9496,-10.0
ppo,1,9497,-10.0
ppo,1,9498,-10.0
ppo,1,9499,-10.0
ppo,1,9500,-10.0
ppo,1,9502,-10.0
ppo,1,9503,-10.0
ppo,1,9504,-10.0
ppo,1,9505,-10.0
ppo,1,9507,-10.0
ppo,1,9508,-10.0
ppo,1,9510,-10.0
ppo,1,9511,-10.0
ppo,1,9512,-10.0
ppo,1,9513,-10.0
ppo,1,9514,-10.0
ppo,1,9516,-10.0
ppo,1,9518,-10.0
ppo,1,9519,-10.0
ppo,1,9520,-10.0
ppo,1,9521,-10.0
ppo,1,9522,-10.0
ppo,1,9524,-10.0
ppo,1,9530,-10.0
ppo,1,9533,-10.0
ppo,1,9534,-10.0
ppo,1,9536,-10.0
ppo,1,9537,-10.0
ppo,1,9538,-10.0
ppo,1,9540,-10.0
ppo,1,9541,-10.0
ppo,1,9542,-10.0
ppo,1,9543,-10.0
ppo,1,9544,-10.0
ppo,1,9545,-10.0
ppo,1,9546,-10.0
ppo,1,9547,-10.0
ppo,1,9548,-10.0
ppo,1,9549,-10.0
ppo,1,9550,-10.0
ppo,1,9551,-10.0
ppo,1,9552,-10.0
ppo,1,9556,-10.0
ppo,1,9557,-10.0
ppo,1,9558,-10.0
ppo,1,9559,-10.0
ppo,1,9561,-10.0
ppo,1,9562,-10.0
ppo,1,9563,-10.0
ppo,1,9564,-10.0
ppo,1,9566,-10.0
ppo,1,9567,-10.0
ppo,1,9568,-10.0
ppo,1,9569,-10.0
ppo,1,9570,-10.0
ppo,1,9571,-10.0
ppo,1,9572,-10.0
ppo,1,9573,-10.0
ppo,1,9576,-10.0
ppo,1,9577,-10.0
ppo,1,9578,-10.0
ppo,1,9579,-10.0
ppo,1,9581,-10.0
ppo,1,9583,-10.0
ppo,1,9584,-10.0
ppo,1,9585,-10.0
ppo,1,9586,-10.0
ppo,1,9587,-10.0
ppo,1,9588,-10.0
ppo,1,9589,-10.0
ppo,1,9590,-10.0
ppo,1,9591,-10.0
ppo,1,9592,-10.0
ppo,1,9593,-10.0
ppo,1,9594,-10.0
ppo,1,9595,-10.0
ppo,1,9596,-10.0
ppo,1,9597,-10.0
ppo,1,9598,-10.0
ppo,1,9599,-10.0
ppo,1,9600,-10.0
ppo,1,9601,-10.0
ppo,1,9602,-10.0
ppo,1,9603,-10.0
ppo,1,9605,-10.0
ppo,1,9607,-10.0
ppo,1,9608,-10.0
ppo,1,9609,-10.0
ppo,1,9610,-10.0
ppo,1,9611,-10.0
ppo,1,9612,-10.0
ppo,1,9614,-10.0
ppo,1,9615,-10.0
ppo,1,9616,-10.0
ppo,1,9617,-10.0
ppo,1,9618,-10.0
ppo,1,9619,-10.0
ppo,1,9620,-10.0
ppo,1,9622,-10.0
ppo,1,9624,-10.0
ppo,1,9625,-10.0
ppo,1,9628,-10.0
ppo,1,9629,-10.0
ppo,1,9631,-10.0
ppo,1,9632,-10.0
ppo,1,9633,-10.0
ppo,1,9635,-10.0
ppo,1,9636,-10.0
ppo,1,9637,-10.0
ppo,1,9638,-10.0
ppo,1,9639,-10.0
ppo,1,9640,-10.0
ppo,1,9641,-10.0
ppo,1,9642,-10.0
ppo,1,9643,-10.0
ppo,1,9644,-10.0
ppo,1,9645,-10.0
ppo,1,9646,-10.0
ppo,1,9647,-10.0
ppo,1,9650,-10.0
ppo,1,9651,-10.0
ppo,1,9652,-10.0
ppo,1,9653,-10.0
ppo,1,9654,-10.0
ppo,1,9655,-10.0
ppo,1,9656,-10.0
ppo,1,9657,-10.0
ppo,1,9658,-10.0
ppo,1,9661,-10.0
ppo,1,9662,-10.0
ppo,1,9663,-10.0
ppo,1,9664,-10.0
ppo,1,9666,-10.0
ppo,1,9667,-10.0
ppo,1,9668,-10.0
ppo,1,9673,-10.0
ppo,1,9675,-10.0
ppo,1,9676,-10.0
ppo,1,9678,-10.0
ppo,1,9679,-10.0
ppo,1,9680,-10.0
ppo,1,9683,-10.0
ppo,1,9684,-10.0
ppo,1,9685,-10.0
ppo,1,9686,-10.0
ppo,1,9688,-10.0
ppo,1,9690,-10.0
ppo,1,9691,-10.0
ppo,1,9692,-10.0
ppo,1,9694,-10.0
ppo,1,9696,-10.0
ppo,1,9697,-10.0
ppo,1,9700,-10.0
ppo,1,9702,-10.0
ppo,1,9703,-10.0
ppo,1,9704,-10.0
ppo,1,9706,-10.0
ppo,1,9708,-10.0
ppo,1,9709,-10.0
ppo,1,9710,-10.0
ppo,1,9711,-10.0
ppo,1,9712,-10.0
ppo,1,9713,-10.0
ppo,1,9715,-10.0
ppo,1,9716,-10.0
ppo,1,9717,-10.0
ppo,1,9718,-10.0
ppo,1,9719,-10.0
ppo,1,9720,-10.0
ppo,1,9721,-10.0
ppo,1,9722,-10.0
ppo,1,9725,-10.0
ppo,1,9726,-10.0
ppo,1,9727,-10.0
ppo,1,9728,-10.0
ppo,1,9729,-10.0
ppo,1,9730,-10.0
ppo,1,9731,-10.0
ppo,1,9732,-10.0
ppo,1,9733,-10.0
ppo,1,9737,-10.0
ppo,1,9738,-10.0
ppo,1,9739,-10.0
ppo,1,9740,-10.0
ppo,1,9741,-10.0
ppo,1,9742,-10.0
ppo,1,9743,-10.0
ppo,1,9744,-10.0
ppo,1,9745,-10.0
ppo,1,9746,-10.0
ppo,1,9747,-10.0
ppo,1,9748,-10.0
ppo,1,9750,-10.0
ppo,1,9751,-10.0
ppo,1,9752,-10.0
ppo,1,9753,-10.0
ppo,1,9754,-10.0
ppo,1,9755,-10.0
ppo,1,9759,-10.0
ppo,1,9760,-10.0
ppo,1,9761,-10.0
ppo,1,9762,-10.0
ppo,1,9763,-10.0
ppo,1,9764,-10.0
ppo,1,9765,-10.0
ppo,1,9766,-10.0
ppo,1,9767,-10.0
ppo,1,9768,-10.0
ppo,1,9770,-10.0
ppo,1,9771,-10.0
ppo,1,9772,-10.0
ppo,1,9773,-10.0
ppo,1,9774,-10.0
ppo,1,9775,-10.0
ppo,1,9776,-10.0
ppo,1,9778,-10.0
ppo,1,9779,-10.0
ppo,1,9780,-10.0
ppo,1,9781,-10.0
ppo,1,9782,-10.0
ppo,1,9783,-10.0
ppo,1,9784,-10.0
ppo,1,9785,-10.0
ppo,1,9787,-10.0
ppo,1,9788,-10.0
ppo,1,9789,-10.0
ppo,1,9790,-10.0
ppo,1,9792,-10.0
ppo,1,9794,-10.0
ppo,1,9795,-10.0
ppo,1,9796,-10.0
ppo,1,9797,-10.0
ppo,1,9798,-10.0
ppo,1,9800,-10.0
ppo,1,9802,-10.0
ppo,1,9803,-10.0
ppo,1,9804,-10.0
ppo,1,9805,-10.0
ppo,1,9806,-10.0
ppo,1,9809,-10.0
ppo,1,9810,-10.0
ppo,1,9811,-10.0
ppo,1,9812,-10.0
ppo,1,9815,-10.0
ppo,1,9817,-10.0
ppo,1,9819,-10.0
ppo,1,9820,-10.0
ppo,1,9821,-10.0
ppo,1,9823,-10.0
ppo,1,9824,-10.0
ppo,1,9825,-10.0
ppo,1,9826,-10.0
ppo,1,9827,-10.0
ppo,1,9828,-10.0
ppo,1,9831,-10.0
ppo,1,9836,-10.0
ppo,1,9837,-10.0
ppo,1,9838,-10.0
ppo,1,9839,-10.0
ppo,1,9840,-10.0
ppo,1,9842,-10.0
ppo,1,9843,-10.0
ppo,1,9845,-10.0
ppo,1,9846,-10.0
ppo,1,9847,-10.0
ppo,1,9848,-10.0
ppo,1,9851,-10.0
ppo,1,9852,-10.0
ppo,1,9854,-10.0
ppo,1,9856,-10.0
ppo,1,9857,-10.0
ppo,1,9859,-10.0
ppo,1,9860,-10.0
ppo,1,9861,-10.0
ppo,1,9862,-10.0
ppo,1,9865,-10.0
ppo,1,9866,-10.0
ppo,1,9867,-10.0
ppo,1,9868,-10.0
ppo,1,9869,-10.0
ppo,1,9871,-10.0
ppo,1,9872,-10.0
ppo,1,9875,-10.0
ppo,1,9876,-10.0
ppo,1,9877,-10.0
ppo,1,9878,-10.0
ppo,1,9879,-10.0
ppo,1,9880,-10.0
ppo,1,9881,-10.0
ppo,1,9883,-10.0
ppo,1,9884,-10.0
ppo,1,9885,-10.0
ppo,1,9886,-10.0
ppo,1,9887,-10.0
ppo,1,9889,-10.0
ppo,1,9890,-10.0
ppo,1,9891,-10.0
ppo,1,9893,-10.0
ppo,1,9894,-10.0
ppo,1,9895,-10.0
ppo,1,9896,-10.0
ppo,1,9897,-10.0
ppo,1,9898,-10.0
ppo,1,9899,-10.0
ppo,1,9900,-10.0
ppo,1,9901,-10.0
ppo,1,9902,-10.0
ppo,1,9903,-10.0
ppo,1,9905,-10.0
ppo,1,9906,-10.0
ppo,1,9907,-10.0
ppo,1,9911,-10.0
ppo,1,9912,-10.0
ppo,1,9915,-10.0
ppo,1,9917,-10.0
ppo,1,9918,-10.0
ppo,1,9919,-10.0
ppo,1,9920,-10.0
ppo,1,9921,-10.0
ppo,1,9922,-10.0
ppo,1,9923,-10.0
ppo,1,9925,-10.0
ppo,1,9926,-10.0
ppo,1,9929,-10.0
ppo,1,9931,-10.0
ppo,1,9932,-10.0
ppo,1,9933,-10.0
ppo,1,9934,-10.0
ppo,1,9935,-10.0
ppo,1,9936,-10.0
ppo,1,9938,-10.0
ppo,1,9939,-10.0
ppo,1,9941,-10.0
ppo,1,9942,-10.0
ppo,1,9943,-10.0
ppo,1,9945,-10.0
ppo,1,9946,-10.0
ppo,1,9949,-10.0
ppo,1,9950,-10.0
ppo,1,9951,-10.0
ppo,1,9952,-10.0
ppo,1,9954,-10.0
ppo,1,9955,-10.0
ppo,1,9956,-10.0
ppo,1,9957,-10.0
ppo,1,9958,-10.0
ppo,1,9961,-10.0
ppo,1,9962,-10.0
ppo,1,9963,-10.0
ppo,1,9966,-10.0
ppo,1,9969,-10.0
ppo,1,9971,-10.0
ppo,1,9975,-10.0
ppo,1,9977,-10.0
ppo,1,9978,-10.0
ppo,1,9979,-10.0
ppo,1,9980,-10.0
ppo,1,9981,-10.0
ppo,1,9982,-10.0
ppo,1,9983,-10.0
ppo,1,9984,-10.0
ppo,1,9985,-10.0
ppo,1,9986,-10.0
ppo,1,9988,-10.0
ppo,1,9989,-10.0
ppo,1,9990,-10.0
ppo,1,9991,-10.0
ppo,1,9992,-10.0
ppo,1,9995,-10.0
ppo,1,9996,-10.0
ppo,1,9997,-10.0
ppo,1,9998,-10.0
ppo,1,10000,-10.0
ppo,1,10001,-10.0
ppo,1,10002,-10.0
ppo,1,10003,-10.0
ppo,1,10004,-10.0
ppo,1,10005,-10.0
ppo,1,10006,-10.0
ppo,1,10009,-10.0
ppo,1,10012,-10.0
ppo,1,10013,-10.0
ppo,1,10014,-10.0
ppo,1,10016,-10.0
ppo,1,10017,-10.0
ppo,1,10018,-10.0
ppo,1,10020,-10.0
ppo,1,10022,-10.0
ppo,1,10023,-10.0
ppo,1,10024,-10.0
ppo,1,10025,-10.0
ppo,1,10026,-10.0
ppo,1,10028,-10.0
ppo,1,10029,-10.0
ppo,1,10030,-10.0
ppo,1,10031,-10.0
ppo,1,10032,-10.0
ppo,1,10033,-10.0
ppo,1,10034,-10.0
ppo,1,10035,-10.0
ppo,1,10036,-10.0
ppo,1,10037,-10.0
ppo,1,10038,-10.0
ppo,1,10040,-10.0
ppo,1,10042,-10.0
ppo,1,10044,-10.0
ppo,1,10046,-10.0
ppo,1,10047,-10.0
ppo,1,10048,-10.0
ppo,1,10051,-10.0
ppo,1,10052,-10.0
ppo,1,10053,-10.0
ppo,1,10055,-10.0
ppo,1,10056,-10.0
ppo,1,10057,-10.0
ppo,1,10058,-10.0
ppo,1,10060,-10.0
ppo,1,10061,-10.0
ppo,1,10062,-10.0
ppo,1,10063,-10.0
ppo,1,10065,-10.0
ppo,1,10066,-10.0
ppo,1,10069,-10.0
ppo,1,10070,-10.0
ppo,1,10071,-10.0
ppo,1,10072,-10.0
ppo,1,10073,-10.0
ppo,1,10074,-10.0
ppo,1,10076,-10.0
ppo,1,10078,-10.0
ppo,1,10080,-10.0
ppo,1,10081,-10.0
ppo,1,10082,-10.0
ppo,1,10085,-10.0
ppo,1,10086,-10.0
ppo,1,10087,-10.0
ppo,1,10089,-10.0
ppo,1,10091,-10.0
ppo,1,10092,-10.0
ppo,1,10094,-10.0
ppo,1,10097,-10.0
ppo,1,10098,-10.0
ppo,1,10099,-10.0
ppo,1,10100,-10.0
ppo,1,10104,-10.0
ppo,1,10105,-10.0
ppo,1,10106,-10.0
ppo,1,10108,-10.0
ppo,1,10109,-10.0
ppo,1,10110,-10.0
ppo,1,10113,-10.0
ppo,1,10114,-10.0
ppo,1,10117,-10.0
ppo,1,10118,-10.0
ppo,1,10120,-10.0
ppo,1,10121,-10.0
ppo,1,10123,-10.0
ppo,1,10124,-10.0
ppo,1,10126,-10.0
ppo,1,10127,-10.0
ppo,1,10129,-10.0
ppo,1,10130,-10.0
ppo,1,10131,-10.0
ppo,1,10133,-10.0
ppo,1,10136,-10.0
ppo,1,10137,-10.0
ppo,1,10138,-10.0
ppo,1,10139,-10.0
ppo,1,10141,-10.0
ppo,1,10142,-10.0
ppo,1,10144,-10.0
ppo,1,10145,-10.0
ppo,1,10146,-10.0
ppo,1,10147,-10.0
ppo,1,10148,-10.0
ppo,1,10149,-10.0
ppo,1,10151,-10.0
ppo,1,10152,-10.0
ppo,1,10154,-10.0
ppo,1,10156,-10.0
ppo,1,10157,-10.0
ppo,1,10159,-10.0
ppo,1,10161,-10.0
ppo,1,10162,-10.0
ppo,1,10165,-10.0
ppo,1,10166,-10.0
ppo,1,10167,-10.0
ppo,1,10168,-10.0
ppo,1,10170,-10.0
ppo,1,10171,-10.0
ppo,1,10172,-10.0
ppo,1,10173,-10.0
ppo,1,10174,-10.0
ppo,1,10176,-10.0
ppo,1,10177,-10.0
ppo,1,10178,-10.0
ppo,1,10179,-10.0
ppo,1,10181,-10.0
ppo,1,10185,-10.0
ppo,1,10186,-10.0
ppo,1,10187,-10.0
ppo,1,10188,-10.0
ppo,1,10190,-10.0
ppo,1,10192,-10.0
ppo,1,10196,-10.0
ppo,1,10197,-10.0
ppo,1,10199,-10.0
ppo,1,10200,-10.0
ppo,1,10201,-10.0
ppo,1,10202,-10.0
ppo,1,10204,-28.5
ppo,1,10206,-10.0
ppo,1,10207,-10.0
ppo,1,10208,-10.0
ppo,1,10209,-10.0
ppo,1,10210,-10.0
ppo,1,10211,-10.0
ppo,1,10212,-10.0
ppo,1,10213,-10.0
ppo,1,10214,-10.0
ppo,1,10217,-10.0
ppo,1,10218,-10.0
ppo,1,10221,-10.0
ppo,1,10224,-10.0
ppo,1,10226,-10.0
ppo,1,10227,-10.0
ppo,1,10228,-10.0
ppo,1,10229,-10.0
ppo,1,10230,-10.0
ppo,1,10232,-10.0
ppo,1,10235,-10.0
ppo,1,10237,-10.0
ppo,1,10239,-10.0
ppo,1,10240,-10.0
ppo,1,10241,-10.0
ppo,1,10243,-10.0
ppo,1,10244,-10.0
ppo,1,10247,-10.0
ppo,1,10249,-10.0
ppo,1,10250,-10.0
ppo,1,10253,-10.0
ppo,1,10254,-10.0
ppo,1,10255,-10.0
ppo,1,10256,-10.0
ppo,1,10257,-10.0
ppo,1,10258,-10.0
ppo,1,10259,-10.0
ppo,1,10260,-10.0
ppo,1,10261,-10.0
ppo,1,10262,-10.0
ppo,1,10263,-10.0
ppo,1,10264,-10.0
ppo,1,10265,-10.0
ppo,1,10266,-10.0
ppo,1,10268,-10.0
ppo,1,10269,-10.0
ppo,1,10270,-10.0
ppo,1,10273,-10.0
ppo,1,10275,-10.0
ppo,1,10277,-10.0
ppo,1,10279,-10.0
ppo,1,10284,-10.0
ppo,1,10285,-10.0
ppo,1,10287,-10.0
ppo,1,10288,-10.0
ppo,1,10289,-10.0
ppo,1,10290,-10.0
ppo,1,10292,-10.0
ppo,1,10295,-10.0
ppo,1,10296,-10.0
ppo,1,10298,-10.0
ppo,1,10299,-10.0
ppo,1,10300,-10.0
ppo,1,10302,-10.0
ppo,1,10303,-10.0
ppo,1,10306,-10.0
ppo,1,10307,-10.0
ppo,1,10310,-10.0
ppo,1,10311,-10.0
ppo,1,10314,-10.0
ppo,1,10318,-10.0
ppo,1,10319,-10.0
ppo,1,10320,-10.0
ppo,1,10322,-10.0
ppo,1,10326,-10.0
ppo,1,10329,-10.0
ppo,1,10330,-10.0
ppo,1,10332,-10.0
ppo,1,10333,-10.0
ppo,1,10334,-10.0
ppo,1,10336,-10.0
ppo,1,10337,-10.0
ppo,1,10338,-10.0
ppo,1,10342,-10.0
ppo,1,10343,-10.0
ppo,1,10344,-10.0
ppo,1,10346,-10.0
ppo,1,10347,-10.0
ppo,1,10349,-10.0
ppo,1,10351,-10.0
ppo,1,10353,-10.0
ppo,1,10354,-10.0
ppo,1,10355,-10.0
ppo,1,10358,-10.0
ppo,1,10359,-10.0
ppo,1,10361,-10.0
ppo,1,10362,-10.0
ppo,1,10363,-10.0
ppo,1,10364,-10.0
ppo,1,10365,-10.0
ppo,1,10366,-10.0
ppo,1,10369,-10.0
ppo,1,10372,-10.0
ppo,1,10373,-10.0
ppo,1,10374,-10.0
ppo,1,10375,-10.0
ppo,1,10376,-10.0
ppo,1,10377,-10.0
ppo,1,10378,-10.0
ppo,1,10379,-10.0
ppo,1,10380,-10.0
ppo,1,10381,-10.0
ppo,1,10382,-10.0
ppo,1,10383,-10.0
ppo,1,10384,-10.0
ppo,1,10386,-10.0
ppo,1,10387,-10.0
ppo,1,10388,-10.0
ppo,1,10389,-10.0
ppo,1,10390,-10.0
ppo,1,10392,-10.0
ppo,1,10393,-10.0
ppo,1,10394,-10.0
ppo,1,10395,-10.0
ppo,1,10399,-10.0
ppo,1,10401,-10.0
ppo,1,10402,-10.0
ppo,1,10405,-10.0
ppo,1,10406,-10.0
ppo,1,10407,-10.0
ppo,1,10408,-10.0
ppo,1,10409,-10.0
ppo,1,10410,-10.0
ppo,1,10411,-10.0
ppo,1,10412,-10.0
ppo,1,10413,-10.0
ppo,1,10414,-10.0
ppo,1,10416,-10.0
ppo,1,10417,-10.0
ppo,1,10418,-10.0
ppo,1,10419,-10.0
ppo,1,10421,-10.0
ppo,1,10423,-10.0
ppo,1,10427,-10.0
ppo,1,10429,-10.0
ppo,1,10430,-10.0
ppo,1,10434,-10.0
ppo,1,10435,-10.0
ppo,1,10436,-10.0
ppo,1,10437,-10.0
ppo,1,10438,-10.0
ppo,1,10439,-10.0
ppo,1,10440,-10.0
ppo,1,10443,-10.0
ppo,1,10444,-10.0
ppo,1,10445,-10.0
ppo,1,10446,-10.0
ppo,1,10449,-10.0
ppo,1,10451,-10.0
ppo,1,10452,-10.0
ppo,1,10454,-10.0
ppo,1,10455,-10.0
ppo,1,10457,-10.0
ppo,1,10458,-10.0
ppo,1,10459,-10.0
ppo,1,10460,-10.0
ppo,1,10463,-10.0
ppo,1,10464,-10.0
ppo,1,10465,-10.0
ppo,1,10466,-10.0
ppo,1,10467,-10.0
ppo,1,10468,-10.0
ppo,1,10469,-10.0
ppo,1,10471,-10.0
ppo,1,10473,-10.0
ppo,1,10474,-10.0
ppo,1,10476,-10.0
ppo,1,10477,-10.0
ppo,1,10478,-10.0
ppo,1,10482,-10.0
ppo,1,10483,-10.0
ppo,1,10484,-10.0
ppo,1,10485,-10.0
ppo,1,10487,-10.0
ppo,1,10489,-10.0
ppo,1,10490,-10.0
ppo,1,10493,-10.0
ppo,1,10494,-10.0
ppo,1,10495,-10.0
ppo,1,10496,-10.0
ppo,1,10498,-10.0
ppo,1,10499,-10.0
ppo,1,10503,-10.0
ppo,1,10504,-10.0
ppo,1,10505,-10.0
ppo,1,10506,-10.0
ppo,1,10507,-10.0
ppo,1,10508,-10.0
ppo,1,10511,-10.0
ppo,1,10512,-10.0
ppo,1,10515,-10.0
ppo,1,10517,-10.0
ppo,1,10518,-10.0
ppo,1,10519,-10.0
ppo,1,10521,-10.0
ppo,1,10522,-10.0
ppo,1,10523,-10.0
ppo,1,10524,-10.0
ppo,1,10525,-10.0
ppo,1,10526,-10.0
ppo,1,10527,-10.0
ppo,1,10529,-10.0
ppo,1,10530,-10.0
ppo,1,10534,-10.0
ppo,1,10535,-10.0
ppo,1,10536,-10.0
ppo,1,10537,-10.0
ppo,1,10538,-10.0
ppo,1,10539,-10.0
ppo,1,10540,-10.0
ppo,1,10541,-10.0
ppo,1,10542,-10.0
ppo,1,10544,-10.0
ppo,1,10545,-10.0
ppo,1,10546,-10.0
ppo,1,10547,-10.0
ppo,1,10549,-10.0
ppo,1,10552,-10.0
ppo,1,10553,-10.0
ppo,1,10554,-10.0
ppo,1,10555,-10.0
ppo,1,10556,-10.0
ppo,1,10557,-10.0
ppo,1,10558,-10.0
ppo,1,10560,-10.0
ppo,1,10562,-10.0
ppo,1,10564,-10.0
ppo,1,10565,-67.2
ppo,1,10566,-10.0
ppo,1,10567,-10.0
ppo,1,10568,-10.0
ppo,1,10573,-10.0
ppo,1,10574,-10.0
ppo,1,10577,-10.0
ppo,1,10578,-10.0
ppo,1,10580,-10.0
ppo,1,10582,-10.0
ppo,1,10583,-10.0
ppo,1,10584,-10.0
ppo,1,10585,-10.0
ppo,1,10586,-10.0
ppo,1,10589,-10.0
ppo,1,10590,-10.0
ppo,1,10591,-10.0
ppo,1,10592,-10.0
ppo,1,10593,-10.0
ppo,1,10594,-10.0
ppo,1,10596,-10.0
ppo,1,10597,-10.0
ppo,1,10598,-10.0
ppo,1,10600,-10.0
ppo,1,10601,-10.0
ppo,1,10606,-10.0
ppo,1,10607,-10.0
ppo,1,10608,-10.0
ppo,1,10609,-10.0
ppo,1,10613,-10.0
ppo,1,10614,-10.0
ppo,1,10619,-10.0
ppo,1,10620,-10.0
ppo,1,10621,-10.0
ppo,1,10623,-10.0
ppo,1,10624,-10.0
ppo,1,10625,-10.0
ppo,1,10626,-10.0
ppo,1,10629,-10.0
ppo,1,10630,-10.0
ppo,1,10631,-10.0
ppo,1,10632,-10.0
ppo,1,10633,-10.0
ppo,1,10634,-10.0
ppo,1,10635,-10.0
ppo,1,10637,-10.0
ppo,1,10638,-10.0
ppo,1,10645,-10.0
ppo,1,10646,-10.0
ppo,1,10648,-10.0
ppo,1,10650,-10.0
ppo,1,10651,-10.0
ppo,1,10654,-10.0
ppo,1,10655,-10.0
ppo,1,10656,-10.0
ppo,1,10657,-10.0
ppo,1,10658,-10.0
ppo,1,10661,-10.0
ppo,1,10662,-10.0
ppo,1,10663,-10.0
ppo,1,10665,-10.0
ppo,1,10666,-10.0
ppo,1,10667,-10.0
ppo,1,10668,-10.0
ppo,1,10669,-10.0
ppo,1,10670,-10.0
ppo,1,10671,-10.0
ppo,1,10672,-10.0
ppo,1,10675,-10.0
ppo,1,10676,-10.0
ppo,1,10677,-10.0
ppo,1,10680,-10.0
ppo,1,10681,-10.0
ppo,1,10682,-10.0
ppo,1,10683,-10.0
ppo,1,10686,-10.0
ppo,1,10687,-10.0
ppo,1,10689,-10.0
ppo,1,10690,-10.0
ppo,1,10692,-10.0
ppo,1,10693,-10.0
ppo,1,10694,-10.0
ppo,1,10695,-10.0
ppo,1,10698,-10.0
ppo,1,10699,-10.0
ppo,1,10700,-10.0
ppo,1,10704,-10.0
ppo,1,10705,-10.0
ppo,1,10706,-10.0
ppo,1,10707,-10.0
ppo,1,10708,-10.0
ppo,1,10709,-10.0
ppo,1,10710,-10.0
ppo,1,10712,-10.0
ppo,1,10713,-10.0
ppo,1,10714,-10.0
ppo,1,10715,-10.0
ppo,1,10717,-10.0
ppo,1,10718,-10.0
ppo,1,10719,-10.0
ppo,1,10721,-10.0
ppo,1,10722,-10.0
ppo,1,10723,-10.0
ppo,1,10724,-10.0
ppo,1,10725,-10.0
ppo,1,10727,-10.0
ppo,1,10728,-10.0
ppo,1,10729,-10.0
ppo,1,10730,-10.0
ppo,1,10733,-10.0
ppo,1,10734,-10.0
ppo,1,10735,-10.0
ppo,1,10736,-10.0
ppo,1,10737,-10.0
ppo,1,10739,-10.0
ppo,1,10740,-10.0
ppo,1,10741,-10.0
ppo,1,10742,-10.0
ppo,1,10743,-10.0
ppo,1,10746,-10.0
ppo,1,10747,-10.0
ppo,1,10748,-10.0
ppo,1,10749,-10.0
ppo,1,10750,-10.0
ppo,1,10751,-10.0
ppo,1,10752,-10.0
ppo,1,10753,-10.0
ppo,1,10754,-10.0
ppo,1,10756,-10.0
ppo,1,10757,-10.0
ppo,1,10758,-10.0
ppo,1,10760,-10.0
ppo,1,10761,-10.0
ppo,1,10762,-10.0
ppo,1,10763,-10.0
ppo,1,10764,-10.0
ppo,1,10765,-10.0
ppo,1,10768,-10.0
ppo,1,10769,-10.0
ppo,1,10772,-10.0
ppo,1,10773,-10.0
ppo,1,10775,-10.0
ppo,1,10776,-10.0
ppo,1,10777,-10.0
ppo,1,10778,-10.0
ppo,1,10780,-10.0
ppo,1,10781,-10.0
ppo,1,10782,-10.0
ppo,1,10783,-10.0
ppo,1,10784,-10.0
ppo,1,10785,-10.0
ppo,1,10786,-10.0
ppo,1,10787,-10.0
ppo,1,10789,-10.0
ppo,1,10791,-10.0
ppo,1,10793,-10.0
ppo,1,10794,-10.0
ppo,1,10796,-10.0
ppo,1,10798,-10.0
ppo,1,10799,-10.0
ppo,1,10800,-10.0
ppo,1,10803,-10.0
ppo,1,10804,-10.0
ppo,1,10805,-10.0
ppo,1,10806,-10.0
ppo,1,10807,-10.0
ppo,1,10808,-10.0
ppo,1,10809,-10.0
ppo,1,10810,-10.0
ppo,1,10813,-10.0
ppo,1,10814,-10.0
ppo,1,10815,-10.0
ppo,1,10816,-10.0
ppo,1,10817,-10.0
ppo,1,10820,-10.0
ppo,1,10822,-10.0
ppo,1,10823,-10.0
ppo,1,10824,-10.0
ppo,1,10826,-10.0
ppo,1,10828,-10.0
ppo,1,10829,-10.0
ppo,1,10832,-10.0
ppo,1,10833,-10.0
ppo,1,10836,-10.0
ppo,1,10837,-10.0
ppo,1,10838,-10.0
ppo,1,10840,-10.0
ppo,1,10843,-10.0
ppo,1,10844,-10.0
ppo,1,10847,-10.0
ppo,1,10848,-10.0
ppo,1,10852,-10.0
ppo,1,10853,-10.0
ppo,1,10854,-10.0
ppo,1,10856,-10.0
ppo,1,10859,-10.0
ppo,1,10860,-10.0
ppo,1,10863,-10.0
ppo,1,10864,-10.0
ppo,1,10865,-10.0
ppo,1,10866,-10.0
ppo,1,10868,-10.0
ppo,1,10870,-10.0
ppo,1,10872,-10.0
ppo,1,10873,-10.0
ppo,1,10874,-10.0
ppo,1,10875,-10.0
ppo,1,10876,-10.0
ppo,1,10877,-10.0
ppo,1,10881,-10.0
ppo,1,10884,-10.0
ppo,1,10885,-10.0
ppo,1,10886,-10.0
ppo,1,10888,-10.0
ppo,1,10889,-10.0
ppo,1,10890,-10.0
ppo,1,10893,-10.0
ppo,1,10894,-10.0
ppo,1,10896,-10.0
ppo,1,10897,-10.0
ppo,1,10899,-10.0
ppo,1,10900,-10.0
ppo,1,10901,-10.0
ppo,1,10904,-10.0
ppo,1,10906,-10.0
ppo,1,10907,-10.0
ppo,1,10908,-10.0
ppo,1,10909,-10.0
ppo,1,10910,-10.0
ppo,1,10914,-10.0
ppo,1,10916,-10.0
ppo,1,10917,-10.0
ppo,1,10918,-10.0
ppo,1,10919,-10.0
ppo,1,10920,-10.0
ppo,1,10921,-10.0
ppo,1,10923,-10.0
ppo,1,10924,-10.0
ppo,1,10925,-10.0
ppo,1,10927,-10.0
ppo,1,10931,-10.0
ppo,1,10932,-10.0
ppo,1,10934,-10.0
ppo,1,10935,-10.0
ppo,1,10937,-10.0
ppo,1,10938,-10.0
ppo,1,10939,-10.0
ppo,1,10941,-10.0
ppo,1,10943,-10.0
ppo,1,10944,-10.0
ppo,1,10945,-10.0
ppo,1,10947,-10.0
ppo,1,10950,-10.0
ppo,1,10952,-10.0
ppo,1,10953,-10.0
ppo,1,10954,-10.0
ppo,1,10955,-10.0
ppo,1,10956,-10.0
ppo,1,10957,-10.0
ppo,1,10959,-10.0
ppo,1,10960,-10.0
ppo,1,10961,-10.0
ppo,1,10964,-10.0
ppo,1,10965,-10.0
ppo,1,10967,-10.0
ppo,1,10969,-10.0
ppo,1,10972,-10.0
ppo,1,10973,-10.0
ppo,1,10974,-10.0
ppo,1,10975,-10.0
ppo,1,10977,-10.0
ppo,1,10978,-10.0
ppo,1,10979,-10.0
ppo,1,10983,-10.0
ppo,1,10985,-10.0
ppo,1,10988,-10.0
ppo,1,10990,-10.0
ppo,1,10994,-10.0
ppo,1,10996,-10.0
ppo,1,10997,-10.0
ppo,1,10998,-10.0
ppo,1,11000,-10.0
ppo,1,11001,-10.0
ppo,1,11002,-10.0
ppo,1,11003,-10.0
ppo,1,11005,-10.0
ppo,1,11007,-10.0
ppo,1,11008,-10.0
ppo,1,11010,-10.0
ppo,1,11013,-10.0
ppo,1,11017,-10.0
ppo,1,11019,-10.0
ppo,1,11020,-10.0
ppo,1,11021,-10.0
ppo,1,11022,-10.0
ppo,1,11023,-10.0
ppo,1,11024,-10.0
ppo,1,11025,-10.0
ppo,1,11026,-10.0
ppo,1,11027,-10.0
ppo,1,11029,-10.0
ppo,1,11030,-10.0
ppo,1,11031,-10.0
ppo,1,11032,-10.0
ppo,1,11033,-10.0
ppo,1,11036,-10.0
ppo,1,11037,-10.0
ppo,1,11039,-10.0
ppo,1,11040,-10.0
ppo,1,11041,-10.0
ppo,1,11042,-10.0
ppo,1,11045,-10.0
ppo,1,11046,-10.0
ppo,1,11048,-10.0
ppo,1,11050,-10.0
ppo,1,11054,-10.0
ppo,1,11055,-10.0
ppo,1,11056,-10.0
ppo,1,11057,-10.0
ppo,1,11059,-10.0
ppo,1,11060,-10.0
ppo,1,11061,-10.0
ppo,1,11064,-10.0
ppo,1,11069,-10.0
ppo,1,11070,-10.0
ppo,1,11071,-10.0
ppo,1,11073,-10.0
ppo,1,11074,-10.0
ppo,1,11075,-10.0
ppo,1,11077,-10.0
ppo,1,11078,-10.0
ppo,1,11079,-10.0
ppo,1,11080,-10.0
ppo,1,11081,-10.0
ppo,1,11083,-10.0
ppo,1,11084,-10.0
ppo,1,11087,-10.0
ppo,1,11088,-10.0
ppo,1,11089,-10.0
ppo,1,11090,-85.5
ppo,1,11091,-10.0
ppo,1,11092,-10.0
ppo,1,11093,-10.0
ppo,1,11095,-10.0
ppo,1,11097,-10.0
ppo,1,11098,-10.0
ppo,1,11100,-10.0
ppo,1,11101,-10.0
ppo,1,11102,-10.0
ppo,1,11103,-10.0
ppo,1,11105,-10.0
ppo,1,11106,-10.0
ppo,1,11107,-10.0
ppo,1,11108,-10.0
ppo,1,11109,-10.0
ppo,1,11112,-10.0
ppo,1,11113,-10.0
ppo,1,11114,-10.0
ppo,1,11118,-10.0
ppo,1,11121,-10.0
ppo,1,11122,-10.0
ppo,1,11124,-10.0
ppo,1,11126,-10.0
ppo,1,11129,-10.0
ppo,1,11132,-10.0
ppo,1,11133,-10.0
ppo,1,11134,-10.0
ppo,1,11135,-10.0
ppo,1,11138,-10.0
ppo,1,11140,-10.0
ppo,1,11141,-10.0
ppo,1,11142,-10.0
ppo,1,11143,-10.0
ppo,1,11144,-10.0
ppo,1,11146,-10.0
ppo,1,11148,-10.0
ppo,1,11150,-10.0
ppo,1,11151,-10.0
ppo,1,11152,-10.0
ppo,1,11153,-10.0
ppo,1,11154,-10.0
ppo,1,11155,-10.0
ppo,1,11157,-10.0
ppo,1,11158,-10.0
ppo,1,11159,-10.0
ppo,1,11163,-10.0
ppo,1,11164,-10.0
ppo,1,11165,-10.0
ppo,1,11166,-10.0
ppo,1,11167,-10.0
ppo,1,11168,-10.0
ppo,1,11169,-10.0
ppo,1,11170,-10.0
ppo,1,11173,-10.0
ppo,1,11174,-10.0
ppo,1,11175,-10.0
ppo,1,11177,-10.0
ppo,1,11181,-10.0
ppo,1,11182,-10.0
ppo,1,11184,-10.0
ppo,1,11185,-10.0
ppo,1,11190,-10.0
ppo,1,11194,-10.0
ppo,1,11195,-10.0
ppo,1,11197,-10.0
ppo,1,11199,-10.0
ppo,1,11200,-10.0
ppo,1,11201,-10.0
ppo,1,11202,-10.0
ppo,1,11206,-10.0
ppo,1,11207,-10.0
ppo,1,11208,-10.0
ppo,1,11209,-10.0
ppo,1,11211,-10.0
ppo,1,11212,-10.0
ppo,1,11213,-10.0
ppo,1,11214,-10.0
ppo,1,11215,-10.0
ppo,1,11217,-10.0
ppo,1,11218,-10.0
ppo,1,11219,-10.0
ppo,1,11220,-10.0
ppo,1,11225,-10.0
ppo,1,11226,-10.0
ppo,1,11227,-10.0
ppo,1,11228,-10.0
ppo,1,11229,-10.0
ppo,1,11230,-10.0
ppo,1,11233,-10.0
ppo,1,11234,-10.0
ppo,1,11235,-10.0
ppo,1,11236,-10.0
ppo,1,11237,-10.0
ppo,1,11238,-10.0
ppo,1,11239,-10.0
ppo,1,11240,-10.0
ppo,1,11241,-10.0
ppo,1,11242,-10.0
ppo,1,11243,-10.0
ppo,1,11244,-10.0
ppo,1,11247,-10.0
ppo,1,11249,-10.0
ppo,1,11252,-10.0
ppo,1,11253,-10.0
ppo,1,11256,-10.0
ppo,1,11257,-10.0
ppo,1,11258,-10.0
ppo,1,11259,-10.0
ppo,1,11260,-10.0
ppo,1,11261,-10.0
ppo,1,11262,-10.0
ppo,1,11264,-10.0
ppo,1,11265,-10.0
ppo,1,11266,-10.0
ppo,1,11267,-10.0
ppo,1,11269,-10.0
ppo,1,11271,-10.0
ppo,1,11272,-10.0
ppo,1,11273,-10.0
ppo,1,11274,-10.0
ppo,1,11277,-10.0
ppo,1,11278,-10.0
ppo,1,11279,-10.0
ppo,1,11280,-10.0
ppo,1,11281,-10.0
ppo,1,11282,-10.0
ppo,1,11283,-10.0
ppo,1,11284,-10.0
ppo,1,11287,-10.0
ppo,1,11288,-10.0
ppo,1,11291,-10.0
ppo,1,11294,-10.0
ppo,1,11298,-10.0
ppo,1,11299,-10.0
ppo,1,11300,-10.0
ppo,1,11301,-10.0
ppo,1,11303,-10.0
ppo,1,11304,-10.0
ppo,1,11305,-10.0
ppo,1,11307,-10.0
ppo,1,11308,-10.0
ppo,1,11310,-10.0
ppo,1,11311,-10.0
ppo,1,11314,-10.0
ppo,1,11315,-10.0
ppo,1,11316,-10.0
ppo,1,11317,-10.0
ppo,1,11318,-10.0
ppo,1,11321,-10.0
ppo,1,11325,-10.0
ppo,1,11329,-10.0
ppo,1,11330,-10.0
ppo,1,11331,-10.0
ppo,1,11334,-10.0
ppo,1,11336,-10.0
ppo,1,11337,-10.0
ppo,1,11338,-10.0
ppo,1,11339,-10.0
ppo,1,11341,-10.0
ppo,1,11342,-10.0
ppo,1,11344,-10.0
ppo,1,11345,-10.0
ppo,1,11348,-10.0
ppo,1,11349,-10.0
ppo,1,11351,-10.0
ppo,1,11353,-10.0
ppo,1,11355,-10.0
ppo,1,11356,-10.0
ppo,1,11358,-10.0
ppo,1,11359,-10.0
ppo,1,11361,-10.0
ppo,1,11362,-10.0
ppo,1,11364,-10.0
ppo,1,11365,-10.0
ppo,1,11366,-10.0
ppo,1,11367,-10.0
ppo,1,11370,-10.0
ppo,1,11371,-10.0
ppo,1,11372,-10.0
ppo,1,11373,-10.0
ppo,1,11375,-10.0
ppo,1,11377,-10.0
ppo,1,11381,-10.0
ppo,1,11382,-10.0
ppo,1,11383,-10.0
ppo,1,11385,-10.0
ppo,1,11387,-10.0
ppo,1,11388,-10.0
ppo,1,11391,-10.0
ppo,1,11399,-10.0
ppo,1,11401,-10.0
ppo,1,11402,-10.0
ppo,1,11403,-10.0
ppo,1,11404,-10.0
ppo,1,11406,-10.0
ppo,1,11407,-10.0
ppo,1,11408,-10.0
ppo,1,11409,-10.0
ppo,1,11410,-10.0
ppo,1,11412,-10.0
ppo,1,11413,-10.0
ppo,1,11414,-10.0
ppo,1,11417,-10.0
ppo,1,11418,-10.0
ppo,1,11420,-10.0
ppo,1,11421,-10.0
ppo,1,11422,-10.0
ppo,1,11424,-10.0
ppo,1,11425,-10.0
ppo,1,11426,-10.0
ppo,1,11427,-10.0
ppo,1,11428,-10.0
ppo,1,11429,-10.0
ppo,1,11430,-10.0
ppo,1,11431,-10.0
ppo,1,11432,-10.0
ppo,1,11437,-10.0
ppo,1,11438,-10.0
ppo,1,11439,-10.0
ppo,1,11440,-10.0
ppo,1,11441,-10.0
ppo,1,11442,-10.0
ppo,1,11444,-10.0
ppo,1,11445,-10.0
ppo,1,11446,-10.0
ppo,1,11447,-10.0
ppo,1,11449,-10.0
ppo,1,11451,-10.0
ppo,1,11453,-10.0
ppo,1,11455,-10.0
ppo,1,11457,-10.0
ppo,1,11458,-10.0
ppo,1,11459,-10.0
ppo,1,11460,-10.0
ppo,1,11462,-10.0
ppo,1,11463,-10.0
ppo,1,11464,-10.0
ppo,1,11466,-10.0
ppo,1,11468,-10.0
ppo,1,11469,-10.0
ppo,1,11470,-10.0
ppo,1,11471,-10.0
ppo,1,11473,-10.0
ppo,1,11474,-10.0
ppo,1,11475,-10.0
ppo,1,11478,-10.0
ppo,1,11480,-10.0
ppo,1,11481,-10.0
ppo,1,11482,-10.0
ppo,1,11483,-10.0
ppo,1,11484,-10.0
ppo,1,11485,-10.0
ppo,1,11486,-10.0
ppo,1,11488,-10.0
ppo,1,11490,-10.0
ppo,1,11491,-10.0
ppo,1,11492,-10.0
ppo,1,11494,-10.0
ppo,1,11495,-10.0
ppo,1,11497,-10.0
ppo,1,11498,-10.0
ppo,1,11500,-10.0
ppo,1,11502,-10.0
ppo,1,11503,-10.0
ppo,1,11505,-10.0
ppo,1,11506,-10.0
ppo,1,11508,-10.0
ppo,1,11510,-10.0
ppo,1,11511,-10.0
ppo,1,11512,-10.0
ppo,1,11513,-10.0
ppo,1,11514,-10.0
ppo,1,11515,-10.0
ppo,1,11516,-10.0
ppo,1,11517,-10.0
ppo,1,11518,-10.0
ppo,1,11520,-10.0
ppo,1,11522,-10.0
ppo,1,11523,-10.0
ppo,1,11524,-10.0
ppo,1,11526,-10.0
ppo,1,11527,-10.0
ppo,1,11531,-10.0
ppo,1,11533,-10.0
ppo,1,11536,-10.0
ppo,1,11538,-10.0
ppo,1,11539,-10.0
ppo,1,11541,-10.0
ppo,1,11542,-10.0
ppo,1,11544,-10.0
ppo,1,11545,-10.0
ppo,1,11548,-10.0
ppo,1,11549,-10.0
ppo,1,11553,-10.0
ppo,1,11554,-10.0
ppo,1,11557,-10.0
ppo,1,11558,-10.0
ppo,1,11559,-10.0
ppo,1,11562,-10.0
ppo,1,11563,-10.0
ppo,1,11565,-10.0
ppo,1,11566,-10.0
ppo,1,11567,-10.0
ppo,1,11568,-10.0
ppo,1,11570,-10.0
ppo,1,11571,-10.0
ppo,1,11572,-10.0
ppo,1,11573,-10.0
ppo,1,11574,-10.0
ppo,1,11580,-10.0
ppo,1,11582,-10.0
ppo,1,11583,-10.0
ppo,1,11585,-10.0
ppo,1,11586,-10.0
ppo,1,11587,-10.0
ppo,1,11589,-10.0
ppo,1,11591,-10.0
ppo,1,11592,-10.0
ppo,1,11593,-10.0
ppo,1,11594,-10.0
ppo,1,11595,-10.0
ppo,1,11596,-10.0
ppo,1,11598,-10.0
ppo,1,11599,-10.0
ppo,1,11601,-10.0
ppo,1,11605,-10.0
ppo,1,11606,-10.0
ppo,1,11607,-10.0
ppo,1,11609,-10.0
ppo,1,11610,-10.0
ppo,1,11611,-10.0
ppo,1,11612,-10.0
ppo,1,11614,-10.0
ppo,1,11615,-10.0
ppo,1,11616,-10.0
ppo,1,11617,-10.0
ppo,1,11618,-10.0
ppo,1,11620,-10.0
ppo,1,11621,-10.0
ppo,1,11623,-10.0
ppo,1,11625,-10.0
ppo,1,11626,-10.0
ppo,1,11627,-10.0
ppo,1,11628,-10.0
ppo,1,11629,-10.0
ppo,1,11634,-10.0
ppo,1,11635,-10.0
ppo,1,11636,-10.0
ppo,1,11638,-10.0
ppo,1,11640,-10.0
ppo,1,11641,-10.0
ppo,1,11643,-10.0
ppo,1,11644,-10.0
ppo,1,11645,-10.0
ppo,1,11646,-10.0
ppo,1,11647,-10.0
ppo,1,11648,-10.0
ppo,1,11649,-10.0
ppo,1,11650,-10.0
ppo,1,11651,-10.0
ppo,1,11652,-10.0
ppo,1,11654,-10.0
ppo,1,11655,-10.0
ppo,1,11656,-10.0
ppo,1,11658,-10.0
ppo,1,11663,-10.0
ppo,1,11665,-10.0
ppo,1,11667,-10.0
ppo,1,11668,-10.0
ppo,1,11669,-10.0
ppo,1,11672,-10.0
ppo,1,11673,-10.0
ppo,1,11674,-10.0
ppo,1,11675,-10.0
ppo,1,11676,-10.0
ppo,1,11677,-10.0
ppo,1,11681,-10.0
ppo,1,11682,-10.0
ppo,1,11683,-10.0
ppo,1,11684,-10.0
ppo,1,11685,-10.0
ppo,1,11687,-10.0
ppo,1,11688,-10.0
ppo,1,11691,-10.0
ppo,1,11694,-10.0
ppo,1,11695,-10.0
ppo,1,11696,-10.0
ppo,1,11697,-10.0
ppo,1,11700,-10.0
ppo,1,11701,-10.0
ppo,1,11702,-10.0
ppo,1,11703,-10.0
ppo,1,11704,-10.0
ppo,1,11708,-10.0
ppo,1,11709,-10.0
ppo,1,11710,-10.0
ppo,1,11715,-10.0
ppo,1,11716,-10.0
ppo,1,11717,-10.0
ppo,1,11718,-10.0
ppo,1,11720,-10.0
ppo,1,11721,-10.0
ppo,1,11723,-10.0
ppo,1,11724,-10.0
ppo,1,11727,-10.0
ppo,1,11728,-10.0
ppo,1,11729,-10.0
ppo,1,11731,-10.0
ppo,1,11732,-10.0
ppo,1,11733,-10.0
ppo,1,11734,-10.0
ppo,1,11737,-10.0
ppo,1,11738,-10.0
ppo,1,11739,-10.0
ppo,1,11740,-10.0
ppo,1,11741,-10.0
ppo,1,11742,-10.0
ppo,1,11744,-10.0
ppo,1,11746,-10.0
ppo,1,11747,-10.0
ppo,1,11749,-10.0
ppo,1,11750,-10.0
ppo,1,11753,-10.0
ppo,1,11756,-10.0
ppo,1,11757,-10.0
ppo,1,11758,-53.7
ppo,1,11759,-10.0
ppo,1,11760,-10.0
ppo,1,11762,-10.0
ppo,1,11763,-10.0
ppo,1,11764,-10.0
ppo,1,11765,-10.0
ppo,1,11767,-10.0
ppo,1,11769,-10.0
ppo,1,11770,-10.0
ppo,1,11771,-10.0
ppo,1,11774,-10.0
ppo,1,11775,-10.0
ppo,1,11776,-10.0
ppo,1,11777,-10.0
ppo,1,11778,-10.0
ppo,1,11779,-10.0
ppo,1,11782,-10.0
ppo,1,11783,-10.0
ppo,1,11787,-10.0
ppo,1,11789,-10.0
ppo,1,11791,-10.0
ppo,1,11793,-10.0
ppo,1,11794,-10.0
ppo,1,11795,-10.0
ppo,1,11797,-10.0
ppo,1,11798,-10.0
ppo,1,11800,-10.0
ppo,1,11802,-10.0
ppo,1,11804,-10.0
ppo,1,11805,-10.0
ppo,1,11808,-10.0
ppo,1,11809,-10.0
ppo,1,11810,-10.0
ppo,1,11812,-10.0
ppo,1,11813,-10.0
ppo,1,11815,-10.0
ppo,1,11816,-10.0
ppo,1,11818,-10.0
ppo,1,11821,-10.0
ppo,1,11822,-10.0
ppo,1,11824,-10.0
ppo,1,11825,-10.0
ppo,1,11826,-10.0
ppo,1,11827,-10.0
ppo,1,11828,-10.0
ppo,1,11829,-10.0
ppo,1,11830,-10.0
ppo,1,11831,-10.0
ppo,1,11832,-10.0
ppo,1,11833,-10.0
ppo,1,11836,-10.0
ppo,1,11837,-10.0
ppo,1,11838,-10.0
ppo,1,11840,-38.4
ppo,1,11841,-10.0
ppo,1,11842,-10.0
ppo,1,11844,-10.0
ppo,1,11845,-10.0
ppo,1,11846,-10.0
ppo,1,11847,-10.0
ppo,1,11849,-10.0
ppo,1,11851,-10.0
ppo,1,11853,-10.0
ppo,1,11854,-10.0
ppo,1,11856,-10.0
ppo,1,11858,-10.0
ppo,1,11859,-10.0
ppo,1,11860,-10.0
ppo,1,11861,-10.0
ppo,1,11862,-10.0
ppo,1,11863,-10.0
ppo,1,11865,-10.0
ppo,1,11866,-10.0
ppo,1,11867,-10.0
ppo,1,11870,-10.0
ppo,1,11871,-10.0
ppo,1,11872,-10.0
ppo,1,11873,-10.0
ppo,1,11874,-10.0
ppo,1,11876,-10.0
ppo,1,11878,-10.0
ppo,1,11879,-10.0
ppo,1,11882,-10.0
ppo,1,11884,-10.0
ppo,1,11886,-10.0
ppo,1,11887,-10.0
ppo,1,11889,-10.0
ppo,1,11890,-10.0
ppo,1,11891,-10.0
ppo,1,11892,-10.0
ppo,1,11893,-10.0
ppo,1,11894,-10.0
ppo,1,11896,-10.0
ppo,1,11897,-10.0
ppo,1,11899,-10.0
ppo,1,11900,-10.0
ppo,1,11902,-10.0
ppo,1,11903,-10.0
ppo,1,11907,-10.0
ppo,1,11908,-10.0
ppo,1,11909,-10.0
ppo,1,11910,-10.0
ppo,1,11911,-10.0
ppo,1,11913,-10.0
ppo,1,11914,-10.0
ppo,1,11915,-10.0
ppo,1,11917,-10.0
ppo,1,11920,-10.0
ppo,1,11921,-10.0
ppo,1,11922,-10.0
ppo,1,11924,-10.0
ppo,1,11925,-10.0
ppo,1,11927,-10.0
ppo,1,11928,-10.0
ppo,1,11930,-10.0
ppo,1,11931,-10.0
ppo,1,11933,-10.0
ppo,1,11934,-10.0
ppo,1,11940,-10.0
ppo,1,11941,-10.0
ppo,1,11942,-10.0
ppo,1,11943,-10.0
ppo,1,11944,-10.0
ppo,1,11945,-10.0
ppo,1,11947,-10.0
ppo,1,11948,-10.0
ppo,1,11949,-10.0
ppo,1,11950,-10.0
ppo,1,11951,-10.0
ppo,1,11952,-10.0
ppo,1,11953,-10.0
ppo,1,11955,-10.0
ppo,1,11957,-10.0
ppo,1,11959,-10.0
ppo,1,11960,-10.0
ppo,1,11962,-10.0
ppo,1,11963,-10.0
ppo,1,11964,-10.0
ppo,1,11965,-10.0
ppo,1,11967,-10.0
ppo,1,11968,-10.0
ppo,1,11969,-10.0
ppo,1,11970,-10.0
ppo,1,11972,-10.0
ppo,1,11973,-10.0
ppo,1,11975,-10.0
ppo,1,11976,-10.0
ppo,1,11978,-10.0
ppo,1,11979,-10.0
ppo,1,11981,-10.0
ppo,1,11984,-10.0
ppo,1,11987,-10.0
ppo,1,11988,-10.0
ppo,1,11990,-10.0
ppo,1,11991,-10.0
ppo,1,11992,-10.0
ppo,1,11993,-10.0
ppo,1,11995,-10.0
ppo,1,11996,-10.0
ppo,1,11999,-10.0
ppo,1,12003,-10.0
ppo,1,12005,-10.0
ppo,1,12008,-10.0
ppo,1,12010,-10.0
ppo,1,12011,-10.0
ppo,1,12012,-10.0
ppo,1,12014,-10.0
ppo,1,12017,-10.0
ppo,1,12018,-10.0
ppo,1,12019,-10.0
ppo,1,12022,-10.0
ppo,1,12023,-10.0
ppo,1,12024,-10.0
ppo,1,12026,-10.0
ppo,1,12027,-10.0
ppo,1,12028,-10.0
ppo,1,12029,-10.0
ppo,1,12030,-10.0
ppo,1,12031,-10.0
ppo,1,12032,-10.0
ppo,1,12033,-10.0
ppo,1,12034,-10.0
ppo,1,12037,-10.0
ppo,1,12039,-10.0
ppo,1,12041,-10.0
ppo,1,12043,-10.0
ppo,1,12045,-10.0
ppo,1,12046,-10.0
ppo,1,12047,-10.0
ppo,1,12048,-10.0
ppo,1,12049,-10.0
ppo,1,12050,-10.0
ppo,1,12051,-10.0
ppo,1,12052,-10.0
ppo,1,12054,-10.0
ppo,1,12055,-10.0
ppo,1,12057,-10.0
ppo,1,12058,-10.0
ppo,1,12059,-10.0
ppo,1,12060,-10.0
ppo,1,12061,-10.0
ppo,1,12063,-10.0
ppo,1,12064,-10.0
ppo,1,12066,-10.0
ppo,1,12067,-10.0
ppo,1,12070,-10.0
ppo,1,12072,-10.0
ppo,1,12073,-10.0
ppo,1,12074,-10.0
ppo,1,12075,-10.0
ppo,1,12076,-10.0
ppo,1,12078,-10.0
ppo,1,12080,-10.0
ppo,1,12081,-10.0
ppo,1,12082,-10.0
ppo,1,12083,-10.0
ppo,1,12085,-10.0
ppo,1,12086,-10.0
ppo,1,12088,-10.0
ppo,1,12089,-10.0
ppo,1,12091,-10.0
ppo,1,12093,-10.0
ppo,1,12096,-10.0
ppo,1,12097,-10.0
ppo,1,12098,-10.0
ppo,1,12099,-10.0
ppo,1,12100,-10.0
ppo,1,12101,-10.0
ppo,1,12103,-10.0
ppo,1,12104,-10.0
ppo,1,12106,-10.0
ppo,1,12109,-10.0
ppo,1,12111,-10.0
ppo,1,12113,-10.0
ppo,1,12115,-10.0
ppo,1,12116,-10.0
ppo,1,12119,-10.0
ppo,1,12121,-10.0
ppo,1,12124,-10.0
ppo,1,12129,-10.0
ppo,1,12130,-10.0
ppo,1,12131,-10.0
ppo,1,12133,-10.0
ppo,1,12134,-10.0
ppo,1,12136,-10.0
ppo,1,12138,-10.0
ppo,1,12140,-10.0
ppo,1,12141,-10.0
ppo,1,12142,-10.0
ppo,1,12144,-10.0
ppo,1,12145,-10.0
ppo,1,12146,-10.0
ppo,1,12147,-10.0
ppo,1,12148,-10.0
ppo,1,12149,-10.0
ppo,1,12151,-10.0
ppo,1,12156,-10.0
ppo,1,12157,-10.0
ppo,1,12160,-10.0
ppo,1,12161,-10.0
ppo,1,12166,-10.0
ppo,1,12167,-10.0
ppo,1,12168,-10.0
ppo,1,12170,-10.0
ppo,1,12173,-10.0
ppo,1,12174,-10.0
ppo,1,12175,-10.0
ppo,1,12176,-10.0
ppo,1,12178,-10.0
ppo,1,12179,-10.0
ppo,1,12180,-10.0
ppo,1,12181,-10.0
ppo,1,12184,-10.0
ppo,1,12185,-10.0
ppo,1,12186,-10.0
ppo,1,12187,-10.0
ppo,1,12188,-10.0
ppo,1,12189,-10.0
ppo,1,12191,-10.0
ppo,1,12193,-10.0
ppo,1,12194,-10.0
ppo,1,12197,-10.0
ppo,1,12198,-10.0
ppo,1,12200,-10.0
ppo,1,12201,-10.0
ppo,1,12202,-10.0
ppo,1,12203,-10.0
ppo,1,12204,-10.0
ppo,1,12205,-10.0
ppo,1,12206,-10.0
ppo,1,12207,-10.0
ppo,1,12208,-10.0
ppo,1,12209,-10.0
ppo,1,12210,-10.0
ppo,1,12211,-10.0
ppo,1,12213,-10.0
ppo,1,12216,-10.0
ppo,1,12218,-10.0
ppo,1,12219,-10.0
ppo,1,12220,-10.0
ppo,1,12222,-10.0
ppo,1,12224,-10.0
ppo,1,12225,-10.0
ppo,1,12226,-10.0
ppo,1,12228,-10.0
ppo,1,12231,-10.0
ppo,1,12234,-10.0
ppo,1,12235,-10.0
ppo,1,12236,-10.0
ppo,1,12237,-10.0
ppo,1,12238,-10.0
ppo,1,12239,-10.0
ppo,1,12240,-10.0
ppo,1,12241,-10.0
ppo,1,12242,-10.0
ppo,1,12244,-10.0
ppo,1,12246,-10.0
ppo,1,12247,-10.0
ppo,1,12248,-10.0
ppo,1,12249,-10.0
ppo,1,12251,-10.0
ppo,1,12252,-10.0
ppo,1,12253,-10.0
ppo,1,12254,-10.0
ppo,1,12255,-10.0
ppo,1,12257,-10.0
ppo,1,12258,-10.0
ppo,1,12259,-10.0
ppo,1,12260,-10.0
ppo,1,12261,-10.0
ppo,1,12262,-10.0
ppo,1,12263,-10.0
ppo,1,12264,-10.0
ppo,1,12265,-10.0
ppo,1,12266,-10.0
ppo,1,12268,-10.0
ppo,1,12270,-10.0
ppo,1,12271,-10.0
ppo,1,12275,-10.0
ppo,1,12276,-10.0
ppo,1,12277,-10.0
ppo,1,12278,-10.0
ppo,1,12279,-10.0
ppo,1,12280,-10.0
ppo,1,12281,-10.0
ppo,1,12282,-10.0
ppo,1,12283,-10.0
ppo,1,12284,-10.0
ppo,1,12285,-10.0
ppo,1,12286,-10.0
ppo,1,12287,-10.0
ppo,1,12288,-10.0
ppo,1,12290,-10.0
ppo,1,12293,-10.0
ppo,1,12294,-10.0
ppo,1,12297,-10.0
ppo,1,12299,-10.0
ppo,1,12300,-10.0
ppo,1,12301,-10.0
ppo,1,12310,-10.0
ppo,1,12311,-10.0
ppo,1,12313,-10.0
ppo,1,12324,-10.0
ppo,1,12325,-10.0
ppo,1,12328,-10.0
ppo,1,12329,-10.0
ppo,1,12331,-10.0
ppo,1,12332,-10.0
ppo,1,12333,-10.0
ppo,1,12335,-10.0
ppo,1,12336,-10.0
ppo,1,12340,-10.0
ppo,1,12341,-10.0
ppo,1,12343,-10.0
ppo,1,12348,-10.0
ppo,1,12350,-10.0
ppo,1,12351,-10.0
ppo,1,12352,-10.0
ppo,1,12355,-10.0
ppo,1,12359,-10.0
ppo,1,12362,-10.0
ppo,1,12363,-10.0
ppo,1,12367,-10.0
ppo,1,12369,-10.0
ppo,1,12373,-10.0
ppo,1,12374,-10.0
ppo,1,12378,-10.0
ppo,1,12379,-10.0
ppo,1,12380,-10.0
ppo,1,12382,-10.0
ppo,1,12383,-10.0
ppo,1,12385,-10.0
ppo,1,12386,-10.0
ppo,1,12389,-10.0
ppo,1,12392,-10.0
ppo,1,12394,-10.0
ppo,1,12398,-10.0
ppo,1,12399,-10.0
ppo,1,12401,-10.0
ppo,1,12405,-10.0
ppo,1,12406,-10.0
ppo,1,12408,-10.0
ppo,1,12409,-10.0
ppo,1,12410,-10.0
ppo,1,12412,-10.0
ppo,1,12413,-10.0
ppo,1,12414,-10.0
ppo,1,12415,-10.0
ppo,1,12416,-10.0
ppo,1,12417,-10.0
ppo,1,12418,-10.0
ppo,1,12419,-10.0
ppo,1,12420,-10.0
ppo,1,12422,-10.0
ppo,1,12426,-10.0
ppo,1,12430,-10.0
ppo,1,12431,-10.0
ppo,1,12434,-10.0
ppo,1,12435,-10.0
ppo,1,12436,-10.0
ppo,1,12438,-10.0
ppo,1,12443,-10.0
ppo,1,12444,-10.0
ppo,1,12445,-10.0
ppo,1,12449,-10.0
ppo,1,12450,-10.0
ppo,1,12451,-10.0
ppo,1,12454,-10.0
ppo,1,12455,-10.0
ppo,1,12456,-10.0
ppo,1,12458,-10.0
ppo,1,12459,-10.0
ppo,1,12460,-10.0
ppo,1,12461,-10.0
ppo,1,12464,-10.0
ppo,1,12467,-10.0
ppo,1,12470,-10.0
ppo,1,12472,-10.0
ppo,1,12473,-10.0
ppo,1,12474,-10.0
ppo,1,12475,-10.0
ppo,1,12478,-10.0
ppo,1,12479,-10.0
ppo,1,12481,-10.0
ppo,1,12485,-10.0
ppo,1,12488,-10.0
ppo,1,12490,-10.0
ppo,1,12492,-10.0
ppo,1,12494,-10.0
ppo,1,12495,-10.0
ppo,1,12497,-10.0
ppo,1,12500,-10.0
ppo,1,12505,-10.0
ppo,1,12507,-10.0
ppo,1,12509,-10.0
ppo,1,12511,-10.0
ppo,1,12512,-10.0
ppo,1,12516,-10.0
ppo,1,12519,-10.0
ppo,1,12520,-10.0
ppo,1,12521,-10.0
ppo,1,12525,-10.0
ppo,1,12526,-10.0
ppo,1,12527,-10.0
ppo,1,12528,-10.0
ppo,1,12532,-10.0
ppo,1,12537,-10.0
ppo,1,12542,-10.0
ppo,1,12543,-10.0
ppo,1,12545,-10.0
ppo,1,12549,-10.0
ppo,1,12551,-10.0
ppo,1,12552,-10.0
ppo,1,12554,-10.0
ppo,1,12555,-10.0
ppo,1,12556,-10.0
ppo,1,12559,-10.0
ppo,1,12563,-10.0
ppo,1,12567,-10.0
ppo,1,12568,-10.0
ppo,1,12573,-10.0
ppo,1,12574,-10.0
ppo,1,12575,-10.0
ppo,1,12585,-10.0
ppo,1,12586,-10.0
ppo,1,12588,-10.0
ppo,1,12590,-10.0
ppo,1,12595,-10.0
ppo,1,12596,-10.0
ppo,1,12600,-10.0
ppo,1,12601,-10.0
ppo,1,12602,-10.0
ppo,1,12603,-10.0
ppo,1,12604,-10.0
ppo,1,12607,-10.0
ppo,1,12609,-10.0
ppo,1,12610,-10.0
ppo,1,12611,-10.0
ppo,1,12612,-10.0
ppo,1,12613,-10.0
ppo,1,12614,-10.0
ppo,1,12618,-10.0
ppo,1,12620,-10.0
ppo,1,12622,-10.0
ppo,1,12626,-10.0
ppo,1,12627,-10.0
ppo,1,12628,-10.0
ppo,1,12629,-10.0
ppo,1,12630,-10.0
ppo,1,12631,-10.0
ppo,1,12633,-10.0
ppo,1,12636,-10.0
ppo,1,12640,-10.0
ppo,1,12641,-10.0
ppo,1,12644,-10.0
ppo,1,12645,-10.0
ppo,1,12648,-10.0
ppo,1,12649,-10.0
ppo,1,12651,-10.0
ppo,1,12654,-10.0
ppo,1,12656,-10.0
ppo,1,12658,-10.0
ppo,1,12659,-10.0
ppo,1,12660,-10.0
ppo,1,12661,-10.0
ppo,1,12666,-10.0
ppo,1,12667,-10.0
ppo,1,12669,-10.0
ppo,1,12674,-10.0
ppo,1,12675,-10.0
ppo,1,12680,-10.0
ppo,1,12681,-10.0
ppo,1,12682,-10.0
ppo,1,12684,-10.0
ppo,1,12685,-10.0
ppo,1,12686,-10.0
ppo,1,12688,-10.0
ppo,1,12689,-10.0
ppo,1,12690,-10.0
ppo,1,12693,-10.0
ppo,1,12694,-10.0
ppo,1,12695,-10.0
ppo,1,12696,-10.0
ppo,1,12697,-10.0
ppo,1,12699,-10.0
ppo,1,12702,-10.0
ppo,1,12704,-10.0
ppo,1,12711,-10.0
ppo,1,12713,-10.0
ppo,1,12716,-10.0
ppo,1,12717,-10.0
ppo,1,12718,-10.0
ppo,1,12723,-10.0
ppo,1,12724,-10.0
ppo,1,12725,-10.0
ppo,1,12726,-10.0
ppo,1,12730,-10.0
ppo,1,12733,-10.0
ppo,1,12734,-10.0
ppo,1,12737,-10.0
ppo,1,12738,-10.0
ppo,1,12741,-10.0
ppo,1,12742,-10.0
ppo,1,12743,-10.0
ppo,1,12744,-10.0
ppo,1,12746,-10.0
ppo,1,12751,-10.0
ppo,1,12753,-10.0
ppo,1,12755,-10.0
ppo,1,12758,-10.0
ppo,1,12759,-10.0
ppo,1,12763,-10.0
ppo,1,12766,-10.0
ppo,1,12767,-10.0
ppo,1,12768,-10.0
ppo,1,12769,-10.0
ppo,1,12770,-10.0
ppo,1,12771,-10.0
ppo,1,12772,-10.0
ppo,1,12773,-10.0
ppo,1,12775,-10.0
ppo,1,12776,-10.0
ppo,1,12779,-10.0
ppo,1,12780,-10.0
ppo,1,12781,-10.0
ppo,1,12784,-10.0
ppo,1,12786,-10.0
ppo,1,12788,-10.0
ppo,1,12791,-10.0
ppo,1,12795,-10.0
ppo,1,12796,-10.0
ppo,1,12800,-10.0
ppo,1,12804,-10.0
ppo,1,12807,-10.0
ppo,1,12808,-10.0
ppo,1,12809,-10.0
ppo,1,12812,-10.0
ppo,1,12813,-10.0
ppo,1,12816,-10.0
ppo,1,12821,-10.0
ppo,1,12822,-10.0
ppo,1,12823,-10.0
ppo,1,12826,-10.0
ppo,1,12829,-10.0
ppo,1,12830,-10.0
ppo,1,12834,-10.0
ppo,1,12835,-10.0
ppo,1,12836,-10.0
ppo,1,12838,-10.0
ppo,1,12842,-10.0
ppo,1,12843,-10.0
ppo,1,12845,-10.0
ppo,1,12848,-10.0
ppo,1,12849,-10.0
ppo,1,12850,-10.0
ppo,1,12851,-10.0
ppo,1,12853,-10.0
ppo,1,12854,-10.0
ppo,1,12856,-10.0
ppo,1,12858,-10.0
ppo,1,12862,-10.0
ppo,1,12864,-10.0
ppo,1,12865,-10.0
ppo,1,12867,-10.0
ppo,1,12870,-10.0
ppo,1,12874,-10.0
ppo,1,12875,-10.0
ppo,1,12876,-10.0
ppo,1,12880,-10.0
ppo,1,12881,-10.0
ppo,1,12882,-10.0
ppo,1,12883,-10.0
ppo,1,12884,-10.0
ppo,1,12886,-10.0
ppo,1,12887,-10.0
ppo,1,12888,-10.0
ppo,1,12889,-10.0
ppo,1,12890,-10.0
ppo,1,12894,-10.0
ppo,1,12895,-10.0
ppo,1,12898,-10.0
ppo,1,12900,-10.0
ppo,1,12901,-10.0
ppo,1,12904,-10.0
ppo,1,12907,-10.0
ppo,1,12910,-10.0
ppo,1,12911,-10.0
ppo,1,12913,-10.0
ppo,1,12914,-10.0
ppo,1,12915,-10.0
ppo,1,12916,-10.0
ppo,1,12917,-10.0
ppo,1,12918,-10.0
ppo,1,12919,-10.0
ppo,1,12922,-10.0
ppo,1,12927,-10.0
ppo,1,12928,-10.0
ppo,1,12929,-10.0
ppo,1,12930,-10.0
ppo,1,12931,-10.0
ppo,1,12935,-10.0
ppo,1,12936,-10.0
ppo,1,12938,-10.0
ppo,1,12939,-10.0
ppo,1,12940,-10.0
ppo,1,12941,-10.0
ppo,1,12947,-10.0
ppo,1,12955,-10.0
ppo,1,12957,-10.0
ppo,1,12959,-10.0
ppo,1,12961,-10.0
ppo,1,12962,-10.0
ppo,1,12963,-10.0
ppo,1,12964,-10.0
ppo,1,12967,-10.0
ppo,1,12969,-10.0
ppo,1,12970,-10.0
ppo,1,12975,-10.0
ppo,1,12976,-10.0
ppo,1,12979,-10.0
ppo,1,12980,-10.0
ppo,1,12981,-10.0
ppo,1,12983,-10.0
ppo,1,12985,-10.0
ppo,1,12986,-10.0
ppo,1,12987,-10.0
ppo,1,12989,-10.0
ppo,1,12993,-10.0
ppo,1,12994,-10.0
ppo,1,12998,-10.0
ppo,1,13000,-10.0
ppo,1,13002,-10.0
ppo,1,13005,-10.0
ppo,1,13007,-10.0
ppo,1,13008,-10.0
ppo,1,13010,-10.0
ppo,1,13012,-10.0
ppo,1,13014,-10.0
ppo,1,13015,-10.0
ppo,1,13016,-10.0
ppo,1,13020,-10.0
ppo,1,13021,-10.0
ppo,1,13023,-10.0
ppo,1,13024,-10.0
ppo,1,13025,-10.0
ppo,1,13026,-10.0
ppo,1,13030,-10.0
ppo,1,13032,-10.0
ppo,1,13035,-10.0
ppo,1,13036,-10.0
ppo,1,13037,-10.0
ppo,1,13038,-10.0
ppo,1,13042,-10.0
ppo,1,13044,-10.0
ppo,1,13046,-10.0
ppo,1,13047,-10.0
ppo,1,13048,-10.0
ppo,1,13049,-10.0
ppo,1,13050,-10.0
ppo,1,13060,-10.0
ppo,1,13063,-10.0
ppo,1,13064,-10.0
ppo,1,13065,-10.0
ppo,1,13067,-10.0
ppo,1,13068,-10.0
ppo,1,13070,-10.0
ppo,1,13071,-10.0
ppo,1,13072,-10.0
ppo,1,13073,-10.0
ppo,1,13076,-10.0
ppo,1,13084,-10.0
ppo,1,13087,-10.0
ppo,1,13088,-10.0
ppo,1,13089,-10.0
ppo,1,13090,-10.0
ppo,1,13093,-10.0
ppo,1,13094,-10.0
ppo,1,13096,-10.0
ppo,1,13097,-10.0
ppo,1,13098,-10.0
ppo,1,13099,-10.0
ppo,1,13101,-10.0
ppo,1,13102,-10.0
ppo,1,13103,-10.0
ppo,1,13105,-10.0
ppo,1,13106,-10.0
ppo,1,13107,-10.0
ppo,1,13109,-10.0
ppo,1,13110,-10.0
ppo,1,13113,-10.0
ppo,1,13114,-10.0
ppo,1,13115,-10.0
ppo,1,13117,-10.0
ppo,1,13121,-10.0
ppo,1,13124,-10.0
ppo,1,13125,-10.0
ppo,1,13126,-10.0
ppo,1,13132,-10.0
ppo,1,13133,-10.0
ppo,1,13134,-10.0
ppo,1,13137,-10.0
ppo,1,13138,-10.0
ppo,1,13139,-10.0
ppo,1,13140,-10.0
ppo,1,13146,-10.0
ppo,1,13148,-10.0
ppo,1,13150,-10.0
ppo,1,13154,-10.0
ppo,1,13155,-10.0
ppo,1,13156,-10.0
ppo,1,13157,-10.0
ppo,1,13159,-10.0
ppo,1,13160,-10.0
ppo,1,13161,-10.0
ppo,1,13162,-10.0
ppo,1,13163,-10.0
ppo,1,13164,-10.0
ppo,1,13166,-10.0
ppo,1,13167,-10.0
ppo,1,13168,-10.0
ppo,1,13169,-10.0
ppo,1,13170,-10.0
ppo,1,13171,-10.0
ppo,1,13173,-10.0
ppo,1,13174,-10.0
ppo,1,13175,-10.0
ppo,1,13176,-10.0
ppo,1,13182,-10.0
ppo,1,13183,-10.0
ppo,1,13184,-10.0
ppo,1,13185,-10.0
ppo,1,13188,-10.0
ppo,1,13191,-10.0
ppo,1,13192,-10.0
ppo,1,13193,-10.0
ppo,1,13196,-10.0
ppo,1,13197,-10.0
ppo,1,13199,-10.0
ppo,1,13201,-10.0
ppo,1,13202,-10.0
ppo,1,13203,-10.0
ppo,1,13204,-10.0
ppo,1,13207,-10.0
ppo,1,13209,-10.0
ppo,1,13213,-10.0
ppo,1,13216,-10.0
ppo,1,13217,-10.0
ppo,1,13219,-10.0
ppo,1,13222,-10.0
ppo,1,13223,-10.0
ppo,1,13225,-10.0
ppo,1,13227,-10.0
ppo,1,13228,-10.0
ppo,1,13232,-10.0
ppo,1,13233,-10.0
ppo,1,13237,-10.0
ppo,1,13238,-10.0
ppo,1,13244,-10.0
ppo,1,13246,-10.0
ppo,1,13252,-10.0
ppo,1,13253,-10.0
ppo,1,13258,-10.0
ppo,1,13261,-10.0
ppo,1,13262,-10.0
ppo,1,13268,-10.0
ppo,1,13271,-10.0
ppo,1,13272,-10.0
ppo,1,13273,-10.0
ppo,1,13276,-10.0
ppo,1,13277,-10.0
ppo,1,13279,-10.0
ppo,1,13280,-10.0
ppo,1,13281,-10.0
ppo,1,13282,-10.0
ppo,1,13285,-10.0
ppo,1,13287,-10.0
ppo,1,13290,-10.0
ppo,1,13295,-10.0
ppo,1,13296,-10.0
ppo,1,13297,-10.0
ppo,1,13302,-10.0
ppo,1,13306,-10.0
ppo,1,13307,-10.0
ppo,1,13310,-10.0
ppo,1,13311,-10.0
ppo,1,13313,-10.0
ppo,1,13314,-10.0
ppo,1,13315,-10.0
ppo,1,13316,-10.0
ppo,1,13317,-10.0
ppo,1,13320,-10.0
ppo,1,13321,-10.0
ppo,1,13322,-10.0
ppo,1,13323,-10.0
ppo,1,13324,-10.0
ppo,1,13325,-10.0
ppo,1,13328,-10.0
ppo,1,13329,-10.0
ppo,1,13331,-10.0
ppo,1,13332,-10.0
ppo,1,13334,-10.0
ppo,1,13335,-10.0
ppo,1,13337,-10.0
ppo,1,13339,-10.0
ppo,1,13340,-10.0
ppo,1,13341,-10.0
ppo,1,13344,-10.0
ppo,1,13345,-10.0
ppo,1,13346,-10.0
ppo,1,13348,-10.0
ppo,1,13352,-10.0
ppo,1,13353,-10.0
ppo,1,13355,-10.0
ppo,1,13357,-10.0
ppo,1,13362,-10.0
ppo,1,13365,-10.0
ppo,1,13367,-10.0
ppo,1,13368,-10.0
ppo,1,13370,-10.0
ppo,1,13371,-10.0
ppo,1,13372,-10.0
ppo,1,13373,-10.0
ppo,1,13375,-10.0
ppo,1,13378,-10.0
ppo,1,13379,-10.0
ppo,1,13381,-10.0
ppo,1,13383,-10.0
ppo,1,13384,-10.0
ppo,1,13385,-10.0
ppo,1,13386,-10.0
ppo,1,13388,-10.0
ppo,1,13389,-10.0
ppo,1,13390,-10.0
ppo,1,13391,-10.0
ppo,1,13393,-10.0
ppo,1,13394,-10.0
ppo,1,13395,-10.0
ppo,1,13399,-10.0
ppo,1,13401,-10.0
ppo,1,13402,-10.0
ppo,1,13403,-10.0
ppo,1,13404,-10.0
ppo,1,13405,-10.0
ppo,1,13409,-10.0
ppo,1,13411,-10.0
ppo,1,13413,-10.0
ppo,1,13418,-10.0
ppo,1,13419,-10.0
ppo,1,13421,-10.0
ppo,1,13423,-10.0
ppo,1,13424,-10.0
ppo,1,13425,-10.0
ppo,1,13426,-10.0
ppo,1,13427,-10.0
ppo,1,13434,-10.0
ppo,1,13435,-10.0
ppo,1,13436,-10.0
ppo,1,13437,-10.0
ppo,1,13438,-10.0
ppo,1,13439,-10.0
ppo,1,13441,-10.0
ppo,1,13443,-10.0
ppo,1,13444,-10.0
ppo,1,13445,-10.0
ppo,1,13446,-10.0
ppo,1,13449,-10.0
ppo,1,13450,-10.0
ppo,1,13456,-10.0
ppo,1,13458,-10.0
ppo,1,13459,-10.0
ppo,1,13461,-10.0
ppo,1,13462,-10.0
ppo,1,13463,-10.0
ppo,1,13464,-10.0
ppo,1,13465,-10.0
ppo,1,13467,-10.0
ppo,1,13469,-10.0
ppo,1,13470,-10.0
ppo,1,13471,-10.0
ppo,1,13472,-10.0
ppo,1,13475,-10.0
ppo,1,13477,-10.0
ppo,1,13478,-10.0
ppo,1,13479,-10.0
ppo,1,13481,-10.0
ppo,1,13483,-10.0
ppo,1,13485,-10.0
ppo,1,13488,-10.0
ppo,1,13489,-10.0
ppo,1,13490,-10.0
ppo,1,13491,-10.0
ppo,1,13493,-10.0
ppo,1,13494,-10.0
ppo,1,13496,-10.0
ppo,1,13497,-10.0
ppo,1,13500,-10.0
ppo,1,13501,-10.0
ppo,1,13503,-10.0
ppo,1,13506,-10.0
ppo,1,13511,-10.0
ppo,1,13513,-10.0
ppo,1,13515,-10.0
ppo,1,13518,-10.0
ppo,1,13520,-10.0
ppo,1,13521,-10.0
ppo,1,13523,-10.0
ppo,1,13524,-10.0
ppo,1,13527,-10.0
ppo,1,13528,-10.0
ppo,1,13529,-10.0
ppo,1,13531,-10.0
ppo,1,13532,-10.0
ppo,1,13535,-10.0
ppo,1,13536,-10.0
ppo,1,13539,-10.0
ppo,1,13541,-10.0
ppo,1,13543,-10.0
ppo,1,13544,-10.0
ppo,1,13545,-10.0
ppo,1,13546,-10.0
ppo,1,13547,-10.0
ppo,1,13550,-10.0
ppo,1,13552,-10.0
ppo,1,13555,-10.0
ppo,1,13556,-10.0
ppo,1,13557,-10.0
ppo,1,13558,-10.0
ppo,1,13560,-10.0
ppo,1,13561,-10.0
ppo,1,13564,-10.0
ppo,1,13566,-10.0
ppo,1,13569,-10.0
ppo,1,13571,-10.0
ppo,1,13577,-10.0
ppo,1,13578,-10.0
ppo,1,13579,-10.0
ppo,1,13580,-10.0
ppo,1,13583,-10.0
ppo,1,13587,-10.0
ppo,1,13592,-10.0
ppo,1,13594,-10.0
ppo,1,13596,-10.0
ppo,1,13598,-10.0
ppo,1,13599,-10.0
ppo,1,13600,-10.0
ppo,1,13608,-10.0
ppo,1,13612,-10.0
ppo,1,13613,-10.0
ppo,1,13614,-10.0
ppo,1,13616,-10.0
ppo,1,13617,-10.0
ppo,1,13618,-10.0
ppo,1,13619,-10.0
ppo,1,13621,-10.0
ppo,1,13622,-10.0
ppo,1,13625,-10.0
ppo,1,13626,-10.0
ppo,1,13627,-10.0
ppo,1,13634,-10.0
ppo,1,13635,-10.0
ppo,1,13637,-10.0
ppo,1,13638,-10.0
ppo,1,13640,-10.0
ppo,1,13641,-10.0
ppo,1,13642,-10.0
ppo,1,13643,-10.0
ppo,1,13651,-10.0
ppo,1,13656,-10.0
ppo,1,13660,-10.0
ppo,1,13661,-10.0
ppo,1,13662,-10.0
ppo,1,13664,-10.0
ppo,1,13665,-10.0
ppo,1,13666,-10.0
ppo,1,13667,-10.0
ppo,1,13670,-10.0
ppo,1,13671,-10.0
ppo,1,13674,-10.0
ppo,1,13679,-10.0
ppo,1,13681,-10.0
ppo,1,13682,-10.0
ppo,1,13683,-10.0
ppo,1,13685,-10.0
ppo,1,13687,-10.0
ppo,1,13691,-10.0
ppo,1,13696,-10.0
ppo,1,13700,-10.0
ppo,1,13701,-10.0
ppo,1,13703,-10.0
ppo,1,13711,-10.0
ppo,1,13714,-10.0
ppo,1,13715,-10.0
ppo,1,13717,-10.0
ppo,1,13718,-31.5
ppo,1,13719,-10.0
ppo,1,13721,-10.0
ppo,1,13722,-10.0
ppo,1,13723,-10.0
ppo,1,13724,-10.0
ppo,1,13726,-10.0
ppo,1,13727,-10.0
ppo,1,13728,-10.0
ppo,1,13734,-10.0
ppo,1,13735,-10.0
ppo,1,13737,-10.0
ppo,1,13738,-10.0
ppo,1,13741,-10.0
ppo,1,13742,-10.0
ppo,1,13743,-10.0
ppo,1,13744,-10.0
ppo,1,13745,-10.0
ppo,1,13748,-10.0
ppo,1,13749,-10.0
ppo,1,13752,-10.0
ppo,1,13753,-10.0
ppo,1,13755,-10.0
ppo,1,13757,-10.0
ppo,1,13759,-10.0
ppo,1,13763,-10.0
ppo,1,13764,-10.0
ppo,1,13768,-10.0
ppo,1,13771,-10.0
ppo,1,13772,-10.0
ppo,1,13774,-10.0
ppo,1,13775,-10.0
ppo,1,13777,-10.0
ppo,1,13778,-10.0
ppo,1,13779,-10.0
ppo,1,13783,-10.0
ppo,1,13784,-10.0
ppo,1,13785,-10.0
ppo,1,13786,-10.0
ppo,1,13789,-10.0
ppo,1,13790,-10.0
ppo,1,13791,-10.0
ppo,1,13794,-10.0
ppo,1,13797,-10.0
ppo,1,13802,-10.0
ppo,1,13803,-10.0
ppo,1,13804,-10.0
ppo,1,13807,-10.0
ppo,1,13808,-10.0
ppo,1,13812,-10.0
ppo,1,13814,-10.0
ppo,1,13816,-10.0
ppo,1,13817,-10.0
ppo,1,13818,-10.0
ppo,1,13819,-10.0
ppo,1,13823,-10.0
ppo,1,13824,-10.0
ppo,1,13825,-10.0
ppo,1,13826,-10.0
ppo,1,13827,-10.0
ppo,1,13828,-10.0
ppo,1,13829,-10.0
ppo,1,13831,-10.0
ppo,1,13832,-10.0
ppo,1,13834,-10.0
ppo,1,13836,-10.0
ppo,1,13837,-10.0
ppo,1,13839,-10.0
ppo,1,13842,-10.0
ppo,1,13843,-10.0
ppo,1,13844,-10.0
ppo,1,13846,-10.0
ppo,1,13848,-10.0
ppo,1,13851,-10.0
ppo,1,13852,-10.0
ppo,1,13856,-10.0
ppo,1,13857,-10.0
ppo,1,13858,-10.0
ppo,1,13859,-10.0
ppo,1,13866,-10.0
ppo,1,13867,-10.0
ppo,1,13868,-10.0
ppo,1,13869,-10.0
ppo,1,13870,-51.3
ppo,1,13872,-10.0
ppo,1,13876,-10.0
ppo,1,13877,-10.0
ppo,1,13880,-10.0
ppo,1,13881,-10.0
ppo,1,13882,-10.0
ppo,1,13884,-10.0
ppo,1,13885,-10.0
ppo,1,13887,-10.0
ppo,1,13888,-10.0
ppo,1,13891,-10.0
ppo,1,13892,-10.0
ppo,1,13896,-10.0
ppo,1,13898,-10.0
ppo,1,13904,-10.0
ppo,1,13910,-10.0
ppo,1,13911,-10.0
ppo,1,13912,-10.0
ppo,1,13919,-10.0
ppo,1,13920,-10.0
ppo,1,13923,-10.0
ppo,1,13924,-10.0
ppo,1,13925,-10.0
ppo,1,13926,-10.0
ppo,1,13929,-10.0
ppo,1,13938,-10.0
ppo,1,13940,-10.0
ppo,1,13941,-10.0
ppo,1,13942,-10.0
ppo,1,13944,-10.0
ppo,1,13945,-10.0
ppo,1,13946,-10.0
ppo,1,13947,-10.0
ppo,1,13948,-10.0
ppo,1,13950,-10.0
ppo,1,13954,-10.0
ppo,1,13955,-10.0
ppo,1,13956,-10.0
ppo,1,13957,-10.0
ppo,1,13958,-10.0
ppo,1,13961,-10.0
ppo,1,13962,-10.0
ppo,1,13964,-10.0
ppo,1,13965,-10.0
ppo,1,13966,-10.0
ppo,1,13967,-10.0
ppo,1,13968,-10.0
ppo,1,13972,-10.0
ppo,1,13973,-10.0
ppo,1,13975,-10.0
ppo,1,13976,-10.0
ppo,1,13978,-10.0
ppo,1,13979,-10.0
ppo,1,13980,-10.0
ppo,1,13986,-10.0
ppo,1,13987,-10.0
ppo,1,13988,-10.0
ppo,1,13990,-10.0
ppo,1,13993,-10.0
ppo,1,13997,-10.0
ppo,1,13998,-10.0
ppo,1,13999,-10.0
ppo,1,14002,-10.0
ppo,1,14003,-10.0
ppo,1,14005,-10.0
ppo,1,14006,-10.0
ppo,1,14007,-10.0
ppo,1,14009,-10.0
ppo,1,14010,-10.0
ppo,1,14011,-10.0
ppo,1,14013,-10.0
ppo,1,14015,-10.0
ppo,1,14016,-10.0
ppo,1,14017,-10.0
ppo,1,14018,-10.0
ppo,1,14019,-10.0
ppo,1,14020,-10.0
ppo,1,14022,-10.0
ppo,1,14023,-10.0
ppo,1,14025,-10.0
ppo,1,14029,-10.0
ppo,1,14031,-10.0
ppo,1,14036,-10.0
ppo,1,14038,-10.0
ppo,1,14039,-10.0
ppo,1,14041,-10.0
ppo,1,14042,-10.0
ppo,1,14046,-10.0
ppo,1,14049,-10.0
ppo,1,14052,-10.0
ppo,1,14053,-10.0
ppo,1,14054,-10.0
ppo,1,14055,-10.0
ppo,1,14056,-10.0
ppo,1,14058,-10.0
ppo,1,14060,-10.0
ppo,1,14062,-10.0
ppo,1,14063,-10.0
ppo,1,14066,-10.0
ppo,1,14069,-10.0
ppo,1,14070,-10.0
ppo,1,14075,-10.0
ppo,1,14076,-10.0
ppo,1,14078,-10.0
ppo,1,14080,-10.0
ppo,1,14081,-10.0
ppo,1,14082,-10.0
ppo,1,14083,-10.0
ppo,1,14084,-10.0
ppo,1,14085,-10.0
ppo,1,14086,-10.0
ppo,1,14088,-10.0
ppo,1,14089,-10.0
ppo,1,14093,-10.0
ppo,1,14096,-10.0
ppo,1,14098,-10.0
ppo,1,14100,-10.0
ppo,1,14101,-10.0
ppo,1,14102,-10.0
ppo,1,14104,-10.0
ppo,1,14106,-10.0
ppo,1,14108,-10.0
ppo,1,14110,-10.0
ppo,1,14112,-10.0
ppo,1,14113,-10.0
ppo,1,14114,-10.0
ppo,1,14115,-10.0
ppo,1,14118,-10.0
ppo,1,14119,-10.0
ppo,1,14122,-10.0
ppo,1,14123,-10.0
ppo,1,14129,-10.0
ppo,1,14131,-10.0
ppo,1,14132,-10.0
ppo,1,14133,-10.0
ppo,1,14135,-10.0
ppo,1,14136,-10.0
ppo,1,14137,-10.0
ppo,1,14138,-10.0
ppo,1,14139,-10.0
ppo,1,14140,-10.0
ppo,1,14144,-10.0
ppo,1,14145,-10.0
ppo,1,14150,-10.0
ppo,1,14151,-10.0
ppo,1,14154,-10.0
ppo,1,14155,-10.0
ppo,1,14156,-10.0
ppo,1,14157,-10.0
ppo,1,14163,-10.0
ppo,1,14168,-10.0
ppo,1,14170,-10.0
ppo,1,14172,-10.0
ppo,1,14174,-10.0
ppo,1,14175,-10.0
ppo,1,14178,-10.0
ppo,1,14182,-10.0
ppo,1,14183,-10.0
ppo,1,14184,-10.0
ppo,1,14188,-10.0
ppo,1,14189,-10.0
ppo,1,14190,-10.0
ppo,1,14192,-10.0
ppo,1,14193,-10.0
ppo,1,14194,-10.0
ppo,1,14199,-10.0
ppo,1,14201,-10.0
ppo,1,14203,-10.0
ppo,1,14205,-10.0
ppo,1,14210,-10.0
ppo,1,14211,-10.0
ppo,1,14212,-10.0
ppo,1,14213,-10.0
ppo,1,14214,-10.0
ppo,1,14220,-10.0
ppo,1,14224,-10.0
ppo,1,14225,-10.0
ppo,1,14227,-10.0
ppo,1,14228,-10.0
ppo,1,14229,-10.0
ppo,1,14232,-10.0
ppo,1,14235,-10.0
ppo,1,14239,-10.0
ppo,1,14241,-10.0
ppo,1,14244,-10.0
ppo,1,14246,-10.0
ppo,1,14247,-10.0
ppo,1,14248,-10.0
ppo,1,14250,-10.0
ppo,1,14252,-10.0
ppo,1,14254,-10.0
ppo,1,14255,-10.0
ppo,1,14257,-10.0
ppo,1,14258,-10.0
ppo,1,14261,-10.0
ppo,1,14262,-10.0
ppo,1,14263,-10.0
ppo,1,14264,-10.0
ppo,1,14267,-10.0
ppo,1,14268,-10.0
ppo,1,14269,-10.0
ppo,1,14270,-10.0
ppo,1,14272,-10.0
ppo,1,14275,-10.0
ppo,1,14276,-10.0
ppo,1,14277,-10.0
ppo,1,14278,-10.0
ppo,1,14279,-10.0
ppo,1,14281,-10.0
ppo,1,14282,-10.0
ppo,1,14286,-10.0
ppo,1,14287,-10.0
ppo,1,14289,-10.0
ppo,1,14292,-10.0
ppo,1,14293,-10.0
ppo,1,14294,-10.0
ppo,1,14302,-10.0
ppo,1,14306,-10.0
ppo,1,14307,-10.0
ppo,1,14309,-10.0
ppo,1,14311,-10.0
ppo,1,14313,-10.0
ppo,1,14318,-10.0
ppo,1,14319,-10.0
ppo,1,14323,-10.0
ppo,1,14327,-10.0
ppo,1,14329,-10.0
ppo,1,14332,-10.0
ppo,1,14333,-10.0
ppo,1,14336,-10.0
ppo,1,14337,-10.0
ppo,1,14340,-10.0
ppo,1,14345,-10.0
ppo,1,14347,-10.0
ppo,1,14348,-10.0
ppo,1,14350,-10.0
ppo,1,14354,-10.0
ppo,1,14357,-10.0
ppo,1,14362,-10.0
ppo,1,14364,-10.0
ppo,1,14366,-10.0
ppo,1,14370,-10.0
ppo,1,14371,-10.0
ppo,1,14376,-10.0
ppo,1,14380,-10.0
ppo,1,14382,-10.0
ppo,1,14387,-10.0
ppo,1,14388,-10.0
ppo,1,14389,-10.0
ppo,1,14390,-10.0
ppo,1,14393,-10.0
ppo,1,14394,-10.0
ppo,1,14395,-10.0
ppo,1,14398,-10.0
ppo,1,14399,-10.0
ppo,1,14401,-10.0
ppo,1,14402,-10.0
ppo,1,14403,-10.0
ppo,1,14404,-10.0
ppo,1,14408,-10.0
ppo,1,14409,-10.0
ppo,1,14410,-10.0
ppo,1,14411,-10.0
ppo,1,14412,-10.0
ppo,1,14416,-10.0
ppo,1,14417,-10.0
ppo,1,14418,-10.0
ppo,1,14419,-10.0
ppo,1,14422,-10.0
ppo,1,14423,-10.0
ppo,1,14424,-10.0
ppo,1,14426,-10.0
ppo,1,14427,-10.0
ppo,1,14428,-10.0
ppo,1,14429,-10.0
ppo,1,14433,-10.0
ppo,1,14439,-10.0
ppo,1,14444,-10.0
ppo,1,14445,-10.0
ppo,1,14451,-10.0
ppo,1,14454,-10.0
ppo,1,14455,-10.0
ppo,1,14456,-10.0
ppo,1,14459,-10.0
ppo,1,14461,-10.0
ppo,1,14466,-10.0
ppo,1,14469,-10.0
ppo,1,14470,-10.0
ppo,1,14471,-10.0
ppo,1,14472,-10.0
ppo,1,14473,-10.0
ppo,1,14475,-10.0
ppo,1,14477,-10.0
ppo,1,14479,-10.0
ppo,1,14480,-10.0
ppo,1,14482,-10.0
ppo,1,14485,-10.0
ppo,1,14486,-10.0
ppo,1,14490,-10.0
ppo,1,14491,-10.0
ppo,1,14495,-10.0
ppo,1,14498,-10.0
ppo,1,14501,-10.0
ppo,1,14503,-10.0
ppo,1,14510,-10.0
ppo,1,14511,-10.0
ppo,1,14512,-10.0
ppo,1,14513,-10.0
ppo,1,14517,-10.0
ppo,1,14519,-10.0
ppo,1,14522,-10.0
ppo,1,14524,-10.0
ppo,1,14525,-10.0
ppo,1,14531,-10.0
ppo,1,14532,-10.0
ppo,1,14536,-10.0
ppo,1,14537,-10.0
ppo,1,14539,-10.0
ppo,1,14542,-10.0
ppo,1,14543,-10.0
ppo,1,14544,-10.0
ppo,1,14550,-10.0
ppo,1,14552,-10.0
ppo,1,14554,-10.0
ppo,1,14556,-10.0
ppo,1,14560,-10.0
ppo,1,14561,-10.0
ppo,1,14562,-10.0
ppo,1,14563,-10.0
ppo,1,14565,-10.0
ppo,1,14570,-10.0
ppo,1,14575,-10.0
ppo,1,14577,-10.0
ppo,1,14582,-10.0
ppo,1,14586,-10.0
ppo,1,14591,-10.0
ppo,1,14600,-10.0
ppo,1,14602,-10.0
ppo,1,14603,-10.0
ppo,1,14604,-10.0
ppo,1,14606,-10.0
ppo,1,14607,-10.0
ppo,1,14608,-10.0
ppo,1,14609,-10.0
ppo,1,14610,-10.0
ppo,1,14613,-10.0
ppo,1,14614,-10.0
ppo,1,14616,-10.0
ppo,1,14617,-10.0
ppo,1,14625,-10.0
ppo,1,14626,-10.0
ppo,1,14629,-10.0
ppo,1,14630,-10.0
ppo,1,14634,-10.0
ppo,1,14636,-10.0
ppo,1,14637,-10.0
ppo,1,14642,-10.0
ppo,1,14645,-10.0
ppo,1,14647,-10.0
ppo,1,14648,-10.0
ppo,1,14649,-10.0
ppo,1,14653,-10.0
ppo,1,14656,-10.0
ppo,1,14660,-10.0
ppo,1,14663,-10.0
ppo,1,14664,-10.0
ppo,1,14671,-10.0
ppo,1,14672,-10.0
ppo,1,14673,-10.0
ppo,1,14674,-10.0
ppo,1,14681,-10.0
ppo,1,14685,-10.0
ppo,1,14689,-10.0
ppo,1,14690,-10.0
ppo,1,14692,-10.0
ppo,1,14695,-10.0
ppo,1,14699,-10.0
ppo,1,14700,-10.0
ppo,1,14702,-10.0
ppo,1,14704,-10.0
ppo,1,14708,-10.0
ppo,1,14711,-10.0
ppo,1,14718,-10.0
ppo,1,14719,-10.0
ppo,1,14720,-10.0
ppo,1,14729,-10.0
ppo,1,14730,-10.0
ppo,1,14732,-10.0
ppo,1,14733,-10.0
ppo,1,14737,-10.0
ppo,1,14741,-10.0
ppo,1,14742,-10.0
ppo,1,14746,-10.0
ppo,1,14748,-10.0
ppo,1,14749,-10.0
ppo,1,14753,-10.0
ppo,1,14754,-10.0
ppo,1,14755,-10.0
ppo,1,14758,-10.0
ppo,1,14759,-10.0
ppo,1,14761,-10.0
ppo,1,14763,-10.0
ppo,1,14766,-10.0
ppo,1,14767,-10.0
ppo,1,14772,-10.0
ppo,1,14774,-10.0
ppo,1,14776,-10.0
ppo,1,14780,-10.0
ppo,1,14781,-10.0
ppo,1,14784,-10.0
ppo,1,14790,-10.0
ppo,1,14791,-10.0
ppo,1,14792,-10.0
ppo,1,14794,-10.0
ppo,1,14795,-10.0
ppo,1,14798,-10.0
ppo,1,14799,-10.0
ppo,1,14801,-10.0
ppo,1,14805,-10.0
ppo,1,14807,-10.0
ppo,1,14809,-10.0
ppo,1,14811,-10.0
ppo,1,14812,-10.0
ppo,1,14813,-10.0
ppo,1,14815,-10.0
ppo,1,14820,-10.0
ppo,1,14824,-10.0
ppo,1,14825,-10.0
ppo,1,14827,-10.0
ppo,1,14828,-10.0
ppo,1,14834,-10.0
ppo,1,14836,-10.0
ppo,1,14841,-10.0
ppo,1,14842,-10.0
ppo,1,14844,-10.0
ppo,1,14848,-10.0
ppo,1,14852,-10.0
ppo,1,14853,-10.0
ppo,1,14856,-10.0
ppo,1,14859,-10.0
ppo,1,14860,-10.0
ppo,1,14861,-10.0
ppo,1,14862,-10.0
ppo,1,14864,-10.0
ppo,1,14865,-10.0
ppo,1,14866,-10.0
ppo,1,14868,-10.0
ppo,1,14869,-10.0
ppo,1,14871,-10.0
ppo,1,14872,-10.0
ppo,1,14873,-10.0
ppo,1,14874,-10.0
ppo,1,14875,-10.0
ppo,1,14877,-10.0
ppo,1,14878,-10.0
ppo,1,14883,-10.0
ppo,1,14885,-10.0
ppo,1,14886,-10.0
ppo,1,14888,-10.0
ppo,1,14890,-10.0
ppo,1,14891,-10.0
ppo,1,14892,-10.0
ppo,1,14893,-10.0
ppo,1,14894,-10.0
ppo,1,14897,-10.0
ppo,1,14900,-10.0
ppo,1,14902,-10.0
ppo,1,14904,-10.0
ppo,1,14908,-10.0
ppo,1,14912,-10.0
ppo,1,14915,-10.0
ppo,1,14917,-10.0
ppo,1,14923,-10.0
ppo,1,14925,-10.0
ppo,1,14928,-10.0
ppo,1,14929,-10.0
ppo,1,14930,-10.0
ppo,1,14931,-10.0
ppo,1,14933,-10.0
ppo,1,14934,-10.0
ppo,1,14935,-10.0
ppo,1,14938,-10.0
ppo,1,14939,-10.0
ppo,1,14941,-10.0
ppo,1,14942,-10.0
ppo,1,14943,-10.0
ppo,1,14951,-10.0
ppo,1,14952,-10.0
ppo,1,14954,-10.0
ppo,1,14955,-10.0
ppo,1,14956,-10.0
ppo,1,14958,-10.0
ppo,1,14959,-10.0
ppo,1,14960,-10.0
ppo,1,14961,-10.0
ppo,1,14964,-10.0
ppo,1,14965,-10.0
ppo,1,14969,-10.0
ppo,1,14971,-10.0
ppo,1,14972,-10.0
ppo,1,14973,-10.0
ppo,1,14975,-10.0
ppo,1,14979,-10.0
ppo,1,14981,-10.0
ppo,1,14982,-10.0
ppo,1,14986,-10.0
ppo,1,14990,-10.0
ppo,1,14997,-10.0
ppo,1,14999,-10.0
ppo,1,15000,-10.0
ppo,1,15005,-10.0
ppo,1,15006,-10.0
ppo,1,15009,-10.0
ppo,1,15010,-10.0
ppo,1,15012,-10.0
ppo,1,15015,-10.0
ppo,1,15016,-10.0
ppo,1,15020,-10.0
ppo,1,15021,-10.0
ppo,1,15023,-10.0
ppo,1,15024,-10.0
ppo,1,15025,-10.0
ppo,1,15026,-10.0
ppo,1,15033,-10.0
ppo,1,15034,-10.0
ppo,1,15035,-10.0
ppo,1,15036,-10.0
ppo,1,15037,-10.0
ppo,1,15039,-10.0
ppo,1,15044,-10.0
ppo,1,15045,-10.0
ppo,1,15049,-10.0
ppo,1,15055,-10.0
ppo,1,15060,-10.0
ppo,1,15068,-10.0
ppo,1,15069,-10.0
ppo,1,15071,-10.0
ppo,1,15075,-10.0
ppo,1,15077,-10.0
ppo,1,15078,-10.0
ppo,1,15082,-10.0
ppo,1,15084,-10.0
ppo,1,15090,-10.0
ppo,1,15097,-10.0
ppo,1,15099,-10.0
ppo,1,15100,-10.0
ppo,1,15102,-10.0
ppo,1,15103,-10.0
ppo,1,15104,-10.0
ppo,1,15107,-10.0
ppo,1,15110,-10.0
ppo,1,15114,-10.0
ppo,1,15115,-10.0
ppo,1,15116,-10.0
ppo,1,15118,-10.0
ppo,1,15120,-10.0
ppo,1,15125,-10.0
ppo,1,15127,-10.0
ppo,1,15129,-10.0
ppo,1,15131,-10.0
ppo,1,15132,-10.0
ppo,1,15133,-10.0
ppo,1,15143,-10.0
ppo,1,15148,-10.0
ppo,1,15149,-10.0
ppo,1,15150,-10.0
ppo,1,15158,-47.4
ppo,1,15161,-10.0
ppo,1,15163,-10.0
ppo,1,15165,-10.0
ppo,1,15166,-10.0
ppo,1,15167,-10.0
ppo,1,15169,-10.0
ppo,1,15178,-10.0
ppo,1,15179,-10.0
ppo,1,15180,-10.0
ppo,1,15182,-10.0
ppo,1,15183,-10.0
ppo,1,15190,-10.0
ppo,1,15192,-10.0
ppo,1,15198,-10.0
ppo,1,15206,-10.0
ppo,1,15207,-10.0
ppo,1,15211,-10.0
ppo,1,15219,-10.0
ppo,1,15222,-10.0
ppo,1,15223,-10.0
ppo,1,15225,-10.0
ppo,1,15226,-10.0
ppo,1,15235,-10.0
ppo,1,15238,-10.0
ppo,1,15244,-10.0
ppo,1,15245,-10.0
ppo,1,15249,-10.0
ppo,1,15251,-10.0
ppo,1,15252,-10.0
ppo,1,15253,-10.0
ppo,1,15257,-10.0
ppo,1,15258,-10.0
ppo,1,15261,-10.0
ppo,1,15262,-10.0
ppo,1,15264,-10.0
ppo,1,15265,-10.0
ppo,1,15268,-10.0
ppo,1,15271,-10.0
ppo,1,15272,-10.0
ppo,1,15278,-10.0
ppo,1,15282,-10.0
ppo,1,15284,-10.0
ppo,1,15287,-10.0
ppo,1,15288,-10.0
ppo,1,15289,-10.0
ppo,1,15290,-10.0
ppo,1,15291,-10.0
ppo,1,15294,-10.0
ppo,1,15296,-10.0
ppo,1,15297,-10.0
ppo,1,15300,-10.0
ppo,1,15303,-10.0
ppo,1,15304,-10.0
ppo,1,15305,-10.0
ppo,1,15307,-10.0
ppo,1,15308,-10.0
ppo,1,15309,-10.0
ppo,1,15310,-10.0
ppo,1,15316,-10.0
ppo,1,15318,-10.0
ppo,1,15321,-10.0
ppo,1,15326,-10.0
ppo,1,15327,-10.0
ppo,1,15328,-10.0
ppo,1,15329,-10.0
ppo,1,15331,-10.0
ppo,1,15332,-10.0
ppo,1,15336,-10.0
ppo,1,15337,-10.0
ppo,1,15339,-10.0
ppo,1,15345,-10.0
ppo,1,15347,-10.0
ppo,1,15350,-10.0
ppo,1,15351,-10.0
ppo,1,15354,-10.0
ppo,1,15362,-10.0
ppo,1,15364,-10.0
ppo,1,15369,-10.0
ppo,1,15371,-10.0
ppo,1,15372,-10.0
ppo,1,15374,-10.0
ppo,1,15376,-10.0
ppo,1,15377,-10.0
ppo,1,15378,-10.0
ppo,1,15379,-10.0
ppo,1,15385,-10.0
ppo,1,15386,-10.0
ppo,1,15389,-10.0
ppo,1,15393,-10.0
ppo,1,15395,-10.0
ppo,1,15400,-10.0
ppo,1,15402,-10.0
ppo,1,15404,-10.0
ppo,1,15407,-10.0
ppo,1,15408,-10.0
ppo,1,15413,-10.0
ppo,1,15416,-10.0
ppo,1,15419,-10.0
ppo,1,15420,-10.0
ppo,1,15425,-10.0
ppo,1,15432,-10.0
ppo,1,15435,-10.0
ppo,1,15436,-10.0
ppo,1,15437,-10.0
ppo,1,15440,-10.0
ppo,1,15441,-10.0
ppo,1,15442,-10.0
ppo,1,15444,-10.0
ppo,1,15445,-10.0
ppo,1,15450,-10.0
ppo,1,15452,-10.0
ppo,1,15457,-10.0
ppo,1,15458,-10.0
ppo,1,15459,-10.0
ppo,1,15463,-10.0
ppo,1,15465,-10.0
ppo,1,15467,-10.0
ppo,1,15471,-10.0
ppo,1,15472,-10.0
ppo,1,15475,-10.0
ppo,1,15478,-10.0
ppo,1,15480,-10.0
ppo,1,15481,-10.0
ppo,1,15484,-10.0
ppo,1,15486,-10.0
ppo,1,15492,-10.0
ppo,1,15493,-10.0
ppo,1,15494,-10.0
ppo,1,15497,-10.0
ppo,1,15506,-10.0
ppo,1,15515,-10.0
ppo,1,15519,-10.0
ppo,1,15524,-10.0
ppo,1,15525,-10.0
ppo,1,15529,-10.0
ppo,1,15532,-10.0
ppo,1,15535,-10.0
ppo,1,15541,-10.0
ppo,1,15542,-10.0
ppo,1,15545,-10.0
ppo,1,15547,-10.0
ppo,1,15550,-10.0
ppo,1,15551,-10.0
ppo,1,15552,-10.0
ppo,1,15555,-10.0
ppo,1,15556,-10.0
ppo,1,15563,-10.0
ppo,1,15564,-10.0
ppo,1,15566,-10.0
ppo,1,15569,-10.0
ppo,1,15570,-10.0
ppo,1,15577,-10.0
ppo,1,15582,-10.0
ppo,1,15583,-10.0
ppo,1,15585,-10.0
ppo,1,15586,-10.0
ppo,1,15589,-10.0
ppo,1,15590,-10.0
ppo,1,15602,-10.0
ppo,1,15603,-10.0
ppo,1,15604,-10.0
ppo,1,15606,-10.0
ppo,1,15608,-10.0
ppo,1,15610,-10.0
ppo,1,15615,-10.0
ppo,1,15622,-10.0
ppo,1,15627,-10.0
ppo,1,15629,-10.0
ppo,1,15639,-10.0
ppo,1,15640,-10.0
ppo,1,15641,-10.0
ppo,1,15643,-10.0
ppo,1,15644,-10.0
ppo,1,15647,-10.0
ppo,1,15650,-10.0
ppo,1,15653,-10.0
ppo,1,15654,-10.0
ppo,1,15655,-10.0
ppo,1,15660,-10.0
ppo,1,15661,-10.0
ppo,1,15663,-10.0
ppo,1,15668,-10.0
ppo,1,15676,-10.0
ppo,1,15677,-10.0
ppo,1,15678,-10.0
ppo,1,15679,-10.0
ppo,1,15681,-10.0
ppo,1,15682,-10.0
ppo,1,15684,-10.0
ppo,1,15687,-10.0
ppo,1,15688,-10.0
ppo,1,15690,-10.0
ppo,1,15693,-10.0
ppo,1,15694,-10.0
ppo,1,15695,-10.0
ppo,1,15698,-10.0
ppo,1,15703,-10.0
ppo,1,15704,-10.0
ppo,1,15707,-10.0
ppo,1,15711,-10.0
ppo,1,15712,-10.0
ppo,1,15713,-10.0
ppo,1,15719,-10.0
ppo,1,15723,-10.0
ppo,1,15725,-10.0
ppo,1,15727,-10.0
ppo,1,15732,-10.0
ppo,1,15733,-10.0
ppo,1,15736,-10.0
ppo,1,15737,-10.0
ppo,1,15738,-10.0
ppo,1,15739,-10.0
ppo,1,15741,-10.0
ppo,1,15742,-10.0
ppo,1,15747,-10.0
ppo,1,15755,-10.0
ppo,1,15758,-10.0
ppo,1,15759,-10.0
ppo,1,15762,-10.0
ppo,1,15763,-10.0
ppo,1,15764,-10.0
ppo,1,15765,-10.0
ppo,1,15778,-10.0
ppo,1,15779,-10.0
ppo,1,15784,-10.0
ppo,1,15792,-10.0
ppo,1,15799,-10.0
ppo,1,15801,-10.0
ppo,1,15803,-10.0
ppo,1,15806,-10.0
ppo,1,15808,-10.0
ppo,1,15809,-10.0
ppo,1,15810,-10.0
ppo,1,15811,-10.0
ppo,1,15820,-10.0
ppo,1,15823,-10.0
ppo,1,15824,-10.0
ppo,1,15825,-10.0
ppo,1,15832,-10.0
ppo,1,15834,-10.0
ppo,1,15837,-10.0
ppo,1,15838,-10.0
ppo,1,15841,-10.0
ppo,1,15846,-10.0
ppo,1,15847,-10.0
ppo,1,15850,-10.0
ppo,1,15851,-10.0
ppo,1,15852,-10.0
ppo,1,15856,-10.0
ppo,1,15858,-10.0
ppo,1,15859,-10.0
ppo,1,15860,-10.0
ppo,1,15863,-10.0
ppo,1,15864,-10.0
ppo,1,15865,-10.0
ppo,1,15869,-10.0
ppo,1,15870,-10.0
ppo,1,15872,-10.0
ppo,1,15873,-10.0
ppo,1,15874,-10.0
ppo,1,15875,-10.0
ppo,1,15877,-10.0
ppo,1,15880,-10.0
ppo,1,15881,-10.0
ppo,1,15882,-10.0
ppo,1,15884,-10.0
ppo,1,15888,-10.0
ppo,1,15889,-10.0
ppo,1,15892,-10.0
ppo,1,15896,-10.0
ppo,1,15897,-10.0
ppo,1,15902,-10.0
ppo,1,15903,-10.0
ppo,1,15905,-10.0
ppo,1,15910,-10.0
ppo,1,15915,-10.0
ppo,1,15916,-10.0
ppo,1,15917,-10.0
ppo,1,15919,-10.0
ppo,1,15920,-10.0
ppo,1,15921,-10.0
ppo,1,15925,-10.0
ppo,1,15930,-10.0
ppo,1,15932,-10.0
ppo,1,15934,-10.0
ppo,1,15935,-10.0
ppo,1,15939,-10.0
ppo,1,15946,-10.0
ppo,1,15947,-10.0
ppo,1,15948,-10.0
ppo,1,15950,-10.0
ppo,1,15951,-10.0
ppo,1,15953,-10.0
ppo,1,15957,-10.0
ppo,1,15958,-10.0
ppo,1,15961,-10.0
ppo,1,15962,-10.0
ppo,1,15965,-10.0
ppo,1,15968,-10.0
ppo,1,15971,-10.0
ppo,1,15972,-10.0
ppo,1,15977,-10.0
ppo,1,15978,-10.0
ppo,1,15979,-10.0
ppo,1,15980,-10.0
ppo,1,15983,-10.0
ppo,1,15985,-10.0
ppo,1,15986,-10.0
ppo,1,15987,-10.0
ppo,1,15988,-10.0
ppo,1,15991,-10.0
ppo,1,15996,-10.0
ppo,1,15997,-10.0
ppo,1,16004,-10.0
ppo,1,16005,-10.0
ppo,1,16007,-10.0
ppo,1,16008,-10.0
ppo,1,16010,-10.0
ppo,1,16011,-10.0
ppo,1,16012,-10.0
ppo,1,16013,-10.0
ppo,1,16016,-10.0
ppo,1,16017,-10.0
ppo,1,16018,-10.0
ppo,1,16020,-10.0
ppo,1,16025,-10.0
ppo,1,16030,-10.0
ppo,1,16034,-10.0
ppo,1,16035,-10.0
ppo,1,16036,-10.0
ppo,1,16038,-10.0
ppo,1,16040,-10.0
ppo,1,16044,-10.0
ppo,1,16048,-10.0
ppo,1,16050,-10.0
ppo,1,16052,-10.0
ppo,1,16053,-10.0
ppo,1,16054,-10.0
ppo,1,16055,-10.0
ppo,1,16056,-10.0
ppo,1,16057,-10.0
ppo,1,16060,-10.0
ppo,1,16061,-10.0
ppo,1,16063,-10.0
ppo,1,16064,-10.0
ppo,1,16065,-10.0
ppo,1,16066,-10.0
ppo,1,16068,-10.0
ppo,1,16069,-10.0
ppo,1,16072,-10.0
ppo,1,16073,-10.0
ppo,1,16074,-10.0
ppo,1,16075,-10.0
ppo,1,16080,-10.0
ppo,1,16082,-10.0
ppo,1,16085,-10.0
ppo,1,16088,-10.0
ppo,1,16092,-10.0
ppo,1,16095,-10.0
ppo,1,16096,-10.0
ppo,1,16099,-10.0
ppo,1,16103,-10.0
ppo,1,16106,-10.0
ppo,1,16113,-10.0
ppo,1,16115,-10.0
ppo,1,16116,-10.0
ppo,1,16117,-10.0
ppo,1,16119,-10.0
ppo,1,16120,-10.0
ppo,1,16124,-10.0
ppo,1,16127,-10.0
ppo,1,16129,-10.0
ppo,1,16131,-10.0
ppo,1,16132,-10.0
ppo,1,16140,-10.0
ppo,1,16142,-10.0
ppo,1,16144,-10.0
ppo,1,16146,-10.0
ppo,1,16147,-10.0
ppo,1,16150,-10.0
ppo,1,16153,-10.0
ppo,1,16156,-10.0
ppo,1,16158,-10.0
ppo,1,16160,-10.0
ppo,1,16162,-10.0
ppo,1,16163,-10.0
ppo,1,16166,-10.0
ppo,1,16169,-10.0
ppo,1,16171,-10.0
ppo,1,16172,-10.0
ppo,1,16173,-10.0
ppo,1,16174,-10.0
ppo,1,16175,-10.0
ppo,1,16178,-10.0
ppo,1,16179,-10.0
ppo,1,16180,-10.0
ppo,1,16181,-10.0
ppo,1,16191,-10.0
ppo,1,16194,-10.0
ppo,1,16195,-10.0
ppo,1,16197,-10.0
ppo,1,16198,-10.0
ppo,1,16199,-10.0
ppo,1,16200,-10.0
ppo,1,16203,-10.0
ppo,1,16204,-10.0
ppo,1,16206,-10.0
ppo,1,16209,-10.0
ppo,1,16210,-10.0
ppo,1,16212,-10.0
ppo,1,16218,-10.0
ppo,1,16219,-10.0
ppo,1,16220,-10.0
ppo,1,16222,-10.0
ppo,1,16225,-10.0
ppo,1,16226,-10.0
ppo,1,16227,-10.0
ppo,1,16229,-10.0
ppo,1,16230,-10.0
ppo,1,16231,-10.0
ppo,1,16232,-10.0
ppo,1,16233,-10.0
ppo,1,16236,-10.0
ppo,1,16237,-10.0
ppo,1,16238,-10.0
ppo,1,16240,-10.0
ppo,1,16241,-10.0
ppo,1,16243,-10.0
ppo,1,16245,-10.0
ppo,1,16246,-10.0
ppo,1,16249,-10.0
ppo,1,16250,-10.0
ppo,1,16251,-10.0
ppo,1,16252,-10.0
ppo,1,16253,-10.0
ppo,1,16256,-10.0
ppo,1,16257,-10.0
ppo,1,16262,-10.0
ppo,1,16264,-10.0
ppo,1,16265,-10.0
ppo,1,16269,-10.0
ppo,1,16270,-10.0
ppo,1,16271,-10.0
ppo,1,16273,-10.0
ppo,1,16276,-10.0
ppo,1,16277,-10.0
ppo,1,16278,-10.0
ppo,1,16283,-10.0
ppo,1,16284,-10.0
ppo,1,16286,-10.0
ppo,1,16288,-10.0
ppo,1,16290,-10.0
ppo,1,16293,-10.0
ppo,1,16294,-10.0
ppo,1,16296,-10.0
ppo,1,16297,-10.0
ppo,1,16300,-10.0
ppo,1,16301,-10.0
ppo,1,16303,-10.0
ppo,1,16304,-10.0
ppo,1,16305,-10.0
ppo,1,16306,-10.0
ppo,1,16311,-10.0
ppo,1,16314,-10.0
ppo,1,16318,-10.0
ppo,1,16322,-10.0
ppo,1,16323,-10.0
ppo,1,16327,-10.0
ppo,1,16331,-10.0
ppo,1,16332,-10.0
ppo,1,16333,-10.0
ppo,1,16334,-10.0
ppo,1,16336,-10.0
ppo,1,16339,-10.0
ppo,1,16340,-10.0
ppo,1,16344,-10.0
ppo,1,16345,-10.0
ppo,1,16349,-10.0
ppo,1,16350,-10.0
ppo,1,16354,-10.0
ppo,1,16356,-10.0
ppo,1,16359,-10.0
ppo,1,16362,-10.0
ppo,1,16363,-10.0
ppo,1,16364,-10.0
ppo,1,16366,-10.0
ppo,1,16368,-10.0
ppo,1,16369,-10.0
ppo,1,16371,-10.0
ppo,1,16372,-10.0
ppo,1,16373,-10.0
ppo,1,16375,-10.0
ppo,1,16378,-10.0
ppo,1,16381,-10.0
ppo,1,16382,-10.0
ppo,1,16383,-10.0
ppo,1,16385,-10.0
ppo,1,16387,-10.0
ppo,1,16391,-10.0
ppo,1,16392,-10.0
ppo,1,16395,-10.0
ppo,1,16398,-10.0
ppo,1,16409,-10.0
ppo,1,16412,-10.0
ppo,1,16414,-10.0
ppo,1,16416,-10.0
ppo,1,16420,-10.0
ppo,1,16421,-10.0
ppo,1,16433,-10.0
ppo,1,16436,-10.0
ppo,1,16440,-10.0
ppo,1,16442,-10.0
ppo,1,16443,-10.0
ppo,1,16446,-10.0
ppo,1,16447,-10.0
ppo,1,16449,-10.0
ppo,1,16461,-10.0
ppo,1,16462,-10.0
ppo,1,16464,-10.0
ppo,1,16465,-10.0
ppo,1,16468,-10.0
ppo,1,16469,-10.0
ppo,1,16471,-10.0
ppo,1,16475,-10.0
ppo,1,16476,-10.0
ppo,1,16481,-10.0
ppo,1,16483,-10.0
ppo,1,16484,-10.0
ppo,1,16487,-10.0
ppo,1,16490,-10.0
ppo,1,16491,-10.0
ppo,1,16494,-10.0
ppo,1,16496,-10.0
ppo,1,16500,-10.0
ppo,1,16503,-10.0
ppo,1,16506,-10.0
ppo,1,16508,-10.0
ppo,1,16509,-10.0
ppo,1,16512,-10.0
ppo,1,16516,-10.0
ppo,1,16519,-10.0
ppo,1,16520,-10.0
ppo,1,16522,-10.0
ppo,1,16532,-10.0
ppo,1,16533,-10.0
ppo,1,16541,-10.0
ppo,1,16543,-10.0
ppo,1,16544,-10.0
ppo,1,16552,-10.0
ppo,1,16558,-10.0
ppo,1,16563,-10.0
ppo,1,16572,-10.0
ppo,1,16574,-10.0
ppo,1,16576,-10.0
ppo,1,16582,-10.0
ppo,1,16584,-10.0
ppo,1,16588,-10.0
ppo,1,16590,-10.0
ppo,1,16593,-10.0
ppo,1,16594,-10.0
ppo,1,16596,-10.0
ppo,1,16598,-10.0
ppo,1,16604,-10.0
ppo,1,16605,-10.0
ppo,1,16609,-10.0
ppo,1,16612,-10.0
ppo,1,16613,-10.0
ppo,1,16615,-10.0
ppo,1,16620,-10.0
ppo,1,16626,-10.0
ppo,1,16627,-10.0
ppo,1,16630,-10.0
ppo,1,16631,-10.0
ppo,1,16634,-10.0
ppo,1,16641,-10.0
ppo,1,16642,-10.0
ppo,1,16644,-10.0
ppo,1,16645,-10.0
ppo,1,16646,-10.0
ppo,1,16650,-10.0
ppo,1,16652,-10.0
ppo,1,16653,-10.0
ppo,1,16654,-10.0
ppo,1,16658,-10.0
ppo,1,16659,-10.0
ppo,1,16661,-10.0
ppo,1,16668,-10.0
ppo,1,16669,-10.0
ppo,1,16678,-10.0
ppo,1,16681,-10.0
ppo,1,16684,-10.0
ppo,1,16687,-10.0
ppo,1,16688,-10.0
ppo,1,16698,-10.0
ppo,1,16700,-10.0
ppo,1,16705,-10.0
ppo,1,16707,-10.0
ppo,1,16710,-10.0
ppo,1,16711,-10.0
ppo,1,16713,-10.0
ppo,1,16714,-10.0
ppo,1,16718,-10.0
ppo,1,16720,-10.0
ppo,1,16729,-10.0
ppo,1,16733,-10.0
ppo,1,16740,-10.0
ppo,1,16745,-10.0
ppo,1,16750,-10.0
ppo,1,16756,-10.0
ppo,1,16765,-10.0
ppo,1,16767,-10.0
ppo,1,16770,-10.0
ppo,1,16780,-10.0
ppo,1,16781,-10.0
ppo,1,16782,-10.0
ppo,1,16783,-10.0
ppo,1,16784,-10.0
ppo,1,16789,-10.0
ppo,1,16791,-10.0
ppo,1,16792,-10.0
ppo,1,16795,-10.0
ppo,1,16796,-10.0
ppo,1,16799,-10.0
ppo,1,16806,-10.0
ppo,1,16810,-10.0
ppo,1,16812,-10.0
ppo,1,16813,-10.0
ppo,1,16815,-10.0
ppo,1,16820,-10.0
ppo,1,16821,-10.0
ppo,1,16824,-10.0
ppo,1,16826,-10.0
ppo,1,16829,-10.0
ppo,1,16830,-10.0
ppo,1,16833,-10.0
ppo,1,16834,-10.0
ppo,1,16835,-10.0
ppo,1,16843,-10.0
ppo,1,16845,-10.0
ppo,1,16851,-10.0
ppo,1,16857,-10.0
ppo,1,16861,-10.0
ppo,1,16867,-10.0
ppo,1,16871,-10.0
ppo,1,16875,-10.0
ppo,1,16881,-10.0
ppo,1,16896,-10.0
ppo,1,16905,-10.0
ppo,1,16912,-10.0
ppo,1,16919,-10.0
ppo,1,16921,-10.0
ppo,1,16922,-10.0
ppo,1,16923,-10.0
ppo,1,16940,-10.0
ppo,1,16941,-10.0
ppo,1,16942,-10.0
ppo,1,16943,-10.0
ppo,1,16944,-10.0
ppo,1,16945,-10.0
ppo,1,16947,-10.0
ppo,1,16949,-10.0
ppo,1,16950,-10.0
ppo,1,16951,-10.0
ppo,1,16955,-10.0
ppo,1,16962,-10.0
ppo,1,16963,-10.0
ppo,1,16964,-10.0
ppo,1,16965,-10.0
ppo,1,16967,-10.0
ppo,1,16970,-10.0
ppo,1,16972,-10.0
ppo,1,16974,-10.0
ppo,1,16981,-10.0
ppo,1,16982,-10.0
ppo,1,16985,-10.0
ppo,1,16986,-10.0
ppo,1,16987,-10.0
ppo,1,16990,-10.0
ppo,1,16998,-10.0
ppo,1,16999,-10.0
ppo,1,17000,-10.0
ppo,1,17006,-10.0
ppo,1,17007,-10.0
ppo,1,17009,-10.0
ppo,1,17011,-10.0
ppo,1,17015,-10.0
ppo,1,17022,-10.0
ppo,1,17029,-10.0
ppo,1,17034,-10.0
ppo,1,17035,-10.0
ppo,1,17040,-10.0
ppo,1,17043,-10.0
ppo,1,17044,-10.0
ppo,1,17052,-10.0
ppo,1,17061,-10.0
ppo,1,17069,-10.0
ppo,1,17070,-10.0
ppo,1,17080,-10.0
ppo,1,17081,-10.0
ppo,1,17085,-10.0
ppo,1,17087,-10.0
ppo,1,17093,-10.0
ppo,1,17103,-10.0
ppo,1,17105,-10.0
ppo,1,17106,-10.0
ppo,1,17109,-10.0
ppo,1,17111,-10.0
ppo,1,17115,-10.0
ppo,1,17116,-10.0
ppo,1,17117,-10.0
ppo,1,17119,-10.0
ppo,1,17123,-10.0
ppo,1,17124,-10.0
ppo,1,17127,-10.0
ppo,1,17128,-10.0
ppo,1,17129,-10.0
ppo,1,17133,-10.0
ppo,1,17135,-10.0
ppo,1,17137,-10.0
ppo,1,17141,-10.0
ppo,1,17145,-10.0
ppo,1,17146,-10.0
ppo,1,17148,-10.0
ppo,1,17152,-10.0
ppo,1,17171,-10.0
ppo,1,17172,-10.0
ppo,1,17179,-10.0
ppo,1,17181,-10.0
ppo,1,17183,-10.0
ppo,1,17186,-10.0
ppo,1,17188,-10.0
ppo,1,17193,-10.0
ppo,1,17196,-10.0
ppo,1,17198,-10.0
ppo,1,17204,-10.0
ppo,1,17208,-10.0
ppo,1,17211,-10.0
ppo,1,17215,-10.0
ppo,1,17218,-10.0
ppo,1,17219,-10.0
ppo,1,17220,-10.0
ppo,1,17226,-10.0
ppo,1,17228,-10.0
ppo,1,17231,-10.0
ppo,1,17234,-10.0
ppo,1,17235,-10.0
ppo,1,17236,-10.0
ppo,1,17240,-10.0
ppo,1,17248,-10.0
ppo,1,17259,-10.0
ppo,1,17261,-10.0
ppo,1,17264,-10.0
ppo,1,17265,-10.0
ppo,1,17266,-10.0
ppo,1,17267,-10.0
ppo,1,17269,-10.0
ppo,1,17274,-10.0
ppo,1,17275,-10.0
ppo,1,17281,-10.0
ppo,1,17284,-10.0
ppo,1,17286,-10.0
ppo,1,17292,-10.0
ppo,1,17293,-10.0
ppo,1,17296,-10.0
ppo,1,17298,-10.0
ppo,1,17299,-10.0
ppo,1,17300,-10.0
ppo,1,17304,-10.0
ppo,1,17309,-10.0
ppo,1,17321,-10.0
ppo,1,17322,-10.0
ppo,1,17330,-10.0
ppo,1,17331,-10.0
ppo,1,17333,-10.0
ppo,1,17335,-10.0
ppo,1,17337,-10.0
ppo,1,17339,-10.0
ppo,1,17343,-10.0
ppo,1,17344,-10.0
ppo,1,17345,-10.0
ppo,1,17347,-10.0
ppo,1,17361,-10.0
ppo,1,17364,-10.0
ppo,1,17365,-10.0
ppo,1,17366,-10.0
ppo,1,17372,-10.0
ppo,1,17379,-10.0
ppo,1,17392,-10.0
ppo,1,17393,-10.0
ppo,1,17398,-10.0
ppo,1,17401,-10.0
ppo,1,17403,-10.0
ppo,1,17404,-10.0
ppo,1,17405,-10.0
ppo,1,17412,-10.0
ppo,1,17413,-10.0
ppo,1,17417,-10.0
ppo,1,17418,-10.0
ppo,1,17419,-10.0
ppo,1,17423,-10.0
ppo,1,17424,-10.0
ppo,1,17431,-10.0
ppo,1,17435,-10.0
ppo,1,17442,-10.0
ppo,1,17443,-10.0
ppo,1,17446,-10.0
ppo,1,17449,-10.0
ppo,1,17455,-10.0
ppo,1,17456,-10.0
ppo,1,17469,-10.0
ppo,1,17478,-10.0
ppo,1,17481,-10.0
ppo,1,17482,-10.0
ppo,1,17483,-10.0
ppo,1,17486,-10.0
ppo,1,17489,-10.0
ppo,1,17490,-10.0
ppo,1,17494,-10.0
ppo,1,17496,-10.0
ppo,1,17498,-10.0
ppo,1,17507,-10.0
ppo,1,17515,-10.0
ppo,1,17517,-10.0
ppo,1,17518,-10.0
ppo,1,17522,-10.0
ppo,1,17524,-10.0
ppo,1,17525,-10.0
ppo,1,17527,-10.0
ppo,1,17543,-10.0
ppo,1,17547,-10.0
ppo,1,17548,-10.0
ppo,1,17551,-10.0
ppo,1,17554,-10.0
ppo,1,17556,-10.0
ppo,1,17559,-10.0
ppo,1,17561,-10.0
ppo,1,17564,-10.0
ppo,1,17568,-10.0
ppo,1,17569,-10.0
ppo,1,17574,-10.0
ppo,1,17578,-10.0
ppo,1,17579,-10.0
ppo,1,17580,-10.0
ppo,1,17591,-10.0
ppo,1,17593,-10.0
ppo,1,17597,-10.0
ppo,1,17601,-10.0
ppo,1,17603,-10.0
ppo,1,17606,-10.0
ppo,1,17615,-10.0
ppo,1,17619,-10.0
ppo,1,17625,-10.0
ppo,1,17626,-10.0
ppo,1,17632,-10.0
ppo,1,17639,-10.0
ppo,1,17642,-10.0
ppo,1,17644,-10.0
ppo,1,17647,-10.0
ppo,1,17648,-10.0
ppo,1,17656,-10.0
ppo,1,17660,-10.0
ppo,1,17665,-10.0
ppo,1,17666,-10.0
ppo,1,17670,-10.0
ppo,1,17672,-10.0
ppo,1,17673,-10.0
ppo,1,17677,-10.0
ppo,1,17681,-10.0
ppo,1,17688,-10.0
ppo,1,17692,-10.0
ppo,1,17694,-10.0
ppo,1,17701,-10.0
ppo,1,17706,-10.0
ppo,1,17710,-10.0
ppo,1,17712,-10.0
ppo,1,17717,-10.0
ppo,1,17719,-10.0
ppo,1,17723,-10.0
ppo,1,17724,-10.0
ppo,1,17725,-10.0
ppo,1,17727,-10.0
ppo,1,17729,-10.0
ppo,1,17737,-10.0
ppo,1,17739,-10.0
ppo,1,17741,-10.0
ppo,1,17742,-10.0
ppo,1,17744,-10.0
ppo,1,17745,-10.0
ppo,1,17748,-10.0
ppo,1,17756,-10.0
ppo,1,17758,-10.0
ppo,1,17761,-10.0
ppo,1,17764,-10.0
ppo,1,17769,-10.0
ppo,1,17770,-10.0
ppo,1,17773,-10.0
ppo,1,17781,-10.0
ppo,1,17782,-10.0
ppo,1,17783,-10.0
ppo,1,17784,-10.0
ppo,1,17785,-10.0
ppo,1,17786,-10.0
ppo,1,17787,-10.0
ppo,1,17789,-10.0
ppo,1,17792,-10.0
ppo,1,17797,-10.0
ppo,1,17799,-10.0
ppo,1,17800,-10.0
ppo,1,17805,-10.0
ppo,1,17808,-10.0
ppo,1,17810,-10.0
ppo,1,17811,-10.0
ppo,1,17812,-10.0
ppo,1,17813,-10.0
ppo,1,17817,-10.0
ppo,1,17825,-10.0
ppo,1,17828,-10.0
ppo,1,17835,-10.0
ppo,1,17841,-10.0
ppo,1,17842,-10.0
ppo,1,17844,-10.0
ppo,1,17848,-10.0
ppo,1,17852,-10.0
ppo,1,17854,-10.0
ppo,1,17856,-10.0
ppo,1,17860,-10.0
ppo,1,17862,-10.0
ppo,1,17868,-10.0
ppo,1,17870,-10.0
ppo,1,17872,-10.0
ppo,1,17874,-10.0
ppo,1,17877,-10.0
ppo,1,17878,-10.0
ppo,1,17880,-10.0
ppo,1,17882,-10.0
ppo,1,17888,-10.0
ppo,1,17889,-10.0
ppo,1,17892,-10.0
ppo,1,17898,-10.0
ppo,1,17899,-10.0
ppo,1,17900,-10.0
ppo,1,17901,-10.0
ppo,1,17903,-10.0
ppo,1,17905,-10.0
ppo,1,17906,-10.0
ppo,1,17909,-10.0
ppo,1,17913,-10.0
ppo,1,17916,-10.0
ppo,1,17919,-10.0
ppo,1,17921,-10.0
ppo,1,17922,-10.0
ppo,1,17926,-10.0
ppo,1,17934,-10.0
ppo,1,17938,-10.0
ppo,1,17946,-10.0
ppo,1,17948,-10.0
ppo,1,17949,-10.0
ppo,1,17950,-10.0
ppo,1,17953,-10.0
ppo,1,17957,-10.0
ppo,1,17958,-10.0
ppo,1,17959,-10.0
ppo,1,17962,-10.0
ppo,1,17965,-10.0
ppo,1,17972,-10.0
ppo,1,17975,-10.0
ppo,1,17978,-10.0
ppo,1,17980,-10.0
ppo,1,17984,-10.0
ppo,1,17985,-10.0
ppo,1,17986,-10.0
ppo,1,17996,-10.0
ppo,1,17999,-10.0
ppo,1,18000,-10.0
ppo,1,18004,-10.0
ppo,1,18005,-10.0
ppo,1,18008,-10.0
ppo,1,18011,-10.0
ppo,1,18013,-10.0
ppo,1,18014,-10.0
ppo,1,18016,-10.0
ppo,1,18018,-10.0
ppo,1,18019,-10.0
ppo,1,18024,-10.0
ppo,1,18025,-10.0
ppo,1,18027,-10.0
ppo,1,18028,-10.0
ppo,1,18041,-10.0
ppo,1,18045,-10.0
ppo,1,18046,-10.0
ppo,1,18048,-10.0
ppo,1,18065,-10.0
ppo,1,18068,-10.0
ppo,1,18078,-10.0
ppo,1,18080,-10.0
ppo,1,18082,-10.0
ppo,1,18083,-10.0
ppo,1,18086,-10.0
ppo,1,18090,-10.0
ppo,1,18093,-10.0
ppo,1,18097,-10.0
ppo,1,18101,-10.0
ppo,1,18102,-10.0
ppo,1,18104,-10.0
ppo,1,18107,-10.0
ppo,1,18109,-10.0
ppo,1,18112,-10.0
ppo,1,18115,-10.0
ppo,1,18118,-10.0
ppo,1,18121,-10.0
ppo,1,18122,-10.0
ppo,1,18123,-10.0
ppo,1,18124,-10.0
ppo,1,18127,-10.0
ppo,1,18129,-10.0
ppo,1,18130,-10.0
ppo,1,18136,-10.0
ppo,1,18146,-10.0
ppo,1,18147,-10.0
ppo,1,18149,-10.0
ppo,1,18155,-10.0
ppo,1,18156,-10.0
ppo,1,18157,-10.0
ppo,1,18158,-10.0
ppo,1,18162,-10.0
ppo,1,18163,-10.0
ppo,1,18167,-10.0
ppo,1,18170,-10.0
ppo,1,18174,-46.2
ppo,1,18181,-10.0
ppo,1,18184,-10.0
ppo,1,18193,-10.0
ppo,1,18195,-10.0
ppo,1,18203,-10.0
ppo,1,18204,-10.0
ppo,1,18205,-10.0
ppo,1,18206,-10.0
ppo,1,18207,-10.0
ppo,1,18216,-10.0
ppo,1,18217,-10.0
ppo,1,18218,-10.0
ppo,1,18223,-10.0
ppo,1,18226,-10.0
ppo,1,18228,-10.0
ppo,1,18232,-10.0
ppo,1,18238,-10.0
ppo,1,18242,-10.0
ppo,1,18248,-10.0
ppo,1,18249,-10.0
ppo,1,18254,-10.0
ppo,1,18256,-10.0
ppo,1,18257,-10.0
ppo,1,18260,-10.0
ppo,1,18261,-10.0
ppo,1,18265,-10.0
ppo,1,18266,-10.0
ppo,1,18278,-10.0
ppo,1,18279,-10.0
ppo,1,18283,-10.0
ppo,1,18293,-10.0
ppo,1,18296,-10.0
ppo,1,18305,-10.0
ppo,1,18306,-10.0
ppo,1,18307,-10.0
ppo,1,18308,-10.0
ppo,1,18309,-10.0
ppo,1,18318,-10.0
ppo,1,18329,-10.0
ppo,1,18341,-10.0
ppo,1,18344,-10.0
ppo,1,18345,-10.0
ppo,1,18350,-10.0
ppo,1,18354,-10.0
ppo,1,18365,-10.0
ppo,1,18372,-10.0
ppo,1,18373,-10.0
ppo,1,18379,-10.0
ppo,1,18384,-10.0
ppo,1,18389,-10.0
ppo,1,18397,-10.0
ppo,1,18405,-10.0
ppo,1,18409,-10.0
ppo,1,18411,-10.0
ppo,1,18413,-10.0
ppo,1,18416,-10.0
ppo,1,18428,-10.0
ppo,1,18432,-10.0
ppo,1,18434,-10.0
ppo,1,18440,-10.0
ppo,1,18444,-10.0
ppo,1,18465,-10.0
ppo,1,18479,-10.0
ppo,1,18480,-10.0
ppo,1,18481,-10.0
ppo,1,18483,-10.0
ppo,1,18486,-10.0
ppo,1,18497,-10.0
ppo,1,18502,-10.0
ppo,1,18512,-10.0
ppo,1,18521,-10.0
ppo,1,18527,-10.0
ppo,1,18531,-10.0
ppo,1,18545,-10.0
ppo,1,18547,-10.0
ppo,1,18552,-10.0
ppo,1,18553,-10.0
ppo,1,18560,-10.0
ppo,1,18568,-10.0
ppo,1,18571,-10.0
ppo,1,18575,-10.0
ppo,1,18585,-10.0
ppo,1,18590,-10.0
ppo,1,18594,-10.0
ppo,1,18602,-10.0
ppo,1,18604,-10.0
ppo,1,18605,-10.0
ppo,1,18618,-10.0
ppo,1,18624,-10.0
ppo,1,18636,-10.0
ppo,1,18640,-10.0
ppo,1,18651,-10.0
ppo,1,18653,-10.0
ppo,1,18659,-10.0
ppo,1,18660,-10.0
ppo,1,18663,-10.0
ppo,1,18664,-10.0
ppo,1,18667,-10.0
ppo,1,18677,-10.0
ppo,1,18682,-10.0
ppo,1,18686,-10.0
ppo,1,18698,-10.0
ppo,1,18699,-10.0
ppo,1,18705,-10.0
ppo,1,18709,-10.0
ppo,1,18723,-10.0
ppo,1,18726,-10.0
ppo,1,18754,-10.0
ppo,1,18764,-10.0
ppo,1,18766,-10.0
ppo,1,18771,-10.0
ppo,1,18776,-10.0
ppo,1,18777,-10.0
ppo,1,18782,-10.0
ppo,1,18783,-10.0
ppo,1,18791,-10.0
ppo,1,18792,-10.0
ppo,1,18794,-10.0
ppo,1,18802,-10.0
ppo,1,18812,-10.0
ppo,1,18817,-10.0
ppo,1,18819,-10.0
ppo,1,18831,-10.0
ppo,1,18837,-10.0
ppo,1,18847,-10.0
ppo,1,18848,-10.0
ppo,1,18851,-10.0
ppo,1,18859,-10.0
ppo,1,18887,-10.0
ppo,1,18901,-10.0
ppo,1,18907,-10.0
ppo,1,18913,-10.0
ppo,1,18920,-10.0
ppo,1,18921,-10.0
ppo,1,18927,-10.0
ppo,1,18931,-10.0
ppo,1,18942,-10.0
ppo,1,18946,-10.0
ppo,1,18958,-10.0
ppo,1,18962,-10.0
ppo,1,18996,-10.0
ppo,1,18998,-10.0
ppo,1,19016,-10.0
ppo,1,19018,-10.0
ppo,1,19030,-10.0
ppo,1,19038,-10.0
ppo,1,19039,-10.0
ppo,1,19042,-10.0
ppo,1,19048,-10.0
ppo,1,19054,-10.0
ppo,1,19062,-10.0
ppo,1,19065,-10.0
ppo,1,19080,-10.0
ppo,1,19088,-10.0
ppo,1,19090,-10.0
ppo,1,19092,-10.0
ppo,1,19093,-10.0
ppo,1,19101,-10.0
ppo,1,19117,-10.0
ppo,1,19124,-10.0
ppo,1,19129,-10.0
ppo,1,19135,-10.0
ppo,1,19150,-10.0
ppo,1,19151,-10.0
ppo,1,19152,-10.0
ppo,1,19157,-10.0
ppo,1,19160,-10.0
ppo,1,19165,-10.0
ppo,1,19166,-10.0
ppo,1,19169,-10.0
ppo,1,19177,-10.0
ppo,1,19186,-10.0
ppo,1,19191,-10.0
ppo,1,19196,-10.0
ppo,1,19207,-10.0
ppo,1,19217,-10.0
ppo,1,19225,-10.0
ppo,1,19230,-10.0
ppo,1,19235,-10.0
ppo,1,19242,-10.0
ppo,1,19253,-10.0
ppo,1,19256,-10.0
ppo,1,19267,-10.0
ppo,1,19273,-10.0
ppo,1,19281,-10.0
ppo,1,19286,-10.0
ppo,1,19293,-10.0
ppo,1,19299,-10.0
ppo,1,19311,-10.0
ppo,1,19319,-10.0
ppo,1,19327,-10.0
ppo,1,19331,-10.0
ppo,1,19339,-10.0
ppo,1,19341,-10.0
ppo,1,19352,-10.0
ppo,1,19353,-10.0
ppo,1,19363,-10.0
ppo,1,19373,-10.0
ppo,1,19380,-10.0
ppo,1,19387,-10.0
ppo,1,19391,-10.0
ppo,1,19397,-10.0
ppo,1,19398,-10.0
ppo,1,19402,-10.0
ppo,1,19411,-10.0
ppo,1,19416,-10.0
ppo,1,19429,-10.0
ppo,1,19436,-10.0
ppo,1,19442,-10.0
ppo,1,19448,-10.0
ppo,1,19450,-10.0
ppo,1,19452,-10.0
ppo,1,19455,-10.0
ppo,1,19467,-10.0
ppo,1,19503,-10.0
ppo,1,19505,-10.0
ppo,1,19511,-10.0
ppo,1,19512,-10.0
ppo,1,19526,-10.0
ppo,1,19530,-10.0
ppo,1,19531,-10.0
ppo,1,19534,-10.0
ppo,1,19537,-10.0
ppo,1,19546,-10.0
ppo,1,19550,-10.0
ppo,1,19551,-10.0
ppo,1,19557,-10.0
ppo,1,19562,-10.0
ppo,1,19568,-10.0
ppo,1,19569,-10.0
ppo,1,19572,-10.0
ppo,1,19579,-10.0
ppo,1,19580,-10.0
ppo,1,19581,-10.0
ppo,1,19588,-10.0
ppo,1,19594,-10.0
ppo,1,19597,-10.0
ppo,1,19608,-10.0
ppo,1,19611,-10.0
ppo,1,19619,-10.0
ppo,1,19620,-10.0
ppo,1,19625,-10.0
ppo,1,19633,-10.0
ppo,1,19637,-10.0
ppo,1,19649,-10.0
ppo,1,19654,-10.0
ppo,1,19657,-10.0
ppo,1,19665,-10.0
ppo,1,19672,-10.0
ppo,1,19673,-10.0
ppo,1,19681,-10.0
ppo,1,19687,-10.0
ppo,1,19698,-10.0
ppo,1,19714,-10.0
ppo,1,19717,-10.0
ppo,1,19724,-10.0
ppo,1,19725,-10.0
ppo,1,19743,-10.0
ppo,1,19745,-10.0
ppo,1,19748,-10.0
ppo,1,19749,-10.0
ppo,1,19750,-10.0
ppo,1,19761,-10.0
ppo,1,19762,-10.0
ppo,1,19766,-10.0
ppo,1,19768,-10.0
ppo,1,19770,-10.0
ppo,1,19775,-10.0
ppo,1,19779,-10.0
ppo,1,19780,-10.0
ppo,1,19781,-10.0
ppo,1,19787,-10.0
ppo,1,19791,-10.0
ppo,1,19794,-10.0
ppo,1,19798,-10.0
ppo,1,19817,-10.0
ppo,1,19820,-10.0
ppo,1,19824,-10.0
ppo,1,19830,-10.0
ppo,1,19846,-10.0
ppo,1,19849,-10.0
ppo,1,19853,-10.0
ppo,1,19862,-10.0
ppo,1,19864,-10.0
ppo,1,19866,-10.0
ppo,1,19887,-10.0
ppo,1,19900,-10.0
ppo,1,19906,-10.0
ppo,1,19918,-10.0
ppo,1,19919,-10.0
ppo,1,19925,-10.0
ppo,1,19935,-10.0
ppo,1,19938,-10.0
ppo,1,19948,-10.0
ppo,1,19949,-10.0
ppo,1,19971,-10.0
ppo,1,19981,-10.0
ppo,1,19990,-10.0
ppo,1,19992,-10.0
ppo,1,20005,-10.0
ppo,1,20006,-10.0
ppo,1,20021,-10.0
ppo,1,20023,-10.0
ppo,1,20026,-10.0
ppo,1,20038,-10.0
ppo,1,20042,-10.0
ppo,1,20046,-10.0
ppo,1,20049,-10.0
ppo,1,20062,-10.0
ppo,1,20067,-10.0
ppo,1,20076,-10.0
ppo,1,20077,-10.0
ppo,1,20078,-10.0
ppo,1,20081,-10.0
ppo,1,20084,-10.0
ppo,1,20091,-10.0
ppo,1,20096,-10.0
ppo,1,20101,-10.0
ppo,1,20111,-10.0
ppo,1,20115,-10.0
ppo,1,20118,-10.0
ppo,1,20119,-10.0
ppo,1,20124,-10.0
ppo,1,20149,-10.0
ppo,1,20174,-10.0
ppo,1,20178,-10.0
ppo,1,20182,-10.0
ppo,1,20186,-10.0
ppo,1,20192,-10.0
ppo,1,20216,-10.0
ppo,1,20217,-10.0
ppo,1,20219,-10.0
ppo,1,20221,-10.0
ppo,1,20234,-10.0
ppo,1,20246,-10.0
ppo,1,20248,-10.0
ppo,1,20254,-10.0
ppo,1,20257,-10.0
ppo,1,20268,-10.0
ppo,1,20269,-10.0
ppo,1,20275,-10.0
ppo,1,20286,-10.0
ppo,1,20307,-10.0
ppo,1,20317,-10.0
ppo,1,20337,-10.0
ppo,1,20338,-10.0
ppo,1,20351,-10.0
ppo,1,20352,-10.0
ppo,1,20362,-10.0
ppo,1,20363,-10.0
ppo,1,20365,-10.0
ppo,1,20367,-10.0
ppo,1,20385,-10.0
ppo,1,20386,-10.0
ppo,1,20389,-10.0
ppo,1,20401,-10.0
ppo,1,20405,-10.0
ppo,1,20406,-10.0
ppo,1,20421,-10.0
ppo,1,20430,-10.0
ppo,1,20439,-10.0
ppo,1,20442,-10.0
ppo,1,20450,-10.0
ppo,1,20453,-10.0
ppo,1,20456,-10.0
ppo,1,20463,-10.0
ppo,1,20466,-10.0
ppo,1,20474,-10.0
ppo,1,20477,-10.0
ppo,1,20480,-10.0
ppo,1,20553,-10.0
ppo,1,20680,-10.0
ppo,1,20784,-10.0
ppo,1,20841,-10.0
ppo,1,21015,-50.0
ppo,1,21152,-10.0
ppo,1,21250,-10.0
ppo,1,21325,-10.0
ppo,1,21389,-10.0
ppo,1,21598,-10.0
ppo,1,21610,-10.0
ppo,1,21657,-10.0
ppo,1,21669,-10.0
ppo,1,21712,-10.0
ppo,1,21866,-50.0
ppo,1,21868,-10.0
ppo,1,21893,-10.0
ppo,1,22115,-10.0
ppo,1,22203,-10.0
ppo,1,22208,-10.0
ppo,1,22239,-10.0
ppo,1,22424,-10.0
ppo,1,22582,-10.0
ppo,1,22705,-10.0
ppo,1,22823,-10.0
ppo,1,22956,-10.0
ppo,1,23099,-10.0
ppo,1,23194,-10.0
ppo,1,23320,-10.0
ppo,1,23400,-10.0
ppo,1,23527,5.7
ppo,1,23566,-10.0
ppo,1,23698,0.9
ppo,1,23807,-10.0
ppo,1,24014,-10.0
ppo,1,24103,-10.0
ppo,1,24200,-10.0
ppo,1,24326,-10.0
ppo,1,24442,-10.0
ppo,1,24571,-10.0
ppo,1,24693,6.6
ppo,1,24789,-10.0
ppo,1,24950,-10.0
ppo,1,24958,-10.0
ppo,1,25098,-10.0
ppo,1,25363,-10.0
ppo,1,25503,0.3
ppo,1,25663,-10.0
ppo,1,25730,-10.0
ppo,1,25790,-10.0
ppo,1,25952,7.2
ppo,1,26018,-10.0
ppo,1,26169,-10.0
ppo,1,26328,-10.0
ppo,1,26499,-10.0
ppo,1,26691,8.4
ppo,1,26820,6.3
ppo,1,26927,-10.0
ppo,1,27091,-10.0
ppo,1,27223,-10.0
ppo,1,27443,-10.0
ppo,1,27614,-10.0
ppo,1,27759,-10.0
ppo,1,27883,-10.0
ppo,1,27908,-10.0
ppo,1,28042,-10.0
ppo,1,28122,-10.0
ppo,1,28269,-10.0
ppo,1,28462,10.8
ppo,1,28708,3.9
ppo,1,28830,-3.9
ppo,1,28971,-10.0
ppo,1,29094,-10.0
ppo,1,29297,7.2
ppo,1,29477,-10.0
ppo,1,29667,12.3
ppo,1,29826,4.2
ppo,1,30013,4.5
ppo,1,30194,10.5
ppo,1,30361,6.9
ppo,1,30394,-10.0
ppo,1,30520,-10.0
ppo,1,30788,9.3
ppo,1,30957,5.7
ppo,1,31134,-10.0
ppo,1,31333,10.8
ppo,1,31409,-26.1
ppo,1,31585,10.2
ppo,1,31763,4.5
ppo,1,31906,11.1
ppo,1,32169,-10.0
ppo,1,32346,-10.0
ppo,1,32511,8.1
ppo,1,32758,11.4
ppo,1,32949,-10.0
ppo,1,33126,13.8
ppo,1,33355,6.3
ppo,1,33665,-10.0
ppo,1,33800,4.5
ppo,1,33959,4.2
ppo,1,34104,-10.0
ppo,1,34322,-2.1
ppo,1,34507,-10.0
ppo,1,34700,12.9
ppo,1,34885,8.4
ppo,1,34984,-9.3
ppo,1,35182,5.1
ppo,1,35366,5.7
ppo,1,35548,5.7
ppo,1,35713,4.5
ppo,1,35856,11.4
ppo,1,36059,9.3
ppo,1,36218,4.5
ppo,1,36357,7.8
ppo,1,36529,6.9
ppo,1,36646,-2.1
ppo,1,36842,-3.0
ppo,1,37025,6.0
ppo,1,37268,5.1
ppo,1,37410,10.2
ppo,1,37584,3.3
ppo,1,37704,6.9
ppo,1,37860,6.3
ppo,1,38032,8.4
ppo,1,38273,2.4
ppo,1,38449,3.9
ppo,1,38613,6.3
ppo,1,38745,10.5
ppo,1,38938,7.8
ppo,1,39115,4.2
ppo,1,39259,1.8
ppo,1,39434,6.9
ppo,1,39753,8.4
ppo,1,39891,6.0
ppo,1,40070,4.8
ppo,1,40216,12.0
ppo,1,40426,6.0
ppo,1,40580,5.7
ppo,1,40717,9.6
ppo,1,40924,5.1
ppo,1,41077,9.9
ppo,1,41273,9.9
ppo,1,41408,9.6
ppo,1,41642,7.5
ppo,1,41840,5.1
ppo,1,42030,12.3
ppo,1,42210,10.8
ppo,1,42369,8.7
ppo,1,42537,5.7
ppo,1,42729,3.6
ppo,1,43000,8.4
ppo,1,43202,6.6
ppo,1,43360,8.7
ppo,1,43535,9.0
ppo,1,43719,5.4
ppo,1,43903,-10.0
ppo,1,44071,1.5
ppo,1,44225,4.8
ppo,1,44391,0.9
ppo,1,44620,6.6
ppo,1,44807,10.5
ppo,1,44963,-10.0
ppo,1,45143,10.5
ppo,1,45294,3.9
ppo,1,45511,10.8
ppo,1,45679,11.7
ppo,1,45808,6.9
ppo,1,45938,12.9
ppo,1,46079,11.1
ppo,1,46245,7.2
ppo,1,46382,8.7
ppo,1,46588,7.5
ppo,1,46821,1.5
ppo,1,46954,-5.7
ppo,1,47137,9.3
ppo,1,47296,8.7
ppo,1,47429,10.8
ppo,1,47624,9.3
ppo,1,47784,6.6
ppo,1,48054,11.1
ppo,1,48175,6.3
ppo,1,48357,11.1
ppo,1,48575,11.1
ppo,1,48760,6.6
ppo,1,49014,8.7
ppo,1,49183,12.3
ppo,1,49406,-10.0
ppo,1,49583,11.7
ppo,1,49732,8.7
ppo,1,49904,11.1
ppo,1,50134,3.9
ppo,1,50300,6.3
ppo,1,50463,9.9
ppo,1,50656,13.2
ppo,1,50831,11.1
ppo,1,50974,13.8
ppo,1,51156,11.1
ppo,2,2,-10.0
ppo,2,3,-10.0
ppo,2,4,-10.0
ppo,2,5,-10.0
ppo,2,6,-43.5
ppo,2,7,-10.0
ppo,2,9,-61.2
ppo,2,10,-51.3
ppo,2,12,-10.0
ppo,2,15,-39.6
ppo,2,16,-48.9
ppo,2,17,-10.0
ppo,2,20,-44.1
ppo,2,21,-10.0
ppo,2,22,-10.0
ppo,2,23,-10.0
ppo,2,24,-10.0
ppo,2,25,-10.0
ppo,2,27,-10.0
ppo,2,28,-10.0
ppo,2,29,-54.9
ppo,2,30,-10.0
ppo,2,31,-10.0
ppo,2,32,-47.4
ppo,2,33,-53.4
ppo,2,37,-10.0
ppo,2,38,-10.0
ppo,2,43,-10.0
ppo,2,44,-69.6
ppo,2,45,-10.0
ppo,2,46,-10.0
ppo,2,47,-10.0
ppo,2,49,-10.0
ppo,2,50,-10.0
ppo,2,51,-38.1
ppo,2,53,-93.0
ppo,2,54,-23.1
ppo,2,55,-10.0
ppo,2,56,-41.4
ppo,2,58,-10.0
ppo,2,60,-10.0
ppo,2,61,-10.0
ppo,2,62,-10.0
ppo,2,64,-10.0
ppo,2,65,-25.8
ppo,2,67,-10.0
ppo,2,68,-10.0
ppo,2,69,-54.0
ppo,2,70,-10.0
ppo,2,73,-10.0
ppo,2,75,-10.0
ppo,2,76,-10.0
ppo,2,78,-10.0
ppo,2,79,-10.0
ppo,2,81,-10.0
ppo,2,83,-25.5
ppo,2,84,-47.1
ppo,2,85,-10.0
ppo,2,86,-10.0
ppo,2,87,-10.0
ppo,2,88,-10.0
ppo,2,89,-43.2
ppo,2,90,-10.0
ppo,2,91,-10.0
ppo,2,92,-43.2
ppo,2,94,-10.0
ppo,2,96,-43.8
ppo,2,97,-10.0
ppo,2,98,-36.3
ppo,2,99,-30.6
ppo,2,100,-10.0
ppo,2,101,-49.5
ppo,2,102,-10.0
ppo,2,103,-10.0
ppo,2,104,-10.0
ppo,2,105,-36.3
ppo,2,106,-10.0
ppo,2,107,-10.0
ppo,2,108,-10.0
ppo,2,109,-10.0
ppo,2,110,-10.0
ppo,2,111,-10.0
ppo,2,113,-31.8
ppo,2,115,-10.0
ppo,2,116,-10.0
ppo,2,117,-10.0
ppo,2,119,-10.0
ppo,2,120,-10.0
ppo,2,121,-10.0
ppo,2,122,-10.0
ppo,2,123,-69.6
ppo,2,124,-43.2
ppo,2,125,-30.9
ppo,2,128,-10.0
ppo,2,129,-10.0
ppo,2,130,-45.3
ppo,2,132,-44.1
ppo,2,133,-56.7
ppo,2,135,-48.3
ppo,2,137,-41.1
ppo,2,139,-42.9
ppo,2,140,-10.0
ppo,2,141,-10.0
ppo,2,143,-10.0
ppo,2,144,-10.0
ppo,2,145,-30.9
ppo,2,148,-10.0
ppo,2,149,-10.0
ppo,2,150,-32.1
ppo,2,152,-22.8
ppo,2,153,-25.8
ppo,2,154,-10.0
ppo,2,155,-44.4
ppo,2,156,-36.3
ppo,2,157,-56.7
ppo,2,158,-10.0
ppo,2,159,-44.4
ppo,2,160,-10.0
ppo,2,162,-35.4
ppo,2,164,-54.6
ppo,2,167,-39.6
ppo,2,169,-42.9
ppo,2,171,-10.0
ppo,2,175,-31.2
ppo,2,176,-10.0
ppo,2,177,-10.0
ppo,2,178,-47.4
ppo,2,179,-10.0
ppo,2,180,-10.0
ppo,2,181,-70.8
ppo,2,182,-68.1
ppo,2,184,-64.5
ppo,2,185,-42.9
ppo,2,186,-10.0
ppo,2,187,-34.2
ppo,2,188,-10.0
ppo,2,189,-61.8
ppo,2,190,-49.2
ppo,2,192,-10.0
ppo,2,193,-36.9
ppo,2,194,-10.0
ppo,2,196,-48.3
ppo,2,197,-10.0
ppo,2,201,-10.0
ppo,2,202,-10.0
ppo,2,206,-46.8
ppo,2,207,-10.0
ppo,2,209,-10.0
ppo,2,210,-10.0
ppo,2,211,-38.7
ppo,2,212,-10.0
ppo,2,214,-48.3
ppo,2,215,-10.0
ppo,2,216,-45.3
ppo,2,217,-10.0
ppo,2,218,-10.0
ppo,2,219,-10.0
ppo,2,220,-93.3
ppo,2,222,-10.0
ppo,2,223,-67.2
ppo,2,226,-10.0
ppo,2,228,-10.0
ppo,2,229,-44.4
ppo,2,230,-42.9
ppo,2,231,-49.2
ppo,2,235,-30.3
ppo,2,236,-10.0
ppo,2,237,-44.4
ppo,2,238,-45.0
ppo,2,239,-70.8
ppo,2,241,-41.1
ppo,2,242,-10.0
ppo,2,245,-48.6
ppo,2,247,-42.0
ppo,2,248,-38.7
ppo,2,249,-10.0
ppo,2,250,-48.6
ppo,2,251,-10.0
ppo,2,254,-10.0
ppo,2,256,-10.0
ppo,2,258,-48.3
ppo,2,259,-40.2
ppo,2,260,-10.0
ppo,2,262,-10.0
ppo,2,263,-44.4
ppo,2,265,-41.7
ppo,2,266,-28.8
ppo,2,268,-10.0
ppo,2,270,-34.2
ppo,2,271,-23.1
ppo,2,272,-10.0
ppo,2,274,-35.4
ppo,2,275,-10.0
ppo,2,276,-43.2
ppo,2,277,-10.0
ppo,2,278,-42.3
ppo,2,280,-37.8
ppo,2,281,-46.8
ppo,2,282,-10.0
ppo,2,284,-10.0
ppo,2,285,-30.9
ppo,2,287,-10.0
ppo,2,289,-53.7
ppo,2,290,-10.0
ppo,2,291,-10.0
ppo,2,292,-38.7
ppo,2,293,-10.0
ppo,2,294,-10.0
ppo,2,296,-10.0
ppo,2,297,-10.0
ppo,2,298,-48.9
ppo,2,301,-10.0
ppo,2,302,-33.6
ppo,2,303,-10.0
ppo,2,304,-93.3
ppo,2,305,-43.2
ppo,2,306,-10.0
ppo,2,307,-25.8
ppo,2,308,-10.0
ppo,2,309,-10.0
ppo,2,310,-10.0
ppo,2,312,-62.1
ppo,2,313,-64.8
ppo,2,314,-32.1
ppo,2,315,-45.0
ppo,2,316,-10.0
ppo,2,317,-35.7
ppo,2,318,-10.0
ppo,2,320,-10.0
ppo,2,322,-24.9
ppo,2,323,-31.2
ppo,2,324,-10.0
ppo,2,325,-10.0
ppo,2,327,-39.9
ppo,2,328,-10.0
ppo,2,329,-10.0
ppo,2,330,-10.0
ppo,2,331,-31.5
ppo,2,334,-10.0
ppo,2,337,-10.0
ppo,2,338,-10.0
ppo,2,342,-44.1
ppo,2,344,-10.0
ppo,2,345,-44.4
ppo,2,346,-29.7
ppo,2,347,-36.9
ppo,2,348,-10.0
ppo,2,349,-10.0
ppo,2,352,-48.0
ppo,2,354,-31.8
ppo,2,358,-35.4
ppo,2,360,-56.4
ppo,2,361,-49.8
ppo,2,362,-72.6
ppo,2,363,-47.7
ppo,2,364,-10.0
ppo,2,365,-10.0
ppo,2,366,-40.2
ppo,2,369,-10.0
ppo,2,371,-49.2
ppo,2,372,-10.0
ppo,2,373,-10.0
ppo,2,374,-10.0
ppo,2,375,-40.2
ppo,2,376,-65.4
ppo,2,377,-45.3
ppo,2,379,-10.0
ppo,2,380,-65.4
ppo,2,381,-42.9
ppo,2,382,-49.8
ppo,2,383,-10.0
ppo,2,384,-10.0
ppo,2,385,-35.7
ppo,2,388,-10.0
ppo,2,389,-36.9
ppo,2,393,-10.0
ppo,2,394,-54.0
ppo,2,396,-42.3
ppo,2,397,-67.2
ppo,2,398,-33.6
ppo,2,399,-48.6
ppo,2,400,-56.7
ppo,2,403,-10.0
ppo,2,404,-42.3
ppo,2,407,-37.8
ppo,2,408,-25.2
ppo,2,409,-10.0
ppo,2,412,-43.8
ppo,2,413,-10.0
ppo,2,414,-43.2
ppo,2,416,-46.5
ppo,2,417,-10.0
ppo,2,420,-31.5
ppo,2,421,-10.0
ppo,2,422,-43.2
ppo,2,423,-48.9
ppo,2,424,-61.8
ppo,2,425,-35.7
ppo,2,426,-35.7
ppo,2,427,-45.3
ppo,2,428,-10.0
ppo,2,430,-10.0
ppo,2,432,-10.0
ppo,2,433,-10.0
ppo,2,434,-42.3
ppo,2,435,-10.0
ppo,2,436,-40.2
ppo,2,437,-10.0
ppo,2,438,-10.0
ppo,2,439,-25.8
ppo,2,440,-10.0
ppo,2,441,-45.0
ppo,2,442,-48.6
ppo,2,443,-48.9
ppo,2,444,-10.0
ppo,2,448,-10.0
ppo,2,450,-10.0
ppo,2,451,-10.0
ppo,2,452,-10.0
ppo,2,453,-25.8
ppo,2,455,-54.6
ppo,2,456,-10.0
ppo,2,458,-10.0
ppo,2,459,-53.7
ppo,2,461,-10.0
ppo,2,462,-47.4
ppo,2,463,-31.2
ppo,2,469,-39.6
ppo,2,470,-35.7
ppo,2,471,-25.8
ppo,2,472,-38.4
ppo,2,473,-10.0
ppo,2,474,-41.1
ppo,2,475,-10.0
ppo,2,476,-10.0
ppo,2,477,-10.0
ppo,2,478,-10.0
ppo,2,480,-10.0
ppo,2,481,-10.0
ppo,2,482,-31.5
ppo,2,483,-43.2
ppo,2,484,-10.0
ppo,2,487,-53.4
ppo,2,488,-10.0
ppo,2,489,-61.5
ppo,2,491,-10.0
ppo,2,492,-48.6
ppo,2,494,-45.0
ppo,2,495,-10.0
ppo,2,496,-85.5
ppo,2,498,-10.0
ppo,2,499,-10.0
ppo,2,500,-10.0
ppo,2,502,-48.3
ppo,2,503,-72.6
ppo,2,504,-44.4
ppo,2,505,-45.0
ppo,2,506,-10.0
ppo,2,507,-10.0
ppo,2,508,-87.0
ppo,2,509,-10.0
ppo,2,510,-10.0
ppo,2,511,-10.0
ppo,2,512,-49.8
ppo,2,513,-56.7
ppo,2,514,-10.0
ppo,2,515,-10.0
ppo,2,518,-54.3
ppo,2,519,-43.2
ppo,2,520,-10.0
ppo,2,521,-10.0
ppo,2,523,-10.0
ppo,2,524,-42.3
ppo,2,525,-45.3
ppo,2,526,-47.7
ppo,2,528,-70.5
ppo,2,529,-10.0
ppo,2,531,-10.0
ppo,2,533,-93.0
ppo,2,534,-48.6
ppo,2,535,-42.6
ppo,2,536,-25.2
ppo,2,537,-45.3
ppo,2,538,-10.0
ppo,2,539,-10.0
ppo,2,540,-48.6
ppo,2,541,-28.8
ppo,2,542,-10.0
ppo,2,544,-39.9
ppo,2,545,-29.7
ppo,2,546,-10.0
ppo,2,548,-53.1
ppo,2,549,-10.0
ppo,2,550,-65.4
ppo,2,551,-48.6
ppo,2,552,-25.8
ppo,2,554,-42.3
ppo,2,556,-10.0
ppo,2,558,-54.6
ppo,2,559,-49.2
ppo,2,560,-10.0
ppo,2,562,-10.0
ppo,2,566,-30.0
ppo,2,568,-10.0
ppo,2,569,-44.7
ppo,2,572,-10.0
ppo,2,573,-10.0
ppo,2,574,-32.1
ppo,2,575,-31.2
ppo,2,576,-10.0
ppo,2,577,-10.0
ppo,2,582,-52.8
ppo,2,583,-54.0
ppo,2,584,-10.0
ppo,2,585,-10.0
ppo,2,589,-39.3
ppo,2,590,-10.0
ppo,2,591,-10.0
ppo,2,592,-31.2
ppo,2,593,-10.0
ppo,2,595,-28.5
ppo,2,596,-10.0
ppo,2,599,-10.0
ppo,2,600,-39.0
ppo,2,602,-29.4
ppo,2,603,-10.0
ppo,2,604,-25.2
ppo,2,605,-34.5
ppo,2,606,-10.0
ppo,2,607,-31.5
ppo,2,608,-51.3
ppo,2,611,-70.2
ppo,2,616,-10.0
ppo,2,617,-10.0
ppo,2,618,-28.8
ppo,2,621,-10.0
ppo,2,624,-10.0
ppo,2,625,-10.0
ppo,2,627,-33.9
ppo,2,628,-10.0
ppo,2,629,-10.0
ppo,2,631,-10.0
ppo,2,632,-33.6
ppo,2,633,-36.3
ppo,2,634,-10.0
ppo,2,635,-10.0
ppo,2,636,-10.0
ppo,2,637,-10.0
ppo,2,638,-72.6
ppo,2,641,-10.0
ppo,2,642,-39.0
ppo,2,644,-53.4
ppo,2,645,-10.0
ppo,2,646,-10.0
ppo,2,648,-10.0
ppo,2,649,-42.3
ppo,2,651,-43.2
ppo,2,653,-10.0
ppo,2,654,-33.6
ppo,2,658,-10.0
ppo,2,659,-10.0
ppo,2,660,-67.5
ppo,2,662,-10.0
ppo,2,663,-32.1
ppo,2,664,-10.0
ppo,2,666,-44.7
ppo,2,667,-10.0
ppo,2,668,-47.4
ppo,2,669,-10.0
ppo,2,670,-65.4
ppo,2,671,-10.0
ppo,2,672,-10.0
ppo,2,673,-10.0
ppo,2,674,-10.0
ppo,2,675,-47.4
ppo,2,677,-53.4
ppo,2,678,-10.0
ppo,2,681,-42.6
ppo,2,684,-10.0
ppo,2,685,-10.0
ppo,2,686,-10.0
ppo,2,687,-10.0
ppo,2,688,-38.1
ppo,2,689,-62.1
ppo,2,690,-28.8
ppo,2,692,-10.0
ppo,2,693,-10.0
ppo,2,694,-30.6
ppo,2,695,-67.5
ppo,2,700,-10.0
ppo,2,701,-54.9
ppo,2,702,-10.0
ppo,2,704,-10.0
ppo,2,705,-10.0
ppo,2,706,-10.0
ppo,2,707,-10.0
ppo,2,710,-30.9
ppo,2,711,-44.4
ppo,2,713,-69.3
ppo,2,715,-47.1
ppo,2,717,-30.3
ppo,2,719,-10.0
ppo,2,720,-41.1
ppo,2,721,-54.9
ppo,2,722,-93.3
ppo,2,723,-72.6
ppo,2,724,-32.1
ppo,2,726,-10.0
ppo,2,727,-10.0
ppo,2,728,-10.0
ppo,2,729,-10.0
ppo,2,730,-10.0
ppo,2,731,-10.0
ppo,2,732,-10.0
ppo,2,733,-35.7
ppo,2,734,-10.0
ppo,2,735,-43.2
ppo,2,738,-40.5
ppo,2,739,-25.2
ppo,2,742,-10.0
ppo,2,743,-35.1
ppo,2,747,-43.8
ppo,2,748,-10.0
ppo,2,749,-32.1
ppo,2,750,-10.0
ppo,2,751,-10.0
ppo,2,752,-10.0
ppo,2,754,-31.8
ppo,2,756,-69.3
ppo,2,757,-10.0
ppo,2,758,-44.7
ppo,2,761,-40.5
ppo,2,762,-10.0
ppo,2,764,-10.0
ppo,2,766,-10.0
ppo,2,769,-35.1
ppo,2,772,-10.0
ppo,2,773,-45.3
ppo,2,778,-10.0
ppo,2,779,-45.3
ppo,2,781,-10.0
ppo,2,783,-10.0
ppo,2,784,-10.0
ppo,2,786,-10.0
ppo,2,787,-10.0
ppo,2,788,-54.0
ppo,2,790,-33.9
ppo,2,791,-10.0
ppo,2,793,-10.0
ppo,2,794,-10.0
ppo,2,795,-49.2
ppo,2,797,-10.0
ppo,2,798,-70.8
ppo,2,799,-41.1
ppo,2,800,-10.0
ppo,2,802,-42.9
ppo,2,803,-49.5
ppo,2,804,-44.4
ppo,2,805,-10.0
ppo,2,806,-42.3
ppo,2,807,-42.0
ppo,2,808,-35.1
ppo,2,809,-10.0
ppo,2,810,-10.0
ppo,2,812,-70.5
ppo,2,814,-54.6
ppo,2,816,-10.0
ppo,2,818,-69.3
ppo,2,819,-54.0
ppo,2,821,-56.4
ppo,2,822,-38.7
ppo,2,823,-10.0
ppo,2,825,-70.5
ppo,2,826,-10.0
ppo,2,827,-44.4
ppo,2,829,-10.0
ppo,2,830,-47.4
ppo,2,831,-10.0
ppo,2,832,-10.0
ppo,2,833,-10.0
ppo,2,834,-65.4
ppo,2,835,-10.0
ppo,2,837,-44.4
ppo,2,838,-10.0
ppo,2,839,-39.0
ppo,2,843,-10.0
ppo,2,844,-61.8
ppo,2,845,-10.0
ppo,2,848,-10.0
ppo,2,849,-48.9
ppo,2,850,-85.5
ppo,2,852,-10.0
ppo,2,853,-45.0
ppo,2,855,-67.2
ppo,2,856,-10.0
ppo,2,857,-33.6
ppo,2,859,-10.0
ppo,2,860,-48.9
ppo,2,862,-10.0
ppo,2,863,-10.0
ppo,2,864,-10.0
ppo,2,865,-42.9
ppo,2,866,-10.0
ppo,2,867,-41.1
ppo,2,870,-10.0
ppo,2,873,-10.0
ppo,2,874,-10.0
ppo,2,875,-40.2
ppo,2,877,-36.0
ppo,2,878,-10.0
ppo,2,879,-10.0
ppo,2,880,-10.0
ppo,2,882,-10.0
ppo,2,885,-48.6
ppo,2,886,-44.7
ppo,2,887,-45.3
ppo,2,889,-42.3
ppo,2,892,-42.0
ppo,2,893,-41.4
ppo,2,894,-42.0
ppo,2,895,-45.3
ppo,2,896,-61.5
ppo,2,898,-31.8
ppo,2,899,-10.0
ppo,2,900,-10.0
ppo,2,902,-10.0
ppo,2,903,-10.0
ppo,2,904,-10.0
ppo,2,908,-43.5
ppo,2,911,-48.6
ppo,2,913,-31.2
ppo,2,916,-10.0
ppo,2,919,-39.6
ppo,2,922,-10.0
ppo,2,923,-10.0
ppo,2,924,-38.7
ppo,2,925,-10.0
ppo,2,927,-10.0
ppo,2,929,-10.0
ppo,2,931,-86.7
ppo,2,932,-45.3
ppo,2,934,-48.6
ppo,2,935,-10.0
ppo,2,937,-38.7
ppo,2,940,-10.0
ppo,2,941,-10.0
ppo,2,942,-10.0
ppo,2,944,-10.0
ppo,2,945,-54.0
ppo,2,946,-41.1
ppo,2,949,-33.0
ppo,2,950,-54.0
ppo,2,951,-10.0
ppo,2,953,-67.8
ppo,2,954,-10.0
ppo,2,955,-30.9
ppo,2,956,-10.0
ppo,2,957,-10.0
ppo,2,959,-25.5
ppo,2,960,-10.0
ppo,2,961,-38.4
ppo,2,963,-45.0
ppo,2,965,-10.0
ppo,2,968,-10.0
ppo,2,969,-42.6
ppo,2,970,-56.7
ppo,2,971,-10.0
ppo,2,972,-35.7
ppo,2,973,-10.0
ppo,2,975,-10.0
ppo,2,977,-10.0
ppo,2,978,-44.7
ppo,2,979,-54.9
ppo,2,980,-51.3
ppo,2,981,-32.1
ppo,2,983,-10.0
ppo,2,985,-10.0
ppo,2,986,-10.0
ppo,2,990,-10.0
ppo,2,991,-48.6
ppo,2,992,-10.0
ppo,2,993,-43.5
ppo,2,995,-10.0
ppo,2,996,-44.4
ppo,2,997,-47.4
ppo,2,998,-41.1
ppo,2,999,-72.6
ppo,2,1000,-42.6
ppo,2,1001,-10.0
ppo,2,1002,-44.4
ppo,2,1005,-48.0
ppo,2,1006,-33.6
ppo,2,1007,-68.1
ppo,2,1009,-10.0
ppo,2,1011,-10.0
ppo,2,1012,-10.0
ppo,2,1013,-47.4
ppo,2,1015,-54.6
ppo,2,1018,-10.0
ppo,2,1020,-35.4
ppo,2,1022,-10.0
ppo,2,1023,-38.7
ppo,2,1024,-10.0
ppo,2,1025,-38.7
ppo,2,1026,-34.2
ppo,2,1028,-31.8
ppo,2,1029,-10.0
ppo,2,1032,-10.0
ppo,2,1036,-10.0
ppo,2,1037,-10.0
ppo,2,1038,-36.3
ppo,2,1041,-60.9
ppo,2,1043,-48.3
ppo,2,1046,-10.0
ppo,2,1047,-67.2
ppo,2,1048,-10.0
ppo,2,1049,-10.0
ppo,2,1052,-48.3
ppo,2,1053,-10.0
ppo,2,1054,-10.0
ppo,2,1055,-72.6
ppo,2,1056,-10.0
ppo,2,1057,-53.4
ppo,2,1059,-10.0
ppo,2,1061,-10.0
ppo,2,1062,-56.7
ppo,2,1063,-10.0
ppo,2,1065,-38.4
ppo,2,1067,-41.1
ppo,2,1070,-10.0
ppo,2,1072,-40.8
ppo,2,1073,-10.0
ppo,2,1075,-10.0
ppo,2,1077,-10.0
ppo,2,1078,-72.6
ppo,2,1079,-49.8
ppo,2,1081,-48.9
ppo,2,1082,-31.2
ppo,2,1083,-69.6
ppo,2,1084,-10.0
ppo,2,1085,-48.6
ppo,2,1087,-67.2
ppo,2,1089,-10.0
ppo,2,1091,-10.0
ppo,2,1092,-10.0
ppo,2,1093,-43.2
ppo,2,1094,-43.2
ppo,2,1095,-10.0
ppo,2,1096,-35.1
ppo,2,1097,-56.7
ppo,2,1098,-64.8
ppo,2,1099,-45.3
ppo,2,1100,-10.0
ppo,2,1102,-40.8
ppo,2,1104,-39.9
ppo,2,1105,-48.6
ppo,2,1107,-44.1
ppo,2,1108,-42.9
ppo,2,1113,-42.0
ppo,2,1114,-10.0
ppo,2,1116,-10.0
ppo,2,1118,-34.2
ppo,2,1120,-10.0
ppo,2,1121,-36.9
ppo,2,1123,-10.0
ppo,2,1124,-10.0
ppo,2,1126,-40.8
ppo,2,1127,-10.0
ppo,2,1128,-10.0
ppo,2,1131,-10.0
ppo,2,1132,-10.0
ppo,2,1133,-25.2
ppo,2,1134,-47.4
ppo,2,1136,-10.0
ppo,2,1137,-10.0
ppo,2,1138,-10.0
ppo,2,1140,-10.0
ppo,2,1142,-10.0
ppo,2,1143,-49.2
ppo,2,1144,-10.0
ppo,2,1146,-31.8
ppo,2,1147,-10.0
ppo,2,1148,-10.0
ppo,2,1150,-10.0
ppo,2,1151,-10.0
ppo,2,1152,-38.1
ppo,2,1155,-49.2
ppo,2,1156,-53.7
ppo,2,1158,-53.7
ppo,2,1159,-87.0
ppo,2,1161,-85.2
ppo,2,1162,-10.0
ppo,2,1163,-10.0
ppo,2,1164,-10.0
ppo,2,1165,-10.0
ppo,2,1167,-44.4
ppo,2,1170,-10.0
ppo,2,1171,-44.7
ppo,2,1173,-30.3
ppo,2,1175,-10.0
ppo,2,1177,-10.0
ppo,2,1178,-34.5
ppo,2,1180,-10.0
ppo,2,1181,-38.7
ppo,2,1182,-10.0
ppo,2,1185,-92.7
ppo,2,1188,-53.4
ppo,2,1190,-10.0
ppo,2,1191,-30.6
ppo,2,1193,-10.0
ppo,2,1194,-10.0
ppo,2,1196,-44.4
ppo,2,1197,-10.0
ppo,2,1198,-25.8
ppo,2,1199,-67.5
ppo,2,1200,-10.0
ppo,2,1201,-67.2
ppo,2,1202,-10.0
ppo,2,1203,-67.2
ppo,2,1206,-10.0
ppo,2,1207,-29.7
ppo,2,1208,-53.4
ppo,2,1209,-10.0
ppo,2,1210,-38.4
ppo,2,1212,-46.5
ppo,2,1213,-10.0
ppo,2,1214,-31.2
ppo,2,1215,-45.3
ppo,2,1218,-40.5
ppo,2,1221,-10.0
ppo,2,1223,-48.3
ppo,2,1227,-41.4
ppo,2,1228,-10.0
ppo,2,1229,-36.9
ppo,2,1230,-10.0
ppo,2,1233,-43.8
ppo,2,1237,-47.7
ppo,2,1241,-33.3
ppo,2,1242,-42.9
ppo,2,1243,-54.0
ppo,2,1246,-10.0
ppo,2,1249,-44.7
ppo,2,1250,-10.0
ppo,2,1252,-61.2
ppo,2,1254,-49.2
ppo,2,1257,-46.2
ppo,2,1258,-10.0
ppo,2,1259,-10.0
ppo,2,1260,-10.0
ppo,2,1264,-10.0
ppo,2,1265,-10.0
ppo,2,1268,-50.7
ppo,2,1272,-10.0
ppo,2,1273,-10.0
ppo,2,1274,-10.0
ppo,2,1275,-72.6
ppo,2,1276,-30.6
ppo,2,1277,-42.9
ppo,2,1278,-10.0
ppo,2,1281,-10.0
ppo,2,1283,-53.7
ppo,2,1284,-38.4
ppo,2,1286,-10.0
ppo,2,1288,-10.0
ppo,2,1290,-10.0
ppo,2,1293,-10.0
ppo,2,1295,-72.3
ppo,2,1297,-40.8
ppo,2,1299,-42.9
ppo,2,1300,-67.5
ppo,2,1301,-10.0
ppo,2,1302,-47.7
ppo,2,1303,-47.7
ppo,2,1304,-72.6
ppo,2,1305,-48.6
ppo,2,1307,-72.3
ppo,2,1308,-44.7
ppo,2,1309,-10.0
ppo,2,1310,-10.0
ppo,2,1312,-10.0
ppo,2,1313,-10.0
ppo,2,1315,-65.1
ppo,2,1316,-10.0
ppo,2,1317,-10.0
ppo,2,1321,-43.2
ppo,2,1322,-38.4
ppo,2,1323,-48.6
ppo,2,1326,-44.4
ppo,2,1327,-10.0
ppo,2,1329,-49.2
ppo,2,1332,-24.6
ppo,2,1333,-10.0
ppo,2,1335,-44.7
ppo,2,1336,-61.5
ppo,2,1337,-10.0
ppo,2,1339,-10.0
ppo,2,1340,-44.4
ppo,2,1341,-43.2
ppo,2,1342,-42.9
ppo,2,1346,-10.0
ppo,2,1348,-46.8
ppo,2,1350,-10.0
ppo,2,1351,-10.0
ppo,2,1352,-41.4
ppo,2,1354,-10.0
ppo,2,1355,-46.8
ppo,2,1356,-10.0
ppo,2,1357,-47.1
ppo,2,1358,-53.7
ppo,2,1359,-34.5
ppo,2,1360,-29.7
ppo,2,1362,-10.0
ppo,2,1364,-44.4
ppo,2,1365,-56.7
ppo,2,1366,-62.1
ppo,2,1369,-10.0
ppo,2,1370,-41.4
ppo,2,1371,-43.2
ppo,2,1372,-10.0
ppo,2,1373,-48.6
ppo,2,1374,-69.6
ppo,2,1375,-38.7
ppo,2,1377,-43.8
ppo,2,1378,-10.0
ppo,2,1379,-10.0
ppo,2,1380,-10.0
ppo,2,1382,-38.7
ppo,2,1384,-10.0
ppo,2,1385,-44.4
ppo,2,1387,-28.5
ppo,2,1388,-44.7
ppo,2,1389,-39.0
ppo,2,1392,-42.0
ppo,2,1394,-10.0
ppo,2,1395,-29.7
ppo,2,1396,-10.0
ppo,2,1397,-10.0
ppo,2,1399,-10.0
ppo,2,1400,-10.0
ppo,2,1402,-10.0
ppo,2,1403,-10.0
ppo,2,1404,-10.0
ppo,2,1405,-34.2
ppo,2,1407,-70.5
ppo,2,1408,-25.8
ppo,2,1410,-30.6
ppo,2,1413,-61.8
ppo,2,1415,-10.0
ppo,2,1418,-10.0
ppo,2,1419,-10.0
ppo,2,1422,-10.0
ppo,2,1424,-30.9
ppo,2,1425,-43.2
ppo,2,1427,-49.2
ppo,2,1428,-10.0
ppo,2,1429,-10.0
ppo,2,1430,-10.0
ppo,2,1431,-54.0
ppo,2,1432,-10.0
ppo,2,1433,-10.0
ppo,2,1434,-10.0
ppo,2,1435,-10.0
ppo,2,1436,-10.0
ppo,2,1437,-10.0
ppo,2,1438,-31.5
ppo,2,1440,-61.8
ppo,2,1444,-29.7
ppo,2,1448,-10.0
ppo,2,1451,-10.0
ppo,2,1454,-10.0
ppo,2,1456,-10.0
ppo,2,1458,-10.0
ppo,2,1459,-44.4
ppo,2,1460,-54.0
ppo,2,1462,-10.0
ppo,2,1465,-28.2
ppo,2,1466,-10.0
ppo,2,1467,-42.3
ppo,2,1468,-45.3
ppo,2,1470,-10.0
ppo,2,1472,-44.1
ppo,2,1473,-10.0
ppo,2,1474,-10.0
ppo,2,1475,-69.6
ppo,2,1476,-34.5
ppo,2,1477,-65.4
ppo,2,1478,-35.7
ppo,2,1479,-47.1
ppo,2,1482,-10.0
ppo,2,1483,-30.9
ppo,2,1484,-48.9
ppo,2,1485,-10.0
ppo,2,1486,-33.6
ppo,2,1487,-51.3
ppo,2,1488,-10.0
ppo,2,1489,-48.9
ppo,2,1490,-10.0
ppo,2,1492,-44.4
ppo,2,1493,-10.0
ppo,2,1494,-10.0
ppo,2,1495,-10.0
ppo,2,1497,-10.0
ppo,2,1499,-47.1
ppo,2,1500,-10.0
ppo,2,1501,-10.0
ppo,2,1502,-51.3
ppo,2,1503,-33.6
ppo,2,1506,-10.0
ppo,2,1507,-34.2
ppo,2,1508,-44.4
ppo,2,1510,-39.9
ppo,2,1511,-34.2
ppo,2,1512,-41.1
ppo,2,1513,-10.0
ppo,2,1514,-49.2
ppo,2,1517,-39.6
ppo,2,1519,-10.0
ppo,2,1520,-29.7
ppo,2,1521,-48.9
ppo,2,1522,-47.4
ppo,2,1523,-48.9
ppo,2,1524,-46.8
ppo,2,1525,-10.0
ppo,2,1526,-10.0
ppo,2,1527,-10.0
ppo,2,1528,-10.0
ppo,2,1529,-10.0
ppo,2,1530,-10.0
ppo,2,1531,-10.0
ppo,2,1532,-10.0
ppo,2,1533,-29.7
ppo,2,1535,-45.0
ppo,2,1536,-10.0
ppo,2,1537,-28.8
ppo,2,1540,-61.5
ppo,2,1541,-42.3
ppo,2,1543,-10.0
ppo,2,1544,-43.5
ppo,2,1545,-25.2
ppo,2,1546,-46.8
ppo,2,1548,-44.1
ppo,2,1552,-71.7
ppo,2,1553,-10.0
ppo,2,1554,-54.0
ppo,2,1556,-43.2
ppo,2,1557,-10.0
ppo,2,1560,-10.0
ppo,2,1562,-41.1
ppo,2,1563,-10.0
ppo,2,1564,-10.0
ppo,2,1565,-10.0
ppo,2,1566,-35.7
ppo,2,1568,-10.0
ppo,2,1569,-41.1
ppo,2,1570,-10.0
ppo,2,1572,-25.5
ppo,2,1574,-25.5
ppo,2,1575,-43.2
ppo,2,1576,-10.0
ppo,2,1577,-10.0
ppo,2,1578,-42.6
ppo,2,1579,-10.0
ppo,2,1580,-10.0
ppo,2,1581,-30.9
ppo,2,1582,-10.0
ppo,2,1586,-10.0
ppo,2,1588,-10.0
ppo,2,1589,-45.3
ppo,2,1591,-10.0
ppo,2,1594,-10.0
ppo,2,1595,-10.0
ppo,2,1596,-42.0
ppo,2,1597,-40.2
ppo,2,1599,-34.8
ppo,2,1600,-93.3
ppo,2,1601,-10.0
ppo,2,1602,-10.0
ppo,2,1603,-10.0
ppo,2,1604,-10.0
ppo,2,1606,-10.0
ppo,2,1607,-45.3
ppo,2,1608,-44.4
ppo,2,1609,-10.0
ppo,2,1610,-49.2
ppo,2,1611,-31.5
ppo,2,1612,-68.1
ppo,2,1613,-10.0
ppo,2,1614,-10.0
ppo,2,1615,-10.0
ppo,2,1616,-10.0
ppo,2,1618,-30.3
ppo,2,1619,-10.0
ppo,2,1620,-10.0
ppo,2,1621,-45.3
ppo,2,1622,-10.0
ppo,2,1623,-10.0
ppo,2,1625,-10.0
ppo,2,1626,-10.0
ppo,2,1627,-10.0
ppo,2,1628,-10.0
ppo,2,1630,-69.3
ppo,2,1631,-10.0
ppo,2,1632,-43.2
ppo,2,1636,-10.0
ppo,2,1638,-28.5
ppo,2,1641,-10.0
ppo,2,1642,-44.7
ppo,2,1645,-10.0
ppo,2,1648,-66.9
ppo,2,1649,-43.2
ppo,2,1650,-10.0
ppo,2,1651,-64.8
ppo,2,1652,-44.4
ppo,2,1653,-48.6
ppo,2,1654,-10.0
ppo,2,1655,-10.0
ppo,2,1658,-72.0
ppo,2,1659,-45.3
ppo,2,1660,-29.7
ppo,2,1661,-10.0
ppo,2,1662,-48.9
ppo,2,1663,-30.9
ppo,2,1665,-10.0
ppo,2,1666,-10.0
ppo,2,1667,-10.0
ppo,2,1669,-10.0
ppo,2,1670,-56.7
ppo,2,1674,-10.0
ppo,2,1675,-45.3
ppo,2,1676,-10.0
ppo,2,1677,-51.3
ppo,2,1679,-62.1
ppo,2,1682,-25.2
ppo,2,1683,-31.5
ppo,2,1684,-30.9
ppo,2,1685,-44.4
ppo,2,1688,-10.0
ppo,2,1692,-31.2
ppo,2,1693,-10.0
ppo,2,1694,-10.0
ppo,2,1695,-68.1
ppo,2,1697,-10.0
ppo,2,1698,-10.0
ppo,2,1699,-51.3
ppo,2,1701,-10.0
ppo,2,1703,-10.0
ppo,2,1705,-49.5
ppo,2,1706,-47.7
ppo,2,1707,-48.6
ppo,2,1708,-48.6
ppo,2,1709,-33.6
ppo,2,1710,-54.0
ppo,2,1712,-10.0
ppo,2,1713,-10.0
ppo,2,1714,-10.0
ppo,2,1716,-10.0
ppo,2,1718,-38.7
ppo,2,1722,-10.0
ppo,2,1724,-10.0
ppo,2,1727,-35.1
ppo,2,1729,-10.0
ppo,2,1730,-47.1
ppo,2,1731,-10.0
ppo,2,1733,-10.0
ppo,2,1734,-70.8
ppo,2,1737,-10.0
ppo,2,1739,-28.5
ppo,2,1740,-10.0
ppo,2,1741,-10.0
ppo,2,1742,-87.0
ppo,2,1744,-10.0
ppo,2,1746,-30.6
ppo,2,1749,-10.0
ppo,2,1750,-56.7
ppo,2,1751,-41.1
ppo,2,1753,-10.0
ppo,2,1754,-41.1
ppo,2,1755,-32.1
ppo,2,1758,-10.0
ppo,2,1762,-10.0
ppo,2,1763,-45.3
ppo,2,1764,-31.2
ppo,2,1765,-10.0
ppo,2,1766,-78.6
ppo,2,1767,-40.2
ppo,2,1768,-10.0
ppo,2,1769,-43.2
ppo,2,1770,-10.0
ppo,2,1772,-10.0
ppo,2,1773,-10.0
ppo,2,1774,-36.9
ppo,2,1775,-10.0
ppo,2,1776,-10.0
ppo,2,1777,-39.0
ppo,2,1778,-10.0
ppo,2,1779,-44.1
ppo,2,1780,-30.6
ppo,2,1781,-53.7
ppo,2,1784,-72.0
ppo,2,1785,-36.3
ppo,2,1786,-10.0
ppo,2,1788,-31.8
ppo,2,1789,-44.1
ppo,2,1790,-10.0
ppo,2,1791,-40.2
ppo,2,1792,-10.0
ppo,2,1795,-10.0
ppo,2,1801,-43.8
ppo,2,1802,-10.0
ppo,2,1803,-10.0
ppo,2,1804,-40.2
ppo,2,1805,-10.0
ppo,2,1806,-38.4
ppo,2,1807,-72.6
ppo,2,1808,-10.0
ppo,2,1809,-38.7
ppo,2,1810,-30.9
ppo,2,1811,-69.6
ppo,2,1812,-47.4
ppo,2,1813,-62.1
ppo,2,1814,-48.6
ppo,2,1815,-10.0
ppo,2,1816,-10.0
ppo,2,1817,-61.8
ppo,2,1818,-10.0
ppo,2,1819,-10.0
ppo,2,1820,-10.0
ppo,2,1821,-10.0
ppo,2,1822,-10.0
ppo,2,1823,-10.0
ppo,2,1825,-10.0
ppo,2,1826,-44.4
ppo,2,1827,-10.0
ppo,2,1828,-10.0
ppo,2,1829,-41.4
ppo,2,1830,-10.0
ppo,2,1833,-56.1
ppo,2,1834,-54.9
ppo,2,1835,-10.0
ppo,2,1836,-10.0
ppo,2,1837,-42.3
ppo,2,1839,-10.0
ppo,2,1840,-42.3
ppo,2,1841,-10.0
ppo,2,1844,-43.5
ppo,2,1846,-10.0
ppo,2,1847,-10.0
ppo,2,1848,-41.1
ppo,2,1850,-10.0
ppo,2,1851,-10.0
ppo,2,1852,-10.0
ppo,2,1854,-10.0
ppo,2,1855,-10.0
ppo,2,1856,-10.0
ppo,2,1857,-10.0
ppo,2,1859,-10.0
ppo,2,1861,-10.0
ppo,2,1862,-25.2
ppo,2,1867,-10.0
ppo,2,1868,-54.9
ppo,2,1869,-93.3
ppo,2,1870,-36.3
ppo,2,1873,-72.0
ppo,2,1874,-10.0
ppo,2,1876,-10.0
ppo,2,1877,-10.0
ppo,2,1878,-10.0
ppo,2,1879,-10.0
ppo,2,1880,-62.1
ppo,2,1881,-35.7
ppo,2,1882,-10.0
ppo,2,1884,-10.0
ppo,2,1885,-10.0
ppo,2,1886,-44.1
ppo,2,1887,-56.7
ppo,2,1888,-44.4
ppo,2,1889,-38.4
ppo,2,1891,-10.0
ppo,2,1893,-10.0
ppo,2,1894,-42.0
ppo,2,1895,-33.6
ppo,2,1896,-54.9
ppo,2,1897,-35.7
ppo,2,1898,-10.0
ppo,2,1899,-10.0
ppo,2,1900,-38.7
ppo,2,1901,-10.0
ppo,2,1902,-43.2
ppo,2,1903,-10.0
ppo,2,1905,-10.0
ppo,2,1907,-10.0
ppo,2,1908,-45.3
ppo,2,1914,-10.0
ppo,2,1916,-28.5
ppo,2,1917,-10.0
ppo,2,1919,-10.0
ppo,2,1922,-10.0
ppo,2,1923,-10.0
ppo,2,1926,-46.5
ppo,2,1927,-93.3
ppo,2,1928,-10.0
ppo,2,1929,-78.6
ppo,2,1930,-10.0
ppo,2,1931,-10.0
ppo,2,1932,-10.0
ppo,2,1935,-10.0
ppo,2,1936,-38.1
ppo,2,1937,-41.1
ppo,2,1939,-10.0
ppo,2,1941,-10.0
ppo,2,1942,-54.0
ppo,2,1943,-10.0
ppo,2,1945,-42.6
ppo,2,1947,-42.9
ppo,2,1949,-10.0
ppo,2,1950,-54.9
ppo,2,1952,-10.0
ppo,2,1954,-42.6
ppo,2,1957,-10.0
ppo,2,1958,-10.0
ppo,2,1959,-44.4
ppo,2,1960,-10.0
ppo,2,1962,-47.1
ppo,2,1963,-10.0
ppo,2,1964,-49.2
ppo,2,1965,-56.7
ppo,2,1966,-62.1
ppo,2,1970,-34.2
ppo,2,1971,-51.3
ppo,2,1973,-10.0
ppo,2,1975,-10.0
ppo,2,1977,-36.6
ppo,2,1978,-35.1
ppo,2,1981,-66.6
ppo,2,1982,-28.8
ppo,2,1983,-10.0
ppo,2,1985,-10.0
ppo,2,1986,-10.0
ppo,2,1988,-10.0
ppo,2,1992,-36.0
ppo,2,1993,-25.8
ppo,2,1995,-45.0
ppo,2,1998,-10.0
ppo,2,1999,-41.1
ppo,2,2001,-10.0
ppo,2,2002,-45.3
ppo,2,2003,-10.0
ppo,2,2006,-10.0
ppo,2,2009,-10.0
ppo,2,2010,-53.7
ppo,2,2012,-42.6
ppo,2,2016,-46.2
ppo,2,2018,-10.0
ppo,2,2020,-39.9
ppo,2,2021,-35.7
ppo,2,2022,-10.0
ppo,2,2023,-10.0
ppo,2,2024,-10.0
ppo,2,2025,-10.0
ppo,2,2027,-67.8
ppo,2,2028,-10.0
ppo,2,2029,-10.0
ppo,2,2030,-10.0
ppo,2,2031,-44.4
ppo,2,2032,-48.6
ppo,2,2035,-38.1
ppo,2,2036,-10.0
ppo,2,2037,-72.6
ppo,2,2038,-87.0
ppo,2,2039,-10.0
ppo,2,2040,-10.0
ppo,2,2041,-10.0
ppo,2,2042,-10.0
ppo,2,2046,-10.0
ppo,2,2047,-41.1
ppo,2,2049,-10.0
ppo,2,2052,-69.0
ppo,2,2053,-10.0
ppo,2,2055,-10.0
ppo,2,2056,-10.0
ppo,2,2057,-10.0
ppo,2,2058,-10.0
ppo,2,2061,-10.0
ppo,2,2063,-10.0
ppo,2,2064,-30.6
ppo,2,2065,-44.4
ppo,2,2066,-10.0
ppo,2,2067,-49.5
ppo,2,2068,-69.6
ppo,2,2069,-10.0
ppo,2,2070,-10.0
ppo,2,2072,-46.5
ppo,2,2073,-48.9
ppo,2,2078,-24.6
ppo,2,2079,-10.0
ppo,2,2081,-39.9
ppo,2,2082,-10.0
ppo,2,2083,-42.9
ppo,2,2088,-10.0
ppo,2,2092,-10.0
ppo,2,2094,-40.8
ppo,2,2096,-10.0
ppo,2,2097,-31.5
ppo,2,2098,-42.9
ppo,2,2099,-10.0
ppo,2,2100,-10.0
ppo,2,2102,-10.0
ppo,2,2103,-51.3
ppo,2,2105,-36.6
ppo,2,2107,-10.0
ppo,2,2109,-10.0
ppo,2,2110,-10.0
ppo,2,2112,-10.0
ppo,2,2113,-10.0
ppo,2,2115,-29.4
ppo,2,2116,-10.0
ppo,2,2117,-10.0
ppo,2,2118,-30.9
ppo,2,2119,-10.0
ppo,2,2120,-10.0
ppo,2,2122,-10.0
ppo,2,2123,-28.8
ppo,2,2125,-22.8
ppo,2,2126,-10.0
ppo,2,2127,-10.0
ppo,2,2130,-10.0
ppo,2,2131,-10.0
ppo,2,2132,-28.8
ppo,2,2135,-10.0
ppo,2,2137,-10.0
ppo,2,2140,-10.0
ppo,2,2144,-10.0
ppo,2,2145,-10.0
ppo,2,2147,-10.0
ppo,2,2148,-10.0
ppo,2,2149,-10.0
ppo,2,2150,-10.0
ppo,2,2151,-10.0
ppo,2,2152,-47.4
ppo,2,2154,-46.5
ppo,2,2155,-10.0
ppo,2,2156,-10.0
ppo,2,2157,-25.8
ppo,2,2161,-10.0
ppo,2,2162,-10.0
ppo,2,2163,-10.0
ppo,2,2165,-72.3
ppo,2,2168,-10.0
ppo,2,2170,-10.0
ppo,2,2171,-10.0
ppo,2,2172,-10.0
ppo,2,2174,-10.0
ppo,2,2177,-10.0
ppo,2,2179,-44.1
ppo,2,2180,-10.0
ppo,2,2181,-10.0
ppo,2,2182,-10.0
ppo,2,2183,-48.6
ppo,2,2185,-10.0
ppo,2,2186,-10.0
ppo,2,2187,-10.0
ppo,2,2188,-10.0
ppo,2,2189,-38.4
ppo,2,2191,-10.0
ppo,2,2192,-10.0
ppo,2,2193,-47.1
ppo,2,2194,-10.0
ppo,2,2196,-25.5
ppo,2,2197,-67.5
ppo,2,2198,-10.0
ppo,2,2199,-32.1
ppo,2,2201,-10.0
ppo,2,2202,-10.0
ppo,2,2203,-10.0
ppo,2,2205,-10.0
ppo,2,2206,-93.3
ppo,2,2207,-10.0
ppo,2,2211,-10.0
ppo,2,2216,-10.0
ppo,2,2217,-10.0
ppo,2,2218,-10.0
ppo,2,2219,-10.0
ppo,2,2220,-78.6
ppo,2,2221,-10.0
ppo,2,2224,-10.0
ppo,2,2225,-10.0
ppo,2,2226,-38.1
ppo,2,2227,-10.0
ppo,2,2228,-10.0
ppo,2,2229,-10.0
ppo,2,2230,-10.0
ppo,2,2231,-78.6
ppo,2,2232,-30.9
ppo,2,2234,-10.0
ppo,2,2237,-10.0
ppo,2,2238,-10.0
ppo,2,2239,-10.0
ppo,2,2240,-10.0
ppo,2,2242,-61.5
ppo,2,2243,-32.1
ppo,2,2244,-28.8
ppo,2,2245,-10.0
ppo,2,2248,-10.0
ppo,2,2249,-51.3
ppo,2,2250,-48.6
ppo,2,2251,-28.8
ppo,2,2259,-10.0
ppo,2,2261,-61.5
ppo,2,2263,-10.0
ppo,2,2265,-34.8
ppo,2,2268,-10.0
ppo,2,2270,-10.0
ppo,2,2273,-33.6
ppo,2,2274,-10.0
ppo,2,2275,-31.5
ppo,2,2276,-61.5
ppo,2,2277,-10.0
ppo,2,2278,-10.0
ppo,2,2279,-10.0
ppo,2,2280,-10.0
ppo,2,2281,-10.0
ppo,2,2283,-10.0
ppo,2,2286,-10.0
ppo,2,2287,-10.0
ppo,2,2289,-78.3
ppo,2,2291,-53.7
ppo,2,2292,-33.6
ppo,2,2293,-10.0
ppo,2,2296,-70.2
ppo,2,2297,-10.0
ppo,2,2298,-10.0
ppo,2,2302,-31.2
ppo,2,2305,-10.0
ppo,2,2306,-35.7
ppo,2,2309,-10.0
ppo,2,2310,-10.0
ppo,2,2311,-10.0
ppo,2,2313,-10.0
ppo,2,2316,-30.0
ppo,2,2321,-39.9
ppo,2,2322,-10.0
ppo,2,2323,-10.0
ppo,2,2325,-10.0
ppo,2,2326,-47.4
ppo,2,2327,-10.0
ppo,2,2328,-10.0
ppo,2,2329,-10.0
ppo,2,2330,-10.0
ppo,2,2334,-10.0
ppo,2,2335,-56.7
ppo,2,2337,-70.5
ppo,2,2338,-10.0
ppo,2,2342,-10.0
ppo,2,2343,-61.5
ppo,2,2346,-10.0
ppo,2,2348,-10.0
ppo,2,2350,-10.0
ppo,2,2351,-10.0
ppo,2,2354,-46.5
ppo,2,2356,-10.0
ppo,2,2357,-10.0
ppo,2,2359,-48.3
ppo,2,2361,-10.0
ppo,2,2363,-10.0
ppo,2,2364,-10.0
ppo,2,2367,-10.0
ppo,2,2368,-42.3
ppo,2,2369,-10.0
ppo,2,2370,-10.0
ppo,2,2371,-43.2
ppo,2,2373,-10.0
ppo,2,2377,-44.1
ppo,2,2378,-41.1
ppo,2,2379,-93.3
ppo,2,2380,-10.0
ppo,2,2381,-10.0
ppo,2,2382,-54.0
ppo,2,2383,-10.0
ppo,2,2387,-10.0
ppo,2,2388,-10.0
ppo,2,2389,-47.1
ppo,2,2390,-53.4
ppo,2,2391,-10.0
ppo,2,2394,-10.0
ppo,2,2395,-10.0
ppo,2,2396,-10.0
ppo,2,2398,-10.0
ppo,2,2400,-10.0
ppo,2,2402,-10.0
ppo,2,2405,-10.0
ppo,2,2406,-10.0
ppo,2,2407,-10.0
ppo,2,2408,-10.0
ppo,2,2410,-10.0
ppo,2,2413,-10.0
ppo,2,2415,-45.0
ppo,2,2417,-10.0
ppo,2,2418,-10.0
ppo,2,2419,-53.7
ppo,2,2421,-10.0
ppo,2,2422,-10.0
ppo,2,2423,-10.0
ppo,2,2425,-10.0
ppo,2,2426,-10.0
ppo,2,2427,-10.0
ppo,2,2428,-10.0
ppo,2,2430,-10.0
ppo,2,2431,-10.0
ppo,2,2432,-10.0
ppo,2,2434,-10.0
ppo,2,2435,-42.9
ppo,2,2437,-10.0
ppo,2,2438,-47.4
ppo,2,2442,-34.8
ppo,2,2445,-10.0
ppo,2,2448,-10.0
ppo,2,2449,-10.0
ppo,2,2451,-30.6
ppo,2,2452,-33.6
ppo,2,2455,-10.0
ppo,2,2456,-10.0
ppo,2,2458,-10.0
ppo,2,2460,-56.4
ppo,2,2462,-48.3
ppo,2,2463,-54.9
ppo,2,2464,-10.0
ppo,2,2465,-10.0
ppo,2,2466,-10.0
ppo,2,2467,-10.0
ppo,2,2468,-10.0
ppo,2,2469,-10.0
ppo,2,2472,-10.0
ppo,2,2473,-10.0
ppo,2,2475,-10.0
ppo,2,2476,-10.0
ppo,2,2477,-10.0
ppo,2,2478,-10.0
ppo,2,2479,-10.0
ppo,2,2481,-10.0
ppo,2,2483,-48.6
ppo,2,2484,-10.0
ppo,2,2485,-49.2
ppo,2,2488,-10.0
ppo,2,2489,-43.5
ppo,2,2491,-45.0
ppo,2,2492,-48.9
ppo,2,2493,-10.0
ppo,2,2494,-61.8
ppo,2,2495,-10.0
ppo,2,2496,-68.1
ppo,2,2497,-48.9
ppo,2,2499,-85.2
ppo,2,2500,-10.0
ppo,2,2502,-10.0
ppo,2,2503,-69.6
ppo,2,2504,-10.0
ppo,2,2505,-10.0
ppo,2,2507,-10.0
ppo,2,2508,-64.8
ppo,2,2509,-10.0
ppo,2,2511,-45.0
ppo,2,2512,-10.0
ppo,2,2513,-25.8
ppo,2,2514,-10.0
ppo,2,2515,-45.0
ppo,2,2517,-10.0
ppo,2,2520,-28.2
ppo,2,2522,-38.4
ppo,2,2524,-37.8
ppo,2,2525,-31.2
ppo,2,2527,-10.0
ppo,2,2528,-10.0
ppo,2,2530,-10.0
ppo,2,2532,-54.6
ppo,2,2534,-10.0
ppo,2,2535,-10.0
ppo,2,2537,-56.4
ppo,2,2538,-10.0
ppo,2,2540,-10.0
ppo,2,2542,-10.0
ppo,2,2543,-10.0
ppo,2,2544,-31.2
ppo,2,2546,-10.0
ppo,2,2550,-10.0
ppo,2,2552,-53.7
ppo,2,2554,-53.1
ppo,2,2555,-10.0
ppo,2,2556,-10.0
ppo,2,2559,-67.5
ppo,2,2560,-10.0
ppo,2,2561,-10.0
ppo,2,2563,-10.0
ppo,2,2564,-10.0
ppo,2,2565,-48.9
ppo,2,2566,-10.0
ppo,2,2570,-10.0
ppo,2,2571,-49.8
ppo,2,2572,-10.0
ppo,2,2574,-10.0
ppo,2,2575,-10.0
ppo,2,2576,-10.0
ppo,2,2577,-10.0
ppo,2,2578,-10.0
ppo,2,2580,-10.0
ppo,2,2581,-10.0
ppo,2,2582,-67.2
ppo,2,2586,-46.8
ppo,2,2588,-10.0
ppo,2,2591,-10.0
ppo,2,2592,-10.0
ppo,2,2594,-10.0
ppo,2,2595,-30.6
ppo,2,2597,-10.0
ppo,2,2598,-10.0
ppo,2,2602,-10.0
ppo,2,2604,-10.0
ppo,2,2607,-10.0
ppo,2,2608,-10.0
ppo,2,2609,-10.0
ppo,2,2610,-10.0
ppo,2,2612,-10.0
ppo,2,2613,-10.0
ppo,2,2614,-10.0
ppo,2,2615,-10.0
ppo,2,2616,-10.0
ppo,2,2620,-10.0
ppo,2,2622,-66.9
ppo,2,2623,-10.0
ppo,2,2625,-10.0
ppo,2,2626,-78.6
ppo,2,2627,-39.0
ppo,2,2628,-49.5
ppo,2,2629,-34.2
ppo,2,2632,-37.5
ppo,2,2636,-42.3
ppo,2,2637,-54.9
ppo,2,2638,-10.0
ppo,2,2639,-10.0
ppo,2,2640,-10.0
ppo,2,2643,-10.0
ppo,2,2645,-47.1
ppo,2,2646,-10.0
ppo,2,2647,-10.0
ppo,2,2652,-34.5
ppo,2,2654,-10.0
ppo,2,2657,-92.7
ppo,2,2658,-31.5
ppo,2,2662,-10.0
ppo,2,2664,-10.0
ppo,2,2665,-10.0
ppo,2,2666,-69.6
ppo,2,2668,-10.0
ppo,2,2670,-10.0
ppo,2,2671,-44.4
ppo,2,2672,-44.7
ppo,2,2674,-10.0
ppo,2,2677,-10.0
ppo,2,2678,-10.0
ppo,2,2679,-10.0
ppo,2,2680,-10.0
ppo,2,2681,-10.0
ppo,2,2682,-10.0
ppo,2,2683,-10.0
ppo,2,2684,-10.0
ppo,2,2685,-10.0
ppo,2,2686,-10.0
ppo,2,2689,-10.0
ppo,2,2690,-10.0
ppo,2,2692,-10.0
ppo,2,2693,-10.0
ppo,2,2696,-48.0
ppo,2,2697,-10.0
ppo,2,2698,-10.0
ppo,2,2699,-10.0
ppo,2,2700,-48.9
ppo,2,2704,-10.0
ppo,2,2706,-46.8
ppo,2,2707,-54.9
ppo,2,2709,-10.0
ppo,2,2710,-43.5
ppo,2,2712,-10.0
ppo,2,2713,-34.2
ppo,2,2715,-10.0
ppo,2,2717,-53.7
ppo,2,2719,-10.0
ppo,2,2720,-72.6
ppo,2,2721,-10.0
ppo,2,2722,-10.0
ppo,2,2723,-10.0
ppo,2,2725,-10.0
ppo,2,2730,-10.0
ppo,2,2731,-10.0
ppo,2,2732,-61.5
ppo,2,2734,-10.0
ppo,2,2736,-10.0
ppo,2,2737,-10.0
ppo,2,2739,-42.6
ppo,2,2740,-10.0
ppo,2,2741,-10.0
ppo,2,2743,-10.0
ppo,2,2744,-29.7
ppo,2,2745,-10.0
ppo,2,2747,-28.5
ppo,2,2748,-10.0
ppo,2,2749,-62.1
ppo,2,2750,-28.8
ppo,2,2751,-10.0
ppo,2,2752,-10.0
ppo,2,2755,-10.0
ppo,2,2756,-25.8
ppo,2,2757,-10.0
ppo,2,2758,-10.0
ppo,2,2760,-10.0
ppo,2,2761,-40.2
ppo,2,2764,-10.0
ppo,2,2765,-10.0
ppo,2,2766,-10.0
ppo,2,2769,-10.0
ppo,2,2770,-10.0
ppo,2,2771,-10.0
ppo,2,2772,-10.0
ppo,2,2773,-41.1
ppo,2,2774,-61.5
ppo,2,2775,-87.0
ppo,2,2776,-10.0
ppo,2,2777,-42.3
ppo,2,2781,-10.0
ppo,2,2784,-10.0
ppo,2,2785,-10.0
ppo,2,2786,-10.0
ppo,2,2787,-45.3
ppo,2,2788,-10.0
ppo,2,2789,-10.0
ppo,2,2790,-10.0
ppo,2,2791,-48.6
ppo,2,2792,-45.3
ppo,2,2795,-10.0
ppo,2,2796,-44.7
ppo,2,2798,-10.0
ppo,2,2799,-42.9
ppo,2,2800,-10.0
ppo,2,2801,-10.0
ppo,2,2803,-10.0
ppo,2,2804,-10.0
ppo,2,2807,-10.0
ppo,2,2809,-39.9
ppo,2,2810,-44.1
ppo,2,2811,-10.0
ppo,2,2812,-67.2
ppo,2,2818,-84.0
ppo,2,2819,-42.9
ppo,2,2820,-10.0
ppo,2,2822,-10.0
ppo,2,2823,-54.0
ppo,2,2824,-10.0
ppo,2,2825,-25.2
ppo,2,2827,-10.0
ppo,2,2828,-61.5
ppo,2,2829,-48.6
ppo,2,2830,-38.1
ppo,2,2831,-10.0
ppo,2,2833,-10.0
ppo,2,2834,-10.0
ppo,2,2835,-10.0
ppo,2,2838,-44.4
ppo,2,2839,-10.0
ppo,2,2841,-10.0
ppo,2,2842,-10.0
ppo,2,2844,-10.0
ppo,2,2845,-61.5
ppo,2,2846,-43.2
ppo,2,2850,-10.0
ppo,2,2853,-31.5
ppo,2,2854,-10.0
ppo,2,2858,-10.0
ppo,2,2863,-10.0
ppo,2,2864,-40.2
ppo,2,2865,-43.2
ppo,2,2866,-10.0
ppo,2,2867,-10.0
ppo,2,2868,-10.0
ppo,2,2871,-10.0
ppo,2,2872,-43.2
ppo,2,2873,-69.6
ppo,2,2875,-42.6
ppo,2,2877,-10.0
ppo,2,2879,-10.0
ppo,2,2883,-10.0
ppo,2,2884,-10.0
ppo,2,2887,-10.0
ppo,2,2895,-91.2
ppo,2,2896,-10.0
ppo,2,2897,-43.2
ppo,2,2899,-10.0
ppo,2,2902,-10.0
ppo,2,2903,-10.0
ppo,2,2904,-10.0
ppo,2,2905,-10.0
ppo,2,2906,-10.0
ppo,2,2907,-10.0
ppo,2,2908,-41.4
ppo,2,2909,-34.5
ppo,2,2911,-10.0
ppo,2,2912,-49.2
ppo,2,2914,-10.0
ppo,2,2915,-10.0
ppo,2,2916,-10.0
ppo,2,2918,-10.0
ppo,2,2921,-10.0
ppo,2,2922,-10.0
ppo,2,2923,-10.0
ppo,2,2924,-32.1
ppo,2,2926,-10.0
ppo,2,2928,-28.5
ppo,2,2929,-10.0
ppo,2,2930,-10.0
ppo,2,2931,-40.2
ppo,2,2934,-10.0
ppo,2,2935,-47.1
ppo,2,2936,-45.3
ppo,2,2939,-30.9
ppo,2,2940,-10.0
ppo,2,2941,-10.0
ppo,2,2943,-10.0
ppo,2,2944,-42.9
ppo,2,2946,-66.9
ppo,2,2948,-47.1
ppo,2,2950,-10.0
ppo,2,2951,-10.0
ppo,2,2953,-10.0
ppo,2,2954,-10.0
ppo,2,2955,-10.0
ppo,2,2959,-30.3
ppo,2,2960,-10.0
ppo,2,2961,-10.0
ppo,2,2962,-10.0
ppo,2,2967,-10.0
ppo,2,2968,-10.0
ppo,2,2972,-10.0
ppo,2,2973,-10.0
ppo,2,2974,-10.0
ppo,2,2975,-10.0
ppo,2,2976,-10.0
ppo,2,2978,-10.0
ppo,2,2979,-10.0
ppo,2,2983,-10.0
ppo,2,2984,-39.0
ppo,2,2985,-10.0
ppo,2,2986,-31.5
ppo,2,2988,-10.0
ppo,2,2990,-10.0
ppo,2,2992,-10.0
ppo,2,2994,-40.8
ppo,2,2997,-35.1
ppo,2,3000,-10.0
ppo,2,3001,-10.0
ppo,2,3002,-10.0
ppo,2,3004,-10.0
ppo,2,3005,-10.0
ppo,2,3008,-10.0
ppo,2,3009,-10.0
ppo,2,3010,-54.9
ppo,2,3011,-53.7
ppo,2,3014,-64.2
ppo,2,3015,-10.0
ppo,2,3017,-10.0
ppo,2,3018,-10.0
ppo,2,3020,-10.0
ppo,2,3022,-10.0
ppo,2,3023,-41.4
ppo,2,3024,-10.0
ppo,2,3026,-31.8
ppo,2,3027,-68.1
ppo,2,3030,-40.8
ppo,2,3031,-10.0
ppo,2,3035,-10.0
ppo,2,3036,-10.0
ppo,2,3037,-10.0
ppo,2,3039,-10.0
ppo,2,3041,-10.0
ppo,2,3042,-10.0
ppo,2,3043,-54.9
ppo,2,3045,-10.0
ppo,2,3047,-10.0
ppo,2,3048,-10.0
ppo,2,3050,-38.4
ppo,2,3052,-44.1
ppo,2,3053,-10.0
ppo,2,3058,-10.0
ppo,2,3061,-46.8
ppo,2,3062,-10.0
ppo,2,3063,-10.0
ppo,2,3064,-10.0
ppo,2,3065,-48.6
ppo,2,3066,-10.0
ppo,2,3067,-10.0
ppo,2,3070,-10.0
ppo,2,3072,-69.3
ppo,2,3073,-39.0
ppo,2,3075,-10.0
ppo,2,3076,-10.0
ppo,2,3079,-10.0
ppo,2,3081,-10.0
ppo,2,3083,-42.0
ppo,2,3084,-10.0
ppo,2,3085,-10.0
ppo,2,3086,-48.6
ppo,2,3088,-54.6
ppo,2,3091,-10.0
ppo,2,3092,-10.0
ppo,2,3093,-10.0
ppo,2,3095,-48.3
ppo,2,3096,-43.2
ppo,2,3098,-48.3
ppo,2,3101,-10.0
ppo,2,3102,-10.0
ppo,2,3104,-65.1
ppo,2,3105,-10.0
ppo,2,3106,-61.8
ppo,2,3109,-10.0
ppo,2,3110,-47.4
ppo,2,3111,-10.0
ppo,2,3112,-10.0
ppo,2,3113,-10.0
ppo,2,3114,-48.6
ppo,2,3115,-10.0
ppo,2,3117,-10.0
ppo,2,3118,-10.0
ppo,2,3119,-10.0
ppo,2,3120,-10.0
ppo,2,3123,-84.9
ppo,2,3124,-10.0
ppo,2,3125,-33.6
ppo,2,3129,-41.7
ppo,2,3131,-10.0
ppo,2,3132,-10.0
ppo,2,3133,-10.0
ppo,2,3135,-30.6
ppo,2,3141,-10.0
ppo,2,3143,-45.0
ppo,2,3145,-10.0
ppo,2,3146,-10.0
ppo,2,3147,-10.0
ppo,2,3148,-10.0
ppo,2,3149,-10.0
ppo,2,3151,-10.0
ppo,2,3153,-10.0
ppo,2,3154,-28.8
ppo,2,3156,-24.9
ppo,2,3158,-43.2
ppo,2,3159,-10.0
ppo,2,3162,-47.1
ppo,2,3163,-49.8
ppo,2,3164,-49.8
ppo,2,3166,-10.0
ppo,2,3167,-48.6
ppo,2,3168,-10.0
ppo,2,3170,-70.5
ppo,2,3172,-45.0
ppo,2,3173,-10.0
ppo,2,3177,-10.0
ppo,2,3178,-10.0
ppo,2,3181,-10.0
ppo,2,3184,-31.5
ppo,2,3186,-10.0
ppo,2,3187,-10.0
ppo,2,3188,-10.0
ppo,2,3189,-10.0
ppo,2,3190,-10.0
ppo,2,3191,-10.0
ppo,2,3193,-10.0
ppo,2,3194,-10.0
ppo,2,3196,-42.9
ppo,2,3198,-39.9
ppo,2,3199,-10.0
ppo,2,3200,-10.0
ppo,2,3201,-10.0
ppo,2,3202,-10.0
ppo,2,3203,-10.0
ppo,2,3204,-41.1
ppo,2,3207,-10.0
ppo,2,3208,-23.1
ppo,2,3209,-10.0
ppo,2,3211,-48.3
ppo,2,3212,-10.0
ppo,2,3213,-39.0
ppo,2,3215,-49.2
ppo,2,3216,-10.0
ppo,2,3217,-10.0
ppo,2,3218,-10.0
ppo,2,3219,-35.1
ppo,2,3224,-10.0
ppo,2,3225,-10.0
ppo,2,3226,-40.2
ppo,2,3227,-44.4
ppo,2,3228,-64.8
ppo,2,3229,-10.0
ppo,2,3230,-10.0
ppo,2,3232,-10.0
ppo,2,3233,-10.0
ppo,2,3234,-44.4
ppo,2,3235,-10.0
ppo,2,3238,-42.6
ppo,2,3239,-10.0
ppo,2,3240,-44.4
ppo,2,3241,-70.8
ppo,2,3242,-53.7
ppo,2,3243,-10.0
ppo,2,3244,-10.0
ppo,2,3245,-10.0
ppo,2,3249,-10.0
ppo,2,3251,-10.0
ppo,2,3253,-10.0
ppo,2,3254,-29.7
ppo,2,3258,-77.7
ppo,2,3260,-48.3
ppo,2,3261,-10.0
ppo,2,3263,-62.1
ppo,2,3264,-10.0
ppo,2,3265,-10.0
ppo,2,3266,-10.0
ppo,2,3267,-10.0
ppo,2,3271,-34.8
ppo,2,3272,-10.0
ppo,2,3273,-10.0
ppo,2,3274,-10.0
ppo,2,3277,-10.0
ppo,2,3280,-10.0
ppo,2,3281,-40.2
ppo,2,3283,-66.9
ppo,2,3285,-44.7
ppo,2,3288,-10.0
ppo,2,3289,-30.9
ppo,2,3290,-46.8
ppo,2,3291,-28.8
ppo,2,3292,-41.1
ppo,2,3293,-10.0
ppo,2,3294,-10.0
ppo,2,3295,-10.0
ppo,2,3296,-38.1
ppo,2,3297,-10.0
ppo,2,3299,-48.3
ppo,2,3300,-44.4
ppo,2,3301,-10.0
ppo,2,3302,-34.5
ppo,2,3303,-10.0
ppo,2,3304,-43.2
ppo,2,3305,-10.0
ppo,2,3306,-44.7
ppo,2,3307,-44.7
ppo,2,3311,-37.2
ppo,2,3312,-10.0
ppo,2,3315,-72.0
ppo,2,3316,-48.6
ppo,2,3318,-53.7
ppo,2,3319,-10.0
ppo,2,3320,-10.0
ppo,2,3321,-10.0
ppo,2,3324,-10.0
ppo,2,3325,-46.8
ppo,2,3326,-38.1
ppo,2,3329,-44.1
ppo,2,3330,-10.0
ppo,2,3331,-10.0
ppo,2,3332,-10.0
ppo,2,3333,-10.0
ppo,2,3334,-10.0
ppo,2,3337,-10.0
ppo,2,3340,-10.0
ppo,2,3341,-70.8
ppo,2,3342,-54.9
ppo,2,3343,-10.0
ppo,2,3344,-10.0
ppo,2,3345,-10.0
ppo,2,3346,-44.7
ppo,2,3347,-32.1
ppo,2,3348,-10.0
ppo,2,3349,-10.0
ppo,2,3350,-10.0
ppo,2,3351,-10.0
ppo,2,3353,-25.5
ppo,2,3354,-10.0
ppo,2,3356,-10.0
ppo,2,3357,-10.0
ppo,2,3358,-38.1
ppo,2,3361,-10.0
ppo,2,3364,-10.0
ppo,2,3365,-10.0
ppo,2,3367,-31.8
ppo,2,3368,-10.0
ppo,2,3369,-10.0
ppo,2,3371,-10.0
ppo,2,3372,-10.0
ppo,2,3373,-10.0
ppo,2,3378,-10.0
ppo,2,3379,-32.1
ppo,2,3381,-10.0
ppo,2,3383,-42.6
ppo,2,3384,-10.0
ppo,2,3386,-10.0
ppo,2,3387,-10.0
ppo,2,3388,-10.0
ppo,2,3389,-10.0
ppo,2,3390,-10.0
ppo,2,3391,-42.6
ppo,2,3394,-10.0
ppo,2,3395,-10.0
ppo,2,3398,-10.0
ppo,2,3400,-10.0
ppo,2,3403,-25.2
ppo,2,3404,-31.5
ppo,2,3406,-10.0
ppo,2,3407,-10.0
ppo,2,3409,-10.0
ppo,2,3410,-10.0
ppo,2,3412,-10.0
ppo,2,3414,-10.0
ppo,2,3415,-10.0
ppo,2,3417,-10.0
ppo,2,3420,-10.0
ppo,2,3421,-10.0
ppo,2,3422,-10.0
ppo,2,3423,-45.3
ppo,2,3426,-10.0
ppo,2,3428,-62.1
ppo,2,3431,-39.6
ppo,2,3432,-10.0
ppo,2,3433,-10.0
ppo,2,3435,-10.0
ppo,2,3436,-10.0
ppo,2,3440,-10.0
ppo,2,3443,-33.9
ppo,2,3444,-10.0
ppo,2,3445,-10.0
ppo,2,3446,-49.2
ppo,2,3448,-45.0
ppo,2,3449,-47.4
ppo,2,3450,-10.0
ppo,2,3451,-10.0
ppo,2,3452,-45.3
ppo,2,3458,-10.0
ppo,2,3459,-10.0
ppo,2,3460,-10.0
ppo,2,3462,-10.0
ppo,2,3463,-10.0
ppo,2,3465,-36.0
ppo,2,3468,-10.0
ppo,2,3469,-10.0
ppo,2,3470,-10.0
ppo,2,3472,-10.0
ppo,2,3473,-35.1
ppo,2,3475,-10.0
ppo,2,3476,-48.9
ppo,2,3477,-10.0
ppo,2,3478,-41.1
ppo,2,3479,-10.0
ppo,2,3481,-10.0
ppo,2,3483,-10.0
ppo,2,3484,-10.0
ppo,2,3485,-10.0
ppo,2,3486,-10.0
ppo,2,3487,-10.0
ppo,2,3490,-10.0
ppo,2,3492,-36.0
ppo,2,3493,-10.0
ppo,2,3495,-10.0
ppo,2,3498,-10.0
ppo,2,3499,-33.6
ppo,2,3500,-10.0
ppo,2,3502,-10.0
ppo,2,3508,-10.0
ppo,2,3511,-10.0
ppo,2,3512,-10.0
ppo,2,3513,-10.0
ppo,2,3515,-10.0
ppo,2,3518,-10.0
ppo,2,3519,-10.0
ppo,2,3521,-10.0
ppo,2,3522,-43.2
ppo,2,3525,-10.0
ppo,2,3528,-36.3
ppo,2,3531,-10.0
ppo,2,3534,-10.0
ppo,2,3538,-10.0
ppo,2,3539,-10.0
ppo,2,3540,-10.0
ppo,2,3541,-10.0
ppo,2,3543,-66.9
ppo,2,3546,-10.0
ppo,2,3547,-43.2
ppo,2,3549,-54.6
ppo,2,3550,-10.0
ppo,2,3553,-10.0
ppo,2,3554,-54.0
ppo,2,3555,-43.5
ppo,2,3556,-10.0
ppo,2,3557,-10.0
ppo,2,3558,-31.5
ppo,2,3559,-10.0
ppo,2,3560,-67.5
ppo,2,3561,-10.0
ppo,2,3563,-10.0
ppo,2,3565,-38.1
ppo,2,3566,-10.0
ppo,2,3567,-10.0
ppo,2,3569,-10.0
ppo,2,3571,-10.0
ppo,2,3573,-10.0
ppo,2,3576,-50.7
ppo,2,3579,-10.0
ppo,2,3580,-10.0
ppo,2,3583,-10.0
ppo,2,3584,-10.0
ppo,2,3586,-10.0
ppo,2,3589,-10.0
ppo,2,3590,-48.6
ppo,2,3592,-10.0
ppo,2,3593,-10.0
ppo,2,3595,-10.0
ppo,2,3596,-10.0
ppo,2,3599,-10.0
ppo,2,3602,-10.0
ppo,2,3603,-10.0
ppo,2,3605,-10.0
ppo,2,3608,-10.0
ppo,2,3609,-10.0
ppo,2,3612,-42.6
ppo,2,3613,-10.0
ppo,2,3616,-10.0
ppo,2,3618,-10.0
ppo,2,3621,-10.0
ppo,2,3622,-54.0
ppo,2,3623,-10.0
ppo,2,3624,-10.0
ppo,2,3626,-10.0
ppo,2,3627,-10.0
ppo,2,3628,-10.0
ppo,2,3629,-56.7
ppo,2,3631,-47.4
ppo,2,3633,-10.0
ppo,2,3635,-10.0
ppo,2,3637,-10.0
ppo,2,3639,-43.2
ppo,2,3641,-10.0
ppo,2,3642,-10.0
ppo,2,3644,-10.0
ppo,2,3645,-10.0
ppo,2,3646,-10.0
ppo,2,3647,-10.0
ppo,2,3648,-38.7
ppo,2,3649,-10.0
ppo,2,3650,-10.0
ppo,2,3652,-39.9
ppo,2,3653,-10.0
ppo,2,3654,-10.0
ppo,2,3655,-10.0
ppo,2,3656,-10.0
ppo,2,3657,-10.0
ppo,2,3659,-10.0
ppo,2,3660,-10.0
ppo,2,3661,-10.0
ppo,2,3662,-54.9
ppo,2,3665,-66.9
ppo,2,3666,-10.0
ppo,2,3667,-10.0
ppo,2,3671,-48.0
ppo,2,3673,-28.5
ppo,2,3674,-10.0
ppo,2,3677,-10.0
ppo,2,3678,-47.7
ppo,2,3679,-10.0
ppo,2,3680,-10.0
ppo,2,3683,-10.0
ppo,2,3685,-10.0
ppo,2,3687,-10.0
ppo,2,3688,-42.3
ppo,2,3689,-10.0
ppo,2,3694,-10.0
ppo,2,3696,-41.7
ppo,2,3697,-10.0
ppo,2,3698,-10.0
ppo,2,3699,-10.0
ppo,2,3701,-10.0
ppo,2,3702,-10.0
ppo,2,3703,-10.0
ppo,2,3704,-10.0
ppo,2,3705,-36.9
ppo,2,3706,-29.7
ppo,2,3707,-10.0
ppo,2,3709,-10.0
ppo,2,3712,-10.0
ppo,2,3713,-10.0
ppo,2,3714,-62.4
ppo,2,3715,-10.0
ppo,2,3716,-44.4
ppo,2,3717,-10.0
ppo,2,3719,-10.0
ppo,2,3720,-10.0
ppo,2,3721,-10.0
ppo,2,3727,-10.0
ppo,2,3729,-42.9
ppo,2,3731,-72.3
ppo,2,3733,-10.0
ppo,2,3734,-10.0
ppo,2,3736,-10.0
ppo,2,3737,-10.0
ppo,2,3738,-32.1
ppo,2,3739,-48.6
ppo,2,3742,-10.0
ppo,2,3743,-10.0
ppo,2,3744,-10.0
ppo,2,3745,-10.0
ppo,2,3746,-10.0
ppo,2,3747,-42.3
ppo,2,3748,-33.6
ppo,2,3751,-54.3
ppo,2,3752,-44.4
ppo,2,3755,-69.0
ppo,2,3756,-10.0
ppo,2,3758,-10.0
ppo,2,3764,-10.0
ppo,2,3765,-10.0
ppo,2,3768,-25.2
ppo,2,3769,-10.0
ppo,2,3772,-35.7
ppo,2,3774,-38.4
ppo,2,3780,-10.0
ppo,2,3781,-10.0
ppo,2,3782,-10.0
ppo,2,3784,-10.0
ppo,2,3785,-10.0
ppo,2,3788,-10.0
ppo,2,3790,-10.0
ppo,2,3793,-10.0
ppo,2,3794,-39.0
ppo,2,3795,-42.9
ppo,2,3798,-33.0
ppo,2,3799,-34.5
ppo,2,3800,-48.6
ppo,2,3802,-46.5
ppo,2,3807,-32.4
ppo,2,3808,-56.7
ppo,2,3809,-10.0
ppo,2,3810,-10.0
ppo,2,3811,-41.1
ppo,2,3812,-10.0
ppo,2,3815,-10.0
ppo,2,3821,-10.0
ppo,2,3822,-10.0
ppo,2,3823,-10.0
ppo,2,3824,-10.0
ppo,2,3828,-10.0
ppo,2,3829,-10.0
ppo,2,3832,-10.0
ppo,2,3833,-10.0
ppo,2,3835,-10.0
ppo,2,3836,-10.0
ppo,2,3837,-41.1
ppo,2,3841,-10.0
ppo,2,3842,-28.8
ppo,2,3843,-10.0
ppo,2,3845,-39.9
ppo,2,3846,-62.1
ppo,2,3847,-10.0
ppo,2,3848,-10.0
ppo,2,3849,-10.0
ppo,2,3855,-10.0
ppo,2,3856,-10.0
ppo,2,3857,-10.0
ppo,2,3861,-37.2
ppo,2,3862,-43.5
ppo,2,3863,-43.2
ppo,2,3865,-33.3
ppo,2,3867,-10.0
ppo,2,3869,-10.0
ppo,2,3871,-10.0
ppo,2,3873,-10.0
ppo,2,3874,-10.0
ppo,2,3880,-10.0
ppo,2,3881,-10.0
ppo,2,3883,-44.7
ppo,2,3884,-10.0
ppo,2,3885,-10.0
ppo,2,3887,-10.0
ppo,2,3889,-31.8
ppo,2,3890,-10.0
ppo,2,3892,-46.5
ppo,2,3893,-10.0
ppo,2,3894,-10.0
ppo,2,3895,-10.0
ppo,2,3896,-32.1
ppo,2,3898,-10.0
ppo,2,3899,-54.9
ppo,2,3900,-62.4
ppo,2,3902,-10.0
ppo,2,3904,-28.5
ppo,2,3905,-54.9
ppo,2,3907,-42.0
ppo,2,3911,-10.0
ppo,2,3914,-10.0
ppo,2,3915,-10.0
ppo,2,3916,-10.0
ppo,2,3918,-10.0
ppo,2,3919,-32.1
ppo,2,3921,-35.4
ppo,2,3922,-10.0
ppo,2,3924,-53.7
ppo,2,3926,-10.0
ppo,2,3927,-10.0
ppo,2,3928,-10.0
ppo,2,3929,-61.5
ppo,2,3930,-10.0
ppo,2,3931,-41.1
ppo,2,3932,-10.0
ppo,2,3934,-10.0
ppo,2,3935,-10.0
ppo,2,3943,-23.7
ppo,2,3945,-25.5
ppo,2,3947,-10.0
ppo,2,3948,-10.0
ppo,2,3949,-10.0
ppo,2,3950,-10.0
ppo,2,3952,-10.0
ppo,2,3955,-34.5
ppo,2,3957,-49.2
ppo,2,3958,-10.0
ppo,2,3959,-44.7
ppo,2,3961,-40.8
ppo,2,3962,-43.2
ppo,2,3963,-10.0
ppo,2,3965,-10.0
ppo,2,3966,-10.0
ppo,2,3967,-54.0
ppo,2,3968,-40.2
ppo,2,3970,-10.0
ppo,2,3971,-10.0
ppo,2,3972,-10.0
ppo,2,3973,-10.0
ppo,2,3974,-43.2
ppo,2,3975,-10.0
ppo,2,3979,-10.0
ppo,2,3981,-93.0
ppo,2,3983,-10.0
ppo,2,3984,-40.2
ppo,2,3985,-10.0
ppo,2,3986,-10.0
ppo,2,3987,-56.7
ppo,2,3990,-10.0
ppo,2,3991,-10.0
ppo,2,3992,-44.4
ppo,2,3993,-25.8
ppo,2,3995,-10.0
ppo,2,3996,-10.0
ppo,2,3997,-10.0
ppo,2,3999,-42.3
ppo,2,4000,-10.0
ppo,2,4001,-10.0
ppo,2,4002,-10.0
ppo,2,4006,-52.8
ppo,2,4007,-10.0
ppo,2,4010,-44.7
ppo,2,4011,-10.0
ppo,2,4012,-62.1
ppo,2,4015,-10.0
ppo,2,4017,-44.4
ppo,2,4021,-41.4
ppo,2,4023,-10.0
ppo,2,4025,-25.5
ppo,2,4026,-10.0
ppo,2,4028,-10.0
ppo,2,4030,-10.0
ppo,2,4031,-10.0
ppo,2,4032,-10.0
ppo,2,4034,-10.0
ppo,2,4035,-43.2
ppo,2,4036,-36.9
ppo,2,4037,-48.6
ppo,2,4038,-10.0
ppo,2,4039,-10.0
ppo,2,4041,-42.0
ppo,2,4042,-10.0
ppo,2,4044,-10.0
ppo,2,4045,-10.0
ppo,2,4048,-10.0
ppo,2,4049,-10.0
ppo,2,4051,-53.1
ppo,2,4053,-10.0
ppo,2,4054,-10.0
ppo,2,4055,-10.0
ppo,2,4059,-10.0
ppo,2,4061,-45.0
ppo,2,4065,-10.0
ppo,2,4067,-10.0
ppo,2,4068,-10.0
ppo,2,4072,-10.0
ppo,2,4074,-36.0
ppo,2,4075,-10.0
ppo,2,4077,-10.0
ppo,2,4080,-10.0
ppo,2,4083,-46.5
ppo,2,4084,-64.8
ppo,2,4085,-10.0
ppo,2,4088,-10.0
ppo,2,4089,-54.9
ppo,2,4091,-10.0
ppo,2,4092,-10.0
ppo,2,4094,-10.0
ppo,2,4096,-10.0
ppo,2,4098,-10.0
ppo,2,4102,-10.0
ppo,2,4103,-10.0
ppo,2,4104,-10.0
ppo,2,4106,-31.8
ppo,2,4109,-10.0
ppo,2,4112,-10.0
ppo,2,4113,-10.0
ppo,2,4114,-10.0
ppo,2,4116,-10.0
ppo,2,4118,-10.0
ppo,2,4119,-10.0
ppo,2,4121,-28.5
ppo,2,4122,-10.0
ppo,2,4123,-10.0
ppo,2,4125,-48.3
ppo,2,4126,-10.0
ppo,2,4127,-10.0
ppo,2,4128,-10.0
ppo,2,4129,-10.0
ppo,2,4133,-30.6
ppo,2,4135,-10.0
ppo,2,4136,-10.0
ppo,2,4139,-10.0
ppo,2,4140,-25.8
ppo,2,4142,-10.0
ppo,2,4144,-10.0
ppo,2,4145,-10.0
ppo,2,4146,-61.8
ppo,2,4147,-10.0
ppo,2,4148,-10.0
ppo,2,4150,-10.0
ppo,2,4152,-46.5
ppo,2,4154,-10.0
ppo,2,4155,-10.0
ppo,2,4156,-10.0
ppo,2,4157,-10.0
ppo,2,4160,-10.0
ppo,2,4162,-78.3
ppo,2,4163,-10.0
ppo,2,4165,-10.0
ppo,2,4166,-72.6
ppo,2,4167,-10.0
ppo,2,4168,-10.0
ppo,2,4169,-10.0
ppo,2,4170,-10.0
ppo,2,4171,-10.0
ppo,2,4172,-31.5
ppo,2,4174,-10.0
ppo,2,4178,-10.0
ppo,2,4180,-46.8
ppo,2,4181,-10.0
ppo,2,4185,-10.0
ppo,2,4188,-10.0
ppo,2,4189,-10.0
ppo,2,4190,-48.6
ppo,2,4191,-10.0
ppo,2,4192,-10.0
ppo,2,4195,-10.0
ppo,2,4196,-10.0
ppo,2,4197,-10.0
ppo,2,4198,-10.0
ppo,2,4199,-10.0
ppo,2,4202,-10.0
ppo,2,4203,-10.0
ppo,2,4204,-10.0
ppo,2,4206,-10.0
ppo,2,4208,-10.0
ppo,2,4209,-10.0
ppo,2,4211,-33.9
ppo,2,4212,-44.7
ppo,2,4216,-10.0
ppo,2,4217,-10.0
ppo,2,4218,-56.7
ppo,2,4220,-10.0
ppo,2,4222,-10.0
ppo,2,4224,-10.0
ppo,2,4226,-10.0
ppo,2,4229,-10.0
ppo,2,4232,-10.0
ppo,2,4233,-10.0
ppo,2,4235,-10.0
ppo,2,4237,-10.0
ppo,2,4240,-10.0
ppo,2,4241,-67.5
ppo,2,4243,-31.2
ppo,2,4245,-10.0
ppo,2,4247,-10.0
ppo,2,4248,-10.0
ppo,2,4250,-10.0
ppo,2,4251,-10.0
ppo,2,4252,-10.0
ppo,2,4253,-54.0
ppo,2,4255,-56.4
ppo,2,4260,-10.0
ppo,2,4262,-10.0
ppo,2,4263,-10.0
ppo,2,4265,-48.3
ppo,2,4266,-10.0
ppo,2,4267,-25.2
ppo,2,4268,-10.0
ppo,2,4271,-10.0
ppo,2,4272,-10.0
ppo,2,4273,-10.0
ppo,2,4274,-10.0
ppo,2,4275,-10.0
ppo,2,4277,-10.0
ppo,2,4279,-10.0
ppo,2,4282,-48.0
ppo,2,4283,-10.0
ppo,2,4284,-10.0
ppo,2,4285,-48.6
ppo,2,4287,-10.0
ppo,2,4289,-61.2
ppo,2,4290,-10.0
ppo,2,4292,-10.0
ppo,2,4293,-10.0
ppo,2,4294,-45.3
ppo,2,4297,-10.0
ppo,2,4299,-42.0
ppo,2,4300,-10.0
ppo,2,4302,-10.0
ppo,2,4303,-10.0
ppo,2,4307,-10.0
ppo,2,4308,-10.0
ppo,2,4309,-10.0
ppo,2,4313,-10.0
ppo,2,4315,-10.0
ppo,2,4316,-10.0
ppo,2,4318,-10.0
ppo,2,4319,-10.0
ppo,2,4321,-30.3
ppo,2,4322,-10.0
ppo,2,4324,-10.0
ppo,2,4326,-39.9
ppo,2,4330,-10.0
ppo,2,4331,-10.0
ppo,2,4332,-10.0
ppo,2,4334,-10.0
ppo,2,4338,-10.0
ppo,2,4342,-10.0
ppo,2,4345,-10.0
ppo,2,4346,-10.0
ppo,2,4347,-93.3
ppo,2,4348,-10.0
ppo,2,4350,-10.0
ppo,2,4351,-25.8
ppo,2,4352,-10.0
ppo,2,4356,-10.0
ppo,2,4357,-10.0
ppo,2,4358,-10.0
ppo,2,4360,-10.0
ppo,2,4363,-10.0
ppo,2,4364,-10.0
ppo,2,4365,-10.0
ppo,2,4366,-10.0
ppo,2,4367,-10.0
ppo,2,4369,-10.0
ppo,2,4372,-10.0
ppo,2,4375,-10.0
ppo,2,4377,-38.4
ppo,2,4380,-10.0
ppo,2,4385,-10.0
ppo,2,4387,-10.0
ppo,2,4388,-10.0
ppo,2,4389,-10.0
ppo,2,4390,-10.0
ppo,2,4391,-10.0
ppo,2,4392,-10.0
ppo,2,4394,-10.0
ppo,2,4397,-10.0
ppo,2,4399,-10.0
ppo,2,4401,-10.0
ppo,2,4404,-10.0
ppo,2,4405,-61.8
ppo,2,4406,-10.0
ppo,2,4408,-10.0
ppo,2,4409,-10.0
ppo,2,4410,-10.0
ppo,2,4415,-10.0
ppo,2,4416,-10.0
ppo,2,4417,-10.0
ppo,2,4419,-45.0
ppo,2,4422,-10.0
ppo,2,4424,-10.0
ppo,2,4426,-10.0
ppo,2,4429,-10.0
ppo,2,4430,-10.0
ppo,2,4431,-10.0
ppo,2,4432,-10.0
ppo,2,4436,-10.0
ppo,2,4437,-10.0
ppo,2,4439,-10.0
ppo,2,4440,-10.0
ppo,2,4441,-10.0
ppo,2,4442,-10.0
ppo,2,4444,-10.0
ppo,2,4445,-10.0
ppo,2,4447,-10.0
ppo,2,4449,-40.8
ppo,2,4450,-10.0
ppo,2,4451,-10.0
ppo,2,4452,-10.0
ppo,2,4453,-49.8
ppo,2,4454,-10.0
ppo,2,4456,-10.0
ppo,2,4457,-10.0
ppo,2,4458,-10.0
ppo,2,4459,-10.0
ppo,2,4462,-10.0
ppo,2,4463,-42.0
ppo,2,4464,-10.0
ppo,2,4466,-10.0
ppo,2,4474,-10.0
ppo,2,4475,-49.8
ppo,2,4476,-10.0
ppo,2,4481,-10.0
ppo,2,4483,-10.0
ppo,2,4484,-10.0
ppo,2,4485,-10.0
ppo,2,4486,-10.0
ppo,2,4487,-10.0
ppo,2,4488,-10.0
ppo,2,4489,-10.0
ppo,2,4490,-10.0
ppo,2,4491,-10.0
ppo,2,4493,-10.0
ppo,2,4494,-10.0
ppo,2,4496,-35.4
ppo,2,4498,-40.8
ppo,2,4499,-10.0
ppo,2,4500,-10.0
ppo,2,4502,-10.0
ppo,2,4503,-10.0
ppo,2,4508,-10.0
ppo,2,4511,-10.0
ppo,2,4512,-10.0
ppo,2,4515,-40.5
ppo,2,4517,-10.0
ppo,2,4518,-10.0
ppo,2,4520,-40.8
ppo,2,4521,-10.0
ppo,2,4522,-10.0
ppo,2,4525,-10.0
ppo,2,4526,-10.0
ppo,2,4527,-10.0
ppo,2,4528,-25.8
ppo,2,4529,-10.0
ppo,2,4530,-10.0
ppo,2,4532,-10.0
ppo,2,4533,-10.0
ppo,2,4537,-10.0
ppo,2,4542,-10.0
ppo,2,4543,-10.0
ppo,2,4544,-10.0
ppo,2,4545,-32.1
ppo,2,4546,-10.0
ppo,2,4549,-10.0
ppo,2,4550,-10.0
ppo,2,4552,-10.0
ppo,2,4553,-10.0
ppo,2,4554,-10.0
ppo,2,4558,-10.0
ppo,2,4561,-10.0
ppo,2,4562,-10.0
ppo,2,4563,-62.4
ppo,2,4564,-10.0
ppo,2,4565,-10.0
ppo,2,4567,-10.0
ppo,2,4569,-10.0
ppo,2,4570,-10.0
ppo,2,4572,-10.0
ppo,2,4574,-10.0
ppo,2,4575,-10.0
ppo,2,4577,-10.0
ppo,2,4578,-10.0
ppo,2,4579,-10.0
ppo,2,4580,-44.1
ppo,2,4581,-10.0
ppo,2,4584,-10.0
ppo,2,4585,-10.0
ppo,2,4586,-10.0
ppo,2,4588,-10.0
ppo,2,4590,-10.0
ppo,2,4595,-10.0
ppo,2,4596,-10.0
ppo,2,4598,-10.0
ppo,2,4600,-10.0
ppo,2,4601,-54.0
ppo,2,4602,-10.0
ppo,2,4604,-10.0
ppo,2,4608,-10.0
ppo,2,4609,-10.0
ppo,2,4613,-10.0
ppo,2,4614,-10.0
ppo,2,4615,-35.1
ppo,2,4616,-10.0
ppo,2,4617,-10.0
ppo,2,4619,-10.0
ppo,2,4621,-10.0
ppo,2,4622,-61.8
ppo,2,4623,-10.0
ppo,2,4624,-10.0
ppo,2,4626,-10.0
ppo,2,4628,-10.0
ppo,2,4632,-10.0
ppo,2,4633,-10.0
ppo,2,4636,-10.0
ppo,2,4637,-10.0
ppo,2,4638,-10.0
ppo,2,4639,-10.0
ppo,2,4640,-10.0
ppo,2,4643,-10.0
ppo,2,4644,-10.0
ppo,2,4645,-53.7
ppo,2,4646,-10.0
ppo,2,4648,-10.0
ppo,2,4649,-87.0
ppo,2,4652,-10.0
ppo,2,4654,-10.0
ppo,2,4660,-29.4
ppo,2,4666,-10.0
ppo,2,4667,-10.0
ppo,2,4669,-28.5
ppo,2,4671,-10.0
ppo,2,4672,-34.2
ppo,2,4673,-44.4
ppo,2,4676,-40.8
ppo,2,4677,-10.0
ppo,2,4678,-10.0
ppo,2,4679,-10.0
ppo,2,4680,-10.0
ppo,2,4681,-10.0
ppo,2,4683,-10.0
ppo,2,4684,-10.0
ppo,2,4685,-39.0
ppo,2,4689,-10.0
ppo,2,4690,-10.0
ppo,2,4691,-10.0
ppo,2,4692,-10.0
ppo,2,4694,-10.0
ppo,2,4696,-10.0
ppo,2,4700,-10.0
ppo,2,4702,-10.0
ppo,2,4704,-10.0
ppo,2,4705,-10.0
ppo,2,4706,-10.0
ppo,2,4708,-10.0
ppo,2,4709,-10.0
ppo,2,4710,-10.0
ppo,2,4711,-10.0
ppo,2,4715,-10.0
ppo,2,4716,-10.0
ppo,2,4717,-48.6
ppo,2,4718,-32.1
ppo,2,4720,-10.0
ppo,2,4723,-10.0
ppo,2,4724,-10.0
ppo,2,4726,-10.0
ppo,2,4728,-10.0
ppo,2,4730,-37.8
ppo,2,4731,-10.0
ppo,2,4732,-10.0
ppo,2,4735,-10.0
ppo,2,4738,-10.0
ppo,2,4740,-10.0
ppo,2,4741,-10.0
ppo,2,4742,-10.0
ppo,2,4743,-10.0
ppo,2,4744,-10.0
ppo,2,4745,-10.0
ppo,2,4747,-36.6
ppo,2,4748,-10.0
ppo,2,4750,-10.0
ppo,2,4751,-10.0
ppo,2,4752,-67.2
ppo,2,4753,-10.0
ppo,2,4755,-10.0
ppo,2,4757,-22.8
ppo,2,4758,-10.0
ppo,2,4759,-10.0
ppo,2,4761,-10.0
ppo,2,4762,-56.7
ppo,2,4763,-10.0
ppo,2,4764,-10.0
ppo,2,4765,-10.0
ppo,2,4767,-10.0
ppo,2,4768,-54.0
ppo,2,4770,-10.0
ppo,2,4772,-10.0
ppo,2,4773,-10.0
ppo,2,4774,-10.0
ppo,2,4776,-10.0
ppo,2,4777,-10.0
ppo,2,4778,-10.0
ppo,2,4779,-10.0
ppo,2,4781,-10.0
ppo,2,4782,-10.0
ppo,2,4783,-35.7
ppo,2,4785,-10.0
ppo,2,4786,-10.0
ppo,2,4787,-47.7
ppo,2,4788,-56.7
ppo,2,4789,-10.0
ppo,2,4790,-10.0
ppo,2,4791,-51.3
ppo,2,4796,-10.0
ppo,2,4797,-10.0
ppo,2,4799,-10.0
ppo,2,4800,-10.0
ppo,2,4802,-10.0
ppo,2,4806,-10.0
ppo,2,4807,-10.0
ppo,2,4808,-10.0
ppo,2,4809,-35.7
ppo,2,4811,-10.0
ppo,2,4812,-10.0
ppo,2,4813,-10.0
ppo,2,4816,-10.0
ppo,2,4817,-10.0
ppo,2,4818,-10.0
ppo,2,4819,-10.0
ppo,2,4820,-10.0
ppo,2,4821,-10.0
ppo,2,4822,-10.0
ppo,2,4823,-38.7
ppo,2,4824,-10.0
ppo,2,4826,-10.0
ppo,2,4828,-53.1
ppo,2,4829,-10.0
ppo,2,4830,-10.0
ppo,2,4831,-10.0
ppo,2,4832,-46.8
ppo,2,4833,-10.0
ppo,2,4836,-10.0
ppo,2,4837,-10.0
ppo,2,4838,-10.0
ppo,2,4839,-10.0
ppo,2,4840,-10.0
ppo,2,4843,-10.0
ppo,2,4844,-10.0
ppo,2,4849,-10.0
ppo,2,4850,-10.0
ppo,2,4853,-10.0
ppo,2,4854,-42.6
ppo,2,4855,-10.0
ppo,2,4858,-30.9
ppo,2,4859,-10.0
ppo,2,4860,-35.7
ppo,2,4862,-10.0
ppo,2,4864,-10.0
ppo,2,4867,-10.0
ppo,2,4868,-10.0
ppo,2,4870,-10.0
ppo,2,4871,-67.5
ppo,2,4873,-10.0
ppo,2,4875,-10.0
ppo,2,4876,-10.0
ppo,2,4878,-10.0
ppo,2,4880,-10.0
ppo,2,4881,-43.2
ppo,2,4882,-10.0
ppo,2,4883,-10.0
ppo,2,4885,-10.0
ppo,2,4886,-38.7
ppo,2,4887,-10.0
ppo,2,4889,-10.0
ppo,2,4891,-10.0
ppo,2,4892,-10.0
ppo,2,4893,-54.0
ppo,2,4894,-10.0
ppo,2,4895,-10.0
ppo,2,4897,-10.0
ppo,2,4898,-41.1
ppo,2,4902,-54.0
ppo,2,4903,-10.0
ppo,2,4909,-10.0
ppo,2,4910,-10.0
ppo,2,4911,-10.0
ppo,2,4914,-10.0
ppo,2,4916,-10.0
ppo,2,4917,-44.7
ppo,2,4919,-10.0
ppo,2,4921,-10.0
ppo,2,4922,-10.0
ppo,2,4923,-10.0
ppo,2,4924,-10.0
ppo,2,4925,-10.0
ppo,2,4926,-10.0
ppo,2,4928,-10.0
ppo,2,4929,-10.0
ppo,2,4932,-10.0
ppo,2,4933,-10.0
ppo,2,4934,-10.0
ppo,2,4935,-10.0
ppo,2,4936,-10.0
ppo,2,4937,-10.0
ppo,2,4940,-38.4
ppo,2,4941,-32.1
ppo,2,4944,-10.0
ppo,2,4946,-31.8
ppo,2,4949,-10.0
ppo,2,4952,-10.0
ppo,2,4954,-10.0
ppo,2,4955,-10.0
ppo,2,4956,-10.0
ppo,2,4957,-10.0
ppo,2,4959,-10.0
ppo,2,4960,-10.0
ppo,2,4961,-10.0
ppo,2,4963,-10.0
ppo,2,4964,-10.0
ppo,2,4965,-10.0
ppo,2,4966,-45.3
ppo,2,4970,-10.0
ppo,2,4971,-10.0
ppo,2,4972,-44.4
ppo,2,4973,-10.0
ppo,2,4974,-10.0
ppo,2,4975,-10.0
ppo,2,4977,-10.0
ppo,2,4978,-10.0
ppo,2,4979,-10.0
ppo,2,4980,-10.0
ppo,2,4982,-10.0
ppo,2,4983,-10.0
ppo,2,4987,-10.0
ppo,2,4988,-10.0
ppo,2,4989,-10.0
ppo,2,4991,-10.0
ppo,2,4992,-10.0
ppo,2,4994,-48.3
ppo,2,4998,-10.0
ppo,2,5000,-10.0
ppo,2,5001,-10.0
ppo,2,5004,-10.0
ppo,2,5006,-10.0
ppo,2,5009,-10.0
ppo,2,5010,-10.0
ppo,2,5011,-10.0
ppo,2,5012,-10.0
ppo,2,5013,-10.0
ppo,2,5014,-10.0
ppo,2,5016,-10.0
ppo,2,5018,-45.0
ppo,2,5020,-10.0
ppo,2,5023,-10.0
ppo,2,5025,-10.0
ppo,2,5026,-10.0
ppo,2,5027,-10.0
ppo,2,5029,-10.0
ppo,2,5030,-38.1
ppo,2,5033,-10.0
ppo,2,5035,-28.5
ppo,2,5036,-10.0
ppo,2,5037,-10.0
ppo,2,5038,-53.4
ppo,2,5040,-10.0
ppo,2,5042,-10.0
ppo,2,5046,-10.0
ppo,2,5047,-54.9
ppo,2,5048,-10.0
ppo,2,5050,-48.3
ppo,2,5051,-38.7
ppo,2,5052,-30.6
ppo,2,5053,-10.0
ppo,2,5054,-70.8
ppo,2,5055,-10.0
ppo,2,5057,-10.0
ppo,2,5058,-10.0
ppo,2,5061,-10.0
ppo,2,5064,-10.0
ppo,2,5067,-10.0
ppo,2,5068,-10.0
ppo,2,5070,-10.0
ppo,2,5071,-35.7
ppo,2,5074,-10.0
ppo,2,5075,-10.0
ppo,2,5077,-10.0
ppo,2,5078,-10.0
ppo,2,5080,-10.0
ppo,2,5081,-38.7
ppo,2,5082,-10.0
ppo,2,5085,-10.0
ppo,2,5086,-10.0
ppo,2,5087,-10.0
ppo,2,5088,-10.0
ppo,2,5094,-10.0
ppo,2,5102,-10.0
ppo,2,5103,-10.0
ppo,2,5105,-10.0
ppo,2,5106,-10.0
ppo,2,5108,-10.0
ppo,2,5109,-10.0
ppo,2,5111,-10.0
ppo,2,5112,-10.0
ppo,2,5113,-10.0
ppo,2,5115,-10.0
ppo,2,5116,-10.0
ppo,2,5119,-10.0
ppo,2,5120,-10.0
ppo,2,5122,-35.4
ppo,2,5125,-10.0
ppo,2,5126,-78.6
ppo,2,5127,-10.0
ppo,2,5128,-10.0
ppo,2,5129,-10.0
ppo,2,5130,-10.0
ppo,2,5131,-10.0
ppo,2,5132,-10.0
ppo,2,5133,-10.0
ppo,2,5135,-10.0
ppo,2,5136,-42.3
ppo,2,5138,-10.0
ppo,2,5139,-62.4
ppo,2,5140,-43.2
ppo,2,5141,-10.0
ppo,2,5143,-10.0
ppo,2,5144,-10.0
ppo,2,5146,-10.0
ppo,2,5147,-10.0
ppo,2,5148,-10.0
ppo,2,5149,-10.0
ppo,2,5150,-10.0
ppo,2,5151,-10.0
ppo,2,5152,-10.0
ppo,2,5154,-10.0
ppo,2,5158,-10.0
ppo,2,5159,-10.0
ppo,2,5161,-53.1
ppo,2,5163,-10.0
ppo,2,5164,-10.0
ppo,2,5166,-10.0
ppo,2,5170,-10.0
ppo,2,5174,-43.5
ppo,2,5178,-10.0
ppo,2,5183,-10.0
ppo,2,5184,-65.4
ppo,2,5187,-66.6
ppo,2,5189,-10.0
ppo,2,5190,-44.4
ppo,2,5191,-10.0
ppo,2,5194,-54.3
ppo,2,5198,-10.0
ppo,2,5202,-10.0
ppo,2,5203,-10.0
ppo,2,5204,-43.2
ppo,2,5205,-10.0
ppo,2,5206,-10.0
ppo,2,5209,-10.0
ppo,2,5212,-10.0
ppo,2,5213,-10.0
ppo,2,5215,-10.0
ppo,2,5216,-10.0
ppo,2,5222,-10.0
ppo,2,5223,-10.0
ppo,2,5224,-10.0
ppo,2,5226,-10.0
ppo,2,5227,-44.4
ppo,2,5228,-10.0
ppo,2,5230,-85.2
ppo,2,5231,-87.0
ppo,2,5233,-10.0
ppo,2,5235,-10.0
ppo,2,5238,-10.0
ppo,2,5239,-10.0
ppo,2,5240,-10.0
ppo,2,5241,-10.0
ppo,2,5244,-10.0
ppo,2,5245,-10.0
ppo,2,5248,-38.1
ppo,2,5249,-85.5
ppo,2,5250,-10.0
ppo,2,5251,-10.0
ppo,2,5252,-10.0
ppo,2,5254,-10.0
ppo,2,5256,-10.0
ppo,2,5257,-35.1
ppo,2,5258,-10.0
ppo,2,5259,-10.0
ppo,2,5261,-10.0
ppo,2,5262,-10.0
ppo,2,5263,-10.0
ppo,2,5265,-10.0
ppo,2,5266,-10.0
ppo,2,5268,-93.0
ppo,2,5269,-10.0
ppo,2,5271,-10.0
ppo,2,5272,-10.0
ppo,2,5277,-10.0
ppo,2,5278,-10.0
ppo,2,5279,-10.0
ppo,2,5280,-10.0
ppo,2,5281,-10.0
ppo,2,5282,-10.0
ppo,2,5284,-10.0
ppo,2,5287,-10.0
ppo,2,5288,-10.0
ppo,2,5289,-49.5
ppo,2,5290,-10.0
ppo,2,5291,-10.0
ppo,2,5293,-10.0
ppo,2,5294,-10.0
ppo,2,5296,-10.0
ppo,2,5297,-10.0
ppo,2,5302,-34.5
ppo,2,5303,-10.0
ppo,2,5304,-10.0
ppo,2,5305,-10.0
ppo,2,5306,-10.0
ppo,2,5307,-10.0
ppo,2,5308,-10.0
ppo,2,5310,-10.0
ppo,2,5313,-10.0
ppo,2,5314,-10.0
ppo,2,5315,-44.7
ppo,2,5319,-10.0
ppo,2,5320,-10.0
ppo,2,5322,-10.0
ppo,2,5324,-10.0
ppo,2,5325,-10.0
ppo,2,5327,-42.9
ppo,2,5328,-10.0
ppo,2,5329,-10.0
ppo,2,5330,-10.0
ppo,2,5331,-49.8
ppo,2,5335,-10.0
ppo,2,5336,-10.0
ppo,2,5337,-43.2
ppo,2,5338,-10.0
ppo,2,5340,-10.0
ppo,2,5341,-10.0
ppo,2,5343,-10.0
ppo,2,5345,-10.0
ppo,2,5346,-10.0
ppo,2,5348,-10.0
ppo,2,5349,-87.0
ppo,2,5352,-10.0
ppo,2,5353,-10.0
ppo,2,5355,-10.0
ppo,2,5357,-10.0
ppo,2,5359,-62.1
ppo,2,5360,-10.0
ppo,2,5362,-10.0
ppo,2,5363,-10.0
ppo,2,5365,-10.0
ppo,2,5366,-10.0
ppo,2,5369,-10.0
ppo,2,5371,-45.0
ppo,2,5372,-10.0
ppo,2,5373,-10.0
ppo,2,5377,-10.0
ppo,2,5381,-10.0
ppo,2,5382,-10.0
ppo,2,5385,-10.0
ppo,2,5387,-46.5
ppo,2,5388,-10.0
ppo,2,5389,-10.0
ppo,2,5392,-10.0
ppo,2,5393,-10.0
ppo,2,5394,-10.0
ppo,2,5395,-10.0
ppo,2,5396,-10.0
ppo,2,5397,-10.0
ppo,2,5398,-10.0
ppo,2,5399,-10.0
ppo,2,5402,-61.5
ppo,2,5404,-10.0
ppo,2,5405,-10.0
ppo,2,5408,-10.0
ppo,2,5409,-10.0
ppo,2,5410,-25.8
ppo,2,5412,-10.0
ppo,2,5413,-10.0
ppo,2,5416,-10.0
ppo,2,5417,-10.0
ppo,2,5418,-44.7
ppo,2,5419,-10.0
ppo,2,5420,-10.0
ppo,2,5421,-10.0
ppo,2,5422,-34.5
ppo,2,5424,-10.0
ppo,2,5426,-10.0
ppo,2,5430,-10.0
ppo,2,5431,-10.0
ppo,2,5433,-40.8
ppo,2,5434,-10.0
ppo,2,5437,-10.0
ppo,2,5438,-10.0
ppo,2,5439,-62.4
ppo,2,5440,-10.0
ppo,2,5442,-46.8
ppo,2,5444,-78.3
ppo,2,5446,-10.0
ppo,2,5447,-10.0
ppo,2,5450,-10.0
ppo,2,5454,-38.1
ppo,2,5456,-10.0
ppo,2,5457,-10.0
ppo,2,5458,-46.8
ppo,2,5459,-10.0
ppo,2,5461,-10.0
ppo,2,5462,-10.0
ppo,2,5463,-10.0
ppo,2,5464,-10.0
ppo,2,5466,-10.0
ppo,2,5471,-10.0
ppo,2,5472,-10.0
ppo,2,5473,-10.0
ppo,2,5475,-10.0
ppo,2,5476,-10.0
ppo,2,5481,-10.0
ppo,2,5483,-10.0
ppo,2,5486,-38.1
ppo,2,5489,-10.0
ppo,2,5490,-10.0
ppo,2,5493,-10.0
ppo,2,5494,-10.0
ppo,2,5495,-48.9
ppo,2,5496,-10.0
ppo,2,5500,-10.0
ppo,2,5501,-10.0
ppo,2,5503,-10.0
ppo,2,5504,-87.0
ppo,2,5507,-10.0
ppo,2,5508,-10.0
ppo,2,5511,-10.0
ppo,2,5514,-10.0
ppo,2,5515,-49.2
ppo,2,5516,-10.0
ppo,2,5517,-10.0
ppo,2,5518,-10.0
ppo,2,5522,-10.0
ppo,2,5524,-10.0
ppo,2,5526,-10.0
ppo,2,5527,-10.0
ppo,2,5528,-10.0
ppo,2,5529,-10.0
ppo,2,5530,-10.0
ppo,2,5532,-10.0
ppo,2,5533,-10.0
ppo,2,5534,-10.0
ppo,2,5535,-48.6
ppo,2,5536,-10.0
ppo,2,5539,-42.3
ppo,2,5540,-10.0
ppo,2,5541,-10.0
ppo,2,5548,-10.0
ppo,2,5549,-10.0
ppo,2,5550,-10.0
ppo,2,5553,-10.0
ppo,2,5554,-10.0
ppo,2,5557,-25.2
ppo,2,5560,-10.0
ppo,2,5561,-10.0
ppo,2,5564,-10.0
ppo,2,5567,-10.0
ppo,2,5568,-10.0
ppo,2,5570,-10.0
ppo,2,5574,-10.0
ppo,2,5575,-10.0
ppo,2,5577,-10.0
ppo,2,5578,-10.0
ppo,2,5581,-10.0
ppo,2,5583,-10.0
ppo,2,5584,-10.0
ppo,2,5586,-10.0
ppo,2,5587,-10.0
ppo,2,5588,-10.0
ppo,2,5591,-10.0
ppo,2,5592,-10.0
ppo,2,5593,-10.0
ppo,2,5594,-35.7
ppo,2,5595,-10.0
ppo,2,5596,-10.0
ppo,2,5598,-10.0
ppo,2,5599,-10.0
ppo,2,5600,-10.0
ppo,2,5602,-10.0
ppo,2,5603,-10.0
ppo,2,5605,-10.0
ppo,2,5609,-10.0
ppo,2,5613,-54.0
ppo,2,5614,-48.6
ppo,2,5615,-10.0
ppo,2,5616,-28.8
ppo,2,5617,-10.0
ppo,2,5619,-41.1
ppo,2,5623,-10.0
ppo,2,5626,-10.0
ppo,2,5627,-10.0
ppo,2,5628,-10.0
ppo,2,5629,-10.0
ppo,2,5630,-32.1
ppo,2,5631,-10.0
ppo,2,5632,-10.0
ppo,2,5634,-10.0
ppo,2,5640,-10.0
ppo,2,5641,-10.0
ppo,2,5643,-44.1
ppo,2,5644,-10.0
ppo,2,5647,-10.0
ppo,2,5648,-10.0
ppo,2,5649,-43.2
ppo,2,5651,-10.0
ppo,2,5652,-10.0
ppo,2,5654,-10.0
ppo,2,5655,-30.6
ppo,2,5656,-10.0
ppo,2,5658,-10.0
ppo,2,5659,-10.0
ppo,2,5663,-10.0
ppo,2,5665,-10.0
ppo,2,5666,-10.0
ppo,2,5667,-53.4
ppo,2,5672,-10.0
ppo,2,5673,-10.0
ppo,2,5674,-10.0
ppo,2,5677,-10.0
ppo,2,5678,-10.0
ppo,2,5679,-48.6
ppo,2,5680,-10.0
ppo,2,5682,-10.0
ppo,2,5683,-10.0
ppo,2,5688,-46.2
ppo,2,5692,-10.0
ppo,2,5694,-10.0
ppo,2,5695,-10.0
ppo,2,5697,-10.0
ppo,2,5698,-10.0
ppo,2,5699,-10.0
ppo,2,5701,-10.0
ppo,2,5702,-10.0
ppo,2,5704,-10.0
ppo,2,5709,-10.0
ppo,2,5712,-10.0
ppo,2,5714,-28.5
ppo,2,5715,-10.0
ppo,2,5717,-28.5
ppo,2,5718,-10.0
ppo,2,5721,-42.6
ppo,2,5722,-10.0
ppo,2,5725,-10.0
ppo,2,5731,-42.9
ppo,2,5733,-10.0
ppo,2,5734,-38.1
ppo,2,5736,-10.0
ppo,2,5741,-10.0
ppo,2,5742,-38.7
ppo,2,5743,-30.9
ppo,2,5744,-10.0
ppo,2,5746,-10.0
ppo,2,5747,-54.9
ppo,2,5748,-10.0
ppo,2,5749,-10.0
ppo,2,5750,-10.0
ppo,2,5751,-10.0
ppo,2,5753,-10.0
ppo,2,5755,-10.0
ppo,2,5756,-10.0
ppo,2,5757,-10.0
ppo,2,5758,-10.0
ppo,2,5761,-47.1
ppo,2,5762,-10.0
ppo,2,5763,-10.0
ppo,2,5765,-10.0
ppo,2,5766,-10.0
ppo,2,5767,-43.2
ppo,2,5768,-10.0
ppo,2,5771,-10.0
ppo,2,5772,-10.0
ppo,2,5773,-10.0
ppo,2,5774,-10.0
ppo,2,5776,-10.0
ppo,2,5778,-10.0
ppo,2,5779,-10.0
ppo,2,5780,-10.0
ppo,2,5781,-10.0
ppo,2,5782,-10.0
ppo,2,5783,-10.0
ppo,2,5788,-33.3
ppo,2,5789,-10.0
ppo,2,5792,-67.5
ppo,2,5793,-10.0
ppo,2,5794,-10.0
ppo,2,5795,-41.1
ppo,2,5796,-10.0
ppo,2,5798,-10.0
ppo,2,5800,-10.0
ppo,2,5801,-10.0
ppo,2,5802,-10.0
ppo,2,5804,-10.0
ppo,2,5806,-48.3
ppo,2,5807,-10.0
ppo,2,5808,-10.0
ppo,2,5809,-10.0
ppo,2,5810,-85.5
ppo,2,5813,-10.0
ppo,2,5815,-10.0
ppo,2,5816,-10.0
ppo,2,5817,-10.0
ppo,2,5819,-10.0
ppo,2,5821,-10.0
ppo,2,5822,-10.0
ppo,2,5823,-10.0
ppo,2,5825,-10.0
ppo,2,5827,-10.0
ppo,2,5828,-10.0
ppo,2,5829,-85.5
ppo,2,5830,-10.0
ppo,2,5831,-10.0
ppo,2,5832,-10.0
ppo,2,5833,-10.0
ppo,2,5834,-10.0
ppo,2,5836,-10.0
ppo,2,5837,-44.7
ppo,2,5838,-10.0
ppo,2,5839,-43.2
ppo,2,5840,-10.0
ppo,2,5841,-10.0
ppo,2,5842,-10.0
ppo,2,5844,-10.0
ppo,2,5845,-10.0
ppo,2,5846,-10.0
ppo,2,5847,-10.0
ppo,2,5848,-10.0
ppo,2,5850,-10.0
ppo,2,5851,-10.0
ppo,2,5854,-10.0
ppo,2,5855,-10.0
ppo,2,5856,-10.0
ppo,2,5858,-10.0
ppo,2,5859,-10.0
ppo,2,5860,-45.3
ppo,2,5861,-10.0
ppo,2,5862,-10.0
ppo,2,5863,-10.0
ppo,2,5865,-10.0
ppo,2,5866,-42.9
ppo,2,5867,-10.0
ppo,2,5869,-10.0
ppo,2,5870,-10.0
ppo,2,5873,-10.0
ppo,2,5874,-10.0
ppo,2,5876,-10.0
ppo,2,5878,-64.5
ppo,2,5879,-10.0
ppo,2,5880,-40.2
ppo,2,5881,-10.0
ppo,2,5882,-10.0
ppo,2,5886,-10.0
ppo,2,5888,-10.0
ppo,2,5890,-10.0
ppo,2,5892,-10.0
ppo,2,5895,-10.0
ppo,2,5896,-10.0
ppo,2,5897,-10.0
ppo,2,5898,-42.3
ppo,2,5900,-10.0
ppo,2,5901,-10.0
ppo,2,5903,-10.0
ppo,2,5906,-10.0
ppo,2,5911,-10.0
ppo,2,5912,-10.0
ppo,2,5919,-10.0
ppo,2,5923,-10.0
ppo,2,5925,-10.0
ppo,2,5926,-10.0
ppo,2,5928,-10.0
ppo,2,5930,-10.0
ppo,2,5931,-10.0
ppo,2,5932,-10.0
ppo,2,5934,-10.0
ppo,2,5935,-10.0
ppo,2,5936,-10.0
ppo,2,5937,-10.0
ppo,2,5938,-10.0
ppo,2,5939,-10.0
ppo,2,5940,-10.0
ppo,2,5941,-45.3
ppo,2,5942,-10.0
ppo,2,5943,-44.7
ppo,2,5944,-10.0
ppo,2,5946,-10.0
ppo,2,5947,-46.8
ppo,2,5948,-38.4
ppo,2,5949,-10.0
ppo,2,5950,-38.7
ppo,2,5952,-10.0
ppo,2,5954,-10.0
ppo,2,5955,-10.0
ppo,2,5956,-10.0
ppo,2,5959,-10.0
ppo,2,5960,-10.0
ppo,2,5961,-10.0
ppo,2,5965,-10.0
ppo,2,5966,-10.0
ppo,2,5967,-10.0
ppo,2,5969,-10.0
ppo,2,5972,-10.0
ppo,2,5975,-10.0
ppo,2,5976,-38.4
ppo,2,5979,-10.0
ppo,2,5982,-10.0
ppo,2,5985,-10.0
ppo,2,5986,-10.0
ppo,2,5988,-10.0
ppo,2,5989,-10.0
ppo,2,5990,-93.3
ppo,2,5992,-10.0
ppo,2,5993,-10.0
ppo,2,5998,-10.0
ppo,2,5999,-10.0
ppo,2,6000,-41.1
ppo,2,6001,-10.0
ppo,2,6002,-32.1
ppo,2,6003,-10.0
ppo,2,6004,-49.2
ppo,2,6005,-10.0
ppo,2,6006,-10.0
ppo,2,6007,-10.0
ppo,2,6008,-32.1
ppo,2,6009,-10.0
ppo,2,6010,-10.0
ppo,2,6011,-10.0
ppo,2,6012,-10.0
ppo,2,6013,-10.0
ppo,2,6016,-10.0
ppo,2,6017,-10.0
ppo,2,6018,-10.0
ppo,2,6019,-10.0
ppo,2,6020,-10.0
ppo,2,6021,-10.0
ppo,2,6022,-10.0
ppo,2,6024,-10.0
ppo,2,6026,-10.0
ppo,2,6030,-43.8
ppo,2,6032,-41.1
ppo,2,6033,-10.0
ppo,2,6034,-10.0
ppo,2,6035,-10.0
ppo,2,6037,-10.0
ppo,2,6039,-10.0
ppo,2,6041,-10.0
ppo,2,6044,-10.0
ppo,2,6045,-46.8
ppo,2,6046,-10.0
ppo,2,6048,-10.0
ppo,2,6050,-10.0
ppo,2,6051,-10.0
ppo,2,6052,-10.0
ppo,2,6053,-10.0
ppo,2,6054,-10.0
ppo,2,6055,-10.0
ppo,2,6056,-43.2
ppo,2,6057,-10.0
ppo,2,6059,-10.0
ppo,2,6061,-44.4
ppo,2,6062,-10.0
ppo,2,6063,-10.0
ppo,2,6064,-10.0
ppo,2,6065,-10.0
ppo,2,6066,-35.1
ppo,2,6067,-51.3
ppo,2,6068,-64.8
ppo,2,6069,-10.0
ppo,2,6071,-10.0
ppo,2,6072,-10.0
ppo,2,6073,-10.0
ppo,2,6075,-10.0
ppo,2,6076,-10.0
ppo,2,6077,-10.0
ppo,2,6078,-10.0
ppo,2,6080,-10.0
ppo,2,6082,-10.0
ppo,2,6087,-10.0
ppo,2,6089,-10.0
ppo,2,6090,-10.0
ppo,2,6091,-10.0
ppo,2,6092,-10.0
ppo,2,6095,-10.0
ppo,2,6096,-10.0
ppo,2,6097,-33.6
ppo,2,6098,-10.0
ppo,2,6103,-10.0
ppo,2,6104,-10.0
ppo,2,6105,-10.0
ppo,2,6106,-10.0
ppo,2,6107,-10.0
ppo,2,6109,-38.4
ppo,2,6110,-38.4
ppo,2,6112,-10.0
ppo,2,6113,-10.0
ppo,2,6117,-10.0
ppo,2,6119,-10.0
ppo,2,6120,-10.0
ppo,2,6121,-10.0
ppo,2,6122,-10.0
ppo,2,6123,-46.8
ppo,2,6125,-10.0
ppo,2,6126,-10.0
ppo,2,6128,-46.8
ppo,2,6130,-10.0
ppo,2,6132,-10.0
ppo,2,6133,-10.0
ppo,2,6134,-10.0
ppo,2,6135,-10.0
ppo,2,6137,-10.0
ppo,2,6138,-10.0
ppo,2,6139,-10.0
ppo,2,6141,-10.0
ppo,2,6143,-10.0
ppo,2,6144,-10.0
ppo,2,6145,-10.0
ppo,2,6146,-10.0
ppo,2,6148,-10.0
ppo,2,6149,-10.0
ppo,2,6153,-10.0
ppo,2,6154,-10.0
ppo,2,6155,-10.0
ppo,2,6156,-10.0
ppo,2,6157,-10.0
ppo,2,6159,-10.0
ppo,2,6160,-10.0
ppo,2,6161,-10.0
ppo,2,6162,-10.0
ppo,2,6163,-10.0
ppo,2,6166,-10.0
ppo,2,6167,-10.0
ppo,2,6169,-10.0
ppo,2,6170,-10.0
ppo,2,6171,-10.0
ppo,2,6175,-10.0
ppo,2,6176,-10.0
ppo,2,6177,-10.0
ppo,2,6178,-10.0
ppo,2,6181,-10.0
ppo,2,6183,-10.0
ppo,2,6184,-10.0
ppo,2,6187,-10.0
ppo,2,6188,-10.0
ppo,2,6189,-10.0
ppo,2,6190,-10.0
ppo,2,6194,-10.0
ppo,2,6195,-10.0
ppo,2,6196,-10.0
ppo,2,6198,-10.0
ppo,2,6201,-10.0
ppo,2,6203,-10.0
ppo,2,6204,-10.0
ppo,2,6205,-10.0
ppo,2,6206,-10.0
ppo,2,6208,-10.0
ppo,2,6209,-10.0
ppo,2,6210,-10.0
ppo,2,6211,-10.0
ppo,2,6212,-10.0
ppo,2,6213,-10.0
ppo,2,6217,-10.0
ppo,2,6218,-10.0
ppo,2,6219,-10.0
ppo,2,6220,-10.0
ppo,2,6221,-10.0
ppo,2,6224,-10.0
ppo,2,6225,-10.0
ppo,2,6226,-10.0
ppo,2,6227,-10.0
ppo,2,6228,-10.0
ppo,2,6230,-10.0
ppo,2,6233,-10.0
ppo,2,6234,-10.0
ppo,2,6235,-10.0
ppo,2,6236,-10.0
ppo,2,6237,-10.0
ppo,2,6238,-10.0
ppo,2,6239,-10.0
ppo,2,6240,-10.0
ppo,2,6242,-10.0
ppo,2,6243,-10.0
ppo,2,6244,-10.0
ppo,2,6246,-10.0
ppo,2,6247,-10.0
ppo,2,6248,-10.0
ppo,2,6250,-10.0
ppo,2,6252,-10.0
ppo,2,6253,-10.0
ppo,2,6256,-10.0
ppo,2,6259,-10.0
ppo,2,6261,-10.0
ppo,2,6262,-10.0
ppo,2,6263,-10.0
ppo,2,6266,-10.0
ppo,2,6267,-10.0
ppo,2,6268,-25.8
ppo,2,6273,-10.0
ppo,2,6275,-10.0
ppo,2,6277,-10.0
ppo,2,6278,-10.0
ppo,2,6280,-10.0
ppo,2,6281,-10.0
ppo,2,6285,-10.0
ppo,2,6286,-10.0
ppo,2,6288,-10.0
ppo,2,6289,-10.0
ppo,2,6291,-10.0
ppo,2,6293,-10.0
ppo,2,6294,-10.0
ppo,2,6295,-10.0
ppo,2,6297,-10.0
ppo,2,6299,-10.0
ppo,2,6301,-10.0
ppo,2,6303,-10.0
ppo,2,6305,-10.0
ppo,2,6306,-10.0
ppo,2,6307,-10.0
ppo,2,6308,-10.0
ppo,2,6311,-10.0
ppo,2,6312,-10.0
ppo,2,6314,-10.0
ppo,2,6315,-10.0
ppo,2,6316,-10.0
ppo,2,6320,-10.0
ppo,2,6325,-10.0
ppo,2,6326,-10.0
ppo,2,6327,-10.0
ppo,2,6329,-10.0
ppo,2,6330,-10.0
ppo,2,6331,-10.0
ppo,2,6332,-10.0
ppo,2,6333,-10.0
ppo,2,6334,-10.0
ppo,2,6336,-10.0
ppo,2,6337,-10.0
ppo,2,6338,-44.7
ppo,2,6339,-10.0
ppo,2,6340,-10.0
ppo,2,6341,-65.4
ppo,2,6342,-10.0
ppo,2,6343,-10.0
ppo,2,6344,-10.0
ppo,2,6347,-10.0
ppo,2,6348,-10.0
ppo,2,6349,-10.0
ppo,2,6351,-10.0
ppo,2,6352,-10.0
ppo,2,6355,-10.0
ppo,2,6356,-10.0
ppo,2,6359,-10.0
ppo,2,6360,-10.0
ppo,2,6361,-72.6
ppo,2,6362,-10.0
ppo,2,6363,-10.0
ppo,2,6364,-10.0
ppo,2,6365,-10.0
ppo,2,6366,-10.0
ppo,2,6367,-10.0
ppo,2,6370,-10.0
ppo,2,6371,-10.0
ppo,2,6372,-10.0
ppo,2,6373,-10.0
ppo,2,6376,-10.0
ppo,2,6378,-10.0
ppo,2,6382,-10.0
ppo,2,6383,-10.0
ppo,2,6385,-10.0
ppo,2,6387,-10.0
ppo,2,6391,-10.0
ppo,2,6393,-10.0
ppo,2,6394,-10.0
ppo,2,6395,-10.0
ppo,2,6396,-10.0
ppo,2,6397,-10.0
ppo,2,6399,-10.0
ppo,2,6403,-10.0
ppo,2,6404,-10.0
ppo,2,6406,-10.0
ppo,2,6408,-10.0
ppo,2,6413,-10.0
ppo,2,6414,-10.0
ppo,2,6415,-10.0
ppo,2,6416,-10.0
ppo,2,6417,-10.0
ppo,2,6418,-10.0
ppo,2,6419,-10.0
ppo,2,6421,-10.0
ppo,2,6422,-10.0
ppo,2,6423,-10.0
ppo,2,6426,-10.0
ppo,2,6427,-10.0
ppo,2,6428,-10.0
ppo,2,6429,-10.0
ppo,2,6430,-10.0
ppo,2,6432,-10.0
ppo,2,6434,-10.0
ppo,2,6437,-10.0
ppo,2,6438,-10.0
ppo,2,6439,-10.0
ppo,2,6440,-10.0
ppo,2,6441,-10.0
ppo,2,6442,-10.0
ppo,2,6443,-10.0
ppo,2,6444,-10.0
ppo,2,6446,-10.0
ppo,2,6449,-10.0
ppo,2,6451,-93.0
ppo,2,6454,-10.0
ppo,2,6455,-10.0
ppo,2,6458,-10.0
ppo,2,6460,-10.0
ppo,2,6461,-10.0
ppo,2,6462,-10.0
ppo,2,6463,-10.0
ppo,2,6466,-10.0
ppo,2,6468,-10.0
ppo,2,6469,-10.0
ppo,2,6470,-10.0
ppo,2,6471,-10.0
ppo,2,6473,-10.0
ppo,2,6478,-10.0
ppo,2,6479,-10.0
ppo,2,6480,-10.0
ppo,2,6482,-10.0
ppo,2,6483,-10.0
ppo,2,6486,-10.0
ppo,2,6487,-10.0
ppo,2,6488,-10.0
ppo,2,6489,-10.0
ppo,2,6493,-10.0
ppo,2,6494,-10.0
ppo,2,6495,-10.0
ppo,2,6496,-10.0
ppo,2,6500,-10.0
ppo,2,6501,-10.0
ppo,2,6504,-10.0
ppo,2,6505,-10.0
ppo,2,6506,-10.0
ppo,2,6507,-10.0
ppo,2,6510,-10.0
ppo,2,6511,-10.0
ppo,2,6512,-10.0
ppo,2,6513,-56.7
ppo,2,6515,-10.0
ppo,2,6516,-10.0
ppo,2,6519,-10.0
ppo,2,6520,-10.0
ppo,2,6521,-10.0
ppo,2,6522,-10.0
ppo,2,6523,-10.0
ppo,2,6524,-10.0
ppo,2,6525,-10.0
ppo,2,6534,-10.0
ppo,2,6539,-10.0
ppo,2,6540,-10.0
ppo,2,6541,-10.0
ppo,2,6542,-10.0
ppo,2,6544,-10.0
ppo,2,6545,-10.0
ppo,2,6547,-10.0
ppo,2,6550,-10.0
ppo,2,6554,-10.0
ppo,2,6555,-10.0
ppo,2,6558,-10.0
ppo,2,6559,-10.0
ppo,2,6560,-10.0
ppo,2,6563,-10.0
ppo,2,6564,-53.4
ppo,2,6566,-10.0
ppo,2,6567,-10.0
ppo,2,6569,-10.0
ppo,2,6576,-10.0
ppo,2,6577,-10.0
ppo,2,6578,-10.0
ppo,2,6580,-10.0
ppo,2,6582,-10.0
ppo,2,6584,-10.0
ppo,2,6585,-10.0
ppo,2,6586,-10.0
ppo,2,6589,-10.0
ppo,2,6592,-10.0
ppo,2,6593,-10.0
ppo,2,6594,-10.0
ppo,2,6597,-10.0
ppo,2,6599,-10.0
ppo,2,6602,-10.0
ppo,2,6603,-10.0
ppo,2,6605,-10.0
ppo,2,6608,-10.0
ppo,2,6609,-10.0
ppo,2,6611,-10.0
ppo,2,6617,-10.0
ppo,2,6619,-10.0
ppo,2,6624,-10.0
ppo,2,6625,-10.0
ppo,2,6626,-10.0
ppo,2,6628,-10.0
ppo,2,6631,-10.0
ppo,2,6632,-10.0
ppo,2,6633,-10.0
ppo,2,6634,-10.0
ppo,2,6640,-10.0
ppo,2,6641,-10.0
ppo,2,6643,-10.0
ppo,2,6644,-10.0
ppo,2,6645,-10.0
ppo,2,6646,-10.0
ppo,2,6647,-10.0
ppo,2,6648,-10.0
ppo,2,6651,-10.0
ppo,2,6652,-10.0
ppo,2,6653,-10.0
ppo,2,6656,-10.0
ppo,2,6657,-10.0
ppo,2,6658,-10.0
ppo,2,6659,-10.0
ppo,2,6665,-10.0
ppo,2,6666,-10.0
ppo,2,6668,-10.0
ppo,2,6669,-10.0
ppo,2,6671,-10.0
ppo,2,6672,-10.0
ppo,2,6673,-10.0
ppo,2,6677,-10.0
ppo,2,6680,-10.0
ppo,2,6681,-10.0
ppo,2,6684,-10.0
ppo,2,6685,-10.0
ppo,2,6690,-10.0
ppo,2,6691,-10.0
ppo,2,6692,-10.0
ppo,2,6693,-10.0
ppo,2,6694,-10.0
ppo,2,6695,-10.0
ppo,2,6696,-10.0
ppo,2,6697,-10.0
ppo,2,6703,-10.0
ppo,2,6704,-10.0
ppo,2,6705,-10.0
ppo,2,6706,-10.0
ppo,2,6707,-10.0
ppo,2,6708,-10.0
ppo,2,6709,-10.0
ppo,2,6710,-10.0
ppo,2,6712,-10.0
ppo,2,6713,-10.0
ppo,2,6715,-10.0
ppo,2,6721,-10.0
ppo,2,6723,-10.0
ppo,2,6724,-10.0
ppo,2,6725,-10.0
ppo,2,6726,-32.1
ppo,2,6728,-10.0
ppo,2,6729,-10.0
ppo,2,6730,-10.0
ppo,2,6731,-10.0
ppo,2,6737,-10.0
ppo,2,6738,-10.0
ppo,2,6739,-10.0
ppo,2,6740,-10.0
ppo,2,6741,-10.0
ppo,2,6742,-10.0
ppo,2,6743,-10.0
ppo,2,6744,-10.0
ppo,2,6746,-10.0
ppo,2,6748,-10.0
ppo,2,6749,-10.0
ppo,2,6750,-10.0
ppo,2,6751,-10.0
ppo,2,6752,-10.0
ppo,2,6753,-10.0
ppo,2,6754,-10.0
ppo,2,6755,-10.0
ppo,2,6757,-10.0
ppo,2,6758,-10.0
ppo,2,6759,-10.0
ppo,2,6763,-10.0
ppo,2,6765,-10.0
ppo,2,6766,-10.0
ppo,2,6767,-10.0
ppo,2,6768,-10.0
ppo,2,6770,-10.0
ppo,2,6771,-10.0
ppo,2,6774,-10.0
ppo,2,6776,-10.0
ppo,2,6777,-10.0
ppo,2,6778,-38.4
ppo,2,6780,-10.0
ppo,2,6782,-10.0
ppo,2,6785,-10.0
ppo,2,6786,-10.0
ppo,2,6789,-10.0
ppo,2,6791,-10.0
ppo,2,6794,-10.0
ppo,2,6796,-10.0
ppo,2,6800,-10.0
ppo,2,6801,-10.0
ppo,2,6802,-10.0
ppo,2,6803,-10.0
ppo,2,6804,-10.0
ppo,2,6805,-10.0
ppo,2,6806,-10.0
ppo,2,6808,-10.0
ppo,2,6809,-10.0
ppo,2,6810,-10.0
ppo,2,6813,-10.0
ppo,2,6816,-10.0
ppo,2,6818,-10.0
ppo,2,6822,-10.0
ppo,2,6823,-10.0
ppo,2,6824,-10.0
ppo,2,6825,-10.0
ppo,2,6826,-10.0
ppo,2,6827,-10.0
ppo,2,6829,-10.0
ppo,2,6830,-10.0
ppo,2,6831,-10.0
ppo,2,6832,-10.0
ppo,2,6837,-10.0
ppo,2,6838,-10.0
ppo,2,6839,-10.0
ppo,2,6840,-10.0
ppo,2,6843,-10.0
ppo,2,6845,-10.0
ppo,2,6847,-10.0
ppo,2,6849,-10.0
ppo,2,6850,-10.0
ppo,2,6853,-10.0
ppo,2,6854,-10.0
ppo,2,6855,-10.0
ppo,2,6859,-10.0
ppo,2,6860,-10.0
ppo,2,6864,-10.0
ppo,2,6867,-10.0
ppo,2,6868,-10.0
ppo,2,6870,-10.0
ppo,2,6871,-10.0
ppo,2,6875,-10.0
ppo,2,6879,-10.0
ppo,2,6880,-10.0
ppo,2,6881,-10.0
ppo,2,6882,-10.0
ppo,2,6883,-10.0
ppo,2,6884,-10.0
ppo,2,6885,-10.0
ppo,2,6886,-10.0
ppo,2,6887,-43.5
ppo,2,6890,-10.0
ppo,2,6891,-10.0
ppo,2,6892,-10.0
ppo,2,6893,-10.0
ppo,2,6894,-10.0
ppo,2,6895,-10.0
ppo,2,6896,-10.0
ppo,2,6897,-10.0
ppo,2,6898,-10.0
ppo,2,6899,-10.0
ppo,2,6900,-10.0
ppo,2,6904,-10.0
ppo,2,6905,-10.0
ppo,2,6906,-10.0
ppo,2,6909,-10.0
ppo,2,6911,-10.0
ppo,2,6912,-10.0
ppo,2,6914,-10.0
ppo,2,6915,-10.0
ppo,2,6916,-10.0
ppo,2,6917,-10.0
ppo,2,6920,-10.0
ppo,2,6921,-10.0
ppo,2,6922,-10.0
ppo,2,6923,-10.0
ppo,2,6924,-10.0
ppo,2,6927,-10.0
ppo,2,6928,-10.0
ppo,2,6929,-10.0
ppo,2,6930,-10.0
ppo,2,6931,-10.0
ppo,2,6935,-10.0
ppo,2,6937,-10.0
ppo,2,6939,-10.0
ppo,2,6940,-10.0
ppo,2,6942,-10.0
ppo,2,6944,-10.0
ppo,2,6945,-10.0
ppo,2,6946,-10.0
ppo,2,6948,-10.0
ppo,2,6949,-10.0
ppo,2,6951,-10.0
ppo,2,6952,-10.0
ppo,2,6954,-10.0
ppo,2,6958,-10.0
ppo,2,6962,-10.0
ppo,2,6964,-10.0
ppo,2,6965,-10.0
ppo,2,6966,-10.0
ppo,2,6967,-10.0
ppo,2,6968,-10.0
ppo,2,6971,-10.0
ppo,2,6973,-10.0
ppo,2,6976,-10.0
ppo,2,6977,-10.0
ppo,2,6978,-10.0
ppo,2,6980,-10.0
ppo,2,6982,-10.0
ppo,2,6984,-10.0
ppo,2,6987,-10.0
ppo,2,6988,-10.0
ppo,2,6991,-10.0
ppo,2,6992,-10.0
ppo,2,6993,-10.0
ppo,2,6994,-10.0
ppo,2,6996,-10.0
ppo,2,6997,-10.0
ppo,2,6998,-10.0
ppo,2,6999,-10.0
ppo,2,7000,-10.0
ppo,2,7004,-10.0
ppo,2,7005,-10.0
ppo,2,7006,-42.6
ppo,2,7008,-10.0
ppo,2,7009,-10.0
ppo,2,7010,-10.0
ppo,2,7012,-10.0
ppo,2,7014,-10.0
ppo,2,7016,-39.9
ppo,2,7017,-10.0
ppo,2,7018,-10.0
ppo,2,7019,-10.0
ppo,2,7021,-10.0
ppo,2,7022,-10.0
ppo,2,7023,-10.0
ppo,2,7026,-10.0
ppo,2,7029,-10.0
ppo,2,7030,-10.0
ppo,2,7031,-10.0
ppo,2,7032,-10.0
ppo,2,7034,-10.0
ppo,2,7035,-10.0
ppo,2,7036,-10.0
ppo,2,7038,-10.0
ppo,2,7040,-10.0
ppo,2,7042,-10.0
ppo,2,7043,-10.0
ppo,2,7045,-10.0
ppo,2,7046,-10.0
ppo,2,7048,-10.0
ppo,2,7049,-10.0
ppo,2,7051,-10.0
ppo,2,7054,-10.0
ppo,2,7055,-10.0
ppo,2,7057,-10.0
ppo,2,7058,-10.0
ppo,2,7059,-10.0
ppo,2,7065,-10.0
ppo,2,7067,-10.0
ppo,2,7068,-10.0
ppo,2,7069,-10.0
ppo,2,7070,-10.0
ppo,2,7075,-10.0
ppo,2,7076,-10.0
ppo,2,7077,-10.0
ppo,2,7078,-10.0
ppo,2,7080,-10.0
ppo,2,7081,-10.0
ppo,2,7082,-10.0
ppo,2,7085,-10.0
ppo,2,7090,-10.0
ppo,2,7091,-10.0
ppo,2,7092,-10.0
ppo,2,7097,-10.0
ppo,2,7099,-10.0
ppo,2,7102,-10.0
ppo,2,7103,-10.0
ppo,2,7104,-10.0
ppo,2,7106,-10.0
ppo,2,7108,-10.0
ppo,2,7109,-10.0
ppo,2,7110,-10.0
ppo,2,7111,-10.0
ppo,2,7112,-10.0
ppo,2,7116,-10.0
ppo,2,7118,-10.0
ppo,2,7119,-10.0
ppo,2,7121,-10.0
ppo,2,7125,-10.0
ppo,2,7126,-10.0
ppo,2,7127,-10.0
ppo,2,7128,-10.0
ppo,2,7129,-10.0
ppo,2,7130,-10.0
ppo,2,7131,-10.0
ppo,2,7132,-10.0
ppo,2,7134,-10.0
ppo,2,7138,-10.0
ppo,2,7140,-10.0
ppo,2,7142,-10.0
ppo,2,7143,-10.0
ppo,2,7144,-10.0
ppo,2,7147,-10.0
ppo,2,7148,-10.0
ppo,2,7149,-10.0
ppo,2,7150,-10.0
ppo,2,7151,-10.0
ppo,2,7152,-10.0
ppo,2,7153,-10.0
ppo,2,7154,-10.0
ppo,2,7155,-10.0
ppo,2,7160,-10.0
ppo,2,7161,-10.0
ppo,2,7162,-10.0
ppo,2,7164,-10.0
ppo,2,7167,-10.0
ppo,2,7168,-10.0
ppo,2,7170,-10.0
ppo,2,7172,-10.0
ppo,2,7174,-10.0
ppo,2,7175,-10.0
ppo,2,7179,-10.0
ppo,2,7180,-10.0
ppo,2,7184,-10.0
ppo,2,7187,-10.0
ppo,2,7190,-10.0
ppo,2,7193,-10.0
ppo,2,7195,-10.0
ppo,2,7196,-10.0
ppo,2,7197,-10.0
ppo,2,7199,-10.0
ppo,2,7200,-10.0
ppo,2,7201,-10.0
ppo,2,7203,-10.0
ppo,2,7204,-10.0
ppo,2,7208,-10.0
ppo,2,7209,-10.0
ppo,2,7211,-10.0
ppo,2,7213,-10.0
ppo,2,7215,-10.0
ppo,2,7217,-10.0
ppo,2,7218,-10.0
ppo,2,7219,-10.0
ppo,2,7220,-10.0
ppo,2,7224,-10.0
ppo,2,7225,-10.0
ppo,2,7226,-38.1
ppo,2,7227,-10.0
ppo,2,7228,-34.2
ppo,2,7229,-10.0
ppo,2,7230,-10.0
ppo,2,7231,-10.0
ppo,2,7232,-10.0
ppo,2,7234,-10.0
ppo,2,7235,-10.0
ppo,2,7237,-10.0
ppo,2,7238,-10.0
ppo,2,7242,-10.0
ppo,2,7243,-10.0
ppo,2,7245,-10.0
ppo,2,7250,-10.0
ppo,2,7251,-10.0
ppo,2,7253,-10.0
ppo,2,7254,-10.0
ppo,2,7255,-10.0
ppo,2,7257,-10.0
ppo,2,7259,-10.0
ppo,2,7260,-10.0
ppo,2,7261,-10.0
ppo,2,7263,-10.0
ppo,2,7264,-10.0
ppo,2,7265,-29.7
ppo,2,7266,-10.0
ppo,2,7267,-10.0
ppo,2,7269,-10.0
ppo,2,7274,-10.0
ppo,2,7275,-10.0
ppo,2,7276,-10.0
ppo,2,7277,-10.0
ppo,2,7278,-10.0
ppo,2,7279,-10.0
ppo,2,7280,-10.0
ppo,2,7282,-10.0
ppo,2,7283,-10.0
ppo,2,7284,-10.0
ppo,2,7285,-38.7
ppo,2,7286,-10.0
ppo,2,7288,-10.0
ppo,2,7289,-10.0
ppo,2,7292,-10.0
ppo,2,7293,-10.0
ppo,2,7294,-10.0
ppo,2,7296,-10.0
ppo,2,7299,-10.0
ppo,2,7300,-10.0
ppo,2,7303,-10.0
ppo,2,7306,-10.0
ppo,2,7307,-10.0
ppo,2,7308,-10.0
ppo,2,7311,-10.0
ppo,2,7313,-10.0
ppo,2,7314,-10.0
ppo,2,7315,-10.0
ppo,2,7318,-10.0
ppo,2,7321,-10.0
ppo,2,7322,-10.0
ppo,2,7323,-10.0
ppo,2,7324,-10.0
ppo,2,7325,-10.0
ppo,2,7327,-10.0
ppo,2,7330,-10.0
ppo,2,7331,-10.0
ppo,2,7332,-10.0
ppo,2,7334,-10.0
ppo,2,7335,-10.0
ppo,2,7339,-10.0
ppo,2,7340,-10.0
ppo,2,7341,-10.0
ppo,2,7342,-10.0
ppo,2,7344,-10.0
ppo,2,7346,-10.0
ppo,2,7347,-10.0
ppo,2,7349,-10.0
ppo,2,7350,-10.0
ppo,2,7351,-10.0
ppo,2,7352,-10.0
ppo,2,7353,-10.0
ppo,2,7356,-10.0
ppo,2,7358,-10.0
ppo,2,7359,-87.0
ppo,2,7363,-10.0
ppo,2,7364,-10.0
ppo,2,7365,-10.0
ppo,2,7367,-10.0
ppo,2,7369,-10.0
ppo,2,7370,-10.0
ppo,2,7372,-10.0
ppo,2,7374,-10.0
ppo,2,7375,-10.0
ppo,2,7378,-10.0
ppo,2,7379,-10.0
ppo,2,7380,-10.0
ppo,2,7381,-10.0
ppo,2,7382,-10.0
ppo,2,7383,-10.0
ppo,2,7385,-10.0
ppo,2,7388,-10.0
ppo,2,7389,-10.0
ppo,2,7390,-10.0
ppo,2,7391,-10.0
ppo,2,7392,-10.0
ppo,2,7394,-10.0
ppo,2,7395,-10.0
ppo,2,7396,-10.0
ppo,2,7397,-10.0
ppo,2,7398,-10.0
ppo,2,7400,-10.0
ppo,2,7401,-10.0
ppo,2,7402,-10.0
ppo,2,7403,-10.0
ppo,2,7405,-10.0
ppo,2,7408,-10.0
ppo,2,7409,-10.0
ppo,2,7410,-10.0
ppo,2,7411,-10.0
ppo,2,7412,-10.0
ppo,2,7413,-10.0
ppo,2,7414,-10.0
ppo,2,7415,-10.0
ppo,2,7417,-10.0
ppo,2,7418,-10.0
ppo,2,7419,-10.0
ppo,2,7421,-45.0
ppo,2,7422,-10.0
ppo,2,7427,-10.0
ppo,2,7428,-10.0
ppo,2,7430,-10.0
ppo,2,7431,-10.0
ppo,2,7436,-10.0
ppo,2,7437,-10.0
ppo,2,7438,-10.0
ppo,2,7439,-10.0
ppo,2,7440,-10.0
ppo,2,7441,-10.0
ppo,2,7442,-10.0
ppo,2,7443,-10.0
ppo,2,7444,-10.0
ppo,2,7445,-10.0
ppo,2,7446,-10.0
ppo,2,7447,-10.0
ppo,2,7448,-10.0
ppo,2,7450,-10.0
ppo,2,7451,-10.0
ppo,2,7453,-10.0
ppo,2,7454,-10.0
ppo,2,7455,-10.0
ppo,2,7458,-10.0
ppo,2,7460,-10.0
ppo,2,7462,-10.0
ppo,2,7465,-10.0
ppo,2,7468,-10.0
ppo,2,7470,-10.0
ppo,2,7471,-10.0
ppo,2,7472,-10.0
ppo,2,7473,-10.0
ppo,2,7474,-10.0
ppo,2,7475,-10.0
ppo,2,7480,-24.6
ppo,2,7482,-10.0
ppo,2,7484,-10.0
ppo,2,7486,-10.0
ppo,2,7487,-10.0
ppo,2,7488,-10.0
ppo,2,7490,-10.0
ppo,2,7491,-47.1
ppo,2,7492,-10.0
ppo,2,7494,-10.0
ppo,2,7495,-10.0
ppo,2,7496,-10.0
ppo,2,7497,-10.0
ppo,2,7498,-10.0
ppo,2,7499,-10.0
ppo,2,7500,-10.0
ppo,2,7501,-10.0
ppo,2,7505,-10.0
ppo,2,7507,-10.0
ppo,2,7510,-10.0
ppo,2,7511,-10.0
ppo,2,7514,-10.0
ppo,2,7515,-10.0
ppo,2,7522,-10.0
ppo,2,7523,-10.0
ppo,2,7525,-10.0
ppo,2,7526,-10.0
ppo,2,7527,-10.0
ppo,2,7529,-10.0
ppo,2,7531,-10.0
ppo,2,7532,-10.0
ppo,2,7533,-10.0
ppo,2,7534,-49.8
ppo,2,7535,-10.0
ppo,2,7536,-10.0
ppo,2,7537,-10.0
ppo,2,7539,-10.0
ppo,2,7540,-10.0
ppo,2,7541,-10.0
ppo,2,7542,-10.0
ppo,2,7543,-10.0
ppo,2,7544,-10.0
ppo,2,7546,-10.0
ppo,2,7547,-10.0
ppo,2,7548,-10.0
ppo,2,7552,-10.0
ppo,2,7553,-10.0
ppo,2,7554,-10.0
ppo,2,7556,-10.0
ppo,2,7559,-10.0
ppo,2,7562,-10.0
ppo,2,7563,-10.0
ppo,2,7564,-10.0
ppo,2,7565,-10.0
ppo,2,7566,-10.0
ppo,2,7567,-10.0
ppo,2,7570,-10.0
ppo,2,7571,-10.0
ppo,2,7575,-10.0
ppo,2,7576,-10.0
ppo,2,7577,-10.0
ppo,2,7579,-10.0
ppo,2,7580,-10.0
ppo,2,7581,-10.0
ppo,2,7582,-10.0
ppo,2,7583,-10.0
ppo,2,7588,-10.0
ppo,2,7589,-10.0
ppo,2,7590,-38.7
ppo,2,7591,-10.0
ppo,2,7596,-10.0
ppo,2,7597,-10.0
ppo,2,7598,-10.0
ppo,2,7601,-10.0
ppo,2,7602,-10.0
ppo,2,7603,-10.0
ppo,2,7604,-10.0
ppo,2,7605,-10.0
ppo,2,7606,-10.0
ppo,2,7607,-10.0
ppo,2,7609,-10.0
ppo,2,7610,-10.0
ppo,2,7611,-10.0
ppo,2,7612,-10.0
ppo,2,7613,-10.0
ppo,2,7615,-10.0
ppo,2,7616,-10.0
ppo,2,7617,-10.0
ppo,2,7618,-10.0
ppo,2,7619,-10.0
ppo,2,7621,-10.0
ppo,2,7622,-10.0
ppo,2,7624,-10.0
ppo,2,7625,-10.0
ppo,2,7626,-10.0
ppo,2,7629,-10.0
ppo,2,7631,-10.0
ppo,2,7632,-10.0
ppo,2,7634,-10.0
ppo,2,7635,-10.0
ppo,2,7639,-10.0
ppo,2,7640,-10.0
ppo,2,7641,-10.0
ppo,2,7643,-10.0
ppo,2,7647,-10.0
ppo,2,7648,-10.0
ppo,2,7649,-10.0
ppo,2,7650,-10.0
ppo,2,7651,-10.0
ppo,2,7653,-10.0
ppo,2,7654,-10.0
ppo,2,7655,-10.0
ppo,2,7656,-10.0
ppo,2,7658,-10.0
ppo,2,7660,-10.0
ppo,2,7661,-10.0
ppo,2,7663,-10.0
ppo,2,7664,-10.0
ppo,2,7665,-10.0
ppo,2,7666,-10.0
ppo,2,7668,-10.0
ppo,2,7669,-10.0
ppo,2,7671,-10.0
ppo,2,7672,-10.0
ppo,2,7673,-10.0
ppo,2,7674,-10.0
ppo,2,7684,-10.0
ppo,2,7685,-10.0
ppo,2,7687,-10.0
ppo,2,7688,-10.0
ppo,2,7689,-10.0
ppo,2,7694,-10.0
ppo,2,7696,-10.0
ppo,2,7697,-10.0
ppo,2,7699,-10.0
ppo,2,7700,-10.0
ppo,2,7701,-10.0
ppo,2,7702,-10.0
ppo,2,7703,-10.0
ppo,2,7705,-10.0
ppo,2,7708,-10.0
ppo,2,7709,-10.0
ppo,2,7710,-10.0
ppo,2,7714,-10.0
ppo,2,7716,-10.0
ppo,2,7718,-10.0
ppo,2,7723,-10.0
ppo,2,7724,-10.0
ppo,2,7725,-10.0
ppo,2,7727,-10.0
ppo,2,7728,-10.0
ppo,2,7729,-10.0
ppo,2,7731,-10.0
ppo,2,7732,-10.0
ppo,2,7733,-10.0
ppo,2,7734,-10.0
ppo,2,7735,-10.0
ppo,2,7736,-10.0
ppo,2,7737,-10.0
ppo,2,7743,-10.0
ppo,2,7745,-10.0
ppo,2,7746,-10.0
ppo,2,7747,-10.0
ppo,2,7751,-10.0
ppo,2,7753,-10.0
ppo,2,7754,-10.0
ppo,2,7756,-10.0
ppo,2,7757,-10.0
ppo,2,7758,-10.0
ppo,2,7760,-10.0
ppo,2,7763,-10.0
ppo,2,7766,-10.0
ppo,2,7768,-10.0
ppo,2,7769,-10.0
ppo,2,7773,-10.0
ppo,2,7774,-10.0
ppo,2,7775,-10.0
ppo,2,7777,-10.0
ppo,2,7778,-10.0
ppo,2,7779,-10.0
ppo,2,7781,-10.0
ppo,2,7784,-10.0
ppo,2,7785,-10.0
ppo,2,7791,-10.0
ppo,2,7792,-10.0
ppo,2,7793,-10.0
ppo,2,7796,-10.0
ppo,2,7798,-10.0
ppo,2,7799,-48.6
ppo,2,7800,-10.0
ppo,2,7802,-10.0
ppo,2,7806,-10.0
ppo,2,7807,-10.0
ppo,2,7809,-10.0
ppo,2,7810,-10.0
ppo,2,7811,-10.0
ppo,2,7812,-10.0
ppo,2,7815,-10.0
ppo,2,7816,-10.0
ppo,2,7817,-10.0
ppo,2,7818,-10.0
ppo,2,7820,-10.0
ppo,2,7821,-10.0
ppo,2,7822,-10.0
ppo,2,7823,-10.0
ppo,2,7825,-10.0
ppo,2,7826,-10.0
ppo,2,7828,-10.0
ppo,2,7829,-10.0
ppo,2,7832,-10.0
ppo,2,7833,-10.0
ppo,2,7836,-10.0
ppo,2,7841,-10.0
ppo,2,7842,-10.0
ppo,2,7844,-10.0
ppo,2,7845,-10.0
ppo,2,7846,-10.0
ppo,2,7847,-10.0
ppo,2,7848,-10.0
ppo,2,7850,-10.0
ppo,2,7853,-10.0
ppo,2,7854,-10.0
ppo,2,7855,-10.0
ppo,2,7856,-10.0
ppo,2,7857,-10.0
ppo,2,7858,-10.0
ppo,2,7859,-10.0
ppo,2,7860,-10.0
ppo,2,7861,-10.0
ppo,2,7864,-10.0
ppo,2,7865,-10.0
ppo,2,7867,-10.0
ppo,2,7868,-10.0
ppo,2,7869,-10.0
ppo,2,7870,-10.0
ppo,2,7871,-10.0
ppo,2,7872,-10.0
ppo,2,7873,-10.0
ppo,2,7874,-10.0
ppo,2,7875,-10.0
ppo,2,7876,-10.0
ppo,2,7877,-10.0
ppo,2,7879,-10.0
ppo,2,7881,-10.0
ppo,2,7882,-10.0
ppo,2,7884,-10.0
ppo,2,7885,-10.0
ppo,2,7888,-10.0
ppo,2,7890,-10.0
ppo,2,7891,-10.0
ppo,2,7895,-10.0
ppo,2,7896,-10.0
ppo,2,7897,-10.0
ppo,2,7899,-10.0
ppo,2,7903,-10.0
ppo,2,7904,-10.0
ppo,2,7905,-10.0
ppo,2,7907,-10.0
ppo,2,7908,-10.0
ppo,2,7909,-10.0
ppo,2,7911,-10.0
ppo,2,7913,-10.0
ppo,2,7914,-10.0
ppo,2,7915,-10.0
ppo,2,7916,-10.0
ppo,2,7917,-10.0
ppo,2,7918,-10.0
ppo,2,7921,-10.0
ppo,2,7924,-10.0
ppo,2,7925,-10.0
ppo,2,7926,-10.0
ppo,2,7927,-10.0
ppo,2,7928,-10.0
ppo,2,7929,-10.0
ppo,2,7930,-10.0
ppo,2,7931,-10.0
ppo,2,7934,-10.0
ppo,2,7935,-10.0
ppo,2,7937,-10.0
ppo,2,7939,-10.0
ppo,2,7941,-10.0
ppo,2,7943,-10.0
ppo,2,7944,-10.0
ppo,2,7946,-10.0
ppo,2,7948,-10.0
ppo,2,7950,-10.0
ppo,2,7952,-10.0
ppo,2,7953,-10.0
ppo,2,7954,-10.0
ppo,2,7955,-10.0
ppo,2,7956,-10.0
ppo,2,7958,-10.0
ppo,2,7960,-10.0
ppo,2,7961,-10.0
ppo,2,7962,-10.0
ppo,2,7963,-10.0
ppo,2,7965,-10.0
ppo,2,7967,-10.0
ppo,2,7969,-10.0
ppo,2,7972,-10.0
ppo,2,7974,-10.0
ppo,2,7975,-10.0
ppo,2,7977,-10.0
ppo,2,7978,-10.0
ppo,2,7983,-10.0
ppo,2,7985,-10.0
ppo,2,7987,-10.0
ppo,2,7990,-10.0
ppo,2,7993,-92.7
ppo,2,7995,-10.0
ppo,2,7996,-10.0
ppo,2,7998,-10.0
ppo,2,8000,-10.0
ppo,2,8001,-10.0
ppo,2,8003,-10.0
ppo,2,8004,-10.0
ppo,2,8006,-10.0
ppo,2,8009,-10.0
ppo,2,8010,-10.0
ppo,2,8011,-10.0
ppo,2,8012,-10.0
ppo,2,8013,-10.0
ppo,2,8014,-10.0
ppo,2,8016,-10.0
ppo,2,8019,-10.0
ppo,2,8020,-10.0
ppo,2,8021,-53.7
ppo,2,8023,-10.0
ppo,2,8026,-10.0
ppo,2,8028,-10.0
ppo,2,8029,-10.0
ppo,2,8030,-10.0
ppo,2,8031,-10.0
ppo,2,8032,-10.0
ppo,2,8033,-10.0
ppo,2,8034,-10.0
ppo,2,8035,-10.0
ppo,2,8037,-10.0
ppo,2,8040,-10.0
ppo,2,8041,-10.0
ppo,2,8042,-10.0
ppo,2,8044,-10.0
ppo,2,8047,-10.0
ppo,2,8051,-10.0
ppo,2,8054,-10.0
ppo,2,8060,-10.0
ppo,2,8061,-10.0
ppo,2,8064,-10.0
ppo,2,8065,-10.0
ppo,2,8067,-10.0
ppo,2,8068,-10.0
ppo,2,8069,-10.0
ppo,2,8070,-10.0
ppo,2,8072,-10.0
ppo,2,8074,-10.0
ppo,2,8077,-37.5
ppo,2,8078,-10.0
ppo,2,8079,-10.0
ppo,2,8080,-10.0
ppo,2,8082,-10.0
ppo,2,8083,-10.0
ppo,2,8089,-10.0
ppo,2,8090,-10.0
ppo,2,8091,-10.0
ppo,2,8092,-10.0
ppo,2,8093,-10.0
ppo,2,8094,-10.0
ppo,2,8095,-10.0
ppo,2,8096,-10.0
ppo,2,8105,-10.0
ppo,2,8107,-10.0
ppo,2,8108,-10.0
ppo,2,8109,-10.0
ppo,2,8112,-10.0
ppo,2,8113,-10.0
ppo,2,8114,-10.0
ppo,2,8115,-10.0
ppo,2,8116,-10.0
ppo,2,8117,-10.0
ppo,2,8118,-10.0
ppo,2,8119,-10.0
ppo,2,8120,-10.0
ppo,2,8122,-10.0
ppo,2,8128,-10.0
ppo,2,8130,-10.0
ppo,2,8131,-10.0
ppo,2,8132,-10.0
ppo,2,8136,-10.0
ppo,2,8139,-10.0
ppo,2,8142,-10.0
ppo,2,8144,-10.0
ppo,2,8145,-10.0
ppo,2,8146,-10.0
ppo,2,8148,-10.0
ppo,2,8149,-10.0
ppo,2,8150,-10.0
ppo,2,8152,-10.0
ppo,2,8153,-10.0
ppo,2,8154,-10.0
ppo,2,8157,-10.0
ppo,2,8165,-10.0
ppo,2,8166,-10.0
ppo,2,8167,-10.0
ppo,2,8168,-10.0
ppo,2,8169,-36.9
ppo,2,8170,-10.0
ppo,2,8173,-10.0
ppo,2,8175,-10.0
ppo,2,8176,-10.0
ppo,2,8178,-10.0
ppo,2,8179,-10.0
ppo,2,8180,-10.0
ppo,2,8183,-10.0
ppo,2,8184,-10.0
ppo,2,8185,-10.0
ppo,2,8186,-10.0
ppo,2,8188,-10.0
ppo,2,8189,-10.0
ppo,2,8191,-10.0
ppo,2,8192,-10.0
ppo,2,8195,-10.0
ppo,2,8199,-10.0
ppo,2,8201,-10.0
ppo,2,8203,-10.0
ppo,2,8204,-10.0
ppo,2,8205,-10.0
ppo,2,8206,-10.0
ppo,2,8207,-10.0
ppo,2,8208,-10.0
ppo,2,8209,-10.0
ppo,2,8210,-10.0
ppo,2,8211,-10.0
ppo,2,8212,-10.0
ppo,2,8213,-10.0
ppo,2,8214,-10.0
ppo,2,8215,-10.0
ppo,2,8217,-10.0
ppo,2,8219,-10.0
ppo,2,8220,-10.0
ppo,2,8221,-10.0
ppo,2,8222,-10.0
ppo,2,8223,-10.0
ppo,2,8225,-10.0
ppo,2,8226,-10.0
ppo,2,8227,-10.0
ppo,2,8228,-10.0
ppo,2,8229,-10.0
ppo,2,8230,-10.0
ppo,2,8232,-10.0
ppo,2,8233,-10.0
ppo,2,8234,-10.0
ppo,2,8235,-10.0
ppo,2,8236,-10.0
ppo,2,8237,-10.0
ppo,2,8238,-10.0
ppo,2,8240,-10.0
ppo,2,8241,-10.0
ppo,2,8242,-10.0
ppo,2,8244,-10.0
ppo,2,8245,-10.0
ppo,2,8247,-10.0
ppo,2,8248,-10.0
ppo,2,8249,-10.0
ppo,2,8250,-10.0
ppo,2,8251,-10.0
ppo,2,8252,-10.0
ppo,2,8253,-10.0
ppo,2,8256,-48.0
ppo,2,8259,-10.0
ppo,2,8260,-10.0
ppo,2,8262,-10.0
ppo,2,8263,-10.0
ppo,2,8264,-10.0
ppo,2,8265,-10.0
ppo,2,8266,-10.0
ppo,2,8268,-10.0
ppo,2,8269,-10.0
ppo,2,8270,-10.0
ppo,2,8271,-10.0
ppo,2,8273,-10.0
ppo,2,8274,-10.0
ppo,2,8276,-10.0
ppo,2,8277,-10.0
ppo,2,8278,-10.0
ppo,2,8279,-10.0
ppo,2,8280,-10.0
ppo,2,8281,-10.0
ppo,2,8282,-10.0
ppo,2,8283,-10.0
ppo,2,8284,-10.0
ppo,2,8285,-10.0
ppo,2,8288,-10.0
ppo,2,8290,-10.0
ppo,2,8291,-10.0
ppo,2,8292,-10.0
ppo,2,8293,-10.0
ppo,2,8294,-10.0
ppo,2,8295,-10.0
ppo,2,8296,-10.0
ppo,2,8297,-10.0
ppo,2,8298,-10.0
ppo,2,8299,-10.0
ppo,2,8300,-10.0
ppo,2,8301,-10.0
ppo,2,8304,-10.0
ppo,2,8305,-10.0
ppo,2,8306,-10.0
ppo,2,8308,-10.0
ppo,2,8309,-10.0
ppo,2,8310,-10.0
ppo,2,8311,-10.0
ppo,2,8312,-10.0
ppo,2,8314,-10.0
ppo,2,8316,-56.4
ppo,2,8317,-10.0
ppo,2,8318,-10.0
ppo,2,8319,-10.0
ppo,2,8320,-10.0
ppo,2,8321,-10.0
ppo,2,8322,-10.0
ppo,2,8323,-10.0
ppo,2,8325,-10.0
ppo,2,8326,-10.0
ppo,2,8327,-10.0
ppo,2,8328,-10.0
ppo,2,8329,-10.0
ppo,2,8330,-10.0
ppo,2,8331,-10.0
ppo,2,8332,-10.0
ppo,2,8333,-10.0
ppo,2,8335,-10.0
ppo,2,8337,-10.0
ppo,2,8339,-10.0
ppo,2,8340,-10.0
ppo,2,8341,-10.0
ppo,2,8342,-10.0
ppo,2,8343,-10.0
ppo,2,8344,-10.0
ppo,2,8345,-10.0
ppo,2,8346,-10.0
ppo,2,8347,-10.0
ppo,2,8348,-10.0
ppo,2,8350,-10.0
ppo,2,8351,-10.0
ppo,2,8352,-10.0
ppo,2,8354,-10.0
ppo,2,8355,-10.0
ppo,2,8356,-10.0
ppo,2,8357,-10.0
ppo,2,8358,-10.0
ppo,2,8360,-10.0
ppo,2,8361,-10.0
ppo,2,8363,-10.0
ppo,2,8365,-10.0
ppo,2,8367,-10.0
ppo,2,8369,-10.0
ppo,2,8370,-10.0
ppo,2,8371,-10.0
ppo,2,8373,-10.0
ppo,2,8374,-10.0
ppo,2,8375,-10.0
ppo,2,8377,-10.0
ppo,2,8379,-10.0
ppo,2,8380,-10.0
ppo,2,8382,-10.0
ppo,2,8383,-10.0
ppo,2,8384,-10.0
ppo,2,8385,-10.0
ppo,2,8386,-10.0
ppo,2,8387,-10.0
ppo,2,8388,-10.0
ppo,2,8389,-10.0
ppo,2,8390,-10.0
ppo,2,8391,-10.0
ppo,2,8392,-10.0
ppo,2,8394,-10.0
ppo,2,8397,-30.0
ppo,2,8399,-10.0
ppo,2,8400,-10.0
ppo,2,8405,-10.0
ppo,2,8406,-10.0
ppo,2,8408,-10.0
ppo,2,8411,-10.0
ppo,2,8412,-10.0
ppo,2,8413,-10.0
ppo,2,8415,-10.0
ppo,2,8416,-10.0
ppo,2,8417,-10.0
ppo,2,8418,-10.0
ppo,2,8421,-10.0
ppo,2,8422,-10.0
ppo,2,8424,-10.0
ppo,2,8427,-10.0
ppo,2,8432,-10.0
ppo,2,8433,-10.0
ppo,2,8434,-10.0
ppo,2,8435,-10.0
ppo,2,8436,-10.0
ppo,2,8438,-10.0
ppo,2,8440,-10.0
ppo,2,8442,-10.0
ppo,2,8443,-10.0
ppo,2,8446,-10.0
ppo,2,8447,-10.0
ppo,2,8448,-10.0
ppo,2,8449,-10.0
ppo,2,8450,-10.0
ppo,2,8451,-10.0
ppo,2,8452,-10.0
ppo,2,8453,-10.0
ppo,2,8454,-10.0
ppo,2,8456,-10.0
ppo,2,8457,-10.0
ppo,2,8458,-10.0
ppo,2,8459,-10.0
ppo,2,8460,-10.0
ppo,2,8461,-10.0
ppo,2,8462,-10.0
ppo,2,8463,-10.0
ppo,2,8464,-10.0
ppo,2,8465,-10.0
ppo,2,8466,-10.0
ppo,2,8467,-10.0
ppo,2,8468,-10.0
ppo,2,8469,-10.0
ppo,2,8470,-10.0
ppo,2,8474,-10.0
ppo,2,8475,-10.0
ppo,2,8476,-10.0
ppo,2,8477,-10.0
ppo,2,8478,-10.0
ppo,2,8479,-10.0
ppo,2,8480,-10.0
ppo,2,8482,-10.0
ppo,2,8483,-10.0
ppo,2,8484,-10.0
ppo,2,8485,-10.0
ppo,2,8486,-10.0
ppo,2,8487,-10.0
ppo,2,8489,-10.0
ppo,2,8490,-10.0
ppo,2,8491,-10.0
ppo,2,8495,-10.0
ppo,2,8496,-10.0
ppo,2,8497,-10.0
ppo,2,8498,-10.0
ppo,2,8499,-10.0
ppo,2,8500,-10.0
ppo,2,8501,-10.0
ppo,2,8503,-10.0
ppo,2,8505,-10.0
ppo,2,8506,-10.0
ppo,2,8508,-10.0
ppo,2,8509,-10.0
ppo,2,8510,-10.0
ppo,2,8512,-10.0
ppo,2,8513,-10.0
ppo,2,8514,-10.0
ppo,2,8515,-10.0
ppo,2,8516,-10.0
ppo,2,8517,-10.0
ppo,2,8518,-10.0
ppo,2,8520,-10.0
ppo,2,8522,-10.0
ppo,2,8524,-10.0
ppo,2,8525,-10.0
ppo,2,8527,-10.0
ppo,2,8528,-10.0
ppo,2,8529,-10.0
ppo,2,8530,-10.0
ppo,2,8532,-10.0
ppo,2,8534,-10.0
ppo,2,8536,-10.0
ppo,2,8537,-10.0
ppo,2,8538,-10.0
ppo,2,8539,-10.0
ppo,2,8540,-10.0
ppo,2,8541,-10.0
ppo,2,8542,-10.0
ppo,2,8543,-10.0
ppo,2,8545,-10.0
ppo,2,8546,-10.0
ppo,2,8549,-10.0
ppo,2,8551,-10.0
ppo,2,8552,-10.0
ppo,2,8553,-10.0
ppo,2,8554,-10.0
ppo,2,8555,-10.0
ppo,2,8556,-10.0
ppo,2,8557,-10.0
ppo,2,8558,-10.0
ppo,2,8559,-10.0
ppo,2,8560,-10.0
ppo,2,8561,-10.0
ppo,2,8562,-10.0
ppo,2,8563,-10.0
ppo,2,8564,-10.0
ppo,2,8565,-10.0
ppo,2,8566,-10.0
ppo,2,8568,-10.0
ppo,2,8570,-10.0
ppo,2,8571,-10.0
ppo,2,8574,-10.0
ppo,2,8575,-10.0
ppo,2,8577,-10.0
ppo,2,8578,-10.0
ppo,2,8580,-10.0
ppo,2,8581,-10.0
ppo,2,8582,-10.0
ppo,2,8583,-10.0
ppo,2,8585,-10.0
ppo,2,8588,-10.0
ppo,2,8589,-10.0
ppo,2,8590,-10.0
ppo,2,8591,-10.0
ppo,2,8592,-10.0
ppo,2,8593,-10.0
ppo,2,8594,-10.0
ppo,2,8595,-10.0
ppo,2,8596,-10.0
ppo,2,8598,-10.0
ppo,2,8599,-10.0
ppo,2,8600,-10.0
ppo,2,8602,-10.0
ppo,2,8603,-10.0
ppo,2,8607,-10.0
ppo,2,8608,-10.0
ppo,2,8609,-36.9
ppo,2,8611,-10.0
ppo,2,8613,-10.0
ppo,2,8614,-10.0
ppo,2,8616,-10.0
ppo,2,8619,-10.0
ppo,2,8621,-10.0
ppo,2,8622,-10.0
ppo,2,8625,-10.0
ppo,2,8626,-10.0
ppo,2,8627,-10.0
ppo,2,8628,-10.0
ppo,2,8629,-10.0
ppo,2,8630,-10.0
ppo,2,8632,-10.0
ppo,2,8633,-10.0
ppo,2,8634,-10.0
ppo,2,8636,-10.0
ppo,2,8637,-10.0
ppo,2,8638,-10.0
ppo,2,8639,-10.0
ppo,2,8640,-10.0
ppo,2,8642,-10.0
ppo,2,8643,-10.0
ppo,2,8646,-10.0
ppo,2,8648,-10.0
ppo,2,8649,-10.0
ppo,2,8650,-10.0
ppo,2,8651,-10.0
ppo,2,8652,-10.0
ppo,2,8653,-10.0
ppo,2,8655,-10.0
ppo,2,8656,-10.0
ppo,2,8657,-10.0
ppo,2,8658,-10.0
ppo,2,8659,-10.0
ppo,2,8660,-10.0
ppo,2,8661,-10.0
ppo,2,8662,-10.0
ppo,2,8663,-10.0
ppo,2,8664,-10.0
ppo,2,8665,-10.0
ppo,2,8666,-10.0
ppo,2,8667,-10.0
ppo,2,8668,-10.0
ppo,2,8669,-10.0
ppo,2,8672,-10.0
ppo,2,8677,-10.0
ppo,2,8678,-10.0
ppo,2,8679,-10.0
ppo,2,8680,-10.0
ppo,2,8681,-10.0
ppo,2,8684,-10.0
ppo,2,8686,-10.0
ppo,2,8687,-10.0
ppo,2,8688,-10.0
ppo,2,8689,-10.0
ppo,2,8690,-10.0
ppo,2,8691,-10.0
ppo,2,8692,-10.0
ppo,2,8693,-10.0
ppo,2,8695,-10.0
ppo,2,8696,-10.0
ppo,2,8697,-10.0
ppo,2,8699,-10.0
ppo,2,8700,-10.0
ppo,2,8701,-10.0
ppo,2,8702,-10.0
ppo,2,8704,-10.0
ppo,2,8705,-10.0
ppo,2,8707,-10.0
ppo,2,8708,-10.0
ppo,2,8709,-10.0
ppo,2,8710,-10.0
ppo,2,8711,-10.0
ppo,2,8712,-10.0
ppo,2,8713,-10.0
ppo,2,8714,-10.0
ppo,2,8715,-10.0
ppo,2,8716,-10.0
ppo,2,8717,-10.0
ppo,2,8719,-10.0
ppo,2,8721,-10.0
ppo,2,8722,-10.0
ppo,2,8723,-10.0
ppo,2,8724,-10.0
ppo,2,8725,-10.0
ppo,2,8726,-10.0
ppo,2,8729,-10.0
ppo,2,8731,-10.0
ppo,2,8732,-10.0
ppo,2,8733,-10.0
ppo,2,8734,-10.0
ppo,2,8736,-10.0
ppo,2,8737,-10.0
ppo,2,8738,-10.0
ppo,2,8739,-10.0
ppo,2,8740,-10.0
ppo,2,8741,-10.0
ppo,2,8742,-10.0
ppo,2,8745,-24.6
ppo,2,8746,-10.0
ppo,2,8747,-10.0
ppo,2,8748,-10.0
ppo,2,8749,-10.0
ppo,2,8750,-10.0
ppo,2,8751,-10.0
ppo,2,8752,-10.0
ppo,2,8753,-10.0
ppo,2,8754,-10.0
ppo,2,8755,-10.0
ppo,2,8756,-10.0
ppo,2,8757,-10.0
ppo,2,8758,-10.0
ppo,2,8759,-10.0
ppo,2,8762,-10.0
ppo,2,8763,-10.0
ppo,2,8764,-10.0
ppo,2,8765,-10.0
ppo,2,8766,-10.0
ppo,2,8770,-10.0
ppo,2,8771,-10.0
ppo,2,8773,-10.0
ppo,2,8776,-10.0
ppo,2,8778,-10.0
ppo,2,8779,-10.0
ppo,2,8780,-10.0
ppo,2,8781,-10.0
ppo,2,8782,-10.0
ppo,2,8783,-10.0
ppo,2,8784,-10.0
ppo,2,8786,-10.0
ppo,2,8787,-10.0
ppo,2,8788,-10.0
ppo,2,8789,-10.0
ppo,2,8790,-10.0
ppo,2,8791,-10.0
ppo,2,8792,-10.0
ppo,2,8793,-10.0
ppo,2,8794,-10.0
ppo,2,8795,-10.0
ppo,2,8796,-10.0
ppo,2,8797,-10.0
ppo,2,8801,-10.0
ppo,2,8804,-10.0
ppo,2,8805,-10.0
ppo,2,8806,-10.0
ppo,2,8807,-10.0
ppo,2,8808,-10.0
ppo,2,8809,-10.0
ppo,2,8810,-10.0
ppo,2,8811,-10.0
ppo,2,8812,-10.0
ppo,2,8813,-10.0
ppo,2,8815,-10.0
ppo,2,8817,-10.0
ppo,2,8818,-10.0
ppo,2,8819,-10.0
ppo,2,8820,-10.0
ppo,2,8821,-10.0
ppo,2,8822,-10.0
ppo,2,8823,-10.0
ppo,2,8824,-10.0
ppo,2,8829,-10.0
ppo,2,8831,-10.0
ppo,2,8832,-10.0
ppo,2,8833,-10.0
ppo,2,8834,-10.0
ppo,2,8836,-10.0
ppo,2,8837,-10.0
ppo,2,8838,-10.0
ppo,2,8839,-10.0
ppo,2,8840,-10.0
ppo,2,8841,-10.0
ppo,2,8842,-10.0
ppo,2,8843,-10.0
ppo,2,8845,-10.0
ppo,2,8846,-10.0
ppo,2,8847,-10.0
ppo,2,8848,-10.0
ppo,2,8850,-10.0
ppo,2,8851,-10.0
ppo,2,8852,-10.0
ppo,2,8853,-10.0
ppo,2,8855,-10.0
ppo,2,8856,-10.0
ppo,2,8857,-10.0
ppo,2,8858,-10.0
ppo,2,8859,-10.0
ppo,2,8860,-10.0
ppo,2,8862,-10.0
ppo,2,8863,-10.0
ppo,2,8864,-10.0
ppo,2,8865,-10.0
ppo,2,8867,-10.0
ppo,2,8868,-10.0
ppo,2,8869,-10.0
ppo,2,8870,-10.0
ppo,2,8871,-10.0
ppo,2,8873,-10.0
ppo,2,8874,-10.0
ppo,2,8875,-10.0
ppo,2,8876,-10.0
ppo,2,8877,-10.0
ppo,2,8878,-10.0
ppo,2,8880,-10.0
ppo,2,8883,-10.0
ppo,2,8884,-10.0
ppo,2,8885,-10.0
ppo,2,8886,-10.0
ppo,2,8887,-10.0
ppo,2,8889,-10.0
ppo,2,8890,-10.0
ppo,2,8892,-10.0
ppo,2,8893,-10.0
ppo,2,8895,-10.0
ppo,2,8896,-10.0
ppo,2,8897,-10.0
ppo,2,8898,-10.0
ppo,2,8899,-10.0
ppo,2,8900,-10.0
ppo,2,8903,-10.0
ppo,2,8904,-10.0
ppo,2,8905,-10.0
ppo,2,8906,-10.0
ppo,2,8907,-10.0
ppo,2,8912,-10.0
ppo,2,8914,-10.0
ppo,2,8916,-10.0
ppo,2,8917,-10.0
ppo,2,8918,-10.0
ppo,2,8919,-10.0
ppo,2,8921,-10.0
ppo,2,8922,-10.0
ppo,2,8923,-10.0
ppo,2,8925,-10.0
ppo,2,8926,-10.0
ppo,2,8927,-10.0
ppo,2,8928,-10.0
ppo,2,8929,-10.0
ppo,2,8930,-10.0
ppo,2,8931,-10.0
ppo,2,8932,-10.0
ppo,2,8933,-10.0
ppo,2,8934,-10.0
ppo,2,8937,-10.0
ppo,2,8938,-10.0
ppo,2,8939,-10.0
ppo,2,8941,-10.0
ppo,2,8942,-10.0
ppo,2,8943,-10.0
ppo,2,8944,-10.0
ppo,2,8945,-10.0
ppo,2,8946,-10.0
ppo,2,8947,-10.0
ppo,2,8950,-10.0
ppo,2,8952,-10.0
ppo,2,8955,-10.0
ppo,2,8957,-10.0
ppo,2,8961,-10.0
ppo,2,8962,-10.0
ppo,2,8963,-10.0
ppo,2,8964,-10.0
ppo,2,8966,-10.0
ppo,2,8967,-10.0
ppo,2,8972,-10.0
ppo,2,8973,-10.0
ppo,2,8974,-10.0
ppo,2,8977,-10.0
ppo,2,8978,-10.0
ppo,2,8979,-10.0
ppo,2,8980,-10.0
ppo,2,8981,-10.0
ppo,2,8982,-10.0
ppo,2,8983,-10.0
ppo,2,8985,-10.0
ppo,2,8987,-10.0
ppo,2,8989,-10.0
ppo,2,8992,-10.0
ppo,2,8993,-10.0
ppo,2,8996,-10.0
ppo,2,8997,-10.0
ppo,2,8998,-10.0
ppo,2,9001,-10.0
ppo,2,9002,-10.0
ppo,2,9003,-10.0
ppo,2,9004,-10.0
ppo,2,9005,-10.0
ppo,2,9007,-10.0
ppo,2,9008,-10.0
ppo,2,9011,-10.0
ppo,2,9012,-10.0
ppo,2,9013,-10.0
ppo,2,9014,-10.0
ppo,2,9015,-10.0
ppo,2,9016,-10.0
ppo,2,9017,-10.0
ppo,2,9018,-10.0
ppo,2,9019,-10.0
ppo,2,9020,-10.0
ppo,2,9021,-10.0
ppo,2,9022,-10.0
ppo,2,9024,-10.0
ppo,2,9025,-10.0
ppo,2,9026,-10.0
ppo,2,9027,-10.0
ppo,2,9030,-10.0
ppo,2,9031,-10.0
ppo,2,9032,-10.0
ppo,2,9033,-10.0
ppo,2,9036,-10.0
ppo,2,9037,-10.0
ppo,2,9038,-10.0
ppo,2,9040,-10.0
ppo,2,9041,-10.0
ppo,2,9045,-10.0
ppo,2,9046,-10.0
ppo,2,9047,-10.0
ppo,2,9048,-10.0
ppo,2,9052,-10.0
ppo,2,9053,-10.0
ppo,2,9054,-10.0
ppo,2,9055,-10.0
ppo,2,9056,-10.0
ppo,2,9057,-10.0
ppo,2,9058,-10.0
ppo,2,9060,-10.0
ppo,2,9061,-10.0
ppo,2,9063,-10.0
ppo,2,9065,-10.0
ppo,2,9066,-10.0
ppo,2,9067,-10.0
ppo,2,9068,-10.0
ppo,2,9069,-10.0
ppo,2,9072,-10.0
ppo,2,9073,-10.0
ppo,2,9074,-10.0
ppo,2,9075,-10.0
ppo,2,9076,-10.0
ppo,2,9077,-10.0
ppo,2,9079,-10.0
ppo,2,9081,-10.0
ppo,2,9082,-10.0
ppo,2,9083,-10.0
ppo,2,9084,-10.0
ppo,2,9086,-10.0
ppo,2,9087,-10.0
ppo,2,9088,-10.0
ppo,2,9089,-10.0
ppo,2,9090,-10.0
ppo,2,9092,-10.0
ppo,2,9093,-10.0
ppo,2,9094,-10.0
ppo,2,9095,-10.0
ppo,2,9098,-10.0
ppo,2,9100,-10.0
ppo,2,9101,-10.0
ppo,2,9102,-10.0
ppo,2,9103,-10.0
ppo,2,9106,-10.0
ppo,2,9107,-10.0
ppo,2,9108,-10.0
ppo,2,9109,-10.0
ppo,2,9110,-10.0
ppo,2,9111,-10.0
ppo,2,9112,-10.0
ppo,2,9113,-10.0
ppo,2,9114,-10.0
ppo,2,9115,-10.0
ppo,2,9117,-10.0
ppo,2,9123,-10.0
ppo,2,9124,-10.0
ppo,2,9125,-10.0
ppo,2,9129,-10.0
ppo,2,9130,-10.0
ppo,2,9131,-10.0
ppo,2,9134,-10.0
ppo,2,9136,-10.0
ppo,2,9137,-10.0
ppo,2,9138,-10.0
ppo,2,9139,-10.0
ppo,2,9141,-10.0
ppo,2,9142,-10.0
ppo,2,9143,-10.0
ppo,2,9144,-10.0
ppo,2,9145,-10.0
ppo,2,9147,-10.0
ppo,2,9148,-10.0
ppo,2,9150,-10.0
ppo,2,9151,-10.0
ppo,2,9153,-10.0
ppo,2,9154,-10.0
ppo,2,9155,-10.0
ppo,2,9156,-10.0
ppo,2,9158,-10.0
ppo,2,9159,-10.0
ppo,2,9160,-10.0
ppo,2,9161,-10.0
ppo,2,9163,-10.0
ppo,2,9164,-10.0
ppo,2,9165,-10.0
ppo,2,9166,-10.0
ppo,2,9168,-10.0
ppo,2,9169,-10.0
ppo,2,9171,-10.0
ppo,2,9172,-10.0
ppo,2,9173,-10.0
ppo,2,9174,-10.0
ppo,2,9175,-10.0
ppo,2,9176,-10.0
ppo,2,9177,-10.0
ppo,2,9178,-10.0
ppo,2,9180,-10.0
ppo,2,9181,-10.0
ppo,2,9183,-10.0
ppo,2,9187,-10.0
ppo,2,9189,-10.0
ppo,2,9190,-10.0
ppo,2,9191,-10.0
ppo,2,9193,-10.0
ppo,2,9194,-10.0
ppo,2,9195,-10.0
ppo,2,9198,-10.0
ppo,2,9199,-10.0
ppo,2,9200,-10.0
ppo,2,9202,-10.0
ppo,2,9203,-10.0
ppo,2,9204,-10.0
ppo,2,9205,-10.0
ppo,2,9206,-10.0
ppo,2,9208,-10.0
ppo,2,9210,-10.0
ppo,2,9212,-10.0
ppo,2,9213,-10.0
ppo,2,9216,-10.0
ppo,2,9218,-10.0
ppo,2,9219,-10.0
ppo,2,9220,-10.0
ppo,2,9221,-10.0
ppo,2,9222,-10.0
ppo,2,9225,-10.0
ppo,2,9228,-10.0
ppo,2,9229,-10.0
ppo,2,9230,-10.0
ppo,2,9233,-10.0
ppo,2,9234,-10.0
ppo,2,9236,-10.0
ppo,2,9240,-10.0
ppo,2,9241,-10.0
ppo,2,9242,-10.0
ppo,2,9244,-10.0
ppo,2,9245,-10.0
ppo,2,9246,-10.0
ppo,2,9247,-10.0
ppo,2,9248,-10.0
ppo,2,9249,-10.0
ppo,2,9250,-10.0
ppo,2,9253,-10.0
ppo,2,9254,-10.0
ppo,2,9255,-10.0
ppo,2,9257,-10.0
ppo,2,9259,-10.0
ppo,2,9260,-10.0
ppo,2,9261,-10.0
ppo,2,9264,-10.0
ppo,2,9265,-10.0
ppo,2,9268,-10.0
ppo,2,9269,-10.0
ppo,2,9270,-10.0
ppo,2,9271,-10.0
ppo,2,9272,-10.0
ppo,2,9274,-10.0
ppo,2,9275,-10.0
ppo,2,9276,-10.0
ppo,2,9277,-10.0
ppo,2,9280,-10.0
ppo,2,9281,-10.0
ppo,2,9282,-10.0
ppo,2,9283,-10.0
ppo,2,9284,-10.0
ppo,2,9289,-10.0
ppo,2,9291,-10.0
ppo,2,9292,-10.0
ppo,2,9296,-10.0
ppo,2,9297,-10.0
ppo,2,9298,-10.0
ppo,2,9301,-10.0
ppo,2,9302,-10.0
ppo,2,9303,-10.0
ppo,2,9304,-10.0
ppo,2,9306,-10.0
ppo,2,9307,-10.0
ppo,2,9309,-10.0
ppo,2,9311,-10.0
ppo,2,9312,-10.0
ppo,2,9314,-10.0
ppo,2,9315,-10.0
ppo,2,9316,-10.0
ppo,2,9319,-10.0
ppo,2,9320,-10.0
ppo,2,9322,-10.0
ppo,2,9323,-10.0
ppo,2,9326,-10.0
ppo,2,9327,-10.0
ppo,2,9329,-10.0
ppo,2,9331,-10.0
ppo,2,9333,-10.0
ppo,2,9335,-10.0
ppo,2,9336,-10.0
ppo,2,9337,-10.0
ppo,2,9338,-10.0
ppo,2,9339,-10.0
ppo,2,9340,-10.0
ppo,2,9341,-10.0
ppo,2,9343,-10.0
ppo,2,9345,-10.0
ppo,2,9348,-10.0
ppo,2,9349,-10.0
ppo,2,9351,-10.0
ppo,2,9352,-10.0
ppo,2,9354,-10.0
ppo,2,9356,-10.0
ppo,2,9357,-10.0
ppo,2,9358,-10.0
ppo,2,9359,-10.0
ppo,2,9361,-10.0
ppo,2,9362,-10.0
ppo,2,9363,-10.0
ppo,2,9364,-10.0
ppo,2,9365,-10.0
ppo,2,9367,-10.0
ppo,2,9368,-10.0
ppo,2,9370,-10.0
ppo,2,9371,-10.0
ppo,2,9372,-10.0
ppo,2,9373,-10.0
ppo,2,9374,-10.0
ppo,2,9376,-10.0
ppo,2,9377,-10.0
ppo,2,9378,-10.0
ppo,2,9379,-10.0
ppo,2,9380,-10.0
ppo,2,9381,-23.1
ppo,2,9383,-10.0
ppo,2,9384,-10.0
ppo,2,9385,-10.0
ppo,2,9388,-10.0
ppo,2,9389,-10.0
ppo,2,9390,-10.0
ppo,2,9391,-10.0
ppo,2,9394,-10.0
ppo,2,9395,-10.0
ppo,2,9397,-10.0
ppo,2,9398,-10.0
ppo,2,9401,-10.0
ppo,2,9403,-10.0
ppo,2,9405,-10.0
ppo,2,9407,-10.0
ppo,2,9408,-10.0
ppo,2,9410,-10.0
ppo,2,9413,-10.0
ppo,2,9414,-10.0
ppo,2,9415,-10.0
ppo,2,9417,-10.0
ppo,2,9418,-10.0
ppo,2,9419,-10.0
ppo,2,9420,-10.0
ppo,2,9422,-10.0
ppo,2,9423,-10.0
ppo,2,9424,-10.0
ppo,2,9425,-10.0
ppo,2,9427,-10.0
ppo,2,9428,-10.0
ppo,2,9429,-10.0
ppo,2,9430,-10.0
ppo,2,9431,-10.0
ppo,2,9432,-10.0
ppo,2,9433,-10.0
ppo,2,9434,-10.0
ppo,2,9435,-10.0
ppo,2,9436,-10.0
ppo,2,9437,-10.0
ppo,2,9438,-10.0
ppo,2,9439,-10.0
ppo,2,9440,-10.0
ppo,2,9441,-10.0
ppo,2,9442,-10.0
ppo,2,9443,-10.0
ppo,2,9444,-10.0
ppo,2,9445,-10.0
ppo,2,9446,-10.0
ppo,2,9447,-10.0
ppo,2,9448,-10.0
ppo,2,9449,-10.0
ppo,2,9451,-10.0
ppo,2,9453,-10.0
ppo,2,9454,-10.0
ppo,2,9455,-10.0
ppo,2,9456,-10.0
ppo,2,9459,-10.0
ppo,2,9461,-10.0
ppo,2,9462,-10.0
ppo,2,9465,-10.0
ppo,2,9468,-10.0
ppo,2,9469,-10.0
ppo,2,9470,-10.0
ppo,2,9471,-10.0
ppo,2,9472,-10.0
ppo,2,9473,-10.0
ppo,2,9475,-10.0
ppo,2,9476,-10.0
ppo,2,9477,-10.0
ppo,2,9479,-10.0
ppo,2,9480,-10.0
ppo,2,9482,-10.0
ppo,2,9484,-10.0
ppo,2,9485,-10.0
ppo,2,9486,-10.0
ppo,2,9487,-10.0
ppo,2,9488,-10.0
ppo,2,9490,-10.0
ppo,2,9491,-10.0
ppo,2,9493,-10.0
ppo,2,9496,-10.0
ppo,2,9498,-10.0
ppo,2,9500,-10.0
ppo,2,9501,-10.0
ppo,2,9502,-10.0
ppo,2,9503,-10.0
ppo,2,9505,-10.0
ppo,2,9506,-10.0
ppo,2,9508,-10.0
ppo,2,9509,-10.0
ppo,2,9512,-10.0
ppo,2,9513,-10.0
ppo,2,9515,-10.0
ppo,2,9516,-10.0
ppo,2,9517,-10.0
ppo,2,9518,-10.0
ppo,2,9520,-10.0
ppo,2,9521,-10.0
ppo,2,9523,-10.0
ppo,2,9525,-10.0
ppo,2,9526,-10.0
ppo,2,9528,-10.0
ppo,2,9530,-10.0
ppo,2,9532,-10.0
ppo,2,9533,-10.0
ppo,2,9535,-10.0
ppo,2,9536,-10.0
ppo,2,9537,-10.0
ppo,2,9538,-10.0
ppo,2,9539,-10.0
ppo,2,9540,-10.0
ppo,2,9542,-10.0
ppo,2,9543,-10.0
ppo,2,9544,-10.0
ppo,2,9547,-10.0
ppo,2,9548,-10.0
ppo,2,9552,-10.0
ppo,2,9553,-10.0
ppo,2,9554,-10.0
ppo,2,9555,-10.0
ppo,2,9556,-10.0
ppo,2,9557,-10.0
ppo,2,9559,-10.0
ppo,2,9560,-10.0
ppo,2,9561,-10.0
ppo,2,9563,-10.0
ppo,2,9564,-10.0
ppo,2,9565,-10.0
ppo,2,9566,-10.0
ppo,2,9567,-10.0
ppo,2,9569,-10.0
ppo,2,9570,-78.6
ppo,2,9573,-10.0
ppo,2,9576,-10.0
ppo,2,9577,-10.0
ppo,2,9578,-10.0
ppo,2,9579,-10.0
ppo,2,9580,-10.0
ppo,2,9581,-10.0
ppo,2,9582,-10.0
ppo,2,9583,-10.0
ppo,2,9585,-10.0
ppo,2,9586,-10.0
ppo,2,9587,-10.0
ppo,2,9588,-10.0
ppo,2,9590,-10.0
ppo,2,9591,-40.2
ppo,2,9593,-10.0
ppo,2,9594,-10.0
ppo,2,9595,-10.0
ppo,2,9597,-10.0
ppo,2,9600,-10.0
ppo,2,9601,-10.0
ppo,2,9602,-10.0
ppo,2,9603,-32.1
ppo,2,9604,-10.0
ppo,2,9605,-10.0
ppo,2,9606,-10.0
ppo,2,9607,-10.0
ppo,2,9608,-10.0
ppo,2,9610,-10.0
ppo,2,9611,-10.0
ppo,2,9612,-10.0
ppo,2,9613,-10.0
ppo,2,9614,-10.0
ppo,2,9615,-10.0
ppo,2,9617,-10.0
ppo,2,9618,-10.0
ppo,2,9619,-10.0
ppo,2,9620,-10.0
ppo,2,9621,-10.0
ppo,2,9622,-10.0
ppo,2,9623,-10.0
ppo,2,9624,-10.0
ppo,2,9626,-10.0
ppo,2,9627,-10.0
ppo,2,9628,-10.0
ppo,2,9630,-10.0
ppo,2,9631,-10.0
ppo,2,9632,-10.0
ppo,2,9633,-10.0
ppo,2,9634,-10.0
ppo,2,9635,-10.0
ppo,2,9637,-10.0
ppo,2,9638,-10.0
ppo,2,9640,-10.0
ppo,2,9641,-10.0
ppo,2,9642,-10.0
ppo,2,9643,-10.0
ppo,2,9644,-10.0
ppo,2,9646,-10.0
ppo,2,9647,-10.0
ppo,2,9648,-10.0
ppo,2,9649,-10.0
ppo,2,9650,-10.0
ppo,2,9651,-10.0
ppo,2,9652,-10.0
ppo,2,9654,-10.0
ppo,2,9655,-10.0
ppo,2,9656,-10.0
ppo,2,9657,-10.0
ppo,2,9658,-10.0
ppo,2,9659,-10.0
ppo,2,9661,-10.0
ppo,2,9662,-10.0
ppo,2,9663,-10.0
ppo,2,9665,-10.0
ppo,2,9666,-10.0
ppo,2,9667,-10.0
ppo,2,9669,-10.0
ppo,2,9670,-10.0
ppo,2,9671,-10.0
ppo,2,9674,-10.0
ppo,2,9675,-10.0
ppo,2,9676,-10.0
ppo,2,9677,-10.0
ppo,2,9678,-10.0
ppo,2,9680,-10.0
ppo,2,9681,-10.0
ppo,2,9682,-10.0
ppo,2,9683,-10.0
ppo,2,9684,-10.0
ppo,2,9685,-10.0
ppo,2,9686,-10.0
ppo,2,9687,-10.0
ppo,2,9688,-10.0
ppo,2,9689,-10.0
ppo,2,9690,-10.0
ppo,2,9691,-10.0
ppo,2,9692,-10.0
ppo,2,9694,-10.0
ppo,2,9695,-10.0
ppo,2,9696,-10.0
ppo,2,9698,-10.0
ppo,2,9701,-10.0
ppo,2,9702,-10.0
ppo,2,9703,-10.0
ppo,2,9704,-10.0
ppo,2,9705,-10.0
ppo,2,9706,-10.0
ppo,2,9708,-10.0
ppo,2,9709,-10.0
ppo,2,9710,-10.0
ppo,2,9712,-10.0
ppo,2,9713,-10.0
ppo,2,9715,-10.0
ppo,2,9716,-10.0
ppo,2,9717,-10.0
ppo,2,9718,-10.0
ppo,2,9723,-10.0
ppo,2,9724,-10.0
ppo,2,9726,-10.0
ppo,2,9727,-10.0
ppo,2,9728,-10.0
ppo,2,9729,-10.0
ppo,2,9730,-10.0
ppo,2,9731,-10.0
ppo,2,9732,-10.0
ppo,2,9734,-10.0
ppo,2,9735,-10.0
ppo,2,9737,-10.0
ppo,2,9738,-10.0
ppo,2,9739,-10.0
ppo,2,9740,-10.0
ppo,2,9741,-10.0
ppo,2,9742,-10.0
ppo,2,9743,-10.0
ppo,2,9744,-10.0
ppo,2,9746,-10.0
ppo,2,9747,-10.0
ppo,2,9748,-10.0
ppo,2,9749,-10.0
ppo,2,9750,-10.0
ppo,2,9751,-10.0
ppo,2,9752,-10.0
ppo,2,9754,-10.0
ppo,2,9755,-10.0
ppo,2,9756,-10.0
ppo,2,9758,-10.0
ppo,2,9759,-10.0
ppo,2,9760,-10.0
ppo,2,9762,-10.0
ppo,2,9763,-10.0
ppo,2,9764,-10.0
ppo,2,9765,-10.0
ppo,2,9766,-10.0
ppo,2,9767,-10.0
ppo,2,9768,-10.0
ppo,2,9769,-10.0
ppo,2,9770,-10.0
ppo,2,9772,-10.0
ppo,2,9773,-10.0
ppo,2,9774,-10.0
ppo,2,9775,-10.0
ppo,2,9776,-10.0
ppo,2,9778,-10.0
ppo,2,9779,-10.0
ppo,2,9780,-10.0
ppo,2,9781,-10.0
ppo,2,9782,-10.0
ppo,2,9783,-10.0
ppo,2,9784,-10.0
ppo,2,9785,-10.0
ppo,2,9786,-10.0
ppo,2,9788,-10.0
ppo,2,9789,-10.0
ppo,2,9790,-10.0
ppo,2,9791,-10.0
ppo,2,9792,-10.0
ppo,2,9794,-10.0
ppo,2,9797,-10.0
ppo,2,9798,-10.0
ppo,2,9799,-10.0
ppo,2,9800,-10.0
ppo,2,9801,-10.0
ppo,2,9803,-10.0
ppo,2,9804,-10.0
ppo,2,9805,-10.0
ppo,2,9806,-10.0
ppo,2,9807,-10.0
ppo,2,9808,-10.0
ppo,2,9810,-10.0
ppo,2,9811,-10.0
ppo,2,9813,-10.0
ppo,2,9815,-10.0
ppo,2,9818,-10.0
ppo,2,9819,-10.0
ppo,2,9820,-10.0
ppo,2,9821,-10.0
ppo,2,9823,-10.0
ppo,2,9824,-10.0
ppo,2,9825,-10.0
ppo,2,9826,-10.0
ppo,2,9827,-10.0
ppo,2,9829,-10.0
ppo,2,9830,-10.0
ppo,2,9831,-10.0
ppo,2,9832,-10.0
ppo,2,9833,-10.0
ppo,2,9834,-10.0
ppo,2,9836,-10.0
ppo,2,9837,-10.0
ppo,2,9838,-10.0
ppo,2,9839,-10.0
ppo,2,9840,-10.0
ppo,2,9841,-10.0
ppo,2,9842,-10.0
ppo,2,9845,-10.0
ppo,2,9846,-10.0
ppo,2,9848,-10.0
ppo,2,9850,-10.0
ppo,2,9851,-10.0
ppo,2,9852,-10.0
ppo,2,9853,-10.0
ppo,2,9854,-10.0
ppo,2,9855,-10.0
ppo,2,9856,-10.0
ppo,2,9857,-10.0
ppo,2,9858,-10.0
ppo,2,9860,-10.0
ppo,2,9861,-10.0
ppo,2,9862,-10.0
ppo,2,9865,-10.0
ppo,2,9867,-10.0
ppo,2,9868,-10.0
ppo,2,9869,-10.0
ppo,2,9870,-10.0
ppo,2,9871,-10.0
ppo,2,9872,-10.0
ppo,2,9873,-10.0
ppo,2,9874,-10.0
ppo,2,9876,-10.0
ppo,2,9877,-10.0
ppo,2,9878,-10.0
ppo,2,9879,-10.0
ppo,2,9881,-10.0
ppo,2,9882,-10.0
ppo,2,9883,-10.0
ppo,2,9884,-10.0
ppo,2,9885,-10.0
ppo,2,9886,-10.0
ppo,2,9887,-10.0
ppo,2,9888,-10.0
ppo,2,9889,-10.0
ppo,2,9890,-10.0
ppo,2,9891,-10.0
ppo,2,9892,-10.0
ppo,2,9893,-10.0
ppo,2,9895,-10.0
ppo,2,9897,-10.0
ppo,2,9899,-10.0
ppo,2,9902,-10.0
ppo,2,9903,-10.0
ppo,2,9905,-10.0
ppo,2,9906,-10.0
ppo,2,9908,-10.0
ppo,2,9912,-10.0
ppo,2,9913,-10.0
ppo,2,9914,-10.0
ppo,2,9915,-10.0
ppo,2,9916,-10.0
ppo,2,9918,-10.0
ppo,2,9920,-10.0
ppo,2,9921,-10.0
ppo,2,9922,-10.0
ppo,2,9926,-10.0
ppo,2,9927,-10.0
ppo,2,9929,-10.0
ppo,2,9930,-10.0
ppo,2,9932,-10.0
ppo,2,9935,-10.0
ppo,2,9936,-10.0
ppo,2,9938,-10.0
ppo,2,9940,-10.0
ppo,2,9941,-10.0
ppo,2,9943,-10.0
ppo,2,9944,-10.0
ppo,2,9946,-10.0
ppo,2,9949,-10.0
ppo,2,9952,-10.0
ppo,2,9953,-61.8
ppo,2,9955,-10.0
ppo,2,9956,-10.0
ppo,2,9957,-10.0
ppo,2,9960,-10.0
ppo,2,9961,-10.0
ppo,2,9962,-10.0
ppo,2,9963,-10.0
ppo,2,9964,-10.0
ppo,2,9965,-10.0
ppo,2,9968,-10.0
ppo,2,9969,-10.0
ppo,2,9971,-10.0
ppo,2,9974,-10.0
ppo,2,9975,-10.0
ppo,2,9976,-10.0
ppo,2,9977,-10.0
ppo,2,9978,-10.0
ppo,2,9979,-10.0
ppo,2,9980,-10.0
ppo,2,9981,-10.0
ppo,2,9982,-10.0
ppo,2,9983,-10.0
ppo,2,9987,-10.0
ppo,2,9990,-10.0
ppo,2,9992,-10.0
ppo,2,9993,-10.0
ppo,2,9994,-10.0
ppo,2,9995,-10.0
ppo,2,9996,-10.0
ppo,2,9997,-10.0
ppo,2,9998,-10.0
ppo,2,9999,-10.0
ppo,2,10000,-10.0
ppo,2,10002,-10.0
ppo,2,10003,-10.0
ppo,2,10005,-10.0
ppo,2,10008,-10.0
ppo,2,10009,-10.0
ppo,2,10010,-10.0
ppo,2,10011,-10.0
ppo,2,10014,-10.0
ppo,2,10016,-10.0
ppo,2,10017,-10.0
ppo,2,10018,-10.0
ppo,2,10020,-10.0
ppo,2,10021,-10.0
ppo,2,10022,-10.0
ppo,2,10023,-10.0
ppo,2,10024,-10.0
ppo,2,10026,-10.0
ppo,2,10027,-10.0
ppo,2,10028,-10.0
ppo,2,10029,-10.0
ppo,2,10030,-10.0
ppo,2,10031,-10.0
ppo,2,10032,-10.0
ppo,2,10034,-10.0
ppo,2,10035,-10.0
ppo,2,10037,-10.0
ppo,2,10038,-10.0
ppo,2,10040,-10.0
ppo,2,10041,-10.0
ppo,2,10043,-10.0
ppo,2,10044,-10.0
ppo,2,10045,-10.0
ppo,2,10046,-10.0
ppo,2,10047,-10.0
ppo,2,10048,-10.0
ppo,2,10050,-10.0
ppo,2,10051,-10.0
ppo,2,10052,-10.0
ppo,2,10053,-10.0
ppo,2,10054,-10.0
ppo,2,10056,-10.0
ppo,2,10057,-10.0
ppo,2,10058,-10.0
ppo,2,10059,-10.0
ppo,2,10060,-10.0
ppo,2,10061,-10.0
ppo,2,10062,-10.0
ppo,2,10063,-10.0
ppo,2,10064,-10.0
ppo,2,10065,-10.0
ppo,2,10067,-10.0
ppo,2,10068,-10.0
ppo,2,10069,-10.0
ppo,2,10070,-10.0
ppo,2,10072,-10.0
ppo,2,10073,-10.0
ppo,2,10074,-10.0
ppo,2,10075,-10.0
ppo,2,10076,-10.0
ppo,2,10077,-10.0
ppo,2,10078,-10.0
ppo,2,10079,-10.0
ppo,2,10080,-10.0
ppo,2,10082,-10.0
ppo,2,10083,-10.0
ppo,2,10085,-10.0
ppo,2,10087,-10.0
ppo,2,10088,-10.0
ppo,2,10089,-10.0
ppo,2,10090,-10.0
ppo,2,10091,-10.0
ppo,2,10092,-10.0
ppo,2,10093,-10.0
ppo,2,10095,-10.0
ppo,2,10097,-10.0
ppo,2,10098,-10.0
ppo,2,10101,-10.0
ppo,2,10102,-10.0
ppo,2,10104,-10.0
ppo,2,10105,-10.0
ppo,2,10108,-10.0
ppo,2,10110,-10.0
ppo,2,10113,-10.0
ppo,2,10115,-10.0
ppo,2,10118,-10.0
ppo,2,10121,-10.0
ppo,2,10123,-10.0
ppo,2,10124,-10.0
ppo,2,10125,-10.0
ppo,2,10127,-10.0
ppo,2,10128,-10.0
ppo,2,10132,-10.0
ppo,2,10133,-10.0
ppo,2,10135,-10.0
ppo,2,10136,-10.0
ppo,2,10141,-10.0
ppo,2,10142,-10.0
ppo,2,10143,-10.0
ppo,2,10145,-10.0
ppo,2,10146,-10.0
ppo,2,10148,-10.0
ppo,2,10149,-10.0
ppo,2,10151,-10.0
ppo,2,10152,-10.0
ppo,2,10153,-10.0
ppo,2,10154,-10.0
ppo,2,10155,-10.0
ppo,2,10157,-10.0
ppo,2,10158,-10.0
ppo,2,10159,-10.0
ppo,2,10160,-10.0
ppo,2,10163,-10.0
ppo,2,10164,-10.0
ppo,2,10165,-10.0
ppo,2,10166,-10.0
ppo,2,10167,-10.0
ppo,2,10170,-10.0
ppo,2,10171,-10.0
ppo,2,10175,-10.0
ppo,2,10176,-10.0
ppo,2,10178,-10.0
ppo,2,10179,-10.0
ppo,2,10180,-10.0
ppo,2,10181,-10.0
ppo,2,10182,-10.0
ppo,2,10183,-10.0
ppo,2,10184,-10.0
ppo,2,10185,-10.0
ppo,2,10186,-10.0
ppo,2,10188,-10.0
ppo,2,10190,-10.0
ppo,2,10191,-10.0
ppo,2,10192,-10.0
ppo,2,10194,-10.0
ppo,2,10197,-10.0
ppo,2,10198,-10.0
ppo,2,10199,-10.0
ppo,2,10200,-10.0
ppo,2,10202,-10.0
ppo,2,10203,-10.0
ppo,2,10205,-10.0
ppo,2,10206,-10.0
ppo,2,10207,-10.0
ppo,2,10208,-10.0
ppo,2,10210,-10.0
ppo,2,10211,-10.0
ppo,2,10212,-10.0
ppo,2,10213,-10.0
ppo,2,10214,-10.0
ppo,2,10215,-10.0
ppo,2,10217,-10.0
ppo,2,10218,-10.0
ppo,2,10219,-10.0
ppo,2,10221,-10.0
ppo,2,10222,-10.0
ppo,2,10225,-10.0
ppo,2,10226,-10.0
ppo,2,10227,-10.0
ppo,2,10228,-10.0
ppo,2,10232,-10.0
ppo,2,10233,-10.0
ppo,2,10234,-10.0
ppo,2,10236,-10.0
ppo,2,10237,-10.0
ppo,2,10239,-10.0
ppo,2,10243,-10.0
ppo,2,10244,-10.0
ppo,2,10246,-10.0
ppo,2,10248,-10.0
ppo,2,10250,-10.0
ppo,2,10251,-10.0
ppo,2,10252,-10.0
ppo,2,10253,-10.0
ppo,2,10254,-10.0
ppo,2,10257,-10.0
ppo,2,10258,-10.0
ppo,2,10259,-10.0
ppo,2,10260,-10.0
ppo,2,10262,-10.0
ppo,2,10263,-10.0
ppo,2,10265,-10.0
ppo,2,10266,-10.0
ppo,2,10267,-10.0
ppo,2,10268,-10.0
ppo,2,10270,-10.0
ppo,2,10271,-10.0
ppo,2,10273,-10.0
ppo,2,10274,-10.0
ppo,2,10275,-10.0
ppo,2,10278,-10.0
ppo,2,10279,-10.0
ppo,2,10280,-10.0
ppo,2,10281,-10.0
ppo,2,10282,-10.0
ppo,2,10283,-10.0
ppo,2,10284,-10.0
ppo,2,10287,-10.0
ppo,2,10289,-10.0
ppo,2,10291,-10.0
ppo,2,10293,-10.0
ppo,2,10294,-10.0
ppo,2,10296,-10.0
ppo,2,10297,-10.0
ppo,2,10298,-10.0
ppo,2,10299,-10.0
ppo,2,10300,-10.0
ppo,2,10301,-10.0
ppo,2,10302,-10.0
ppo,2,10309,-10.0
ppo,2,10310,-10.0
ppo,2,10311,-10.0
ppo,2,10313,-10.0
ppo,2,10314,-10.0
ppo,2,10318,-10.0
ppo,2,10319,-10.0
ppo,2,10322,-10.0
ppo,2,10323,-10.0
ppo,2,10324,-10.0
ppo,2,10326,-10.0
ppo,2,10327,-10.0
ppo,2,10329,-10.0
ppo,2,10330,-10.0
ppo,2,10332,-10.0
ppo,2,10334,-10.0
ppo,2,10335,-10.0
ppo,2,10338,-10.0
ppo,2,10340,-10.0
ppo,2,10341,-10.0
ppo,2,10343,-10.0
ppo,2,10345,-10.0
ppo,2,10346,-10.0
ppo,2,10347,-10.0
ppo,2,10348,-10.0
ppo,2,10349,-10.0
ppo,2,10352,-10.0
ppo,2,10353,-10.0
ppo,2,10355,-10.0
ppo,2,10357,-10.0
ppo,2,10358,-10.0
ppo,2,10359,-10.0
ppo,2,10360,-10.0
ppo,2,10363,-10.0
ppo,2,10364,-10.0
ppo,2,10365,-10.0
ppo,2,10366,-10.0
ppo,2,10367,-10.0
ppo,2,10368,-10.0
ppo,2,10369,-10.0
ppo,2,10371,-10.0
ppo,2,10372,-10.0
ppo,2,10374,-10.0
ppo,2,10375,-10.0
ppo,2,10377,-10.0
ppo,2,10378,-10.0
ppo,2,10379,-10.0
ppo,2,10381,-10.0
ppo,2,10382,-10.0
ppo,2,10383,-10.0
ppo,2,10384,-10.0
ppo,2,10385,-10.0
ppo,2,10387,-10.0
ppo,2,10395,-10.0
ppo,2,10396,-10.0
ppo,2,10404,-10.0
ppo,2,10405,-10.0
ppo,2,10406,-10.0
ppo,2,10408,-10.0
ppo,2,10409,-10.0
ppo,2,10410,-10.0
ppo,2,10411,-10.0
ppo,2,10412,-10.0
ppo,2,10414,-10.0
ppo,2,10415,-10.0
ppo,2,10417,-10.0
ppo,2,10418,-10.0
ppo,2,10421,-10.0
ppo,2,10422,-10.0
ppo,2,10423,-10.0
ppo,2,10425,-10.0
ppo,2,10426,-10.0
ppo,2,10431,-10.0
ppo,2,10432,-10.0
ppo,2,10435,-10.0
ppo,2,10437,-10.0
ppo,2,10438,-10.0
ppo,2,10442,-10.0
ppo,2,10443,-10.0
ppo,2,10444,-10.0
ppo,2,10445,-10.0
ppo,2,10449,-10.0
ppo,2,10450,-10.0
ppo,2,10451,-10.0
ppo,2,10452,-10.0
ppo,2,10453,-10.0
ppo,2,10455,-10.0
ppo,2,10456,-10.0
ppo,2,10458,-10.0
ppo,2,10460,-10.0
ppo,2,10462,-10.0
ppo,2,10463,-10.0
ppo,2,10464,-10.0
ppo,2,10466,-10.0
ppo,2,10468,-10.0
ppo,2,10469,-10.0
ppo,2,10473,-10.0
ppo,2,10475,-10.0
ppo,2,10476,-10.0
ppo,2,10477,-10.0
ppo,2,10478,-10.0
ppo,2,10479,-10.0
ppo,2,10480,-10.0
ppo,2,10481,-10.0
ppo,2,10485,-10.0
ppo,2,10486,-10.0
ppo,2,10488,-10.0
ppo,2,10489,-10.0
ppo,2,10490,-10.0
ppo,2,10491,-10.0
ppo,2,10492,-10.0
ppo,2,10494,-10.0
ppo,2,10495,-10.0
ppo,2,10498,-10.0
ppo,2,10500,-10.0
ppo,2,10501,-10.0
ppo,2,10502,-10.0
ppo,2,10504,-10.0
ppo,2,10507,-10.0
ppo,2,10508,-10.0
ppo,2,10509,-10.0
ppo,2,10512,-10.0
ppo,2,10515,-10.0
ppo,2,10516,-10.0
ppo,2,10517,-10.0
ppo,2,10519,-10.0
ppo,2,10521,-10.0
ppo,2,10523,-10.0
ppo,2,10525,-10.0
ppo,2,10527,-10.0
ppo,2,10529,-10.0
ppo,2,10531,-10.0
ppo,2,10533,-10.0
ppo,2,10534,-10.0
ppo,2,10537,-10.0
ppo,2,10540,-10.0
ppo,2,10541,-10.0
ppo,2,10545,-10.0
ppo,2,10546,-10.0
ppo,2,10547,-10.0
ppo,2,10548,-10.0
ppo,2,10549,-10.0
ppo,2,10552,-10.0
ppo,2,10555,-10.0
ppo,2,10556,-10.0
ppo,2,10557,-10.0
ppo,2,10560,-10.0
ppo,2,10561,-10.0
ppo,2,10563,-10.0
ppo,2,10564,-10.0
ppo,2,10565,-10.0
ppo,2,10566,-10.0
ppo,2,10567,-10.0
ppo,2,10568,-10.0
ppo,2,10569,-10.0
ppo,2,10572,-10.0
ppo,2,10575,-10.0
ppo,2,10576,-10.0
ppo,2,10577,-10.0
ppo,2,10578,-10.0
ppo,2,10580,-10.0
ppo,2,10582,-10.0
ppo,2,10584,-10.0
ppo,2,10589,-10.0
ppo,2,10590,-10.0
ppo,2,10592,-10.0
ppo,2,10595,-10.0
ppo,2,10596,-10.0
ppo,2,10597,-10.0
ppo,2,10599,-10.0
ppo,2,10601,-10.0
ppo,2,10602,-10.0
ppo,2,10608,-10.0
ppo,2,10609,-10.0
ppo,2,10610,-10.0
ppo,2,10612,-10.0
ppo,2,10614,-10.0
ppo,2,10615,-10.0
ppo,2,10617,-10.0
ppo,2,10618,-10.0
ppo,2,10621,-10.0
ppo,2,10624,-10.0
ppo,2,10625,-10.0
ppo,2,10626,-10.0
ppo,2,10629,-10.0
ppo,2,10630,-10.0
ppo,2,10632,-10.0
ppo,2,10634,-10.0
ppo,2,10636,-10.0
ppo,2,10637,-10.0
ppo,2,10638,-10.0
ppo,2,10639,-10.0
ppo,2,10640,-10.0
ppo,2,10642,-10.0
ppo,2,10643,-10.0
ppo,2,10644,-10.0
ppo,2,10645,-10.0
ppo,2,10648,-10.0
ppo,2,10650,-10.0
ppo,2,10652,-10.0
ppo,2,10653,-10.0
ppo,2,10654,-10.0
ppo,2,10655,-10.0
ppo,2,10658,-10.0
ppo,2,10661,-10.0
ppo,2,10664,-10.0
ppo,2,10665,-10.0
ppo,2,10666,-10.0
ppo,2,10667,-10.0
ppo,2,10668,-10.0
ppo,2,10669,-10.0
ppo,2,10670,-10.0
ppo,2,10672,-10.0
ppo,2,10674,-10.0
ppo,2,10675,-10.0
ppo,2,10677,-10.0
ppo,2,10678,-10.0
ppo,2,10679,-10.0
ppo,2,10680,-10.0
ppo,2,10681,-10.0
ppo,2,10684,-10.0
ppo,2,10685,-10.0
ppo,2,10689,-10.0
ppo,2,10690,-10.0
ppo,2,10691,-10.0
ppo,2,10692,-10.0
ppo,2,10694,-10.0
ppo,2,10695,-10.0
ppo,2,10696,-10.0
ppo,2,10697,-10.0
ppo,2,10698,-10.0
ppo,2,10699,-10.0
ppo,2,10700,-10.0
ppo,2,10702,-10.0
ppo,2,10703,-10.0
ppo,2,10705,-10.0
ppo,2,10707,-10.0
ppo,2,10708,-10.0
ppo,2,10709,-10.0
ppo,2,10711,-10.0
ppo,2,10712,-10.0
ppo,2,10713,-10.0
ppo,2,10715,-10.0
ppo,2,10716,-10.0
ppo,2,10719,-10.0
ppo,2,10720,-10.0
ppo,2,10721,-10.0
ppo,2,10723,-10.0
ppo,2,10724,-10.0
ppo,2,10725,-10.0
ppo,2,10726,-10.0
ppo,2,10729,-10.0
ppo,2,10730,-10.0
ppo,2,10733,-10.0
ppo,2,10736,-10.0
ppo,2,10737,-10.0
ppo,2,10739,-10.0
ppo,2,10743,-10.0
ppo,2,10744,-10.0
ppo,2,10746,-10.0
ppo,2,10748,-10.0
ppo,2,10749,-10.0
ppo,2,10751,-10.0
ppo,2,10754,-10.0
ppo,2,10755,-10.0
ppo,2,10756,-10.0
ppo,2,10759,-10.0
ppo,2,10762,-10.0
ppo,2,10763,-10.0
ppo,2,10764,-10.0
ppo,2,10765,-10.0
ppo,2,10766,-10.0
ppo,2,10767,-10.0
ppo,2,10768,-10.0
ppo,2,10771,-10.0
ppo,2,10773,-10.0
ppo,2,10775,-10.0
ppo,2,10776,-10.0
ppo,2,10777,-10.0
ppo,2,10778,-10.0
ppo,2,10779,-10.0
ppo,2,10780,-10.0
ppo,2,10782,-10.0
ppo,2,10784,-10.0
ppo,2,10787,-10.0
ppo,2,10788,-10.0
ppo,2,10789,-10.0
ppo,2,10790,-10.0
ppo,2,10792,-10.0
ppo,2,10795,-10.0
ppo,2,10796,-10.0
ppo,2,10799,-10.0
ppo,2,10801,-10.0
ppo,2,10802,-10.0
ppo,2,10803,-10.0
ppo,2,10806,-10.0
ppo,2,10808,-10.0
ppo,2,10809,-10.0
ppo,2,10810,-10.0
ppo,2,10811,-10.0
ppo,2,10812,-10.0
ppo,2,10813,-10.0
ppo,2,10814,-10.0
ppo,2,10815,-10.0
ppo,2,10816,-10.0
ppo,2,10818,-10.0
ppo,2,10819,-10.0
ppo,2,10820,-10.0
ppo,2,10821,-10.0
ppo,2,10822,-10.0
ppo,2,10824,-10.0
ppo,2,10825,-10.0
ppo,2,10827,-10.0
ppo,2,10828,-10.0
ppo,2,10829,-10.0
ppo,2,10830,-10.0
ppo,2,10832,-10.0
ppo,2,10833,-10.0
ppo,2,10834,-10.0
ppo,2,10835,-10.0
ppo,2,10836,-10.0
ppo,2,10838,-10.0
ppo,2,10841,-10.0
ppo,2,10842,-10.0
ppo,2,10843,-10.0
ppo,2,10844,-10.0
ppo,2,10847,-10.0
ppo,2,10849,-10.0
ppo,2,10850,-10.0
ppo,2,10851,-10.0
ppo,2,10852,-10.0
ppo,2,10853,-10.0
ppo,2,10854,-10.0
ppo,2,10855,-10.0
ppo,2,10856,-10.0
ppo,2,10858,-10.0
ppo,2,10859,-10.0
ppo,2,10860,-10.0
ppo,2,10861,-10.0
ppo,2,10862,-10.0
ppo,2,10863,-10.0
ppo,2,10865,-10.0
ppo,2,10866,-10.0
ppo,2,10871,-10.0
ppo,2,10873,-10.0
ppo,2,10875,-10.0
ppo,2,10877,-10.0
ppo,2,10878,-10.0
ppo,2,10880,-10.0
ppo,2,10884,-10.0
ppo,2,10886,-10.0
ppo,2,10887,-10.0
ppo,2,10888,-10.0
ppo,2,10893,-10.0
ppo,2,10894,-10.0
ppo,2,10896,-10.0
ppo,2,10897,-10.0
ppo,2,10899,-10.0
ppo,2,10902,-10.0
ppo,2,10904,-10.0
ppo,2,10905,-10.0
ppo,2,10906,-10.0
ppo,2,10907,-10.0
ppo,2,10908,-10.0
ppo,2,10910,-10.0
ppo,2,10911,-10.0
ppo,2,10913,-10.0
ppo,2,10916,-10.0
ppo,2,10917,-10.0
ppo,2,10918,-10.0
ppo,2,10919,-10.0
ppo,2,10920,-10.0
ppo,2,10922,-10.0
ppo,2,10923,-10.0
ppo,2,10925,-10.0
ppo,2,10926,-10.0
ppo,2,10927,-10.0
ppo,2,10928,-10.0
ppo,2,10929,-10.0
ppo,2,10932,-10.0
ppo,2,10933,-10.0
ppo,2,10934,-10.0
ppo,2,10935,-10.0
ppo,2,10938,-10.0
ppo,2,10942,-10.0
ppo,2,10945,-10.0
ppo,2,10946,-10.0
ppo,2,10948,-10.0
ppo,2,10951,-10.0
ppo,2,10952,-10.0
ppo,2,10953,-10.0
ppo,2,10955,-10.0
ppo,2,10956,-10.0
ppo,2,10959,-10.0
ppo,2,10960,-10.0
ppo,2,10961,-10.0
ppo,2,10963,-10.0
ppo,2,10965,-10.0
ppo,2,10967,-10.0
ppo,2,10970,-10.0
ppo,2,10971,-10.0
ppo,2,10974,-10.0
ppo,2,10975,-10.0
ppo,2,10976,-10.0
ppo,2,10977,-10.0
ppo,2,10978,-10.0
ppo,2,10979,-10.0
ppo,2,10980,-10.0
ppo,2,10981,-10.0
ppo,2,10984,-10.0
ppo,2,10985,-10.0
ppo,2,10986,-10.0
ppo,2,10988,-10.0
ppo,2,10989,-10.0
ppo,2,10990,-10.0
ppo,2,10991,-10.0
ppo,2,10992,-10.0
ppo,2,10993,-10.0
ppo,2,10994,-10.0
ppo,2,10996,-70.5
ppo,2,10997,-10.0
ppo,2,10998,-10.0
ppo,2,10999,-10.0
ppo,2,11000,-10.0
ppo,2,11001,-10.0
ppo,2,11002,-10.0
ppo,2,11003,-10.0
ppo,2,11004,-10.0
ppo,2,11005,-10.0
ppo,2,11007,-10.0
ppo,2,11008,-10.0
ppo,2,11009,-10.0
ppo,2,11010,-10.0
ppo,2,11011,-10.0
ppo,2,11012,-10.0
ppo,2,11013,-10.0
ppo,2,11014,-10.0
ppo,2,11017,-10.0
ppo,2,11020,-10.0
ppo,2,11024,-10.0
ppo,2,11025,-10.0
ppo,2,11026,-10.0
ppo,2,11027,-10.0
ppo,2,11030,-10.0
ppo,2,11032,-10.0
ppo,2,11033,-10.0
ppo,2,11034,-10.0
ppo,2,11035,-10.0
ppo,2,11036,-10.0
ppo,2,11040,-10.0
ppo,2,11041,-10.0
ppo,2,11042,-10.0
ppo,2,11043,-10.0
ppo,2,11046,-10.0
ppo,2,11049,-10.0
ppo,2,11053,-10.0
ppo,2,11055,-10.0
ppo,2,11059,-10.0
ppo,2,11060,-10.0
ppo,2,11061,-10.0
ppo,2,11062,-10.0
ppo,2,11064,-10.0
ppo,2,11065,-10.0
ppo,2,11066,-10.0
ppo,2,11068,-10.0
ppo,2,11069,-10.0
ppo,2,11072,-10.0
ppo,2,11073,-10.0
ppo,2,11074,-10.0
ppo,2,11075,-10.0
ppo,2,11076,-10.0
ppo,2,11077,-10.0
ppo,2,11080,-10.0
ppo,2,11082,-10.0
ppo,2,11083,-10.0
ppo,2,11084,-10.0
ppo,2,11085,-10.0
ppo,2,11086,-10.0
ppo,2,11087,-10.0
ppo,2,11088,-10.0
ppo,2,11089,-10.0
ppo,2,11090,-10.0
ppo,2,11091,-10.0
ppo,2,11092,-10.0
ppo,2,11093,-10.0
ppo,2,11094,-10.0
ppo,2,11096,-10.0
ppo,2,11097,-10.0
ppo,2,11098,-10.0
ppo,2,11100,-10.0
ppo,2,11103,-10.0
ppo,2,11104,-10.0
ppo,2,11106,-10.0
ppo,2,11107,-10.0
ppo,2,11109,-10.0
ppo,2,11110,-10.0
ppo,2,11113,-10.0
ppo,2,11114,-10.0
ppo,2,11115,-10.0
ppo,2,11116,-10.0
ppo,2,11118,-10.0
ppo,2,11119,-10.0
ppo,2,11120,-10.0
ppo,2,11121,-10.0
ppo,2,11122,-10.0
ppo,2,11123,-10.0
ppo,2,11124,-10.0
ppo,2,11126,-10.0
ppo,2,11127,-10.0
ppo,2,11129,-10.0
ppo,2,11132,-10.0
ppo,2,11133,-10.0
ppo,2,11134,-10.0
ppo,2,11135,-10.0
ppo,2,11136,-10.0
ppo,2,11141,-10.0
ppo,2,11143,-10.0
ppo,2,11144,-10.0
ppo,2,11146,-10.0
ppo,2,11147,-10.0
ppo,2,11149,-10.0
ppo,2,11150,-10.0
ppo,2,11152,-10.0
ppo,2,11153,-10.0
ppo,2,11156,-10.0
ppo,2,11157,-10.0
ppo,2,11158,-10.0
ppo,2,11159,-10.0
ppo,2,11160,-10.0
ppo,2,11161,-10.0
ppo,2,11162,-10.0
ppo,2,11164,-10.0
ppo,2,11167,-10.0
ppo,2,11169,-10.0
ppo,2,11170,-10.0
ppo,2,11174,-10.0
ppo,2,11175,-10.0
ppo,2,11176,-10.0
ppo,2,11178,-10.0
ppo,2,11180,-10.0
ppo,2,11181,-10.0
ppo,2,11183,-10.0
ppo,2,11185,-10.0
ppo,2,11186,-10.0
ppo,2,11187,-35.7
ppo,2,11188,-10.0
ppo,2,11189,-10.0
ppo,2,11191,-10.0
ppo,2,11192,-10.0
ppo,2,11193,-10.0
ppo,2,11194,-10.0
ppo,2,11196,-10.0
ppo,2,11198,-10.0
ppo,2,11199,-10.0
ppo,2,11200,-10.0
ppo,2,11201,-10.0
ppo,2,11202,-10.0
ppo,2,11204,-10.0
ppo,2,11205,-10.0
ppo,2,11206,-10.0
ppo,2,11209,-10.0
ppo,2,11210,-10.0
ppo,2,11211,-10.0
ppo,2,11212,-10.0
ppo,2,11213,-10.0
ppo,2,11214,-10.0
ppo,2,11217,-10.0
ppo,2,11218,-10.0
ppo,2,11220,-10.0
ppo,2,11221,-10.0
ppo,2,11222,-10.0
ppo,2,11225,-10.0
ppo,2,11228,-10.0
ppo,2,11230,-10.0
ppo,2,11232,-10.0
ppo,2,11233,-10.0
ppo,2,11235,-10.0
ppo,2,11237,-10.0
ppo,2,11238,-10.0
ppo,2,11239,-10.0
ppo,2,11240,-10.0
ppo,2,11242,-10.0
ppo,2,11243,-10.0
ppo,2,11245,-10.0
ppo,2,11247,-10.0
ppo,2,11251,-10.0
ppo,2,11253,-10.0
ppo,2,11254,-10.0
ppo,2,11255,-10.0
ppo,2,11256,-10.0
ppo,2,11257,-10.0
ppo,2,11258,-10.0
ppo,2,11259,-10.0
ppo,2,11260,-10.0
ppo,2,11261,-10.0
ppo,2,11262,-10.0
ppo,2,11263,-10.0
ppo,2,11265,-10.0
ppo,2,11268,-10.0
ppo,2,11269,-10.0
ppo,2,11270,-10.0
ppo,2,11271,-10.0
ppo,2,11272,-10.0
ppo,2,11273,-10.0
ppo,2,11274,-10.0
ppo,2,11275,-10.0
ppo,2,11276,-10.0
ppo,2,11277,-10.0
ppo,2,11278,-10.0
ppo,2,11279,-10.0
ppo,2,11282,-10.0
ppo,2,11284,-10.0
ppo,2,11285,-10.0
ppo,2,11286,-10.0
ppo,2,11287,-10.0
ppo,2,11288,-10.0
ppo,2,11289,-10.0
ppo,2,11290,-10.0
ppo,2,11292,-10.0
ppo,2,11293,-10.0
ppo,2,11294,-10.0
ppo,2,11295,-10.0
ppo,2,11296,-10.0
ppo,2,11297,-10.0
ppo,2,11298,-10.0
ppo,2,11299,-10.0
ppo,2,11301,-10.0
ppo,2,11302,-10.0
ppo,2,11305,-10.0
ppo,2,11306,-10.0
ppo,2,11308,-10.0
ppo,2,11309,-10.0
ppo,2,11310,-10.0
ppo,2,11311,-10.0
ppo,2,11312,-10.0
ppo,2,11314,-10.0
ppo,2,11315,-10.0
ppo,2,11319,-10.0
ppo,2,11321,-10.0
ppo,2,11322,-10.0
ppo,2,11323,-10.0
ppo,2,11324,-10.0
ppo,2,11325,-10.0
ppo,2,11326,-10.0
ppo,2,11331,-10.0
ppo,2,11332,-10.0
ppo,2,11333,-10.0
ppo,2,11334,-10.0
ppo,2,11335,-10.0
ppo,2,11336,-10.0
ppo,2,11337,-10.0
ppo,2,11338,-10.0
ppo,2,11339,-10.0
ppo,2,11341,-10.0
ppo,2,11342,-10.0
ppo,2,11343,-10.0
ppo,2,11344,-10.0
ppo,2,11346,-10.0
ppo,2,11347,-10.0
ppo,2,11349,-10.0
ppo,2,11350,-10.0
ppo,2,11354,-10.0
ppo,2,11358,-10.0
ppo,2,11359,-10.0
ppo,2,11360,-10.0
ppo,2,11361,-10.0
ppo,2,11362,-10.0
ppo,2,11363,-10.0
ppo,2,11365,-10.0
ppo,2,11369,-10.0
ppo,2,11370,-10.0
ppo,2,11372,-10.0
ppo,2,11373,-10.0
ppo,2,11374,-10.0
ppo,2,11375,-10.0
ppo,2,11377,-10.0
ppo,2,11378,-10.0
ppo,2,11379,-10.0
ppo,2,11380,-10.0
ppo,2,11381,-10.0
ppo,2,11382,-10.0
ppo,2,11383,-10.0
ppo,2,11384,-10.0
ppo,2,11386,-10.0
ppo,2,11387,-10.0
ppo,2,11388,-10.0
ppo,2,11389,-10.0
ppo,2,11390,-10.0
ppo,2,11391,-10.0
ppo,2,11392,-10.0
ppo,2,11394,-10.0
ppo,2,11395,-10.0
ppo,2,11400,-10.0
ppo,2,11401,-10.0
ppo,2,11403,-10.0
ppo,2,11404,-10.0
ppo,2,11406,-10.0
ppo,2,11408,-10.0
ppo,2,11409,-10.0
ppo,2,11410,-10.0
ppo,2,11413,-10.0
ppo,2,11414,-10.0
ppo,2,11415,-10.0
ppo,2,11417,-10.0
ppo,2,11418,-10.0
ppo,2,11419,-10.0
ppo,2,11420,-10.0
ppo,2,11422,-10.0
ppo,2,11423,-10.0
ppo,2,11425,-10.0
ppo,2,11426,-10.0
ppo,2,11427,-10.0
ppo,2,11428,-10.0
ppo,2,11432,-10.0
ppo,2,11433,-10.0
ppo,2,11435,-10.0
ppo,2,11436,-10.0
ppo,2,11437,-10.0
ppo,2,11439,-10.0
ppo,2,11441,-10.0
ppo,2,11442,-10.0
ppo,2,11443,-10.0
ppo,2,11444,-10.0
ppo,2,11445,-10.0
ppo,2,11447,-10.0
ppo,2,11448,-10.0
ppo,2,11451,-10.0
ppo,2,11452,-10.0
ppo,2,11453,-10.0
ppo,2,11455,-10.0
ppo,2,11456,-10.0
ppo,2,11459,-10.0
ppo,2,11460,-10.0
ppo,2,11461,-10.0
ppo,2,11462,-10.0
ppo,2,11463,-10.0
ppo,2,11464,-10.0
ppo,2,11465,-10.0
ppo,2,11466,-10.0
ppo,2,11468,-10.0
ppo,2,11469,-10.0
ppo,2,11470,-10.0
ppo,2,11471,-10.0
ppo,2,11473,-10.0
ppo,2,11474,-10.0
ppo,2,11475,-10.0
ppo,2,11478,-10.0
ppo,2,11479,-10.0
ppo,2,11480,-10.0
ppo,2,11481,-10.0
ppo,2,11482,-10.0
ppo,2,11483,-10.0
ppo,2,11484,-10.0
ppo,2,11485,-10.0
ppo,2,11486,-10.0
ppo,2,11491,-10.0
ppo,2,11493,-10.0
ppo,2,11496,-10.0
ppo,2,11497,-10.0
ppo,2,11498,-10.0
ppo,2,11499,-10.0
ppo,2,11500,-10.0
ppo,2,11501,-10.0
ppo,2,11502,-10.0
ppo,2,11503,-10.0
ppo,2,11506,-10.0
ppo,2,11509,-10.0
ppo,2,11510,-10.0
ppo,2,11511,-10.0
ppo,2,11513,-10.0
ppo,2,11514,-10.0
ppo,2,11515,-10.0
ppo,2,11516,-10.0
ppo,2,11518,-10.0
ppo,2,11520,-10.0
ppo,2,11522,-10.0
ppo,2,11523,-10.0
ppo,2,11524,-10.0
ppo,2,11525,-10.0
ppo,2,11526,-10.0
ppo,2,11527,-10.0
ppo,2,11529,-10.0
ppo,2,11530,-10.0
ppo,2,11532,-10.0
ppo,2,11534,-10.0
ppo,2,11535,-10.0
ppo,2,11536,-10.0
ppo,2,11537,-10.0
ppo,2,11538,-10.0
ppo,2,11540,-10.0
ppo,2,11545,-10.0
ppo,2,11547,-10.0
ppo,2,11548,-10.0
ppo,2,11551,-10.0
ppo,2,11552,-10.0
ppo,2,11553,-10.0
ppo,2,11554,-10.0
ppo,2,11556,-10.0
ppo,2,11557,-10.0
ppo,2,11558,-10.0
ppo,2,11560,-10.0
ppo,2,11561,-10.0
ppo,2,11562,-10.0
ppo,2,11563,-10.0
ppo,2,11565,-10.0
ppo,2,11566,-10.0
ppo,2,11567,-10.0
ppo,2,11568,-10.0
ppo,2,11569,-10.0
ppo,2,11570,-10.0
ppo,2,11572,-10.0
ppo,2,11573,-10.0
ppo,2,11576,-10.0
ppo,2,11578,-10.0
ppo,2,11580,-10.0
ppo,2,11581,-10.0
ppo,2,11584,-10.0
ppo,2,11586,-10.0
ppo,2,11587,-10.0
ppo,2,11588,-10.0
ppo,2,11589,-10.0
ppo,2,11590,-10.0
ppo,2,11591,-10.0
ppo,2,11592,-10.0
ppo,2,11593,-10.0
ppo,2,11594,-10.0
ppo,2,11595,-10.0
ppo,2,11596,-10.0
ppo,2,11597,-10.0
ppo,2,11599,-10.0
ppo,2,11600,-10.0
ppo,2,11601,-10.0
ppo,2,11603,-10.0
ppo,2,11605,-10.0
ppo,2,11606,-10.0
ppo,2,11607,-10.0
ppo,2,11610,-10.0
ppo,2,11613,-10.0
ppo,2,11617,-10.0
ppo,2,11618,-10.0
ppo,2,11622,-10.0
ppo,2,11623,-10.0
ppo,2,11624,-10.0
ppo,2,11625,-10.0
ppo,2,11626,-10.0
ppo,2,11628,-10.0
ppo,2,11629,-10.0
ppo,2,11630,-10.0
ppo,2,11631,-10.0
ppo,2,11632,-10.0
ppo,2,11633,-10.0
ppo,2,11634,-10.0
ppo,2,11636,-10.0
ppo,2,11638,-10.0
ppo,2,11639,-10.0
ppo,2,11641,-10.0
ppo,2,11644,-10.0
ppo,2,11647,-10.0
ppo,2,11648,-10.0
ppo,2,11650,-10.0
ppo,2,11651,-10.0
ppo,2,11652,-10.0
ppo,2,11653,-10.0
ppo,2,11655,-10.0
ppo,2,11657,-10.0
ppo,2,11658,-10.0
ppo,2,11660,-10.0
ppo,2,11662,-10.0
ppo,2,11665,-10.0
ppo,2,11666,-10.0
ppo,2,11668,-10.0
ppo,2,11669,-10.0
ppo,2,11670,-10.0
ppo,2,11676,-10.0
ppo,2,11677,-10.0
ppo,2,11679,-10.0
ppo,2,11680,-10.0
ppo,2,11681,-10.0
ppo,2,11682,-10.0
ppo,2,11684,-10.0
ppo,2,11685,-10.0
ppo,2,11686,-10.0
ppo,2,11687,-10.0
ppo,2,11691,-10.0
ppo,2,11692,-10.0
ppo,2,11693,-10.0
ppo,2,11694,-10.0
ppo,2,11696,-10.0
ppo,2,11697,-10.0
ppo,2,11700,-10.0
ppo,2,11702,-10.0
ppo,2,11705,-10.0
ppo,2,11706,-10.0
ppo,2,11708,-10.0
ppo,2,11710,-10.0
ppo,2,11711,-10.0
ppo,2,11712,-10.0
ppo,2,11713,-10.0
ppo,2,11714,-10.0
ppo,2,11716,-10.0
ppo,2,11719,-10.0
ppo,2,11723,-10.0
ppo,2,11724,-10.0
ppo,2,11725,-10.0
ppo,2,11729,-10.0
ppo,2,11730,-10.0
ppo,2,11732,-10.0
ppo,2,11734,-10.0
ppo,2,11735,-10.0
ppo,2,11737,-10.0
ppo,2,11741,-10.0
ppo,2,11743,-10.0
ppo,2,11745,-10.0
ppo,2,11746,-10.0
ppo,2,11747,-10.0
ppo,2,11748,-10.0
ppo,2,11749,-10.0
ppo,2,11750,-10.0
ppo,2,11752,-10.0
ppo,2,11753,-10.0
ppo,2,11754,-10.0
ppo,2,11755,-10.0
ppo,2,11756,-10.0
ppo,2,11757,-10.0
ppo,2,11758,-10.0
ppo,2,11762,-10.0
ppo,2,11763,-10.0
ppo,2,11764,-10.0
ppo,2,11765,-10.0
ppo,2,11766,-10.0
ppo,2,11769,-10.0
ppo,2,11770,-10.0
ppo,2,11772,-10.0
ppo,2,11773,-10.0
ppo,2,11774,-10.0
ppo,2,11777,-10.0
ppo,2,11778,-10.0
ppo,2,11779,-10.0
ppo,2,11780,-10.0
ppo,2,11781,-10.0
ppo,2,11783,-10.0
ppo,2,11784,-10.0
ppo,2,11785,-10.0
ppo,2,11787,-10.0
ppo,2,11788,-10.0
ppo,2,11789,-10.0
ppo,2,11792,-10.0
ppo,2,11793,-10.0
ppo,2,11794,-10.0
ppo,2,11797,-10.0
ppo,2,11798,-10.0
ppo,2,11800,-10.0
ppo,2,11802,-10.0
ppo,2,11805,-10.0
ppo,2,11807,-10.0
ppo,2,11808,-10.0
ppo,2,11809,-10.0
ppo,2,11810,-10.0
ppo,2,11811,-10.0
ppo,2,11812,-10.0
ppo,2,11813,-10.0
ppo,2,11814,-10.0
ppo,2,11815,-10.0
ppo,2,11816,-10.0
ppo,2,11817,-10.0
ppo,2,11818,-10.0
ppo,2,11820,-10.0
ppo,2,11821,-10.0
ppo,2,11822,-10.0
ppo,2,11823,-10.0
ppo,2,11825,-10.0
ppo,2,11826,-10.0
ppo,2,11828,-10.0
ppo,2,11830,-10.0
ppo,2,11833,-10.0
ppo,2,11834,-10.0
ppo,2,11836,-10.0
ppo,2,11837,-10.0
ppo,2,11838,-10.0
ppo,2,11839,-10.0
ppo,2,11843,-10.0
ppo,2,11844,-10.0
ppo,2,11846,-10.0
ppo,2,11848,-10.0
ppo,2,11851,-10.0
ppo,2,11852,-10.0
ppo,2,11853,-10.0
ppo,2,11855,-10.0
ppo,2,11856,-10.0
ppo,2,11858,-10.0
ppo,2,11859,-10.0
ppo,2,11860,-10.0
ppo,2,11862,-10.0
ppo,2,11863,-10.0
ppo,2,11865,-10.0
ppo,2,11867,-10.0
ppo,2,11869,-10.0
ppo,2,11871,-10.0
ppo,2,11873,-10.0
ppo,2,11874,-10.0
ppo,2,11875,-10.0
ppo,2,11876,-10.0
ppo,2,11877,-10.0
ppo,2,11879,-10.0
ppo,2,11880,-10.0
ppo,2,11881,-10.0
ppo,2,11882,-10.0
ppo,2,11884,-10.0
ppo,2,11888,-10.0
ppo,2,11889,-10.0
ppo,2,11890,-10.0
ppo,2,11892,-10.0
ppo,2,11894,-10.0
ppo,2,11895,-10.0
ppo,2,11896,-10.0
ppo,2,11898,-10.0
ppo,2,11900,-10.0
ppo,2,11902,-10.0
ppo,2,11903,-10.0
ppo,2,11904,-10.0
ppo,2,11907,-10.0
ppo,2,11910,-10.0
ppo,2,11912,-10.0
ppo,2,11913,-10.0
ppo,2,11914,-10.0
ppo,2,11915,-10.0
ppo,2,11917,-10.0
ppo,2,11919,-10.0
ppo,2,11920,-10.0
ppo,2,11923,-10.0
ppo,2,11924,-10.0
ppo,2,11927,-10.0
ppo,2,11929,-10.0
ppo,2,11930,-10.0
ppo,2,11931,-10.0
ppo,2,11932,-10.0
ppo,2,11934,-10.0
ppo,2,11936,-10.0
ppo,2,11937,-10.0
ppo,2,11938,-10.0
ppo,2,11939,-10.0
ppo,2,11940,-10.0
ppo,2,11941,-10.0
ppo,2,11942,-10.0
ppo,2,11944,-10.0
ppo,2,11945,-10.0
ppo,2,11946,-10.0
ppo,2,11948,-10.0
ppo,2,11950,-10.0
ppo,2,11952,-10.0
ppo,2,11953,-10.0
ppo,2,11954,-10.0
ppo,2,11955,-10.0
ppo,2,11957,-10.0
ppo,2,11958,-10.0
ppo,2,11960,-10.0
ppo,2,11961,-10.0
ppo,2,11962,-10.0
ppo,2,11963,-10.0
ppo,2,11964,-10.0
ppo,2,11966,-10.0
ppo,2,11968,-10.0
ppo,2,11969,-10.0
ppo,2,11972,-10.0
ppo,2,11973,-10.0
ppo,2,11974,-10.0
ppo,2,11977,-10.0
ppo,2,11979,-10.0
ppo,2,11980,-10.0
ppo,2,11981,-10.0
ppo,2,11982,-10.0
ppo,2,11984,-10.0
ppo,2,11985,-10.0
ppo,2,11987,-10.0
ppo,2,11988,-10.0
ppo,2,11989,-10.0
ppo,2,11992,-10.0
ppo,2,11993,-10.0
ppo,2,11994,-10.0
ppo,2,11995,-10.0
ppo,2,11999,-10.0
ppo,2,12000,-10.0
ppo,2,12001,-10.0
ppo,2,12002,-10.0
ppo,2,12003,-10.0
ppo,2,12005,-10.0
ppo,2,12008,-10.0
ppo,2,12009,-10.0
ppo,2,12010,-10.0
ppo,2,12012,-10.0
ppo,2,12013,-10.0
ppo,2,12014,-10.0
ppo,2,12015,-10.0
ppo,2,12016,-10.0
ppo,2,12017,-10.0
ppo,2,12020,-10.0
ppo,2,12021,-10.0
ppo,2,12025,-10.0
ppo,2,12028,-10.0
ppo,2,12029,-10.0
ppo,2,12030,-10.0
ppo,2,12032,-10.0
ppo,2,12033,-10.0
ppo,2,12034,-10.0
ppo,2,12035,-10.0
ppo,2,12037,-10.0
ppo,2,12038,-10.0
ppo,2,12039,-10.0
ppo,2,12040,-10.0
ppo,2,12041,-10.0
ppo,2,12042,-10.0
ppo,2,12043,-10.0
ppo,2,12044,-10.0
ppo,2,12045,-10.0
ppo,2,12047,-10.0
ppo,2,12048,-10.0
ppo,2,12050,-10.0
ppo,2,12052,-10.0
ppo,2,12053,-10.0
ppo,2,12054,-10.0
ppo,2,12055,-10.0
ppo,2,12057,-10.0
ppo,2,12058,-10.0
ppo,2,12063,-10.0
ppo,2,12064,-10.0
ppo,2,12065,-10.0
ppo,2,12067,-10.0
ppo,2,12069,-10.0
ppo,2,12070,-10.0
ppo,2,12072,-10.0
ppo,2,12073,-10.0
ppo,2,12074,-10.0
ppo,2,12077,-10.0
ppo,2,12078,-10.0
ppo,2,12079,-10.0
ppo,2,12080,-10.0
ppo,2,12081,-10.0
ppo,2,12082,-10.0
ppo,2,12083,-10.0
ppo,2,12084,-10.0
ppo,2,12085,-10.0
ppo,2,12088,-10.0
ppo,2,12089,-10.0
ppo,2,12090,-10.0
ppo,2,12091,-10.0
ppo,2,12093,-10.0
ppo,2,12097,-10.0
ppo,2,12100,-10.0
ppo,2,12101,-10.0
ppo,2,12103,-10.0
ppo,2,12104,-10.0
ppo,2,12105,-10.0
ppo,2,12106,-10.0
ppo,2,12107,-10.0
ppo,2,12109,-10.0
ppo,2,12110,-10.0
ppo,2,12111,-10.0
ppo,2,12113,-10.0
ppo,2,12115,-10.0
ppo,2,12116,-10.0
ppo,2,12118,-10.0
ppo,2,12120,-10.0
ppo,2,12121,-10.0
ppo,2,12122,-10.0
ppo,2,12123,-10.0
ppo,2,12124,-10.0
ppo,2,12125,-10.0
ppo,2,12126,-10.0
ppo,2,12127,-10.0
ppo,2,12128,-38.7
ppo,2,12129,-10.0
ppo,2,12131,-10.0
ppo,2,12132,-10.0
ppo,2,12133,-10.0
ppo,2,12135,-10.0
ppo,2,12136,-10.0
ppo,2,12137,-10.0
ppo,2,12143,-10.0
ppo,2,12145,-10.0
ppo,2,12146,-10.0
ppo,2,12147,-10.0
ppo,2,12149,-10.0
ppo,2,12150,-10.0
ppo,2,12152,-10.0
ppo,2,12156,-10.0
ppo,2,12157,-10.0
ppo,2,12159,-10.0
ppo,2,12160,-10.0
ppo,2,12164,-10.0
ppo,2,12166,-10.0
ppo,2,12167,-10.0
ppo,2,12169,-10.0
ppo,2,12171,-10.0
ppo,2,12172,-10.0
ppo,2,12173,-10.0
ppo,2,12175,-10.0
ppo,2,12178,-10.0
ppo,2,12180,-10.0
ppo,2,12181,-10.0
ppo,2,12183,-10.0
ppo,2,12184,-10.0
ppo,2,12186,-10.0
ppo,2,12187,-10.0
ppo,2,12188,-10.0
ppo,2,12190,-10.0
ppo,2,12191,-10.0
ppo,2,12192,-10.0
ppo,2,12193,-10.0
ppo,2,12196,-10.0
ppo,2,12197,-10.0
ppo,2,12198,-10.0
ppo,2,12199,-10.0
ppo,2,12200,-10.0
ppo,2,12202,-10.0
ppo,2,12203,-10.0
ppo,2,12207,-10.0
ppo,2,12209,-10.0
ppo,2,12210,-10.0
ppo,2,12211,-10.0
ppo,2,12212,-10.0
ppo,2,12213,-10.0
ppo,2,12215,-10.0
ppo,2,12219,-10.0
ppo,2,12220,-10.0
ppo,2,12221,-10.0
ppo,2,12226,-10.0
ppo,2,12227,-10.0
ppo,2,12229,-10.0
ppo,2,12230,-10.0
ppo,2,12231,-10.0
ppo,2,12232,-10.0
ppo,2,12233,-10.0
ppo,2,12234,-10.0
ppo,2,12236,-10.0
ppo,2,12238,-10.0
ppo,2,12239,-10.0
ppo,2,12240,-10.0
ppo,2,12242,-10.0
ppo,2,12244,-10.0
ppo,2,12245,-10.0
ppo,2,12246,-10.0
ppo,2,12247,-10.0
ppo,2,12248,-10.0
ppo,2,12249,-10.0
ppo,2,12251,-10.0
ppo,2,12252,-10.0
ppo,2,12253,-10.0
ppo,2,12254,-10.0
ppo,2,12256,-10.0
ppo,2,12257,-10.0
ppo,2,12260,-10.0
ppo,2,12261,-10.0
ppo,2,12264,-10.0
ppo,2,12265,-10.0
ppo,2,12266,-10.0
ppo,2,12267,-10.0
ppo,2,12269,-10.0
ppo,2,12270,-10.0
ppo,2,12273,-10.0
ppo,2,12274,-10.0
ppo,2,12275,-10.0
ppo,2,12276,-10.0
ppo,2,12277,-10.0
ppo,2,12278,-10.0
ppo,2,12279,-10.0
ppo,2,12281,-10.0
ppo,2,12282,-10.0
ppo,2,12284,-10.0
ppo,2,12285,-10.0
ppo,2,12286,-10.0
ppo,2,12288,-10.0
ppo,2,12294,-10.0
ppo,2,12295,-10.0
ppo,2,12297,-10.0
ppo,2,12298,-10.0
ppo,2,12300,-10.0
ppo,2,12301,-10.0
ppo,2,12303,-10.0
ppo,2,12304,-10.0
ppo,2,12306,-10.0
ppo,2,12307,-10.0
ppo,2,12309,-10.0
ppo,2,12311,-10.0
ppo,2,12313,-10.0
ppo,2,12314,-10.0
ppo,2,12316,-10.0
ppo,2,12317,-10.0
ppo,2,12319,-10.0
ppo,2,12322,-10.0
ppo,2,12325,-10.0
ppo,2,12327,-10.0
ppo,2,12328,-10.0
ppo,2,12329,-10.0
ppo,2,12331,-10.0
ppo,2,12332,-10.0
ppo,2,12334,-10.0
ppo,2,12335,-10.0
ppo,2,12336,-10.0
ppo,2,12337,-10.0
ppo,2,12341,-10.0
ppo,2,12343,-10.0
ppo,2,12344,-10.0
ppo,2,12345,-10.0
ppo,2,12346,-10.0
ppo,2,12347,-10.0
ppo,2,12348,-10.0
ppo,2,12350,-10.0
ppo,2,12351,-10.0
ppo,2,12352,-10.0
ppo,2,12358,-10.0
ppo,2,12359,-10.0
ppo,2,12361,-10.0
ppo,2,12363,-10.0
ppo,2,12366,-10.0
ppo,2,12367,-10.0
ppo,2,12369,-10.0
ppo,2,12370,-10.0
ppo,2,12371,-10.0
ppo,2,12372,-10.0
ppo,2,12373,-10.0
ppo,2,12374,-10.0
ppo,2,12379,-10.0
ppo,2,12384,-10.0
ppo,2,12385,-10.0
ppo,2,12389,-10.0
ppo,2,12391,-10.0
ppo,2,12395,-10.0
ppo,2,12396,-10.0
ppo,2,12397,-10.0
ppo,2,12398,-10.0
ppo,2,12400,-10.0
ppo,2,12402,-10.0
ppo,2,12403,-10.0
ppo,2,12404,-10.0
ppo,2,12406,-10.0
ppo,2,12407,-10.0
ppo,2,12408,-10.0
ppo,2,12410,-10.0
ppo,2,12411,-10.0
ppo,2,12414,-10.0
ppo,2,12415,-10.0
ppo,2,12416,-10.0
ppo,2,12419,-10.0
ppo,2,12421,-10.0
ppo,2,12422,-10.0
ppo,2,12427,-10.0
ppo,2,12429,-10.0
ppo,2,12432,-10.0
ppo,2,12433,-10.0
ppo,2,12434,-10.0
ppo,2,12435,-10.0
ppo,2,12437,-10.0
ppo,2,12438,-10.0
ppo,2,12439,-10.0
ppo,2,12443,-10.0
ppo,2,12446,-10.0
ppo,2,12448,-10.0
ppo,2,12449,-10.0
ppo,2,12450,-10.0
ppo,2,12452,-10.0
ppo,2,12453,-10.0
ppo,2,12454,-10.0
ppo,2,12456,-10.0
ppo,2,12457,-10.0
ppo,2,12458,-10.0
ppo,2,12459,-10.0
ppo,2,12460,-10.0
ppo,2,12462,-10.0
ppo,2,12463,-10.0
ppo,2,12465,-10.0
ppo,2,12469,-10.0
ppo,2,12471,-10.0
ppo,2,12472,-10.0
ppo,2,12473,-10.0
ppo,2,12474,-10.0
ppo,2,12477,-10.0
ppo,2,12478,-10.0
ppo,2,12479,-10.0
ppo,2,12480,-10.0
ppo,2,12487,-10.0
ppo,2,12489,-10.0
ppo,2,12491,-10.0
ppo,2,12492,-10.0
ppo,2,12497,-10.0
ppo,2,12498,-10.0
ppo,2,12499,-10.0
ppo,2,12503,-10.0
ppo,2,12504,-10.0
ppo,2,12508,-10.0
ppo,2,12511,-10.0
ppo,2,12512,-10.0
ppo,2,12513,-10.0
ppo,2,12514,-10.0
ppo,2,12518,-10.0
ppo,2,12521,-10.0
ppo,2,12525,-10.0
ppo,2,12526,-10.0
ppo,2,12527,-10.0
ppo,2,12529,-10.0
ppo,2,12533,-10.0
ppo,2,12538,-10.0
ppo,2,12544,-10.0
ppo,2,12548,-10.0
ppo,2,12550,-10.0
ppo,2,12552,-10.0
ppo,2,12554,-10.0
ppo,2,12557,-10.0
ppo,2,12560,-10.0
ppo,2,12561,-10.0
ppo,2,12566,-10.0
ppo,2,12569,-10.0
ppo,2,12570,-10.0
ppo,2,12571,-10.0
ppo,2,12572,-10.0
ppo,2,12576,-10.0
ppo,2,12577,-10.0
ppo,2,12578,-10.0
ppo,2,12590,-10.0
ppo,2,12593,-10.0
ppo,2,12596,-10.0
ppo,2,12597,-10.0
ppo,2,12598,-10.0
ppo,2,12601,-10.0
ppo,2,12602,-10.0
ppo,2,12604,-10.0
ppo,2,12605,-10.0
ppo,2,12607,-10.0
ppo,2,12608,-10.0
ppo,2,12609,-10.0
ppo,2,12611,-10.0
ppo,2,12612,-10.0
ppo,2,12614,-10.0
ppo,2,12617,-10.0
ppo,2,12618,-10.0
ppo,2,12619,-10.0
ppo,2,12622,-10.0
ppo,2,12623,-10.0
ppo,2,12624,-10.0
ppo,2,12625,-10.0
ppo,2,12626,-10.0
ppo,2,12627,-10.0
ppo,2,12631,-10.0
ppo,2,12636,-10.0
ppo,2,12643,-10.0
ppo,2,12645,-10.0
ppo,2,12648,-10.0
ppo,2,12649,-10.0
ppo,2,12651,-10.0
ppo,2,12652,-10.0
ppo,2,12654,-10.0
ppo,2,12655,-10.0
ppo,2,12658,-10.0
ppo,2,12660,-10.0
ppo,2,12661,-10.0
ppo,2,12665,-10.0
ppo,2,12666,-10.0
ppo,2,12668,-10.0
ppo,2,12671,-10.0
ppo,2,12672,-10.0
ppo,2,12673,-10.0
ppo,2,12674,-10.0
ppo,2,12677,-10.0
ppo,2,12680,-10.0
ppo,2,12681,-10.0
ppo,2,12682,-10.0
ppo,2,12684,-10.0
ppo,2,12685,-10.0
ppo,2,12691,-10.0
ppo,2,12692,-10.0
ppo,2,12694,-10.0
ppo,2,12695,-10.0
ppo,2,12696,-10.0
ppo,2,12697,-10.0
ppo,2,12700,-10.0
ppo,2,12701,-10.0
ppo,2,12704,-10.0
ppo,2,12706,-10.0
ppo,2,12707,-10.0
ppo,2,12708,-10.0
ppo,2,12709,-10.0
ppo,2,12711,-10.0
ppo,2,12712,-10.0
ppo,2,12714,-10.0
ppo,2,12716,-10.0
ppo,2,12717,-10.0
ppo,2,12718,-10.0
ppo,2,12719,-10.0
ppo,2,12721,-10.0
ppo,2,12723,-10.0
ppo,2,12725,-10.0
ppo,2,12726,-10.0
ppo,2,12728,-10.0
ppo,2,12730,-10.0
ppo,2,12731,-10.0
ppo,2,12734,-10.0
ppo,2,12735,-10.0
ppo,2,12739,-10.0
ppo,2,12740,-10.0
ppo,2,12742,-10.0
ppo,2,12743,-10.0
ppo,2,12744,-10.0
ppo,2,12746,-10.0
ppo,2,12752,-10.0
ppo,2,12754,-10.0
ppo,2,12764,-10.0
ppo,2,12766,-10.0
ppo,2,12768,-10.0
ppo,2,12769,-10.0
ppo,2,12770,-10.0
ppo,2,12772,-10.0
ppo,2,12774,-10.0
ppo,2,12775,-10.0
ppo,2,12780,-10.0
ppo,2,12783,-10.0
ppo,2,12784,-10.0
ppo,2,12786,-10.0
ppo,2,12790,-10.0
ppo,2,12794,-10.0
ppo,2,12796,-10.0
ppo,2,12797,-10.0
ppo,2,12799,-10.0
ppo,2,12800,-10.0
ppo,2,12804,-10.0
ppo,2,12806,-10.0
ppo,2,12807,-10.0
ppo,2,12808,-10.0
ppo,2,12809,-10.0
ppo,2,12810,-10.0
ppo,2,12811,-10.0
ppo,2,12812,-10.0
ppo,2,12816,-10.0
ppo,2,12818,-10.0
ppo,2,12819,-10.0
ppo,2,12820,-10.0
ppo,2,12822,-10.0
ppo,2,12824,-10.0
ppo,2,12828,-10.0
ppo,2,12831,-10.0
ppo,2,12833,-10.0
ppo,2,12835,-10.0
ppo,2,12836,-10.0
ppo,2,12838,-10.0
ppo,2,12839,-10.0
ppo,2,12841,-10.0
ppo,2,12842,-10.0
ppo,2,12844,-10.0
ppo,2,12845,-10.0
ppo,2,12847,-10.0
ppo,2,12848,-10.0
ppo,2,12851,-10.0
ppo,2,12855,-10.0
ppo,2,12856,-10.0
ppo,2,12857,-10.0
ppo,2,12858,-10.0
ppo,2,12860,-10.0
ppo,2,12861,-10.0
ppo,2,12862,-10.0
ppo,2,12863,-10.0
ppo,2,12866,-10.0
ppo,2,12867,-10.0
ppo,2,12869,-10.0
ppo,2,12871,-10.0
ppo,2,12872,-10.0
ppo,2,12875,-10.0
ppo,2,12876,-10.0
ppo,2,12879,-10.0
ppo,2,12882,-10.0
ppo,2,12886,-10.0
ppo,2,12891,-10.0
ppo,2,12892,-10.0
ppo,2,12895,-10.0
ppo,2,12897,-10.0
ppo,2,12899,-10.0
ppo,2,12904,-10.0
ppo,2,12906,-10.0
ppo,2,12910,-10.0
ppo,2,12911,-10.0
ppo,2,12917,-10.0
ppo,2,12920,-10.0
ppo,2,12922,-10.0
ppo,2,12924,-10.0
ppo,2,12928,-10.0
ppo,2,12934,-10.0
ppo,2,12936,-10.0
ppo,2,12937,-10.0
ppo,2,12939,-10.0
ppo,2,12940,-10.0
ppo,2,12941,-10.0
ppo,2,12942,-10.0
ppo,2,12944,-10.0
ppo,2,12945,-10.0
ppo,2,12947,-10.0
ppo,2,12948,-10.0
ppo,2,12950,-10.0
ppo,2,12951,-10.0
ppo,2,12955,-10.0
ppo,2,12956,-10.0
ppo,2,12962,-10.0
ppo,2,12964,-10.0
ppo,2,12966,-10.0
ppo,2,12967,-10.0
ppo,2,12969,-10.0
ppo,2,12970,-10.0
ppo,2,12972,-10.0
ppo,2,12974,-10.0
ppo,2,12978,-10.0
ppo,2,12980,-10.0
ppo,2,12981,-10.0
ppo,2,12982,-10.0
ppo,2,12983,-10.0
ppo,2,12984,-10.0
ppo,2,12986,-10.0
ppo,2,12987,-10.0
ppo,2,12988,-10.0
ppo,2,12989,-10.0
ppo,2,12990,-10.0
ppo,2,12992,-10.0
ppo,2,12995,-10.0
ppo,2,12999,-10.0
ppo,2,13001,-10.0
ppo,2,13004,-10.0
ppo,2,13005,-10.0
ppo,2,13006,-10.0
ppo,2,13007,-10.0
ppo,2,13008,-10.0
ppo,2,13011,-10.0
ppo,2,13012,-10.0
ppo,2,13013,-10.0
ppo,2,13017,-10.0
ppo,2,13018,-10.0
ppo,2,13019,-10.0
ppo,2,13020,-10.0
ppo,2,13023,-10.0
ppo,2,13024,-10.0
ppo,2,13025,-10.0
ppo,2,13027,-10.0
ppo,2,13029,-10.0
ppo,2,13031,-10.0
ppo,2,13034,-10.0
ppo,2,13035,-10.0
ppo,2,13038,-10.0
ppo,2,13042,-10.0
ppo,2,13043,-10.0
ppo,2,13048,-10.0
ppo,2,13054,-10.0
ppo,2,13057,-10.0
ppo,2,13062,-10.0
ppo,2,13063,-10.0
ppo,2,13064,-10.0
ppo,2,13071,-43.5
ppo,2,13075,-10.0
ppo,2,13078,-10.0
ppo,2,13081,-10.0
ppo,2,13083,-10.0
ppo,2,13084,-10.0
ppo,2,13085,-10.0
ppo,2,13087,-10.0
ppo,2,13088,-10.0
ppo,2,13090,-10.0
ppo,2,13096,-10.0
ppo,2,13099,-10.0
ppo,2,13102,-10.0
ppo,2,13104,-10.0
ppo,2,13105,-10.0
ppo,2,13107,-10.0
ppo,2,13108,-10.0
ppo,2,13109,-10.0
ppo,2,13110,-10.0
ppo,2,13111,-10.0
ppo,2,13112,-10.0
ppo,2,13115,-10.0
ppo,2,13117,-10.0
ppo,2,13118,-10.0
ppo,2,13120,-10.0
ppo,2,13121,-10.0
ppo,2,13122,-10.0
ppo,2,13123,-10.0
ppo,2,13124,-10.0
ppo,2,13125,-10.0
ppo,2,13127,-10.0
ppo,2,13128,-10.0
ppo,2,13132,-10.0
ppo,2,13138,-10.0
ppo,2,13139,-10.0
ppo,2,13141,-10.0
ppo,2,13142,-10.0
ppo,2,13144,-10.0
ppo,2,13145,-10.0
ppo,2,13147,-10.0
ppo,2,13148,-10.0
ppo,2,13149,-10.0
ppo,2,13151,-10.0
ppo,2,13154,-10.0
ppo,2,13157,-10.0
ppo,2,13158,-10.0
ppo,2,13159,-10.0
ppo,2,13160,-10.0
ppo,2,13162,-10.0
ppo,2,13166,-10.0
ppo,2,13168,-10.0
ppo,2,13169,-10.0
ppo,2,13171,-10.0
ppo,2,13172,-10.0
ppo,2,13174,-10.0
ppo,2,13175,-10.0
ppo,2,13177,-10.0
ppo,2,13179,-10.0
ppo,2,13180,-10.0
ppo,2,13185,-10.0
ppo,2,13189,-10.0
ppo,2,13194,-10.0
ppo,2,13195,-10.0
ppo,2,13196,-10.0
ppo,2,13197,-10.0
ppo,2,13198,-10.0
ppo,2,13200,-10.0
ppo,2,13202,-10.0
ppo,2,13203,-10.0
ppo,2,13204,-10.0
ppo,2,13205,-10.0
ppo,2,13207,-10.0
ppo,2,13208,-10.0
ppo,2,13209,-10.0
ppo,2,13210,-10.0
ppo,2,13211,-10.0
ppo,2,13212,-10.0
ppo,2,13215,-10.0
ppo,2,13217,-10.0
ppo,2,13218,-10.0
ppo,2,13222,-10.0
ppo,2,13224,-10.0
ppo,2,13225,-10.0
ppo,2,13226,-10.0
ppo,2,13227,-10.0
ppo,2,13230,-10.0
ppo,2,13231,-10.0
ppo,2,13232,-10.0
ppo,2,13233,-10.0
ppo,2,13234,-10.0
ppo,2,13241,-10.0
ppo,2,13242,-10.0
ppo,2,13244,-10.0
ppo,2,13247,-10.0
ppo,2,13248,-10.0
ppo,2,13250,-10.0
ppo,2,13251,-10.0
ppo,2,13258,-10.0
ppo,2,13259,-10.0
ppo,2,13260,-10.0
ppo,2,13261,-10.0
ppo,2,13262,-10.0
ppo,2,13263,-10.0
ppo,2,13264,-10.0
ppo,2,13266,-10.0
ppo,2,13267,-10.0
ppo,2,13268,-10.0
ppo,2,13270,-10.0
ppo,2,13271,-10.0
ppo,2,13272,-10.0
ppo,2,13274,-10.0
ppo,2,13276,-10.0
ppo,2,13277,-10.0
ppo,2,13278,-10.0
ppo,2,13279,-10.0
ppo,2,13283,-10.0
ppo,2,13285,-10.0
ppo,2,13288,-10.0
ppo,2,13300,-10.0
ppo,2,13302,-10.0
ppo,2,13308,-10.0
ppo,2,13311,-10.0
ppo,2,13312,-10.0
ppo,2,13313,-10.0
ppo,2,13314,-10.0
ppo,2,13315,-10.0
ppo,2,13317,-10.0
ppo,2,13318,-10.0
ppo,2,13319,-10.0
ppo,2,13321,-10.0
ppo,2,13328,-31.8
ppo,2,13330,-10.0
ppo,2,13331,-10.0
ppo,2,13332,-10.0
ppo,2,13334,-10.0
ppo,2,13336,-10.0
ppo,2,13338,-10.0
ppo,2,13340,-10.0
ppo,2,13343,-10.0
ppo,2,13344,-10.0
ppo,2,13345,-10.0
ppo,2,13346,-10.0
ppo,2,13347,-10.0
ppo,2,13348,-10.0
ppo,2,13352,-10.0
ppo,2,13353,-10.0
ppo,2,13354,-10.0
ppo,2,13355,-10.0
ppo,2,13360,-10.0
ppo,2,13361,-10.0
ppo,2,13366,-10.0
ppo,2,13368,-10.0
ppo,2,13372,-10.0
ppo,2,13373,-10.0
ppo,2,13378,-10.0
ppo,2,13379,-10.0
ppo,2,13380,-10.0
ppo,2,13383,-10.0
ppo,2,13386,-10.0
ppo,2,13387,-10.0
ppo,2,13389,-10.0
ppo,2,13392,-10.0
ppo,2,13393,-10.0
ppo,2,13396,-10.0
ppo,2,13399,-10.0
ppo,2,13401,-10.0
ppo,2,13402,-10.0
ppo,2,13403,-10.0
ppo,2,13405,-10.0
ppo,2,13406,-10.0
ppo,2,13407,-10.0
ppo,2,13410,-10.0
ppo,2,13411,-10.0
ppo,2,13413,-10.0
ppo,2,13414,-10.0
ppo,2,13415,-10.0
ppo,2,13416,-10.0
ppo,2,13418,-10.0
ppo,2,13419,-10.0
ppo,2,13421,-10.0
ppo,2,13424,-10.0
ppo,2,13427,-10.0
ppo,2,13429,-10.0
ppo,2,13430,-10.0
ppo,2,13431,-10.0
ppo,2,13432,-10.0
ppo,2,13433,-10.0
ppo,2,13435,-10.0
ppo,2,13439,-10.0
ppo,2,13441,-10.0
ppo,2,13443,-10.0
ppo,2,13449,-10.0
ppo,2,13450,-10.0
ppo,2,13455,-10.0
ppo,2,13456,-10.0
ppo,2,13460,-10.0
ppo,2,13461,-10.0
ppo,2,13463,-10.0
ppo,2,13464,-10.0
ppo,2,13466,-10.0
ppo,2,13468,-10.0
ppo,2,13470,-10.0
ppo,2,13475,-10.0
ppo,2,13476,-10.0
ppo,2,13477,-10.0
ppo,2,13480,-10.0
ppo,2,13481,-10.0
ppo,2,13482,-10.0
ppo,2,13489,-10.0
ppo,2,13490,-10.0
ppo,2,13491,-10.0
ppo,2,13492,-10.0
ppo,2,13493,-10.0
ppo,2,13494,-10.0
ppo,2,13495,-10.0
ppo,2,13496,-10.0
ppo,2,13497,-10.0
ppo,2,13500,-10.0
ppo,2,13507,-10.0
ppo,2,13509,-10.0
ppo,2,13510,-10.0
ppo,2,13511,-10.0
ppo,2,13512,-10.0
ppo,2,13514,-10.0
ppo,2,13515,-10.0
ppo,2,13519,-10.0
ppo,2,13520,-10.0
ppo,2,13521,-10.0
ppo,2,13522,-10.0
ppo,2,13523,-10.0
ppo,2,13526,-10.0
ppo,2,13527,-10.0
ppo,2,13528,-10.0
ppo,2,13529,-10.0
ppo,2,13530,-10.0
ppo,2,13531,-10.0
ppo,2,13534,-10.0
ppo,2,13536,-10.0
ppo,2,13538,-10.0
ppo,2,13539,-10.0
ppo,2,13540,-10.0
ppo,2,13541,-10.0
ppo,2,13544,-10.0
ppo,2,13545,-10.0
ppo,2,13549,-10.0
ppo,2,13551,-10.0
ppo,2,13557,-10.0
ppo,2,13558,-10.0
ppo,2,13559,-10.0
ppo,2,13560,-10.0
ppo,2,13561,-10.0
ppo,2,13564,-10.0
ppo,2,13565,-10.0
ppo,2,13568,-10.0
ppo,2,13571,-10.0
ppo,2,13574,-10.0
ppo,2,13577,-10.0
ppo,2,13579,-10.0
ppo,2,13580,-10.0
ppo,2,13587,-10.0
ppo,2,13589,-10.0
ppo,2,13590,-10.0
ppo,2,13594,-10.0
ppo,2,13597,-10.0
ppo,2,13599,-10.0
ppo,2,13601,-10.0
ppo,2,13603,-10.0
ppo,2,13604,-10.0
ppo,2,13605,-10.0
ppo,2,13606,-10.0
ppo,2,13607,-10.0
ppo,2,13608,-10.0
ppo,2,13611,-10.0
ppo,2,13617,-10.0
ppo,2,13619,-10.0
ppo,2,13620,-10.0
ppo,2,13624,-10.0
ppo,2,13625,-10.0
ppo,2,13627,-10.0
ppo,2,13628,-10.0
ppo,2,13634,-10.0
ppo,2,13637,-10.0
ppo,2,13639,-10.0
ppo,2,13643,-10.0
ppo,2,13645,-10.0
ppo,2,13648,-10.0
ppo,2,13650,-10.0
ppo,2,13651,-10.0
ppo,2,13652,-10.0
ppo,2,13656,-10.0
ppo,2,13658,-10.0
ppo,2,13662,-10.0
ppo,2,13663,-10.0
ppo,2,13666,-10.0
ppo,2,13667,-10.0
ppo,2,13668,-10.0
ppo,2,13670,-10.0
ppo,2,13671,-10.0
ppo,2,13672,-10.0
ppo,2,13676,-10.0
ppo,2,13682,-10.0
ppo,2,13687,-10.0
ppo,2,13689,-10.0
ppo,2,13690,-10.0
ppo,2,13692,-10.0
ppo,2,13694,-10.0
ppo,2,13697,-10.0
ppo,2,13699,-10.0
ppo,2,13701,-10.0
ppo,2,13702,-10.0
ppo,2,13704,-10.0
ppo,2,13707,-10.0
ppo,2,13709,-10.0
ppo,2,13710,-10.0
ppo,2,13714,-10.0
ppo,2,13716,-10.0
ppo,2,13717,-10.0
ppo,2,13720,-10.0
ppo,2,13721,-10.0
ppo,2,13723,-10.0
ppo,2,13724,-10.0
ppo,2,13725,-10.0
ppo,2,13727,-10.0
ppo,2,13728,-10.0
ppo,2,13730,-10.0
ppo,2,13735,-10.0
ppo,2,13736,-10.0
ppo,2,13737,-10.0
ppo,2,13741,-10.0
ppo,2,13742,-10.0
ppo,2,13743,-10.0
ppo,2,13744,-10.0
ppo,2,13745,-10.0
ppo,2,13749,-10.0
ppo,2,13750,-10.0
ppo,2,13751,-10.0
ppo,2,13752,-10.0
ppo,2,13754,-10.0
ppo,2,13755,-10.0
ppo,2,13762,-10.0
ppo,2,13764,-10.0
ppo,2,13765,-10.0
ppo,2,13767,-10.0
ppo,2,13768,-10.0
ppo,2,13769,-10.0
ppo,2,13770,-10.0
ppo,2,13773,-10.0
ppo,2,13776,-10.0
ppo,2,13777,-10.0
ppo,2,13779,-10.0
ppo,2,13780,-10.0
ppo,2,13781,-10.0
ppo,2,13782,-10.0
ppo,2,13785,-10.0
ppo,2,13789,-10.0
ppo,2,13790,-10.0
ppo,2,13796,-10.0
ppo,2,13797,-10.0
ppo,2,13798,-10.0
ppo,2,13799,-10.0
ppo,2,13800,-10.0
ppo,2,13801,-10.0
ppo,2,13802,-10.0
ppo,2,13803,-10.0
ppo,2,13806,-10.0
ppo,2,13808,-10.0
ppo,2,13809,-10.0
ppo,2,13810,-10.0
ppo,2,13811,-10.0
ppo,2,13815,-10.0
ppo,2,13816,-10.0
ppo,2,13818,-10.0
ppo,2,13819,-10.0
ppo,2,13820,-10.0
ppo,2,13821,-10.0
ppo,2,13822,-10.0
ppo,2,13826,-10.0
ppo,2,13827,-10.0
ppo,2,13828,-10.0
ppo,2,13829,-10.0
ppo,2,13830,-10.0
ppo,2,13831,-10.0
ppo,2,13832,-10.0
ppo,2,13834,-10.0
ppo,2,13835,-10.0
ppo,2,13837,-10.0
ppo,2,13838,-10.0
ppo,2,13839,-10.0
ppo,2,13843,-10.0
ppo,2,13846,-10.0
ppo,2,13848,-10.0
ppo,2,13851,-10.0
ppo,2,13852,-10.0
ppo,2,13853,-10.0
ppo,2,13854,-10.0
ppo,2,13856,-10.0
ppo,2,13860,-10.0
ppo,2,13862,-10.0
ppo,2,13863,-10.0
ppo,2,13864,-10.0
ppo,2,13868,-10.0
ppo,2,13869,-10.0
ppo,2,13871,-10.0
ppo,2,13873,-10.0
ppo,2,13875,-10.0
ppo,2,13878,-10.0
ppo,2,13879,-10.0
ppo,2,13884,-10.0
ppo,2,13885,-10.0
ppo,2,13890,-10.0
ppo,2,13891,-10.0
ppo,2,13892,-10.0
ppo,2,13893,-10.0
ppo,2,13894,-10.0
ppo,2,13896,-10.0
ppo,2,13901,-10.0
ppo,2,13904,-10.0
ppo,2,13906,-10.0
ppo,2,13907,-10.0
ppo,2,13910,-10.0
ppo,2,13911,-10.0
ppo,2,13915,-10.0
ppo,2,13919,-10.0
ppo,2,13923,-10.0
ppo,2,13926,-10.0
ppo,2,13927,-10.0
ppo,2,13928,-10.0
ppo,2,13930,-10.0
ppo,2,13931,-10.0
ppo,2,13932,-10.0
ppo,2,13933,-10.0
ppo,2,13936,-10.0
ppo,2,13937,-10.0
ppo,2,13941,-10.0
ppo,2,13942,-10.0
ppo,2,13945,-10.0
ppo,2,13946,-10.0
ppo,2,13947,-10.0
ppo,2,13948,-10.0
ppo,2,13950,-10.0
ppo,2,13951,-10.0
ppo,2,13953,-10.0
ppo,2,13954,-10.0
ppo,2,13955,-10.0
ppo,2,13957,-10.0
ppo,2,13958,-10.0
ppo,2,13959,-10.0
ppo,2,13961,-10.0
ppo,2,13962,-10.0
ppo,2,13963,-10.0
ppo,2,13964,-10.0
ppo,2,13967,-10.0
ppo,2,13968,-10.0
ppo,2,13969,-10.0
ppo,2,13970,-10.0
ppo,2,13973,-10.0
ppo,2,13975,-10.0
ppo,2,13977,-10.0
ppo,2,13981,-10.0
ppo,2,13982,-10.0
ppo,2,13983,-10.0
ppo,2,13984,-10.0
ppo,2,13985,-10.0
ppo,2,13986,-10.0
ppo,2,13989,-10.0
ppo,2,13992,-10.0
ppo,2,13993,-10.0
ppo,2,13996,-10.0
ppo,2,13997,-10.0
ppo,2,13998,-10.0
ppo,2,14000,-10.0
ppo,2,14001,-10.0
ppo,2,14003,-10.0
ppo,2,14004,-10.0
ppo,2,14005,-10.0
ppo,2,14008,-10.0
ppo,2,14009,-10.0
ppo,2,14010,-10.0
ppo,2,14016,-10.0
ppo,2,14017,-10.0
ppo,2,14018,-10.0
ppo,2,14019,-10.0
ppo,2,14020,-10.0
ppo,2,14021,-10.0
ppo,2,14022,-10.0
ppo,2,14023,-10.0
ppo,2,14024,-10.0
ppo,2,14025,-10.0
ppo,2,14027,-10.0
ppo,2,14029,-10.0
ppo,2,14030,-10.0
ppo,2,14031,-10.0
ppo,2,14032,-10.0
ppo,2,14033,-10.0
ppo,2,14034,-10.0
ppo,2,14038,-10.0
ppo,2,14039,-10.0
ppo,2,14040,-10.0
ppo,2,14041,-10.0
ppo,2,14043,-10.0
ppo,2,14045,-10.0
ppo,2,14048,-10.0
ppo,2,14051,-10.0
ppo,2,14053,-10.0
ppo,2,14054,-10.0
ppo,2,14055,-10.0
ppo,2,14059,-10.0
ppo,2,14061,-10.0
ppo,2,14062,-10.0
ppo,2,14064,-10.0
ppo,2,14066,-10.0
ppo,2,14069,-10.0
ppo,2,14070,-10.0
ppo,2,14074,-10.0
ppo,2,14075,-10.0
ppo,2,14076,-10.0
ppo,2,14077,-10.0
ppo,2,14078,-10.0
ppo,2,14080,-10.0
ppo,2,14082,-10.0
ppo,2,14083,-10.0
ppo,2,14088,-10.0
ppo,2,14089,-10.0
ppo,2,14090,-10.0
ppo,2,14091,-10.0
ppo,2,14092,-10.0
ppo,2,14096,-10.0
ppo,2,14097,-10.0
ppo,2,14098,-10.0
ppo,2,14100,-10.0
ppo,2,14102,-10.0
ppo,2,14103,-10.0
ppo,2,14107,-10.0
ppo,2,14110,-10.0
ppo,2,14112,-10.0
ppo,2,14114,-10.0
ppo,2,14115,-10.0
ppo,2,14118,-10.0
ppo,2,14119,-10.0
ppo,2,14120,-10.0
ppo,2,14123,-10.0
ppo,2,14124,-10.0
ppo,2,14127,-10.0
ppo,2,14129,-10.0
ppo,2,14130,-10.0
ppo,2,14132,-10.0
ppo,2,14133,-10.0
ppo,2,14136,-10.0
ppo,2,14139,-10.0
ppo,2,14143,-10.0
ppo,2,14144,-10.0
ppo,2,14145,-10.0
ppo,2,14147,-10.0
ppo,2,14150,-10.0
ppo,2,14151,-10.0
ppo,2,14152,-10.0
ppo,2,14154,-10.0
ppo,2,14156,-10.0
ppo,2,14158,-10.0
ppo,2,14159,-10.0
ppo,2,14160,-10.0
ppo,2,14163,-10.0
ppo,2,14165,-10.0
ppo,2,14168,-10.0
ppo,2,14169,-10.0
ppo,2,14172,-10.0
ppo,2,14173,-10.0
ppo,2,14175,-10.0
ppo,2,14178,-10.0
ppo,2,14179,-10.0
ppo,2,14181,-10.0
ppo,2,14182,-10.0
ppo,2,14183,-10.0
ppo,2,14188,-10.0
ppo,2,14189,-10.0
ppo,2,14190,-10.0
ppo,2,14192,-10.0
ppo,2,14193,-10.0
ppo,2,14196,-10.0
ppo,2,14198,-10.0
ppo,2,14200,-10.0
ppo,2,14201,-10.0
ppo,2,14202,-10.0
ppo,2,14208,-10.0
ppo,2,14209,-10.0
ppo,2,14210,-10.0
ppo,2,14211,-10.0
ppo,2,14212,-10.0
ppo,2,14213,-10.0
ppo,2,14214,-10.0
ppo,2,14215,-10.0
ppo,2,14216,-10.0
ppo,2,14217,-10.0
ppo,2,14218,-10.0
ppo,2,14222,-10.0
ppo,2,14225,-10.0
ppo,2,14226,-10.0
ppo,2,14231,-10.0
ppo,2,14232,-10.0
ppo,2,14233,-10.0
ppo,2,14234,-10.0
ppo,2,14235,-10.0
ppo,2,14237,-10.0
ppo,2,14238,-10.0
ppo,2,14239,-10.0
ppo,2,14240,-10.0
ppo,2,14241,-10.0
ppo,2,14242,-10.0
ppo,2,14243,-10.0
ppo,2,14246,-10.0
ppo,2,14247,-10.0
ppo,2,14249,-10.0
ppo,2,14250,-10.0
ppo,2,14251,-10.0
ppo,2,14252,-10.0
ppo,2,14253,-10.0
ppo,2,14254,-10.0
ppo,2,14255,-10.0
ppo,2,14256,-10.0
ppo,2,14258,-10.0
ppo,2,14259,-10.0
ppo,2,14260,-10.0
ppo,2,14261,-10.0
ppo,2,14262,-10.0
ppo,2,14264,-10.0
ppo,2,14265,-10.0
ppo,2,14268,-10.0
ppo,2,14271,-10.0
ppo,2,14272,-10.0
ppo,2,14274,-10.0
ppo,2,14275,-10.0
ppo,2,14278,-10.0
ppo,2,14279,-10.0
ppo,2,14281,-10.0
ppo,2,14282,-10.0
ppo,2,14283,-10.0
ppo,2,14285,-10.0
ppo,2,14287,-10.0
ppo,2,14291,-10.0
ppo,2,14293,-10.0
ppo,2,14297,-10.0
ppo,2,14298,-10.0
ppo,2,14300,-10.0
ppo,2,14302,-10.0
ppo,2,14304,-10.0
ppo,2,14305,-10.0
ppo,2,14306,-10.0
ppo,2,14307,-10.0
ppo,2,14311,-10.0
ppo,2,14312,-10.0
ppo,2,14315,-10.0
ppo,2,14316,-10.0
ppo,2,14317,-10.0
ppo,2,14318,-10.0
ppo,2,14320,-10.0
ppo,2,14322,-10.0
ppo,2,14324,-10.0
ppo,2,14326,-10.0
ppo,2,14329,-10.0
ppo,2,14332,-10.0
ppo,2,14333,-10.0
ppo,2,14334,-10.0
ppo,2,14335,-10.0
ppo,2,14336,-10.0
ppo,2,14337,-10.0
ppo,2,14338,-10.0
ppo,2,14340,-10.0
ppo,2,14342,-10.0
ppo,2,14350,-10.0
ppo,2,14351,-10.0
ppo,2,14354,-10.0
ppo,2,14355,-10.0
ppo,2,14356,-10.0
ppo,2,14358,-10.0
ppo,2,14363,-10.0
ppo,2,14368,-10.0
ppo,2,14369,-10.0
ppo,2,14373,-10.0
ppo,2,14374,-10.0
ppo,2,14375,-10.0
ppo,2,14376,-10.0
ppo,2,14377,-10.0
ppo,2,14379,-10.0
ppo,2,14381,-10.0
ppo,2,14382,-10.0
ppo,2,14383,-10.0
ppo,2,14384,-10.0
ppo,2,14385,-10.0
ppo,2,14388,-10.0
ppo,2,14389,-10.0
ppo,2,14395,-10.0
ppo,2,14397,-10.0
ppo,2,14408,-10.0
ppo,2,14411,-10.0
ppo,2,14413,-10.0
ppo,2,14418,-10.0
ppo,2,14419,-10.0
ppo,2,14420,-10.0
ppo,2,14422,-10.0
ppo,2,14429,-10.0
ppo,2,14435,-10.0
ppo,2,14436,-10.0
ppo,2,14439,-10.0
ppo,2,14440,-10.0
ppo,2,14441,-10.0
ppo,2,14445,-10.0
ppo,2,14447,-10.0
ppo,2,14451,-10.0
ppo,2,14453,-10.0
ppo,2,14455,-10.0
ppo,2,14460,-10.0
ppo,2,14461,-10.0
ppo,2,14465,-10.0
ppo,2,14466,-10.0
ppo,2,14467,-10.0
ppo,2,14474,-10.0
ppo,2,14475,-10.0
ppo,2,14478,-10.0
ppo,2,14479,-10.0
ppo,2,14483,-10.0
ppo,2,14484,-10.0
ppo,2,14486,-10.0
ppo,2,14488,-10.0
ppo,2,14489,-10.0
ppo,2,14491,-10.0
ppo,2,14492,-10.0
ppo,2,14494,-10.0
ppo,2,14495,-10.0
ppo,2,14497,-10.0
ppo,2,14500,-10.0
ppo,2,14501,-10.0
ppo,2,14502,-10.0
ppo,2,14505,-10.0
ppo,2,14512,-10.0
ppo,2,14514,-10.0
ppo,2,14517,-10.0
ppo,2,14519,-10.0
ppo,2,14520,-10.0
ppo,2,14526,-10.0
ppo,2,14527,-10.0
ppo,2,14529,-10.0
ppo,2,14533,-10.0
ppo,2,14535,-10.0
ppo,2,14536,-10.0
ppo,2,14537,-10.0
ppo,2,14540,-10.0
ppo,2,14545,-10.0
ppo,2,14552,-10.0
ppo,2,14553,-10.0
ppo,2,14555,-10.0
ppo,2,14563,-10.0
ppo,2,14571,-10.0
ppo,2,14572,-10.0
ppo,2,14573,-10.0
ppo,2,14576,-10.0
ppo,2,14577,-10.0
ppo,2,14579,-10.0
ppo,2,14580,-10.0
ppo,2,14583,-10.0
ppo,2,14584,-10.0
ppo,2,14586,-10.0
ppo,2,14588,-10.0
ppo,2,14590,-10.0
ppo,2,14594,-10.0
ppo,2,14595,-10.0
ppo,2,14599,-10.0
ppo,2,14600,-10.0
ppo,2,14603,-10.0
ppo,2,14609,-10.0
ppo,2,14612,-10.0
ppo,2,14613,-10.0
ppo,2,14614,-10.0
ppo,2,14616,-10.0
ppo,2,14617,-10.0
ppo,2,14620,-10.0
ppo,2,14623,-10.0
ppo,2,14625,-10.0
ppo,2,14629,-10.0
ppo,2,14631,-10.0
ppo,2,14632,-10.0
ppo,2,14634,-10.0
ppo,2,14641,-10.0
ppo,2,14646,-10.0
ppo,2,14647,-10.0
ppo,2,14648,-10.0
ppo,2,14650,-10.0
ppo,2,14653,-10.0
ppo,2,14660,-10.0
ppo,2,14662,-10.0
ppo,2,14664,-10.0
ppo,2,14667,-10.0
ppo,2,14669,-10.0
ppo,2,14671,-10.0
ppo,2,14673,-10.0
ppo,2,14675,-10.0
ppo,2,14676,-10.0
ppo,2,14677,-10.0
ppo,2,14682,-10.0
ppo,2,14686,-10.0
ppo,2,14688,-10.0
ppo,2,14691,-10.0
ppo,2,14692,-10.0
ppo,2,14694,-10.0
ppo,2,14697,-10.0
ppo,2,14702,-10.0
ppo,2,14703,-10.0
ppo,2,14705,-10.0
ppo,2,14707,-10.0
ppo,2,14712,-10.0
ppo,2,14715,-10.0
ppo,2,14716,-10.0
ppo,2,14717,-10.0
ppo,2,14721,-10.0
ppo,2,14722,-10.0
ppo,2,14723,-10.0
ppo,2,14726,-10.0
ppo,2,14727,-10.0
ppo,2,14728,-10.0
ppo,2,14730,-10.0
ppo,2,14732,-10.0
ppo,2,14733,-10.0
ppo,2,14734,-10.0
ppo,2,14737,-10.0
ppo,2,14738,-10.0
ppo,2,14741,-10.0
ppo,2,14742,-10.0
ppo,2,14746,-10.0
ppo,2,14751,-10.0
ppo,2,14752,-10.0
ppo,2,14753,-10.0
ppo,2,14754,-10.0
ppo,2,14755,-10.0
ppo,2,14759,-10.0
ppo,2,14762,-10.0
ppo,2,14763,-10.0
ppo,2,14769,-10.0
ppo,2,14770,-10.0
ppo,2,14771,-10.0
ppo,2,14776,-10.0
ppo,2,14777,-10.0
ppo,2,14780,-10.0
ppo,2,14784,-10.0
ppo,2,14785,-10.0
ppo,2,14788,-10.0
ppo,2,14789,-10.0
ppo,2,14791,-10.0
ppo,2,14793,-10.0
ppo,2,14799,-10.0
ppo,2,14803,-10.0
ppo,2,14806,-10.0
ppo,2,14807,-10.0
ppo,2,14809,-10.0
ppo,2,14811,-10.0
ppo,2,14812,-10.0
ppo,2,14813,-10.0
ppo,2,14816,-10.0
ppo,2,14817,-10.0
ppo,2,14820,-10.0
ppo,2,14821,-10.0
ppo,2,14825,-10.0
ppo,2,14826,-10.0
ppo,2,14827,-10.0
ppo,2,14829,-10.0
ppo,2,14830,-10.0
ppo,2,14832,-10.0
ppo,2,14833,-10.0
ppo,2,14834,-10.0
ppo,2,14836,-10.0
ppo,2,14841,-10.0
ppo,2,14842,-10.0
ppo,2,14843,-10.0
ppo,2,14844,-10.0
ppo,2,14846,-10.0
ppo,2,14848,-10.0
ppo,2,14851,-10.0
ppo,2,14853,-10.0
ppo,2,14854,-10.0
ppo,2,14859,-10.0
ppo,2,14862,-10.0
ppo,2,14864,-10.0
ppo,2,14865,-10.0
ppo,2,14869,-10.0
ppo,2,14870,-10.0
ppo,2,14872,-10.0
ppo,2,14874,-10.0
ppo,2,14876,-10.0
ppo,2,14878,-10.0
ppo,2,14879,-10.0
ppo,2,14881,-10.0
ppo,2,14882,-10.0
ppo,2,14884,-10.0
ppo,2,14885,-10.0
ppo,2,14888,-10.0
ppo,2,14889,-10.0
ppo,2,14893,-10.0
ppo,2,14895,-10.0
ppo,2,14898,-10.0
ppo,2,14903,-10.0
ppo,2,14908,-10.0
ppo,2,14911,-10.0
ppo,2,14912,-10.0
ppo,2,14913,-10.0
ppo,2,14916,-10.0
ppo,2,14918,-10.0
ppo,2,14921,-10.0
ppo,2,14923,-10.0
ppo,2,14924,-10.0
ppo,2,14925,-10.0
ppo,2,14930,-10.0
ppo,2,14932,-10.0
ppo,2,14933,-10.0
ppo,2,14935,-10.0
ppo,2,14936,-10.0
ppo,2,14937,-10.0
ppo,2,14938,-10.0
ppo,2,14945,-10.0
ppo,2,14946,-10.0
ppo,2,14947,-10.0
ppo,2,14948,-10.0
ppo,2,14949,-10.0
ppo,2,14951,-10.0
ppo,2,14954,-10.0
ppo,2,14961,-10.0
ppo,2,14962,-10.0
ppo,2,14963,-10.0
ppo,2,14966,-10.0
ppo,2,14969,-10.0
ppo,2,14975,-10.0
ppo,2,14976,-10.0
ppo,2,14978,-10.0
ppo,2,14979,-10.0
ppo,2,14980,-10.0
ppo,2,14981,-10.0
ppo,2,14997,-10.0
ppo,2,14999,-10.0
ppo,2,15000,-10.0
ppo,2,15002,-10.0
ppo,2,15009,-10.0
ppo,2,15012,-10.0
ppo,2,15014,-10.0
ppo,2,15017,-10.0
ppo,2,15019,-10.0
ppo,2,15021,-10.0
ppo,2,15024,-10.0
ppo,2,15031,-10.0
ppo,2,15032,-10.0
ppo,2,15034,-10.0
ppo,2,15035,-10.0
ppo,2,15037,-10.0
ppo,2,15039,-10.0
ppo,2,15040,-10.0
ppo,2,15045,-10.0
ppo,2,15047,-10.0
ppo,2,15048,-10.0
ppo,2,15049,-10.0
ppo,2,15051,-10.0
ppo,2,15052,-10.0
ppo,2,15053,-10.0
ppo,2,15057,-10.0
ppo,2,15059,-10.0
ppo,2,15065,-10.0
ppo,2,15068,-10.0
ppo,2,15070,-10.0
ppo,2,15074,-10.0
ppo,2,15076,-10.0
ppo,2,15077,-10.0
ppo,2,15079,-10.0
ppo,2,15080,-10.0
ppo,2,15082,-10.0
ppo,2,15084,-10.0
ppo,2,15085,-10.0
ppo,2,15086,-10.0
ppo,2,15087,-10.0
ppo,2,15088,-10.0
ppo,2,15090,-10.0
ppo,2,15091,-10.0
ppo,2,15092,-10.0
ppo,2,15093,-10.0
ppo,2,15095,-10.0
ppo,2,15097,-10.0
ppo,2,15101,-10.0
ppo,2,15102,-10.0
ppo,2,15104,-10.0
ppo,2,15105,-10.0
ppo,2,15108,-10.0
ppo,2,15109,-10.0
ppo,2,15112,-10.0
ppo,2,15113,-10.0
ppo,2,15115,-10.0
ppo,2,15121,-10.0
ppo,2,15122,-10.0
ppo,2,15126,-10.0
ppo,2,15127,-10.0
ppo,2,15128,-10.0
ppo,2,15129,-10.0
ppo,2,15130,-10.0
ppo,2,15131,-10.0
ppo,2,15135,-10.0
ppo,2,15138,-10.0
ppo,2,15139,-10.0
ppo,2,15141,-10.0
ppo,2,15145,-10.0
ppo,2,15146,-10.0
ppo,2,15147,-10.0
ppo,2,15148,-10.0
ppo,2,15149,-10.0
ppo,2,15152,-10.0
ppo,2,15153,-10.0
ppo,2,15154,-10.0
ppo,2,15159,-10.0
ppo,2,15162,-10.0
ppo,2,15166,-10.0
ppo,2,15168,-10.0
ppo,2,15169,-10.0
ppo,2,15172,-10.0
ppo,2,15173,-10.0
ppo,2,15174,-10.0
ppo,2,15177,-10.0
ppo,2,15179,-10.0
ppo,2,15180,-10.0
ppo,2,15181,-10.0
ppo,2,15182,-10.0
ppo,2,15187,-10.0
ppo,2,15188,-10.0
ppo,2,15192,-10.0
ppo,2,15193,-10.0
ppo,2,15195,-10.0
ppo,2,15197,-10.0
ppo,2,15201,-10.0
ppo,2,15202,-10.0
ppo,2,15206,-10.0
ppo,2,15210,-10.0
ppo,2,15214,-10.0
ppo,2,15215,-10.0
ppo,2,15217,-10.0
ppo,2,15227,-10.0
ppo,2,15229,-10.0
ppo,2,15230,-10.0
ppo,2,15231,-10.0
ppo,2,15234,-10.0
ppo,2,15238,-10.0
ppo,2,15239,-10.0
ppo,2,15241,-10.0
ppo,2,15247,-10.0
ppo,2,15257,-10.0
ppo,2,15258,-10.0
ppo,2,15267,-10.0
ppo,2,15268,-10.0
ppo,2,15270,-10.0
ppo,2,15271,-10.0
ppo,2,15272,-10.0
ppo,2,15276,-10.0
ppo,2,15277,-10.0
ppo,2,15278,-10.0
ppo,2,15281,-10.0
ppo,2,15284,-10.0
ppo,2,15286,-10.0
ppo,2,15289,-10.0
ppo,2,15292,-10.0
ppo,2,15293,-10.0
ppo,2,15298,-10.0
ppo,2,15299,-10.0
ppo,2,15300,-10.0
ppo,2,15305,-10.0
ppo,2,15306,-10.0
ppo,2,15308,-10.0
ppo,2,15312,-10.0
ppo,2,15313,-10.0
ppo,2,15314,-10.0
ppo,2,15316,-10.0
ppo,2,15318,-10.0
ppo,2,15321,-10.0
ppo,2,15322,-10.0
ppo,2,15325,-10.0
ppo,2,15326,-10.0
ppo,2,15328,-10.0
ppo,2,15330,-10.0
ppo,2,15331,-10.0
ppo,2,15332,-10.0
ppo,2,15336,-10.0
ppo,2,15337,-10.0
ppo,2,15340,-10.0
ppo,2,15342,-10.0
ppo,2,15343,-10.0
ppo,2,15344,-10.0
ppo,2,15345,-10.0
ppo,2,15353,-10.0
ppo,2,15357,-10.0
ppo,2,15360,-10.0
ppo,2,15361,-10.0
ppo,2,15363,-10.0
ppo,2,15373,-10.0
ppo,2,15374,-10.0
ppo,2,15376,-10.0
ppo,2,15377,-10.0
ppo,2,15378,-10.0
ppo,2,15379,-10.0
ppo,2,15382,-10.0
ppo,2,15385,-10.0
ppo,2,15387,-10.0
ppo,2,15389,-10.0
ppo,2,15391,-10.0
ppo,2,15394,-10.0
ppo,2,15395,-10.0
ppo,2,15397,-10.0
ppo,2,15399,-10.0
ppo,2,15400,-10.0
ppo,2,15403,-10.0
ppo,2,15405,-10.0
ppo,2,15406,-10.0
ppo,2,15410,-10.0
ppo,2,15411,-10.0
ppo,2,15415,-10.0
ppo,2,15417,-10.0
ppo,2,15420,-10.0
ppo,2,15423,-10.0
ppo,2,15425,-10.0
ppo,2,15427,-10.0
ppo,2,15435,-10.0
ppo,2,15436,-10.0
ppo,2,15438,-10.0
ppo,2,15439,-10.0
ppo,2,15443,-10.0
ppo,2,15445,-10.0
ppo,2,15446,-10.0
ppo,2,15447,-10.0
ppo,2,15449,-10.0
ppo,2,15455,-10.0
ppo,2,15461,-10.0
ppo,2,15463,-10.0
ppo,2,15469,-10.0
ppo,2,15472,-10.0
ppo,2,15476,-10.0
ppo,2,15477,-10.0
ppo,2,15478,-10.0
ppo,2,15482,-10.0
ppo,2,15483,-10.0
ppo,2,15487,-10.0
ppo,2,15490,-10.0
ppo,2,15491,-10.0
ppo,2,15492,-10.0
ppo,2,15495,-10.0
ppo,2,15497,-10.0
ppo,2,15498,-10.0
ppo,2,15499,-10.0
ppo,2,15504,-10.0
ppo,2,15505,-10.0
ppo,2,15507,-10.0
ppo,2,15508,-10.0
ppo,2,15510,-10.0
ppo,2,15517,-10.0
ppo,2,15518,-10.0
ppo,2,15519,-10.0
ppo,2,15521,-10.0
ppo,2,15527,-10.0
ppo,2,15530,-10.0
ppo,2,15534,-10.0
ppo,2,15536,-10.0
ppo,2,15538,-10.0
ppo,2,15540,-10.0
ppo,2,15541,-10.0
ppo,2,15542,-10.0
ppo,2,15547,-10.0
ppo,2,15548,-10.0
ppo,2,15549,-10.0
ppo,2,15554,-10.0
ppo,2,15556,-10.0
ppo,2,15561,-10.0
ppo,2,15568,-10.0
ppo,2,15569,-10.0
ppo,2,15570,-10.0
ppo,2,15571,-10.0
ppo,2,15573,-10.0
ppo,2,15574,-10.0
ppo,2,15575,-10.0
ppo,2,15578,-10.0
ppo,2,15580,-10.0
ppo,2,15583,-10.0
ppo,2,15584,-10.0
ppo,2,15586,-10.0
ppo,2,15589,-10.0
ppo,2,15593,-10.0
ppo,2,15595,-10.0
ppo,2,15598,-10.0
ppo,2,15600,-10.0
ppo,2,15601,-10.0
ppo,2,15602,-10.0
ppo,2,15605,-10.0
ppo,2,15608,-10.0
ppo,2,15610,-10.0
ppo,2,15612,-10.0
ppo,2,15616,-10.0
ppo,2,15625,-10.0
ppo,2,15626,-10.0
ppo,2,15629,-10.0
ppo,2,15630,-10.0
ppo,2,15632,-10.0
ppo,2,15633,-10.0
ppo,2,15635,-10.0
ppo,2,15640,-10.0
ppo,2,15643,-10.0
ppo,2,15647,-10.0
ppo,2,15648,-10.0
ppo,2,15649,-10.0
ppo,2,15650,-10.0
ppo,2,15654,-10.0
ppo,2,15655,-10.0
ppo,2,15657,-10.0
ppo,2,15658,-10.0
ppo,2,15663,-10.0
ppo,2,15665,-10.0
ppo,2,15667,-10.0
ppo,2,15671,-10.0
ppo,2,15674,-10.0
ppo,2,15677,-10.0
ppo,2,15678,-10.0
ppo,2,15680,-10.0
ppo,2,15682,-10.0
ppo,2,15686,-10.0
ppo,2,15687,-10.0
ppo,2,15688,-10.0
ppo,2,15690,-10.0
ppo,2,15696,-10.0
ppo,2,15699,-10.0
ppo,2,15700,-10.0
ppo,2,15702,-10.0
ppo,2,15705,-10.0
ppo,2,15706,-10.0
ppo,2,15707,-10.0
ppo,2,15712,-10.0
ppo,2,15715,-10.0
ppo,2,15717,-10.0
ppo,2,15720,-10.0
ppo,2,15721,-10.0
ppo,2,15723,-10.0
ppo,2,15724,-10.0
ppo,2,15728,-10.0
ppo,2,15732,-10.0
ppo,2,15734,-10.0
ppo,2,15736,-10.0
ppo,2,15737,-10.0
ppo,2,15738,-10.0
ppo,2,15740,-10.0
ppo,2,15744,-10.0
ppo,2,15749,-10.0
ppo,2,15757,-10.0
ppo,2,15759,-10.0
ppo,2,15761,-10.0
ppo,2,15763,-10.0
ppo,2,15765,-10.0
ppo,2,15766,-10.0
ppo,2,15769,-10.0
ppo,2,15772,-10.0
ppo,2,15777,-10.0
ppo,2,15778,-10.0
ppo,2,15779,-10.0
ppo,2,15780,-10.0
ppo,2,15782,-10.0
ppo,2,15783,-10.0
ppo,2,15784,-10.0
ppo,2,15786,-10.0
ppo,2,15789,-10.0
ppo,2,15790,-10.0
ppo,2,15794,-10.0
ppo,2,15795,-10.0
ppo,2,15798,-10.0
ppo,2,15799,-10.0
ppo,2,15800,-10.0
ppo,2,15802,-10.0
ppo,2,15804,-10.0
ppo,2,15805,-10.0
ppo,2,15807,-10.0
ppo,2,15809,-10.0
ppo,2,15814,-10.0
ppo,2,15815,-10.0
ppo,2,15818,-10.0
ppo,2,15827,-10.0
ppo,2,15828,-10.0
ppo,2,15829,-10.0
ppo,2,15830,-10.0
ppo,2,15831,-10.0
ppo,2,15832,-10.0
ppo,2,15833,-10.0
ppo,2,15843,-10.0
ppo,2,15847,-10.0
ppo,2,15854,-10.0
ppo,2,15856,-10.0
ppo,2,15859,-10.0
ppo,2,15860,-10.0
ppo,2,15861,-10.0
ppo,2,15862,-10.0
ppo,2,15866,-10.0
ppo,2,15868,-10.0
ppo,2,15871,-10.0
ppo,2,15873,-10.0
ppo,2,15875,-10.0
ppo,2,15876,-10.0
ppo,2,15877,-10.0
ppo,2,15878,-10.0
ppo,2,15883,-10.0
ppo,2,15884,-10.0
ppo,2,15888,-10.0
ppo,2,15889,-10.0
ppo,2,15892,-10.0
ppo,2,15894,-10.0
ppo,2,15896,-10.0
ppo,2,15897,-10.0
ppo,2,15898,-10.0
ppo,2,15899,-10.0
ppo,2,15900,-10.0
ppo,2,15901,-10.0
ppo,2,15903,-10.0
ppo,2,15904,-10.0
ppo,2,15906,-10.0
ppo,2,15907,-10.0
ppo,2,15908,-10.0
ppo,2,15910,-10.0
ppo,2,15916,-10.0
ppo,2,15917,-10.0
ppo,2,15918,-10.0
ppo,2,15919,-10.0
ppo,2,15920,-10.0
ppo,2,15921,-10.0
ppo,2,15923,-10.0
ppo,2,15926,-10.0
ppo,2,15927,-10.0
ppo,2,15929,-10.0
ppo,2,15932,-10.0
ppo,2,15933,-10.0
ppo,2,15936,-10.0
ppo,2,15937,-10.0
ppo,2,15941,-10.0
ppo,2,15942,-10.0
ppo,2,15944,-10.0
ppo,2,15946,-10.0
ppo,2,15947,-10.0
ppo,2,15948,-10.0
ppo,2,15953,-10.0
ppo,2,15955,-10.0
ppo,2,15962,-10.0
ppo,2,15968,-10.0
ppo,2,15969,-10.0
ppo,2,15970,-10.0
ppo,2,15975,-10.0
ppo,2,15978,-10.0
ppo,2,15979,-10.0
ppo,2,15980,-10.0
ppo,2,15983,-10.0
ppo,2,15984,-10.0
ppo,2,15987,-10.0
ppo,2,15991,-10.0
ppo,2,15997,-10.0
ppo,2,15999,-10.0
ppo,2,16000,-10.0
ppo,2,16002,-10.0
ppo,2,16007,-10.0
ppo,2,16009,-10.0
ppo,2,16010,-10.0
ppo,2,16012,-10.0
ppo,2,16013,-10.0
ppo,2,16016,-10.0
ppo,2,16021,-10.0
ppo,2,16023,-10.0
ppo,2,16025,-10.0
ppo,2,16027,-10.0
ppo,2,16028,-10.0
ppo,2,16029,-10.0
ppo,2,16030,-10.0
ppo,2,16032,-10.0
ppo,2,16036,-10.0
ppo,2,16037,-10.0
ppo,2,16038,-10.0
ppo,2,16040,-10.0
ppo,2,16041,-10.0
ppo,2,16043,-10.0
ppo,2,16044,-10.0
ppo,2,16047,-10.0
ppo,2,16049,-10.0
ppo,2,16052,-10.0
ppo,2,16054,-10.0
ppo,2,16056,-10.0
ppo,2,16057,-10.0
ppo,2,16059,-10.0
ppo,2,16060,-10.0
ppo,2,16062,-10.0
ppo,2,16066,-10.0
ppo,2,16068,-10.0
ppo,2,16069,-10.0
ppo,2,16070,-10.0
ppo,2,16073,-10.0
ppo,2,16074,-10.0
ppo,2,16078,-10.0
ppo,2,16085,-10.0
ppo,2,16086,-10.0
ppo,2,16088,-10.0
ppo,2,16091,-10.0
ppo,2,16093,-10.0
ppo,2,16095,-10.0
ppo,2,16098,-10.0
ppo,2,16100,-10.0
ppo,2,16101,-10.0
ppo,2,16102,-10.0
ppo,2,16105,-10.0
ppo,2,16106,-10.0
ppo,2,16108,-10.0
ppo,2,16116,-10.0
ppo,2,16117,-10.0
ppo,2,16120,-10.0
ppo,2,16122,-10.0
ppo,2,16123,-10.0
ppo,2,16127,-10.0
ppo,2,16132,-10.0
ppo,2,16134,-10.0
ppo,2,16138,-10.0
ppo,2,16139,-10.0
ppo,2,16145,-10.0
ppo,2,16150,-10.0
ppo,2,16152,-10.0
ppo,2,16155,-10.0
ppo,2,16157,-10.0
ppo,2,16161,-10.0
ppo,2,16162,-10.0
ppo,2,16166,-10.0
ppo,2,16167,-10.0
ppo,2,16168,-10.0
ppo,2,16171,-10.0
ppo,2,16176,-10.0
ppo,2,16177,-10.0
ppo,2,16179,-10.0
ppo,2,16181,-10.0
ppo,2,16183,-10.0
ppo,2,16186,-10.0
ppo,2,16187,-10.0
ppo,2,16190,-10.0
ppo,2,16192,-10.0
ppo,2,16193,-10.0
ppo,2,16197,-10.0
ppo,2,16198,-10.0
ppo,2,16201,-10.0
ppo,2,16205,-10.0
ppo,2,16207,-10.0
ppo,2,16210,-10.0
ppo,2,16212,-10.0
ppo,2,16213,-10.0
ppo,2,16214,-10.0
ppo,2,16215,-10.0
ppo,2,16219,-10.0
ppo,2,16222,-10.0
ppo,2,16224,-10.0
ppo,2,16225,-10.0
ppo,2,16226,-10.0
ppo,2,16228,-10.0
ppo,2,16229,-10.0
ppo,2,16230,-10.0
ppo,2,16232,-10.0
ppo,2,16233,-10.0
ppo,2,16234,-10.0
ppo,2,16235,-10.0
ppo,2,16236,-10.0
ppo,2,16239,-10.0
ppo,2,16240,-10.0
ppo,2,16242,-10.0
ppo,2,16245,-10.0
ppo,2,16249,-10.0
ppo,2,16253,-10.0
ppo,2,16254,-10.0
ppo,2,16256,-10.0
ppo,2,16264,-10.0
ppo,2,16265,-10.0
ppo,2,16267,-10.0
ppo,2,16268,-10.0
ppo,2,16269,-10.0
ppo,2,16270,-10.0
ppo,2,16273,-10.0
ppo,2,16277,-10.0
ppo,2,16278,-10.0
ppo,2,16279,-10.0
ppo,2,16281,-10.0
ppo,2,16282,-10.0
ppo,2,16287,-10.0
ppo,2,16288,-10.0
ppo,2,16290,-10.0
ppo,2,16291,-10.0
ppo,2,16295,-10.0
ppo,2,16296,-10.0
ppo,2,16297,-10.0
ppo,2,16301,-10.0
ppo,2,16305,-10.0
ppo,2,16308,-10.0
ppo,2,16310,-10.0
ppo,2,16311,-10.0
ppo,2,16319,-10.0
ppo,2,16321,-10.0
ppo,2,16323,-10.0
ppo,2,16327,-10.0
ppo,2,16328,-10.0
ppo,2,16330,-10.0
ppo,2,16333,-10.0
ppo,2,16338,-10.0
ppo,2,16341,-10.0
ppo,2,16343,-10.0
ppo,2,16344,-10.0
ppo,2,16348,-10.0
ppo,2,16351,-10.0
ppo,2,16352,-10.0
ppo,2,16358,-10.0
ppo,2,16359,-10.0
ppo,2,16360,-10.0
ppo,2,16362,-10.0
ppo,2,16363,-10.0
ppo,2,16364,-10.0
ppo,2,16366,-10.0
ppo,2,16367,-10.0
ppo,2,16368,-10.0
ppo,2,16369,-10.0
ppo,2,16373,-10.0
ppo,2,16377,-10.0
ppo,2,16383,-10.0
ppo,2,16392,-10.0
ppo,2,16396,-10.0
ppo,2,16409,-10.0
ppo,2,16414,-10.0
ppo,2,16423,-10.0
ppo,2,16426,-10.0
ppo,2,16433,-10.0
ppo,2,16435,-10.0
ppo,2,16437,-10.0
ppo,2,16441,-10.0
ppo,2,16442,-10.0
ppo,2,16449,-10.0
ppo,2,16450,-10.0
ppo,2,16451,-10.0
ppo,2,16455,-10.0
ppo,2,16459,-10.0
ppo,2,16460,-10.0
ppo,2,16469,-10.0
ppo,2,16470,-10.0
ppo,2,16472,-10.0
ppo,2,16473,-10.0
ppo,2,16481,-10.0
ppo,2,16487,-10.0
ppo,2,16495,-10.0
ppo,2,16503,-10.0
ppo,2,16504,-10.0
ppo,2,16505,-10.0
ppo,2,16508,-10.0
ppo,2,16514,-10.0
ppo,2,16519,-10.0
ppo,2,16542,-10.0
ppo,2,16546,-10.0
ppo,2,16547,-10.0
ppo,2,16558,-10.0
ppo,2,16567,-10.0
ppo,2,16572,-10.0
ppo,2,16576,-10.0
ppo,2,16578,-10.0
ppo,2,16581,-10.0
ppo,2,16583,-10.0
ppo,2,16587,-10.0
ppo,2,16590,-10.0
ppo,2,16593,-10.0
ppo,2,16596,-10.0
ppo,2,16597,-10.0
ppo,2,16601,-10.0
ppo,2,16602,-10.0
ppo,2,16604,-10.0
ppo,2,16606,-10.0
ppo,2,16608,-10.0
ppo,2,16618,-10.0
ppo,2,16619,-10.0
ppo,2,16620,-10.0
ppo,2,16625,-10.0
ppo,2,16628,-10.0
ppo,2,16629,-10.0
ppo,2,16632,-10.0
ppo,2,16635,-10.0
ppo,2,16637,-10.0
ppo,2,16638,-10.0
ppo,2,16640,-10.0
ppo,2,16641,-10.0
ppo,2,16642,-10.0
ppo,2,16647,-10.0
ppo,2,16649,-10.0
ppo,2,16651,-10.0
ppo,2,16655,-10.0
ppo,2,16664,-10.0
ppo,2,16666,-10.0
ppo,2,16669,-10.0
ppo,2,16670,-10.0
ppo,2,16678,-10.0
ppo,2,16682,-10.0
ppo,2,16686,-10.0
ppo,2,16687,-10.0
ppo,2,16690,-10.0
ppo,2,16692,-10.0
ppo,2,16695,-10.0
ppo,2,16701,-10.0
ppo,2,16703,-10.0
ppo,2,16705,-10.0
ppo,2,16707,-10.0
ppo,2,16712,-10.0
ppo,2,16716,-10.0
ppo,2,16718,-10.0
ppo,2,16719,-10.0
ppo,2,16722,-10.0
ppo,2,16724,-10.0
ppo,2,16725,-10.0
ppo,2,16729,-10.0
ppo,2,16731,-10.0
ppo,2,16738,-10.0
ppo,2,16739,-10.0
ppo,2,16755,-10.0
ppo,2,16758,-10.0
ppo,2,16759,-10.0
ppo,2,16761,-10.0
ppo,2,16770,-10.0
ppo,2,16777,-10.0
ppo,2,16778,-10.0
ppo,2,16779,-10.0
ppo,2,16783,-10.0
ppo,2,16786,-10.0
ppo,2,16788,-10.0
ppo,2,16789,-10.0
ppo,2,16791,-10.0
ppo,2,16793,-10.0
ppo,2,16808,-10.0
ppo,2,16809,-10.0
ppo,2,16811,-10.0
ppo,2,16812,-10.0
ppo,2,16814,-10.0
ppo,2,16816,-10.0
ppo,2,16819,-10.0
ppo,2,16820,-10.0
ppo,2,16827,-10.0
ppo,2,16830,-10.0
ppo,2,16839,-10.0
ppo,2,16842,-66.6
ppo,2,16843,-10.0
ppo,2,16844,-10.0
ppo,2,16845,-10.0
ppo,2,16848,-10.0
ppo,2,16851,-10.0
ppo,2,16854,-10.0
ppo,2,16855,-10.0
ppo,2,16859,-10.0
ppo,2,16872,-10.0
ppo,2,16873,-10.0
ppo,2,16875,-10.0
ppo,2,16876,-10.0
ppo,2,16881,-10.0
ppo,2,16885,-10.0
ppo,2,16891,-10.0
ppo,2,16896,-10.0
ppo,2,16898,-10.0
ppo,2,16900,-10.0
ppo,2,16903,-10.0
ppo,2,16904,-10.0
ppo,2,16905,-10.0
ppo,2,16907,-10.0
ppo,2,16915,-10.0
ppo,2,16916,-10.0
ppo,2,16917,-10.0
ppo,2,16922,-10.0
ppo,2,16935,-10.0
ppo,2,16936,-10.0
ppo,2,16940,-10.0
ppo,2,16942,-10.0
ppo,2,16945,-10.0
ppo,2,16946,-10.0
ppo,2,16948,-10.0
ppo,2,16950,-10.0
ppo,2,16952,-10.0
ppo,2,16960,-10.0
ppo,2,16965,-10.0
ppo,2,16966,-10.0
ppo,2,16968,-10.0
ppo,2,16969,-10.0
ppo,2,16974,-10.0
ppo,2,16975,-10.0
ppo,2,16978,-10.0
ppo,2,16985,-10.0
ppo,2,16986,-10.0
ppo,2,16987,-10.0
ppo,2,16988,-10.0
ppo,2,16989,-10.0
ppo,2,16990,-10.0
ppo,2,16991,-10.0
ppo,2,16995,-10.0
ppo,2,17009,-10.0
ppo,2,17013,-10.0
ppo,2,17016,-10.0
ppo,2,17018,-10.0
ppo,2,17021,-10.0
ppo,2,17022,-10.0
ppo,2,17026,-10.0
ppo,2,17027,-10.0
ppo,2,17028,-10.0
ppo,2,17031,-10.0
ppo,2,17042,-10.0
ppo,2,17046,-10.0
ppo,2,17051,-10.0
ppo,2,17053,-10.0
ppo,2,17054,-10.0
ppo,2,17056,-10.0
ppo,2,17061,-10.0
ppo,2,17062,-10.0
ppo,2,17065,-10.0
ppo,2,17068,-10.0
ppo,2,17071,-10.0
ppo,2,17072,-10.0
ppo,2,17078,-10.0
ppo,2,17085,-10.0
ppo,2,17088,-10.0
ppo,2,17091,-10.0
ppo,2,17093,-10.0
ppo,2,17094,-10.0
ppo,2,17095,-10.0
ppo,2,17097,-10.0
ppo,2,17099,-10.0
ppo,2,17108,-10.0
ppo,2,17109,-10.0
ppo,2,17111,-10.0
ppo,2,17116,-10.0
ppo,2,17117,-10.0
ppo,2,17119,-10.0
ppo,2,17120,-10.0
ppo,2,17124,-35.4
ppo,2,17125,-10.0
ppo,2,17132,-10.0
ppo,2,17133,-10.0
ppo,2,17136,-10.0
ppo,2,17140,-10.0
ppo,2,17143,-10.0
ppo,2,17147,-10.0
ppo,2,17149,-10.0
ppo,2,17151,-10.0
ppo,2,17152,-10.0
ppo,2,17154,-10.0
ppo,2,17159,-10.0
ppo,2,17160,-10.0
ppo,2,17163,-10.0
ppo,2,17165,-10.0
ppo,2,17170,-10.0
ppo,2,17171,-10.0
ppo,2,17172,-10.0
ppo,2,17179,-10.0
ppo,2,17183,-10.0
ppo,2,17185,-10.0
ppo,2,17191,-10.0
ppo,2,17194,-10.0
ppo,2,17199,-10.0
ppo,2,17200,-10.0
ppo,2,17202,-10.0
ppo,2,17204,-10.0
ppo,2,17206,-10.0
ppo,2,17214,-10.0
ppo,2,17218,-10.0
ppo,2,17219,-10.0
ppo,2,17221,-10.0
ppo,2,17222,-10.0
ppo,2,17228,-10.0
ppo,2,17229,-38.4
ppo,2,17232,-10.0
ppo,2,17235,-10.0
ppo,2,17237,-10.0
ppo,2,17244,-10.0
ppo,2,17246,-10.0
ppo,2,17249,-10.0
ppo,2,17255,-10.0
ppo,2,17256,-10.0
ppo,2,17260,-10.0
ppo,2,17261,-10.0
ppo,2,17264,-10.0
ppo,2,17267,-10.0
ppo,2,17271,-10.0
ppo,2,17281,-10.0
ppo,2,17287,-10.0
ppo,2,17290,-10.0
ppo,2,17293,-10.0
ppo,2,17294,-10.0
ppo,2,17296,-10.0
ppo,2,17298,-10.0
ppo,2,17305,-10.0
ppo,2,17311,-10.0
ppo,2,17319,-10.0
ppo,2,17324,-10.0
ppo,2,17329,-10.0
ppo,2,17330,-10.0
ppo,2,17333,-10.0
ppo,2,17334,-10.0
ppo,2,17335,-10.0
ppo,2,17342,-10.0
ppo,2,17347,-10.0
ppo,2,17350,-10.0
ppo,2,17357,-10.0
ppo,2,17359,-10.0
ppo,2,17364,-10.0
ppo,2,17369,-10.0
ppo,2,17378,-10.0
ppo,2,17394,-10.0
ppo,2,17398,-10.0
ppo,2,17404,-10.0
ppo,2,17406,-10.0
ppo,2,17409,-10.0
ppo,2,17413,-10.0
ppo,2,17419,-10.0
ppo,2,17422,-10.0
ppo,2,17425,-10.0
ppo,2,17426,-10.0
ppo,2,17428,-10.0
ppo,2,17430,-10.0
ppo,2,17431,-10.0
ppo,2,17433,-10.0
ppo,2,17434,-10.0
ppo,2,17436,-10.0
ppo,2,17437,-10.0
ppo,2,17438,-10.0
ppo,2,17442,-10.0
ppo,2,17445,-10.0
ppo,2,17447,-10.0
ppo,2,17449,-10.0
ppo,2,17450,-10.0
ppo,2,17451,-10.0
ppo,2,17454,-10.0
ppo,2,17455,-10.0
ppo,2,17459,-10.0
ppo,2,17461,-10.0
ppo,2,17463,-10.0
ppo,2,17465,-10.0
ppo,2,17471,-10.0
ppo,2,17475,-10.0
ppo,2,17484,-10.0
ppo,2,17487,-10.0
ppo,2,17490,-10.0
ppo,2,17491,-10.0
ppo,2,17492,-10.0
ppo,2,17497,-10.0
ppo,2,17500,-10.0
ppo,2,17502,-10.0
ppo,2,17507,-10.0
ppo,2,17508,-10.0
ppo,2,17510,-10.0
ppo,2,17511,-10.0
ppo,2,17512,-10.0
ppo,2,17516,-10.0
ppo,2,17518,-10.0
ppo,2,17521,-10.0
ppo,2,17522,-10.0
ppo,2,17523,-10.0
ppo,2,17524,-10.0
ppo,2,17528,-10.0
ppo,2,17531,-10.0
ppo,2,17535,-10.0
ppo,2,17537,-10.0
ppo,2,17543,-10.0
ppo,2,17549,-10.0
ppo,2,17550,-10.0
ppo,2,17551,-10.0
ppo,2,17552,-10.0
ppo,2,17556,-10.0
ppo,2,17560,-10.0
ppo,2,17561,-10.0
ppo,2,17565,-10.0
ppo,2,17568,-10.0
ppo,2,17570,-10.0
ppo,2,17573,-10.0
ppo,2,17574,-10.0
ppo,2,17584,-10.0
ppo,2,17588,-10.0
ppo,2,17590,-10.0
ppo,2,17591,-10.0
ppo,2,17599,-10.0
ppo,2,17611,-10.0
ppo,2,17612,-10.0
ppo,2,17615,-10.0
ppo,2,17622,-10.0
ppo,2,17626,-10.0
ppo,2,17627,-10.0
ppo,2,17628,-10.0
ppo,2,17629,-10.0
ppo,2,17630,-10.0
ppo,2,17636,-10.0
ppo,2,17640,-10.0
ppo,2,17641,-10.0
ppo,2,17642,-10.0
ppo,2,17646,-10.0
ppo,2,17651,-10.0
ppo,2,17654,-10.0
ppo,2,17656,-10.0
ppo,2,17663,-10.0
ppo,2,17664,-10.0
ppo,2,17665,-10.0
ppo,2,17667,-10.0
ppo,2,17669,-10.0
ppo,2,17670,-10.0
ppo,2,17671,-10.0
ppo,2,17675,-10.0
ppo,2,17680,-10.0
ppo,2,17682,-10.0
ppo,2,17683,-10.0
ppo,2,17693,-10.0
ppo,2,17694,-10.0
ppo,2,17702,-10.0
ppo,2,17704,-10.0
ppo,2,17707,-10.0
ppo,2,17708,-10.0
ppo,2,17717,-10.0
ppo,2,17718,-10.0
ppo,2,17729,-10.0
ppo,2,17743,-10.0
ppo,2,17745,-10.0
ppo,2,17750,-10.0
ppo,2,17751,-10.0
ppo,2,17752,-10.0
ppo,2,17754,-10.0
ppo,2,17756,-10.0
ppo,2,17757,-10.0
ppo,2,17761,-10.0
ppo,2,17765,-10.0
ppo,2,17767,-10.0
ppo,2,17776,-10.0
ppo,2,17777,-10.0
ppo,2,17785,-10.0
ppo,2,17788,-10.0
ppo,2,17802,-10.0
ppo,2,17807,-10.0
ppo,2,17810,-10.0
ppo,2,17813,-10.0
ppo,2,17814,-10.0
ppo,2,17822,-10.0
ppo,2,17823,-10.0
ppo,2,17826,-10.0
ppo,2,17827,-10.0
ppo,2,17828,-10.0
ppo,2,17830,-10.0
ppo,2,17832,-10.0
ppo,2,17839,-10.0
ppo,2,17844,-10.0
ppo,2,17845,-10.0
ppo,2,17847,-10.0
ppo,2,17849,-10.0
ppo,2,17852,-10.0
ppo,2,17854,-10.0
ppo,2,17855,-10.0
ppo,2,17857,-10.0
ppo,2,17869,-10.0
ppo,2,17879,-10.0
ppo,2,17881,-10.0
ppo,2,17883,-10.0
ppo,2,17887,-10.0
ppo,2,17891,-10.0
ppo,2,17893,-10.0
ppo,2,17895,-10.0
ppo,2,17896,-10.0
ppo,2,17906,-10.0
ppo,2,17909,-10.0
ppo,2,17912,-10.0
ppo,2,17919,-10.0
ppo,2,17920,-10.0
ppo,2,17921,-10.0
ppo,2,17922,-10.0
ppo,2,17927,-10.0
ppo,2,17929,-10.0
ppo,2,17933,-10.0
ppo,2,17935,-10.0
ppo,2,17936,-10.0
ppo,2,17938,-10.0
ppo,2,17942,-10.0
ppo,2,17947,-10.0
ppo,2,17948,-10.0
ppo,2,17951,-10.0
ppo,2,17952,-10.0
ppo,2,17954,-10.0
ppo,2,17963,-10.0
ppo,2,17964,-10.0
ppo,2,17971,-10.0
ppo,2,17972,-10.0
ppo,2,17974,-10.0
ppo,2,17980,-10.0
ppo,2,17987,-10.0
ppo,2,17988,-10.0
ppo,2,17994,-10.0
ppo,2,18002,-10.0
ppo,2,18013,-10.0
ppo,2,18014,-10.0
ppo,2,18023,-10.0
ppo,2,18024,-10.0
ppo,2,18034,-10.0
ppo,2,18036,-10.0
ppo,2,18044,-10.0
ppo,2,18048,-10.0
ppo,2,18051,-10.0
ppo,2,18052,-10.0
ppo,2,18054,-10.0
ppo,2,18057,-10.0
ppo,2,18060,-10.0
ppo,2,18065,-10.0
ppo,2,18068,-10.0
ppo,2,18073,-10.0
ppo,2,18075,-10.0
ppo,2,18076,-10.0
ppo,2,18078,-10.0
ppo,2,18081,-10.0
ppo,2,18083,-10.0
ppo,2,18085,-10.0
ppo,2,18088,-10.0
ppo,2,18091,-10.0
ppo,2,18102,-10.0
ppo,2,18105,-10.0
ppo,2,18106,-10.0
ppo,2,18107,-10.0
ppo,2,18109,-10.0
ppo,2,18119,-10.0
ppo,2,18122,-10.0
ppo,2,18125,-10.0
ppo,2,18127,-10.0
ppo,2,18128,-10.0
ppo,2,18129,-10.0
ppo,2,18133,-10.0
ppo,2,18137,-10.0
ppo,2,18143,-10.0
ppo,2,18144,-10.0
ppo,2,18145,-10.0
ppo,2,18148,-10.0
ppo,2,18149,-10.0
ppo,2,18155,-10.0
ppo,2,18158,-10.0
ppo,2,18159,-10.0
ppo,2,18165,-10.0
ppo,2,18169,-10.0
ppo,2,18174,-10.0
ppo,2,18177,-10.0
ppo,2,18178,-10.0
ppo,2,18183,-10.0
ppo,2,18187,-10.0
ppo,2,18191,-10.0
ppo,2,18194,-10.0
ppo,2,18196,-10.0
ppo,2,18198,-10.0
ppo,2,18200,-10.0
ppo,2,18203,-10.0
ppo,2,18213,-10.0
ppo,2,18214,-10.0
ppo,2,18215,-10.0
ppo,2,18217,-10.0
ppo,2,18219,-10.0
ppo,2,18222,-10.0
ppo,2,18229,-10.0
ppo,2,18230,-10.0
ppo,2,18238,-10.0
ppo,2,18245,-10.0
ppo,2,18246,-10.0
ppo,2,18248,-10.0
ppo,2,18253,-10.0
ppo,2,18255,-10.0
ppo,2,18258,-10.0
ppo,2,18259,-10.0
ppo,2,18260,-10.0
ppo,2,18261,-10.0
ppo,2,18263,-10.0
ppo,2,18276,-10.0
ppo,2,18277,-10.0
ppo,2,18284,-10.0
ppo,2,18286,-10.0
ppo,2,18289,-10.0
ppo,2,18297,-10.0
ppo,2,18298,-10.0
ppo,2,18301,-10.0
ppo,2,18302,-10.0
ppo,2,18303,-10.0
ppo,2,18305,-10.0
ppo,2,18306,-10.0
ppo,2,18312,-10.0
ppo,2,18317,-10.0
ppo,2,18320,-10.0
ppo,2,18324,-10.0
ppo,2,18326,-10.0
ppo,2,18328,-10.0
ppo,2,18332,-10.0
ppo,2,18336,-10.0
ppo,2,18337,-10.0
ppo,2,18341,-10.0
ppo,2,18344,-10.0
ppo,2,18346,-10.0
ppo,2,18347,-10.0
ppo,2,18350,-10.0
ppo,2,18361,-10.0
ppo,2,18366,-10.0
ppo,2,18368,-10.0
ppo,2,18369,-10.0
ppo,2,18370,-10.0
ppo,2,18373,-10.0
ppo,2,18375,-10.0
ppo,2,18380,-10.0
ppo,2,18381,-10.0
ppo,2,18383,-10.0
ppo,2,18391,-10.0
ppo,2,18392,-10.0
ppo,2,18394,-10.0
ppo,2,18396,-10.0
ppo,2,18401,-10.0
ppo,2,18405,-10.0
ppo,2,18410,-10.0
ppo,2,18413,-10.0
ppo,2,18417,-10.0
ppo,2,18423,-10.0
ppo,2,18446,-10.0
ppo,2,18450,-10.0
ppo,2,18460,-10.0
ppo,2,18467,-10.0
ppo,2,18470,-10.0
ppo,2,18474,-10.0
ppo,2,18477,-10.0
ppo,2,18480,-10.0
ppo,2,18486,-10.0
ppo,2,18487,-10.0
ppo,2,18493,-10.0
ppo,2,18496,-10.0
ppo,2,18545,-10.0
ppo,2,18569,-10.0
ppo,2,18577,-10.0
ppo,2,18578,-10.0
ppo,2,18610,-10.0
ppo,2,18631,-10.0
ppo,2,18645,-10.0
ppo,2,18648,-10.0
ppo,2,18657,-10.0
ppo,2,18659,-10.0
ppo,2,18660,-10.0
ppo,2,18666,-10.0
ppo,2,18677,-10.0
ppo,2,18680,-10.0
ppo,2,18692,-10.0
ppo,2,18693,-10.0
ppo,2,18721,-10.0
ppo,2,18724,-10.0
ppo,2,18725,-10.0
ppo,2,18732,-10.0
ppo,2,18733,-10.0
ppo,2,18746,-10.0
ppo,2,18752,-10.0
ppo,2,18754,-10.0
ppo,2,18768,-10.0
ppo,2,18769,-10.0
ppo,2,18789,-10.0
ppo,2,18790,-10.0
ppo,2,18796,-10.0
ppo,2,18810,-10.0
ppo,2,18823,-10.0
ppo,2,18825,-10.0
ppo,2,18826,-10.0
ppo,2,18830,-10.0
ppo,2,18840,-10.0
ppo,2,18842,-10.0
ppo,2,18843,-10.0
ppo,2,18867,-10.0
ppo,2,18871,-10.0
ppo,2,18879,-10.0
ppo,2,18884,-10.0
ppo,2,18892,-10.0
ppo,2,18912,-10.0
ppo,2,18918,-10.0
ppo,2,18920,-10.0
ppo,2,18929,-10.0
ppo,2,18938,-10.0
ppo,2,18939,-10.0
ppo,2,18940,-10.0
ppo,2,18941,-10.0
ppo,2,18946,-10.0
ppo,2,18950,-10.0
ppo,2,18952,-10.0
ppo,2,18958,-10.0
ppo,2,18971,-10.0
ppo,2,18978,-10.0
ppo,2,18995,-10.0
ppo,2,19000,-10.0
ppo,2,19002,-10.0
ppo,2,19025,-10.0
ppo,2,19031,-10.0
ppo,2,19033,-10.0
ppo,2,19038,-10.0
ppo,2,19042,-10.0
ppo,2,19047,-10.0
ppo,2,19050,-10.0
ppo,2,19056,-10.0
ppo,2,19061,-10.0
ppo,2,19066,-10.0
ppo,2,19069,-10.0
ppo,2,19075,-10.0
ppo,2,19083,-10.0
ppo,2,19085,-10.0
ppo,2,19091,-10.0
ppo,2,19096,-10.0
ppo,2,19105,-10.0
ppo,2,19122,-10.0
ppo,2,19129,-10.0
ppo,2,19140,-10.0
ppo,2,19162,-10.0
ppo,2,19165,-10.0
ppo,2,19182,-10.0
ppo,2,19209,-10.0
ppo,2,19210,-10.0
ppo,2,19225,-10.0
ppo,2,19230,-10.0
ppo,2,19242,-10.0
ppo,2,19252,-10.0
ppo,2,19255,-10.0
ppo,2,19259,-10.0
ppo,2,19262,-10.0
ppo,2,19264,-10.0
ppo,2,19281,-10.0
ppo,2,19282,-10.0
ppo,2,19289,-10.0
ppo,2,19292,-10.0
ppo,2,19294,-10.0
ppo,2,19296,-10.0
ppo,2,19299,-10.0
ppo,2,19311,-10.0
ppo,2,19323,-10.0
ppo,2,19333,-10.0
ppo,2,19344,-10.0
ppo,2,19351,-10.0
ppo,2,19352,-10.0
ppo,2,19356,-10.0
ppo,2,19358,-10.0
ppo,2,19361,-10.0
ppo,2,19384,-10.0
ppo,2,19387,-10.0
ppo,2,19390,-10.0
ppo,2,19401,-10.0
ppo,2,19406,-10.0
ppo,2,19413,-10.0
ppo,2,19418,-10.0
ppo,2,19421,-10.0
ppo,2,19458,-10.0
ppo,2,19470,-10.0
ppo,2,19496,-10.0
ppo,2,19518,-10.0
ppo,2,19521,-10.0
ppo,2,19527,-10.0
ppo,2,19538,-10.0
ppo,2,19541,-10.0
ppo,2,19549,-10.0
ppo,2,19576,-10.0
ppo,2,19578,-10.0
ppo,2,19580,-10.0
ppo,2,19600,-10.0
ppo,2,19603,-10.0
ppo,2,19614,-10.0
ppo,2,19615,-10.0
ppo,2,19620,-10.0
ppo,2,19625,-10.0
ppo,2,19649,-10.0
ppo,2,19660,-10.0
ppo,2,19665,-10.0
ppo,2,19668,-10.0
ppo,2,19675,-10.0
ppo,2,19679,-10.0
ppo,2,19681,-10.0
ppo,2,19684,-10.0
ppo,2,19689,-10.0
ppo,2,19708,-10.0
ppo,2,19709,-10.0
ppo,2,19711,-10.0
ppo,2,19733,-10.0
ppo,2,19739,-10.0
ppo,2,19742,-10.0
ppo,2,19752,-10.0
ppo,2,19761,-10.0
ppo,2,19772,-10.0
ppo,2,19787,-10.0
ppo,2,19797,-10.0
ppo,2,19799,-10.0
ppo,2,19801,-10.0
ppo,2,19815,-10.0
ppo,2,19817,-10.0
ppo,2,19819,-10.0
ppo,2,19828,-10.0
ppo,2,19832,-10.0
ppo,2,19833,-10.0
ppo,2,19838,-10.0
ppo,2,19842,-10.0
ppo,2,19848,-10.0
ppo,2,19850,-10.0
ppo,2,19851,-10.0
ppo,2,19852,-10.0
ppo,2,19869,-10.0
ppo,2,19872,-10.0
ppo,2,19882,-10.0
ppo,2,19891,-10.0
ppo,2,19892,-10.0
ppo,2,19894,-10.0
ppo,2,19899,-10.0
ppo,2,19901,-10.0
ppo,2,19905,-10.0
ppo,2,19911,-10.0
ppo,2,19928,-10.0
ppo,2,19937,-10.0
ppo,2,19949,-10.0
ppo,2,19951,-10.0
ppo,2,19961,-10.0
ppo,2,19962,-10.0
ppo,2,19975,-10.0
ppo,2,19981,-10.0
ppo,2,19982,-10.0
ppo,2,19984,-10.0
ppo,2,19985,-10.0
ppo,2,19990,-10.0
ppo,2,19993,-10.0
ppo,2,19998,-10.0
ppo,2,20053,-10.0
ppo,2,20057,-10.0
ppo,2,20058,-10.0
ppo,2,20067,-10.0
ppo,2,20068,-10.0
ppo,2,20069,-10.0
ppo,2,20084,-10.0
ppo,2,20085,-10.0
ppo,2,20090,-10.0
ppo,2,20098,-10.0
ppo,2,20101,-10.0
ppo,2,20105,-10.0
ppo,2,20109,-10.0
ppo,2,20121,-10.0
ppo,2,20130,-10.0
ppo,2,20137,-10.0
ppo,2,20145,-10.0
ppo,2,20157,-10.0
ppo,2,20164,-10.0
ppo,2,20185,-10.0
ppo,2,20193,-10.0
ppo,2,20198,-10.0
ppo,2,20210,-10.0
ppo,2,20216,-10.0
ppo,2,20225,-10.0
ppo,2,20259,-10.0
ppo,2,20276,-10.0
ppo,2,20277,-10.0
ppo,2,20282,-10.0
ppo,2,20294,-10.0
ppo,2,20301,-10.0
ppo,2,20304,-10.0
ppo,2,20306,-10.0
ppo,2,20318,-10.0
ppo,2,20330,-10.0
ppo,2,20331,-10.0
ppo,2,20339,-10.0
ppo,2,20341,-10.0
ppo,2,20345,-10.0
ppo,2,20346,-10.0
ppo,2,20355,-10.0
ppo,2,20358,-10.0
ppo,2,20361,-10.0
ppo,2,20362,-10.0
ppo,2,20366,-10.0
ppo,2,20371,-10.0
ppo,2,20374,-10.0
ppo,2,20388,-10.0
ppo,2,20390,-10.0
ppo,2,20413,-10.0
ppo,2,20420,-10.0
ppo,2,20433,-10.0
ppo,2,20442,-10.0
ppo,2,20443,-10.0
ppo,2,20446,-10.0
ppo,2,20448,-10.0
ppo,2,20460,-10.0
ppo,2,20463,-10.0
ppo,2,20464,-10.0
ppo,2,20469,-10.0
ppo,2,20609,-10.0
ppo,2,20746,-50.0
ppo,2,20771,-10.0
ppo,2,20958,-10.0
ppo,2,21067,-10.0
ppo,2,21222,-50.0
ppo,2,21258,-10.0
ppo,2,21314,-10.0
ppo,2,21432,-10.0
ppo,2,21525,-10.0
ppo,2,21741,-10.0
ppo,2,21781,-10.0
ppo,2,21994,-50.0
ppo,2,22088,-10.0
ppo,2,22288,-50.0
ppo,2,22293,-10.0
ppo,2,22370,-10.0
ppo,2,22455,-10.0
ppo,2,22523,-10.0
ppo,2,22605,-10.0
ppo,2,22730,-10.0
ppo,2,22787,-10.0
ppo,2,22799,-10.0
ppo,2,22974,-10.0
ppo,2,23070,-10.0
ppo,2,23079,-10.0
ppo,2,23094,-10.0
ppo,2,23130,-10.0
ppo,2,23163,-10.0
ppo,2,23223,-10.0
ppo,2,23238,-10.0
ppo,2,23282,-10.0
ppo,2,23403,-10.0
ppo,2,23464,-10.0
ppo,2,23502,-10.0
ppo,2,23543,-10.0
ppo,2,23632,-10.0
ppo,2,23674,-10.0
ppo,2,23773,-10.0
ppo,2,23956,-10.0
ppo,2,24042,-10.0
ppo,2,24075,-10.0
ppo,2,24168,-10.0
ppo,2,24280,-10.0
ppo,2,24397,-10.0
ppo,2,24409,-10.0
ppo,2,24490,-10.0
ppo,2,24528,-10.0
ppo,2,24712,-10.0
ppo,2,24826,-10.0
ppo,2,24946,-10.0
ppo,2,25062,-10.0
ppo,2,25209,-10.0
ppo,2,25336,-10.0
ppo,2,25456,-10.0
ppo,2,25688,-10.0
ppo,2,25771,-10.0
ppo,2,25777,-10.0
ppo,2,25951,-10.0
ppo,2,26036,-10.0
ppo,2,26190,-10.0
ppo,2,26320,-10.0
ppo,2,26353,-10.0
ppo,2,26377,-10.0
ppo,2,26423,-10.0
ppo,2,26562,-10.0
ppo,2,26710,-10.0
ppo,2,26809,-10.0
ppo,2,26988,-10.0
ppo,2,27137,-10.0
ppo,2,27290,-10.0
ppo,2,27426,-10.0
ppo,2,27566,-10.0
ppo,2,27703,-10.0
ppo,2,27906,-10.0
ppo,2,28011,-10.0
ppo,2,28167,-10.0
ppo,2,28319,-10.0
ppo,2,28360,-10.0
ppo,2,28507,-10.0
ppo,2,28662,-10.0
ppo,2,28793,-10.0
ppo,2,28892,-10.0
ppo,2,28977,-10.0
ppo,2,29073,-10.0
ppo,2,29247,-10.0
ppo,2,29372,-10.0
ppo,2,29505,-10.0
ppo,2,29557,-10.0
ppo,2,29696,-10.0
ppo,2,29823,-10.0
ppo,2,29937,-10.0
ppo,2,30010,-10.0
ppo,2,30140,-10.0
ppo,2,30302,-10.0
ppo,2,30472,-10.0
ppo,2,30610,-10.0
ppo,2,30801,-10.0
ppo,2,30947,-10.0
ppo,2,31147,-10.0
ppo,2,31344,-10.0
ppo,2,31439,-10.0
ppo,2,31589,-10.0
ppo,2,31756,-10.0
ppo,2,31920,-10.0
ppo,2,32110,-10.0
ppo,2,32256,-10.0
ppo,2,32388,-10.0
ppo,2,32525,-10.0
ppo,2,32664,-10.0
ppo,2,32957,-10.0
ppo,2,33156,-50.0
ppo,2,33318,-10.0
ppo,2,33558,-50.0
ppo,2,33722,-10.0
ppo,2,33953,-50.0
ppo,2,34068,-10.0
ppo,2,34310,-10.0
ppo,2,34511,-10.0
ppo,2,34741,-10.0
ppo,2,34911,-10.0
ppo,2,35125,-10.0
ppo,2,35207,-10.0
ppo,2,35366,12.9
ppo,2,35688,-10.0
ppo,2,35849,-10.0
ppo,2,36022,-10.0
ppo,2,36167,-10.0
ppo,2,36332,-10.0
ppo,2,36463,-10.0
ppo,2,36604,-10.0
ppo,2,36763,-10.0
ppo,2,36964,-10.0
ppo,2,37121,-10.0
ppo,2,37224,-10.0
ppo,2,37330,-10.0
ppo,2,37501,-10.0
ppo,2,37654,-10.0
ppo,2,37872,11.1
ppo,2,37982,-10.0
ppo,2,38152,-10.0
ppo,2,38302,-10.0
ppo,2,38426,-10.0
ppo,2,38588,-10.0
ppo,2,38786,-10.0
ppo,2,38960,-10.0
ppo,2,39153,-10.0
ppo,2,39316,-10.0
ppo,2,39576,-10.0
ppo,2,39729,-10.0
ppo,2,39967,-10.0
ppo,2,40102,-10.0
ppo,2,40330,13.2
ppo,2,40515,-10.0
ppo,2,40732,-10.0
ppo,2,40874,3.9
ppo,2,41016,-10.0
ppo,2,41167,-10.0
ppo,2,41349,-10.0
ppo,2,41524,3.6
ppo,2,41717,-10.0
ppo,2,41928,-10.0
ppo,2,42111,-10.0
ppo,2,42244,-10.0
ppo,2,42475,-10.0
ppo,2,42656,-10.0
ppo,2,42903,-10.0
ppo,2,43086,11.4
ppo,2,43238,10.2
ppo,2,43389,10.5
ppo,2,43539,9.0
ppo,2,43738,-50.0
ppo,2,43940,13.2
ppo,2,44190,13.2
ppo,2,44384,-10.0
ppo,2,44612,14.1
ppo,2,44782,9.6
ppo,2,44938,-10.0
ppo,2,45132,-10.0
ppo,2,45221,-10.0
ppo,2,45376,14.1
ppo,2,45590,12.6
ppo,2,45797,15.0
ppo,2,46049,-10.0
ppo,2,46234,11.1
ppo,2,46419,-50.0
ppo,2,46582,14.1
ppo,2,46603,-56.4
ppo,2,46787,12.0
ppo,2,46977,-10.0
ppo,2,47174,9.6
ppo,2,47430,9.3
ppo,2,47650,11.7
ppo,2,47795,9.6
ppo,2,47966,6.6
ppo,2,48168,-50.0
ppo,2,48427,9.3
ppo,2,48703,-10.0
ppo,2,48849,12.0
ppo,2,49006,-10.0
ppo,2,49155,12.3
ppo,2,49322,11.1
ppo,2,49509,12.3
ppo,2,49760,12.6
ppo,2,49939,10.5
ppo,2,50060,12.9
ppo,2,50229,10.2
ppo,2,50410,12.9
ppo,2,50555,12.6
ppo,2,50783,11.4
ppo,2,51027,-10.0
